# Blender 4.1.1
# www.blender.org
mtllib chasis.mtl
o Cylinder.022
v 2.821787 0.296687 1.376836
v 2.821787 0.309861 1.526838
v 2.821787 0.309861 1.226834
v 2.821787 0.327825 1.376836
v 2.936815 0.296687 1.376836
v 2.936815 0.309861 1.526838
v 2.936815 0.309861 1.226834
v 2.936815 0.327825 1.376836
v 2.936815 0.340999 1.526838
v 2.936815 0.340999 1.226834
v 2.821787 0.340999 1.226834
v 2.936815 0.358784 1.152214
v 2.936815 0.327645 1.152214
v 2.821787 0.358784 1.152214
v 2.821787 0.327645 1.152214
v 2.821787 0.340999 1.526838
v 2.936815 0.358784 1.601457
v 2.936815 0.327645 1.601457
v 2.821787 0.358784 1.601457
v 2.821787 0.327645 1.601457
v 3.647722 0.685091 -1.293091
v 3.647722 0.678841 -1.324510
v 3.647722 0.678841 -1.261672
v 4.296007 0.685091 -1.293091
v 4.296007 0.678841 -1.324510
v 4.296007 0.678841 -1.261672
v 4.296007 0.661044 -1.235036
v 4.296007 0.634409 -1.217239
v 3.647722 0.661044 -1.235037
v 3.647722 0.634409 -1.217239
v 3.647722 0.602990 -1.210990
v 3.647722 0.571571 -1.217239
v 4.296007 0.602990 -1.210990
v 4.296007 0.571571 -1.217239
v 4.296007 0.544936 -1.235036
v 4.296007 0.527138 -1.261672
v 3.647722 0.544936 -1.235037
v 3.647722 0.527138 -1.261672
v 3.647722 0.520889 -1.293091
v 3.647722 0.527138 -1.324510
v 4.296007 0.520889 -1.293091
v 4.296007 0.527138 -1.324510
v 4.296007 0.544936 -1.351145
v 4.296007 0.571571 -1.368942
v 3.647722 0.544936 -1.351145
v 3.647722 0.571571 -1.368942
v 3.647722 0.602990 -1.375192
v 3.647722 0.634409 -1.368942
v 4.296007 0.602990 -1.375192
v 4.296007 0.634409 -1.368942
v 4.296007 0.661044 -1.351145
v 3.647722 0.661044 -1.351145
v 3.409274 0.685091 -1.293091
v 3.409274 0.678841 -1.324510
v 3.409274 0.678841 -1.261672
v 2.760988 0.685091 -1.293091
v 2.760988 0.678841 -1.324510
v 2.760988 0.678841 -1.261672
v 2.760988 0.661044 -1.235037
v 2.760988 0.634409 -1.217239
v 3.409274 0.661044 -1.235036
v 3.409274 0.634409 -1.217239
v 3.409274 0.602990 -1.210990
v 3.409274 0.571571 -1.217239
v 2.760988 0.602990 -1.210990
v 2.760988 0.571571 -1.217239
v 2.760988 0.544936 -1.235037
v 2.760988 0.527138 -1.261672
v 3.409274 0.544936 -1.235036
v 3.409274 0.527138 -1.261672
v 3.409274 0.520889 -1.293091
v 3.409274 0.527138 -1.324510
v 2.760988 0.520889 -1.293091
v 2.760988 0.527138 -1.324510
v 2.760988 0.544936 -1.351145
v 2.760988 0.571571 -1.368942
v 3.409274 0.544936 -1.351145
v 3.409274 0.571571 -1.368942
v 3.409274 0.602990 -1.375192
v 3.409274 0.634409 -1.368942
v 2.760988 0.602990 -1.375192
v 2.760988 0.634409 -1.368942
v 2.760988 0.661044 -1.351145
v 3.409274 0.661044 -1.351145
v 3.591824 0.864885 1.891988
v 3.568520 0.864885 1.877711
v 3.567687 0.873352 1.877711
v 3.590542 0.877898 1.891988
v 3.565217 0.881493 1.877711
v 3.586746 0.890411 1.891988
v 3.561206 0.888996 1.877711
v 3.580582 0.901943 1.891988
v 3.555809 0.895573 1.877711
v 3.572287 0.912051 1.891988
v 3.549232 0.900970 1.877711
v 3.562179 0.920346 1.891988
v 3.541729 0.904981 1.877711
v 3.550647 0.926510 1.891988
v 3.533588 0.907450 1.877711
v 3.538134 0.930306 1.891988
v 3.525121 0.908284 1.877711
v 3.525121 0.931588 1.891988
v 3.516654 0.907450 1.877711
v 3.512108 0.930306 1.891988
v 3.508513 0.904981 1.877711
v 3.499595 0.926510 1.891988
v 3.501010 0.900970 1.877711
v 3.488063 0.920346 1.891988
v 3.494433 0.895573 1.877711
v 3.477955 0.912051 1.891988
v 3.489036 0.888996 1.877711
v 3.469660 0.901943 1.891988
v 3.485025 0.881493 1.877711
v 3.463496 0.890411 1.891988
v 3.482556 0.873352 1.877711
v 3.459700 0.877898 1.891988
v 3.481722 0.864885 1.877711
v 3.458418 0.864885 1.891988
v 3.482556 0.856418 1.877711
v 3.459700 0.851872 1.891988
v 3.485025 0.848277 1.877711
v 3.463496 0.839359 1.891988
v 3.489036 0.840773 1.877711
v 3.469660 0.827827 1.891988
v 3.494433 0.834197 1.877711
v 3.477955 0.817719 1.891988
v 3.501010 0.828800 1.877711
v 3.488063 0.809423 1.891988
v 3.508513 0.824789 1.877711
v 3.499595 0.803259 1.891988
v 3.516654 0.822319 1.877711
v 3.512108 0.799464 1.891988
v 3.525121 0.821486 1.877711
v 3.525121 0.798182 1.891988
v 3.533588 0.822319 1.877711
v 3.538134 0.799464 1.891988
v 3.541729 0.824789 1.877711
v 3.550647 0.803259 1.891988
v 3.549232 0.828800 1.877711
v 3.562179 0.809424 1.891988
v 3.555809 0.834197 1.877711
v 3.572287 0.817719 1.891988
v 3.561206 0.840773 1.877711
v 3.580582 0.827827 1.891988
v 3.565217 0.848277 1.877711
v 3.586746 0.839359 1.891988
v 3.567687 0.856418 1.877711
v 3.590542 0.851872 1.891988
v 3.568520 0.864885 1.927992
v 3.591824 0.864885 1.913715
v 3.590542 0.877898 1.913715
v 3.567687 0.873352 1.927992
v 3.586746 0.890411 1.913715
v 3.565217 0.881493 1.927992
v 3.580582 0.901943 1.913715
v 3.561206 0.888996 1.927992
v 3.572287 0.912051 1.913715
v 3.555809 0.895573 1.927992
v 3.562179 0.920346 1.913715
v 3.549232 0.900970 1.927992
v 3.550647 0.926510 1.913715
v 3.541729 0.904981 1.927992
v 3.538134 0.930306 1.913715
v 3.533588 0.907450 1.927992
v 3.525121 0.931588 1.913715
v 3.525121 0.908284 1.927992
v 3.512108 0.930306 1.913715
v 3.516654 0.907450 1.927992
v 3.499595 0.926510 1.913715
v 3.508513 0.904981 1.927992
v 3.488063 0.920346 1.913715
v 3.501010 0.900970 1.927992
v 3.477955 0.912051 1.913715
v 3.494433 0.895573 1.927992
v 3.469660 0.901943 1.913715
v 3.489036 0.888996 1.927992
v 3.463496 0.890411 1.913715
v 3.485025 0.881493 1.927992
v 3.459700 0.877898 1.913715
v 3.482556 0.873352 1.927992
v 3.458418 0.864885 1.913715
v 3.481722 0.864885 1.927992
v 3.459700 0.851872 1.913715
v 3.482556 0.856418 1.927992
v 3.463496 0.839359 1.913715
v 3.485025 0.848277 1.927992
v 3.469660 0.827827 1.913715
v 3.489036 0.840773 1.927992
v 3.477955 0.817719 1.913715
v 3.494433 0.834197 1.927992
v 3.488063 0.809423 1.913715
v 3.501010 0.828800 1.927992
v 3.499595 0.803259 1.913715
v 3.508513 0.824789 1.927992
v 3.512108 0.799464 1.913715
v 3.516654 0.822319 1.927992
v 3.525121 0.798182 1.913715
v 3.525121 0.821486 1.927992
v 3.538134 0.799464 1.913715
v 3.533588 0.822319 1.927992
v 3.550647 0.803259 1.913715
v 3.541729 0.824789 1.927992
v 3.562179 0.809424 1.913715
v 3.549232 0.828800 1.927992
v 3.572287 0.817719 1.913715
v 3.555809 0.834197 1.927992
v 3.580582 0.827827 1.913715
v 3.561206 0.840773 1.927992
v 3.586746 0.839359 1.913715
v 3.565217 0.848277 1.927992
v 3.590542 0.851872 1.913715
v 3.567687 0.856418 1.927992
v 3.601857 0.891168 1.894882
v 3.601857 0.843793 1.883182
v 3.853709 0.923142 1.902779
v 3.853709 0.811819 1.875286
v 3.727783 0.921323 1.901090
v 3.727783 0.814215 1.874639
v 3.727783 0.915555 1.924446
v 3.601857 0.885977 1.915902
v 3.601857 0.838602 1.904202
v 3.727783 0.808447 1.897994
v 3.853709 0.806628 1.896306
v 3.853709 0.917951 1.923799
v 3.727783 0.945216 1.919381
v 3.867701 0.941601 1.918488
v 3.867701 0.788169 1.880596
v 3.727783 0.784554 1.879704
v 3.587865 0.893640 1.906644
v 3.587865 0.836130 1.892441
v 3.573831 0.800027 1.894882
v 3.528774 0.785387 1.883182
v 3.682066 0.570381 1.902779
v 3.576192 0.535981 1.875286
v 3.641423 0.689582 1.901090
v 3.539557 0.656484 1.874639
v 3.635937 0.687800 1.924446
v 3.568893 0.798422 1.915902
v 3.523837 0.783783 1.904202
v 3.534071 0.654701 1.897994
v 3.571254 0.534377 1.896306
v 3.677129 0.568777 1.923799
v 3.664147 0.696966 1.919381
v 3.703946 0.562779 1.918488
v 3.558022 0.515365 1.880596
v 3.511348 0.647318 1.879704
v 3.571858 0.814097 1.906644
v 3.517162 0.796326 1.892441
v 3.478489 0.798517 1.894882
v 3.450643 0.836844 1.883182
v 3.293530 0.624614 1.902779
v 3.228096 0.714677 1.875286
v 3.394337 0.700104 1.901090
v 3.331381 0.786756 1.874639
v 3.390947 0.704770 1.924446
v 3.475438 0.802717 1.915902
v 3.447592 0.841044 1.904202
v 3.327991 0.791422 1.897994
v 3.225045 0.718877 1.896306
v 3.290479 0.628814 1.923799
v 3.408381 0.680774 1.919381
v 3.293061 0.601457 1.918488
v 3.202875 0.725586 1.880596
v 3.313946 0.810752 1.879704
v 3.491262 0.804741 1.906644
v 3.457458 0.851268 1.892441
v 3.447592 0.888726 1.894882
v 3.475438 0.927053 1.883182
v 3.225045 1.010893 1.902778
v 3.290479 1.100955 1.875286
v 3.327991 0.938347 1.901090
v 3.390947 1.025000 1.874639
v 3.331381 0.943014 1.924446
v 3.450643 0.892925 1.915902
v 3.478489 0.931253 1.904202
v 3.394337 1.029666 1.897994
v 3.293530 1.105155 1.896306
v 3.228096 1.015093 1.923799
v 3.313946 0.919017 1.919381
v 3.202875 1.004183 1.918488
v 3.293061 1.128313 1.880596
v 3.408381 1.048996 1.879704
v 3.457458 0.878501 1.906644
v 3.491262 0.925028 1.892441
v 3.523837 0.945987 1.894882
v 3.568893 0.931347 1.883182
v 3.571254 1.195393 1.902779
v 3.677129 1.160992 1.875286
v 3.534071 1.075068 1.901090
v 3.635937 1.041970 1.874639
v 3.539557 1.073286 1.924446
v 3.528774 0.944383 1.915902
v 3.573831 0.929743 1.904202
v 3.641423 1.040188 1.897994
v 3.682066 1.159388 1.896306
v 3.576191 1.193789 1.923799
v 3.511348 1.082452 1.919381
v 3.558022 1.214404 1.918488
v 3.703946 1.166991 1.880596
v 3.664147 1.032804 1.879704
v 3.517162 0.933444 1.906644
v 3.571858 0.915672 1.892441
v 3.686472 0.913242 1.899121
v 3.649144 0.905129 1.897303
v 3.619592 0.897302 1.895828
v 3.595734 0.881443 1.891938
v 3.592659 0.867670 1.888265
v 3.595734 0.853770 1.885104
v 3.769094 0.806902 1.872859
v 3.806422 0.803184 1.872127
v 3.835974 0.805557 1.873170
v 3.859832 0.834391 1.880318
v 3.862907 0.867670 1.888265
v 3.859832 0.900823 1.896724
v 3.835974 0.929669 1.903822
v 3.806422 0.932255 1.904002
v 3.769094 0.928623 1.902919
v 3.619592 0.837923 1.881164
v 3.649144 0.830310 1.878826
v 3.686472 0.822283 1.876658
v 3.727783 0.838806 1.879318
v 3.727783 0.868201 1.886113
v 3.727783 0.897381 1.893783
v 3.686472 0.907487 1.922427
v 3.649144 0.899460 1.920259
v 3.619592 0.891847 1.917920
v 3.595734 0.876000 1.913980
v 3.592659 0.862100 1.910820
v 3.595734 0.848326 1.907146
v 3.769094 0.801146 1.896165
v 3.806422 0.797515 1.895082
v 3.835974 0.800101 1.895263
v 3.859832 0.828947 1.902360
v 3.862907 0.862100 1.910820
v 3.859832 0.895379 1.918766
v 3.835974 0.924213 1.925914
v 3.806422 0.926586 1.926958
v 3.769094 0.922868 1.926225
v 3.619592 0.832467 1.903256
v 3.649144 0.824641 1.901782
v 3.686472 0.816527 1.899963
v 3.727783 0.832389 1.905301
v 3.727783 0.861568 1.912972
v 3.727783 0.890964 1.919767
v 3.727783 0.943941 1.922744
v 3.727783 0.940211 1.925269
v 3.727783 0.931567 1.926116
v 3.867401 0.941995 1.914927
v 3.865304 0.939563 1.911021
v 3.860132 0.932327 1.906617
v 3.867401 0.787774 1.884157
v 3.865304 0.790206 1.888063
v 3.860132 0.797443 1.892467
v 3.727783 0.785828 1.876340
v 3.727783 0.789559 1.873815
v 3.727783 0.798202 1.872969
v 3.588165 0.892687 1.910067
v 3.590262 0.891210 1.913007
v 3.595435 0.888797 1.915028
v 3.588165 0.837082 1.889018
v 3.590262 0.838560 1.886077
v 3.595435 0.840972 1.884056
v 3.727783 0.936272 1.907066
v 3.727783 0.943527 1.911839
v 3.727783 0.945654 1.915811
v 3.860132 0.927867 1.924677
v 3.865304 0.936322 1.924148
v 3.867401 0.940292 1.921823
v 3.860132 0.801903 1.874408
v 3.865304 0.793448 1.874936
v 3.867401 0.789477 1.877261
v 3.727783 0.793498 1.892018
v 3.727783 0.786242 1.887245
v 3.727783 0.784116 1.883274
v 3.595435 0.893257 1.896968
v 3.590262 0.894452 1.899880
v 3.588165 0.894390 1.903170
v 3.595435 0.836512 1.902116
v 3.590262 0.835318 1.899204
v 3.588165 0.835379 1.895914
v 3.572124 0.850352 1.895953
v 3.566878 0.864885 1.899542
v 3.572124 0.879417 1.903131
v 3.883442 0.907894 1.910164
v 3.888689 0.864885 1.899542
v 3.883442 0.821876 1.888921
v 3.686245 0.796739 1.882713
v 3.647330 0.809354 1.885828
v 3.613662 0.822464 1.889066
v 3.613662 0.907306 1.910019
v 3.647330 0.920415 1.913256
v 3.686245 0.933031 1.916372
v 3.841904 0.770756 1.876296
v 3.808236 0.767388 1.875464
v 3.769321 0.773507 1.876975
v 3.769321 0.956262 1.922109
v 3.808236 0.962381 1.923620
v 3.841904 0.959014 1.922789
v 3.620972 0.726375 1.899121
v 3.601721 0.759368 1.897303
v 3.585145 0.785055 1.895828
v 3.562690 0.802845 1.891938
v 3.548640 0.801513 1.888265
v 3.536371 0.794293 1.885104
v 3.545368 0.614935 1.872859
v 3.553367 0.578285 1.872127
v 3.564755 0.550913 1.873170
v 3.599551 0.537133 1.880318
v 3.632152 0.544492 1.888265
v 3.662731 0.557661 1.896724
v 3.682793 0.589266 1.903822
v 3.676121 0.618170 1.904002
v 3.661132 0.652549 1.902919
v 3.528672 0.766706 1.881164
v 3.530564 0.736248 1.878826
v 3.534465 0.698267 1.876658
v 3.562944 0.664083 1.879318
v 3.590901 0.673167 1.886113
v 3.618652 0.682184 1.893783
v 3.615498 0.724596 1.922427
v 3.596329 0.757616 1.920259
v 3.579956 0.783369 1.917920
v 3.557513 0.801162 1.913980
v 3.543342 0.799792 1.910820
v 3.531194 0.792611 1.907146
v 3.539894 0.613156 1.896165
v 3.547975 0.576533 1.895082
v 3.559566 0.549227 1.895263
v 3.594373 0.535450 1.902360
v 3.626854 0.542770 1.910820
v 3.657554 0.555979 1.918766
v 3.677604 0.587580 1.925914
v 3.670729 0.616418 1.926958
v 3.655658 0.650770 1.926225
v 3.523483 0.765020 1.903256
v 3.525172 0.734496 1.901782
v 3.528991 0.696488 1.899963
v 3.556842 0.662100 1.905301
v 3.584593 0.671117 1.912972
v 3.612550 0.680201 1.919767
v 3.662934 0.696572 1.922744
v 3.659386 0.695419 1.925269
v 3.651166 0.692748 1.926116
v 3.704228 0.563185 1.914927
v 3.701267 0.564428 1.911021
v 3.692786 0.567112 1.906617
v 3.557555 0.515528 1.884157
v 3.559220 0.518274 1.888063
v 3.564504 0.525430 1.892467
v 3.512560 0.647712 1.876340
v 3.516108 0.648865 1.873815
v 3.524328 0.651536 1.872969
v 3.571044 0.813518 1.910067
v 3.570287 0.811067 1.913007
v 3.569591 0.805402 1.915028
v 3.518161 0.796335 1.889018
v 3.520214 0.794797 1.886077
v 3.524107 0.790623 1.884056
v 3.655640 0.694202 1.907066
v 3.662540 0.696444 1.911839
v 3.664563 0.697101 1.915811
v 3.688544 0.565733 1.924677
v 3.698184 0.563427 1.924148
v 3.702608 0.562659 1.921823
v 3.568746 0.526809 1.874408
v 3.562303 0.519276 1.874936
v 3.559175 0.516055 1.877261
v 3.519854 0.650082 1.892018
v 3.512954 0.647840 1.887245
v 3.510931 0.647183 1.883274
v 3.573833 0.806780 1.896968
v 3.573370 0.812069 1.899880
v 3.572664 0.814044 1.903170
v 3.519865 0.789245 1.902116
v 3.517131 0.793795 1.899204
v 3.516541 0.795809 1.895914
v 3.525825 0.815691 1.895953
v 3.538024 0.825172 1.899542
v 3.553467 0.824673 1.903131
v 3.676753 0.537392 1.910164
v 3.637470 0.519112 1.899542
v 3.594944 0.510811 1.888921
v 3.510100 0.690588 1.882713
v 3.510073 0.731497 1.885828
v 3.512137 0.767568 1.889066
v 3.592827 0.793786 1.910019
v 3.615699 0.765817 1.913256
v 3.639722 0.732705 1.916372
v 3.533490 0.534519 1.876296
v 3.519884 0.565499 1.875464
v 3.513678 0.604400 1.876975
v 3.687488 0.660874 1.922109
v 3.705333 0.625755 1.923620
v 3.712534 0.592694 1.922789
v 3.423009 0.730923 1.899121
v 3.448439 0.759428 1.897303
v 3.467747 0.783130 1.895828
v 3.477726 0.809983 1.891938
v 3.472119 0.822934 1.888264
v 3.461461 0.832372 1.885104
v 3.293661 0.768390 1.872859
v 3.261277 0.749457 1.872127
v 3.238764 0.730168 1.873170
v 3.236410 0.692817 1.880318
v 3.253483 0.664086 1.888264
v 3.275458 0.639072 1.896724
v 3.311715 0.629759 1.903822
v 3.337143 0.645037 1.904002
v 3.365207 0.669915 1.902919
v 3.432845 0.831168 1.881164
v 3.404462 0.819957 1.878826
v 3.369545 0.804511 1.876658
v 3.345835 0.766861 1.879318
v 3.363113 0.743080 1.886113
v 3.380265 0.719473 1.893783
v 3.419626 0.735580 1.922427
v 3.445107 0.764014 1.920259
v 3.464540 0.787544 1.917920
v 3.474527 0.814387 1.913980
v 3.468845 0.827441 1.910820
v 3.458261 0.836776 1.907146
v 3.290278 0.773046 1.896165
v 3.257945 0.754044 1.895082
v 3.235557 0.734582 1.895263
v 3.233211 0.697221 1.902360
v 3.250209 0.668592 1.910820
v 3.272258 0.643476 1.918766
v 3.308508 0.634173 1.925914
v 3.333811 0.649623 1.926958
v 3.361824 0.674572 1.926225
v 3.429637 0.835582 1.903256
v 3.401129 0.824544 1.901782
v 3.366162 0.809167 1.899963
v 3.342063 0.772053 1.905301
v 3.359215 0.748446 1.912972
v 3.376493 0.724665 1.919767
v 3.407632 0.681805 1.922744
v 3.405439 0.684823 1.925269
v 3.400359 0.691816 1.926116
v 3.293535 0.601314 1.914927
v 3.293802 0.604514 1.911021
v 3.293733 0.613409 1.906617
v 3.202886 0.726081 1.884157
v 3.206012 0.725346 1.888063
v 3.214450 0.722532 1.892467
v 3.314696 0.809721 1.876340
v 3.316889 0.806703 1.873815
v 3.321969 0.799710 1.872969
v 3.490459 0.805336 1.910067
v 3.487895 0.805299 1.913007
v 3.482292 0.804210 1.915028
v 3.457776 0.850321 1.889018
v 3.456947 0.847893 1.886077
v 3.454181 0.842901 1.884056
v 3.403124 0.688010 1.907066
v 3.407389 0.682140 1.911839
v 3.408639 0.680420 1.915811
v 3.291112 0.617017 1.924677
v 3.291897 0.607137 1.924148
v 3.292534 0.602692 1.921823
v 3.217072 0.718924 1.874408
v 3.207918 0.722724 1.874936
v 3.203887 0.724704 1.877261
v 3.319204 0.803516 1.892018
v 3.314939 0.809386 1.887245
v 3.313689 0.811107 1.883274
v 3.484913 0.800602 1.896968
v 3.489800 0.802676 1.899880
v 3.491461 0.803958 1.903170
v 3.451559 0.846509 1.902116
v 3.455042 0.850516 1.899204
v 3.456775 0.851699 1.895914
v 3.478553 0.849014 1.895953
v 3.491339 0.840341 1.899542
v 3.495636 0.825500 1.903131
v 3.260514 0.619474 1.910164
v 3.230989 0.651185 1.899542
v 3.209953 0.689065 1.888921
v 3.354714 0.825310 1.882713
v 3.393612 0.837977 1.885828
v 3.428555 0.847161 1.889066
v 3.478424 0.778522 1.910019
v 3.458892 0.748127 1.913256
v 3.434824 0.715047 1.916372
v 3.213511 0.754837 1.876296
v 3.238769 0.777350 1.875464
v 3.273849 0.795274 1.876975
v 3.381269 0.647422 1.922109
v 3.353383 0.619598 1.923620
v 3.324166 0.602533 1.922788
v 3.366162 0.920602 1.899121
v 3.401129 0.905226 1.897303
v 3.429638 0.894187 1.895828
v 3.458261 0.892994 1.891938
v 3.468845 0.902329 1.888264
v 3.474527 0.915382 1.885104
v 3.361824 1.055198 1.872859
v 3.333811 1.080147 1.872127
v 3.308508 1.095597 1.873170
v 3.272258 1.086293 1.880318
v 3.250209 1.061177 1.888264
v 3.233211 1.032549 1.896724
v 3.235557 0.995188 1.903822
v 3.257945 0.975726 1.904002
v 3.290278 0.956723 1.902919
v 3.464540 0.942226 1.881164
v 3.445107 0.965755 1.878826
v 3.419626 0.994190 1.876658
v 3.376493 1.005105 1.879318
v 3.359215 0.981323 1.886113
v 3.342063 0.957717 1.893783
v 3.369545 0.925259 1.922427
v 3.404462 0.909812 1.920259
v 3.432845 0.898601 1.917920
v 3.461461 0.897398 1.913980
v 3.472119 0.906836 1.910820
v 3.477726 0.919786 1.907146
v 3.365207 1.059854 1.896165
v 3.337143 1.084733 1.895082
v 3.311715 1.100011 1.895263
v 3.275458 1.090697 1.902360
v 3.253483 1.065684 1.910820
v 3.236410 1.036953 1.918766
v 3.238764 0.999602 1.925914
v 3.261277 0.980312 1.926958
v 3.293661 0.961380 1.926225
v 3.467747 0.946640 1.903256
v 3.448439 0.970342 1.901782
v 3.423009 0.998846 1.899963
v 3.380265 1.010296 1.905301
v 3.363113 0.986690 1.912972
v 3.345835 0.962908 1.919767
v 3.314696 0.920048 1.922744
v 3.316889 0.923067 1.925269
v 3.321969 0.930059 1.926116
v 3.202886 1.003688 1.914927
v 3.206012 1.004423 1.911021
v 3.214450 1.007237 1.906617
v 3.293535 1.128456 1.884157
v 3.293802 1.125256 1.888063
v 3.293733 1.116361 1.892467
v 3.407632 1.047965 1.876340
v 3.405439 1.044947 1.873815
v 3.400359 1.037954 1.872969
v 3.457776 0.879448 1.910067
v 3.456947 0.881876 1.913007
v 3.454181 0.886869 1.915028
v 3.490459 0.924434 1.889018
v 3.487895 0.924471 1.886077
v 3.482292 0.925560 1.884056
v 3.319204 0.926253 1.907066
v 3.314939 0.920384 1.911839
v 3.313689 0.918663 1.915811
v 3.217072 1.010846 1.924677
v 3.207917 1.007046 1.924148
v 3.203887 1.005066 1.921823
v 3.291112 1.112752 1.874408
v 3.291897 1.122633 1.874936
v 3.292534 1.127078 1.877261
v 3.403124 1.041760 1.892018
v 3.407389 1.047630 1.887245
v 3.408639 1.049350 1.883274
v 3.451559 0.883260 1.896968
v 3.455042 0.879254 1.899880
v 3.456775 0.878071 1.903170
v 3.484913 0.929168 1.902116
v 3.489800 0.927094 1.899204
v 3.491461 0.925812 1.895914
v 3.495636 0.904270 1.895953
v 3.491339 0.889429 1.899542
v 3.478553 0.880756 1.903131
v 3.209953 1.040705 1.910164
v 3.230989 1.078584 1.899542
v 3.260514 1.110296 1.888921
v 3.434824 1.014723 1.882713
v 3.458892 0.981643 1.885828
v 3.478424 0.951248 1.889066
v 3.428555 0.882609 1.910019
v 3.393612 0.891792 1.913256
v 3.354714 0.904460 1.916372
v 3.324166 1.127237 1.876296
v 3.353383 1.110172 1.875464
v 3.381269 1.082348 1.876975
v 3.273849 0.934496 1.922109
v 3.238769 0.952419 1.923620
v 3.213511 0.974933 1.922788
v 3.528991 1.033282 1.899121
v 3.525172 0.995274 1.897303
v 3.523483 0.964750 1.895828
v 3.531194 0.937159 1.891938
v 3.543342 0.929978 1.888264
v 3.557513 0.928607 1.885104
v 3.655658 1.079000 1.872859
v 3.670729 1.113351 1.872127
v 3.677604 1.142190 1.873170
v 3.657554 1.173791 1.880318
v 3.626854 1.186999 1.888264
v 3.594373 1.194319 1.896724
v 3.559566 1.180543 1.903822
v 3.547975 1.153237 1.904002
v 3.539894 1.116614 1.902919
v 3.579956 0.946401 1.881164
v 3.596329 0.972154 1.878826
v 3.615498 1.005174 1.876658
v 3.612550 1.049569 1.879318
v 3.584593 1.058653 1.886113
v 3.556842 1.067670 1.893783
v 3.534464 1.031503 1.922427
v 3.530564 0.993522 1.920259
v 3.528672 0.963064 1.917920
v 3.536371 0.935477 1.913980
v 3.548640 0.928256 1.910820
v 3.562690 0.926925 1.907146
v 3.661132 1.077221 1.896165
v 3.676121 1.111600 1.895082
v 3.682793 1.140504 1.895263
v 3.662731 1.172108 1.902360
v 3.632152 1.185278 1.910820
v 3.599551 1.192637 1.918766
v 3.564755 1.178857 1.925914
v 3.553367 1.151485 1.926958
v 3.545368 1.114835 1.926225
v 3.585145 0.944715 1.903256
v 3.601721 0.970402 1.901782
v 3.620972 1.003395 1.899963
v 3.618653 1.047586 1.905301
v 3.590901 1.056603 1.912972
v 3.562944 1.065687 1.919767
v 3.512560 1.082058 1.922744
v 3.516108 1.080905 1.925269
v 3.524328 1.078234 1.926116
v 3.557555 1.214241 1.914927
v 3.559220 1.211495 1.911021
v 3.564504 1.204340 1.906617
v 3.704228 1.166584 1.884157
v 3.701267 1.165341 1.888063
v 3.692786 1.162658 1.892467
v 3.662935 1.033198 1.876340
v 3.659386 1.034351 1.873815
v 3.651166 1.037022 1.872969
v 3.518161 0.933434 1.910067
v 3.520214 0.934972 1.913007
v 3.524107 0.939146 1.915028
v 3.571044 0.916252 1.889018
v 3.570287 0.918703 1.886077
v 3.569591 0.924368 1.884056
v 3.519854 1.079688 1.907066
v 3.512954 1.081930 1.911839
v 3.510931 1.082587 1.915811
v 3.568746 1.202961 1.924677
v 3.562303 1.210493 1.924148
v 3.559175 1.213715 1.921823
v 3.688544 1.164036 1.874408
v 3.698184 1.166343 1.874936
v 3.702608 1.167111 1.877261
v 3.655640 1.035568 1.892018
v 3.662540 1.033326 1.887245
v 3.664563 1.032669 1.883274
v 3.519865 0.940525 1.896968
v 3.517131 0.935974 1.899880
v 3.516541 0.933961 1.903170
v 3.573833 0.922989 1.902116
v 3.573370 0.917701 1.899204
v 3.572664 0.915725 1.895914
v 3.553467 0.905097 1.895953
v 3.538024 0.904598 1.899542
v 3.525825 0.914079 1.903131
v 3.594944 1.218959 1.910164
v 3.637470 1.210658 1.899542
v 3.676753 1.192377 1.888921
v 3.639722 0.997064 1.882713
v 3.615699 0.963953 1.885828
v 3.592827 0.935984 1.889066
v 3.512137 0.962202 1.910019
v 3.510073 0.998273 1.913256
v 3.510100 1.039181 1.916372
v 3.712534 1.137075 1.876296
v 3.705333 1.104015 1.875464
v 3.687488 1.068896 1.876975
v 3.513678 1.125370 1.922109
v 3.519884 1.164271 1.923620
v 3.533490 1.195251 1.922788
v 3.769151 0.901361 1.894800
v 3.769208 0.868193 1.886147
v 3.769151 0.834810 1.878364
v 3.806875 0.903259 1.895504
v 3.807329 0.868135 1.886383
v 3.806875 0.832803 1.878104
v 3.837668 0.902027 1.895828
v 3.839151 0.867976 1.887024
v 3.837668 0.833742 1.878964
v 3.617898 0.884382 1.891470
v 3.616416 0.867976 1.887024
v 3.617898 0.851387 1.883322
v 3.648691 0.888544 1.891870
v 3.648237 0.868135 1.886383
v 3.648691 0.847518 1.881738
v 3.686415 0.892964 1.892726
v 3.686358 0.868193 1.886147
v 3.686415 0.843207 1.880438
v 3.769151 0.894959 1.920720
v 3.806875 0.896967 1.920980
v 3.837668 0.896028 1.920120
v 3.769208 0.861577 1.912938
v 3.807329 0.861635 1.912702
v 3.839151 0.861793 1.912061
v 3.769151 0.828409 1.904285
v 3.806875 0.826511 1.903581
v 3.837668 0.827743 1.903257
v 3.617898 0.878383 1.915763
v 3.648691 0.882252 1.917346
v 3.686415 0.886563 1.918646
v 3.616416 0.861793 1.912061
v 3.648237 0.861635 1.912702
v 3.686358 0.861577 1.912938
v 3.617898 0.845388 1.907614
v 3.648691 0.841226 1.907215
v 3.686415 0.836806 1.906358
v 3.841732 0.957629 1.926111
v 3.840527 0.953128 1.928344
v 3.837840 0.942673 1.928499
v 3.808179 0.961004 1.926953
v 3.807782 0.956555 1.929265
v 3.806932 0.946015 1.929562
v 3.769314 0.954929 1.925457
v 3.769264 0.950783 1.927875
v 3.769158 0.941022 1.928436
v 3.769314 0.773129 1.880560
v 3.769264 0.775672 1.884630
v 3.769158 0.784050 1.889670
v 3.808179 0.767056 1.879056
v 3.807782 0.769917 1.883173
v 3.806932 0.779107 1.888342
v 3.841732 0.770435 1.879881
v 3.840527 0.773378 1.883952
v 3.837840 0.782560 1.888957
v 3.686252 0.931822 1.919751
v 3.686302 0.928547 1.922383
v 3.686408 0.921134 1.923524
v 3.647387 0.919283 1.916650
v 3.647784 0.916550 1.919386
v 3.648634 0.910562 1.920807
v 3.613835 0.906267 1.913426
v 3.615039 0.904186 1.916257
v 3.617726 0.899936 1.917944
v 3.613835 0.821797 1.892565
v 3.615039 0.822320 1.896039
v 3.617726 0.825297 1.899511
v 3.647387 0.808776 1.889359
v 3.647784 0.809922 1.893053
v 3.648634 0.814560 1.897098
v 3.686252 0.796236 1.886266
v 3.686302 0.797909 1.890121
v 3.686408 0.803938 1.894581
v 3.883062 0.821287 1.892439
v 3.880405 0.822355 1.896043
v 3.873313 0.825912 1.899648
v 3.888284 0.864031 1.903000
v 3.885450 0.863245 1.906181
v 3.877774 0.862589 1.908837
v 3.883062 0.906778 1.913552
v 3.880405 0.904154 1.916244
v 3.873312 0.899328 1.917779
v 3.572504 0.878522 1.906574
v 3.575161 0.877449 1.909649
v 3.582254 0.876228 1.912074
v 3.567282 0.864031 1.903000
v 3.570116 0.863245 1.906181
v 3.577792 0.862589 1.908837
v 3.572504 0.849542 1.899416
v 3.575161 0.849060 1.902638
v 3.582254 0.849011 1.905353
v 3.582254 0.880758 1.893732
v 3.575161 0.880709 1.896446
v 3.572504 0.880228 1.899668
v 3.577792 0.867180 1.890247
v 3.570116 0.866524 1.892903
v 3.567282 0.865739 1.896085
v 3.582253 0.853541 1.887010
v 3.575161 0.852321 1.889436
v 3.572504 0.851247 1.892511
v 3.873313 0.830442 1.881306
v 3.880405 0.825616 1.882840
v 3.883062 0.822992 1.885533
v 3.877774 0.867180 1.890247
v 3.885450 0.866525 1.892903
v 3.888284 0.865739 1.896085
v 3.873312 0.903858 1.899436
v 3.880405 0.907415 1.903041
v 3.883062 0.908483 1.906646
v 3.617726 0.829834 1.881140
v 3.615039 0.825583 1.882827
v 3.613835 0.823503 1.885659
v 3.648634 0.819208 1.878278
v 3.647784 0.813220 1.879699
v 3.647387 0.810486 1.882435
v 3.686408 0.808635 1.875560
v 3.686302 0.801223 1.876701
v 3.686252 0.797948 1.879334
v 3.686408 0.925832 1.904503
v 3.686302 0.931861 1.908963
v 3.686252 0.933534 1.912818
v 3.648634 0.915210 1.901987
v 3.647784 0.919848 1.906032
v 3.647387 0.920993 1.909725
v 3.617726 0.904473 1.899573
v 3.615039 0.907449 1.903045
v 3.613835 0.907973 1.906519
v 3.769158 0.788748 1.870649
v 3.769264 0.778986 1.871209
v 3.769314 0.774841 1.873627
v 3.806932 0.783755 1.869523
v 3.807782 0.773215 1.869819
v 3.808179 0.768766 1.872131
v 3.837840 0.787097 1.870586
v 3.840527 0.776641 1.870741
v 3.841732 0.772140 1.872974
v 3.837840 0.947210 1.910127
v 3.840527 0.956391 1.915132
v 3.841732 0.959335 1.919204
v 3.806932 0.950663 1.910742
v 3.807782 0.959852 1.915911
v 3.808179 0.962714 1.920029
v 3.769158 0.945720 1.909415
v 3.769264 0.954098 1.914455
v 3.769314 0.956641 1.918525
v 3.635221 0.644070 1.894800
v 3.603694 0.633767 1.886147
v 3.571928 0.623505 1.878364
v 3.648684 0.608779 1.895504
v 3.615419 0.597493 1.886383
v 3.581676 0.587007 1.878104
v 3.657028 0.579113 1.895828
v 3.625102 0.567180 1.887024
v 3.592085 0.558011 1.878964
v 3.572334 0.782674 1.891470
v 3.556273 0.779014 1.887024
v 3.540954 0.772478 1.883322
v 3.585807 0.754674 1.891870
v 3.566257 0.748799 1.886383
v 3.546789 0.741996 1.881738
v 3.601668 0.720162 1.892726
v 3.578093 0.712561 1.886147
v 3.554347 0.704786 1.880438
v 3.629133 0.642092 1.920720
v 3.642700 0.606834 1.920980
v 3.651322 0.577259 1.920120
v 3.597402 0.631722 1.912938
v 3.609237 0.595485 1.912702
v 3.619221 0.565270 1.912061
v 3.565840 0.621527 1.904285
v 3.575692 0.585062 1.903581
v 3.586379 0.556157 1.903257
v 3.566628 0.780820 1.915763
v 3.579823 0.752730 1.917346
v 3.595580 0.718184 1.918646
v 3.550392 0.777103 1.912061
v 3.560075 0.746790 1.912701
v 3.571800 0.710517 1.912938
v 3.535248 0.770624 1.907614
v 3.540805 0.740052 1.907215
v 3.548259 0.702808 1.906358
v 3.711164 0.592430 1.926111
v 3.706511 0.592185 1.928344
v 3.695737 0.591509 1.928499
v 3.704006 0.625383 1.926953
v 3.699651 0.624385 1.929265
v 3.689365 0.621937 1.929562
v 3.686218 0.660468 1.925457
v 3.682260 0.659235 1.927875
v 3.672944 0.656319 1.928436
v 3.513316 0.604289 1.880560
v 3.515719 0.605122 1.884630
v 3.523654 0.607812 1.889670
v 3.519550 0.565450 1.879056
v 3.522149 0.566711 1.883173
v 3.530626 0.570360 1.888342
v 3.533132 0.534584 1.879881
v 3.535559 0.536639 1.883952
v 3.543461 0.542031 1.888957
v 3.638574 0.732325 1.919751
v 3.635475 0.731266 1.922383
v 3.628458 0.728874 1.923524
v 3.614639 0.765413 1.916650
v 3.612162 0.764191 1.919386
v 3.606730 0.761532 1.920807
v 3.591892 0.793301 1.913426
v 3.590285 0.791513 1.916257
v 3.587073 0.787644 1.917944
v 3.511556 0.767198 1.892565
v 3.512426 0.766215 1.896039
v 3.516087 0.764579 1.899511
v 3.509541 0.731265 1.889359
v 3.510753 0.731241 1.893053
v 3.515427 0.731866 1.897098
v 3.509624 0.690426 1.886266
v 3.511230 0.690896 1.890121
v 3.516997 0.692658 1.894581
v 3.594266 0.510990 1.892439
v 3.594462 0.513847 1.896043
v 3.595653 0.521692 1.899648
v 3.636532 0.519233 1.903000
v 3.634909 0.521685 1.906181
v 3.631914 0.528783 1.908837
v 3.675573 0.537408 1.913552
v 3.672257 0.539124 1.916244
v 3.665475 0.544378 1.917779
v 3.552733 0.824035 1.906574
v 3.552533 0.821177 1.909649
v 3.553564 0.814054 1.912074
v 3.537338 0.824523 1.903000
v 3.537466 0.821585 1.906181
v 3.539214 0.814082 1.908837
v 3.525171 0.815080 1.899416
v 3.525534 0.812404 1.902638
v 3.527679 0.805643 1.905353
v 3.557873 0.815454 1.893732
v 3.555634 0.822184 1.896446
v 3.554355 0.824562 1.899668
v 3.543581 0.815501 1.890247
v 3.540585 0.822598 1.892903
v 3.538962 0.825051 1.896085
v 3.531988 0.807043 1.887010
v 3.528635 0.813412 1.889436
v 3.526793 0.815607 1.892511
v 3.599961 0.523092 1.881306
v 3.597563 0.514855 1.882840
v 3.595888 0.511517 1.885533
v 3.636280 0.530202 1.890247
v 3.638028 0.522699 1.892903
v 3.638157 0.519760 1.896085
v 3.669783 0.545778 1.899436
v 3.675358 0.540132 1.903041
v 3.677195 0.537935 1.906646
v 3.520402 0.765981 1.881140
v 3.515529 0.767223 1.882827
v 3.513178 0.767725 1.885659
v 3.519847 0.733302 1.878278
v 3.513890 0.732260 1.879699
v 3.511167 0.731793 1.882435
v 3.521465 0.694110 1.875560
v 3.514382 0.691920 1.876701
v 3.511252 0.690956 1.879334
v 3.632926 0.730326 1.904503
v 3.638627 0.732290 1.908963
v 3.640202 0.732854 1.912818
v 3.611151 0.762968 1.901987
v 3.615299 0.765210 1.906032
v 3.616266 0.765942 1.909725
v 3.591388 0.789046 1.899573
v 3.593389 0.792521 1.903045
v 3.593514 0.793828 1.906519
v 3.528122 0.609264 1.870649
v 3.518871 0.606147 1.871209
v 3.514944 0.604818 1.873627
v 3.535046 0.571796 1.869523
v 3.525285 0.567730 1.869819
v 3.521176 0.565978 1.872131
v 3.547776 0.543433 1.870586
v 3.538662 0.537647 1.870741
v 3.534754 0.535111 1.872974
v 3.700052 0.592911 1.910127
v 3.709615 0.593193 1.915132
v 3.712786 0.592957 1.919204
v 3.693785 0.623373 1.910742
v 3.702788 0.625405 1.915911
v 3.705632 0.625912 1.920029
v 3.677411 0.657771 1.909415
v 3.685412 0.660259 1.914455
v 3.687846 0.660998 1.918525
v 3.349136 0.691938 1.894800
v 3.329595 0.718738 1.886147
v 3.310019 0.745778 1.878364
v 3.319732 0.668229 1.895504
v 3.298720 0.696378 1.886383
v 3.278320 0.725229 1.878104
v 3.294097 0.651125 1.895828
v 3.272883 0.677802 1.887024
v 3.253960 0.706369 1.878964
v 3.461523 0.794578 1.891470
v 3.453079 0.808722 1.887024
v 3.442129 0.821272 1.883322
v 3.439058 0.773112 1.891870
v 3.427428 0.789890 1.886383
v 3.414943 0.806303 1.881738
v 3.411136 0.747362 1.892726
v 3.396622 0.767436 1.886147
v 3.381890 0.787616 1.880438
v 3.345374 0.697117 1.920720
v 3.316034 0.673319 1.920980
v 3.290570 0.655979 1.920120
v 3.325706 0.724091 1.912938
v 3.294900 0.701636 1.912701
v 3.269248 0.682804 1.912061
v 3.306257 0.750957 1.904285
v 3.274621 0.730319 1.903581
v 3.250433 0.711223 1.903256
v 3.457997 0.799432 1.915763
v 3.435359 0.778202 1.917346
v 3.407373 0.752541 1.918646
v 3.449445 0.813724 1.912061
v 3.423608 0.795148 1.912701
v 3.392733 0.772788 1.912938
v 3.438603 0.826125 1.907614
v 3.411245 0.811393 1.907215
v 3.378127 0.792795 1.906358
v 3.323492 0.603754 1.926111
v 3.321820 0.608103 1.928344
v 3.317849 0.618141 1.928499
v 3.352620 0.620745 1.926953
v 3.350325 0.624578 1.929265
v 3.344818 0.633605 1.929562
v 3.380491 0.648505 1.925457
v 3.378095 0.651887 1.927875
v 3.372443 0.659847 1.928436
v 3.273632 0.795584 1.880560
v 3.275167 0.793556 1.884629
v 3.280177 0.786840 1.889670
v 3.238620 0.777653 1.879056
v 3.240623 0.775571 1.883173
v 3.246712 0.768636 1.888342
v 3.213461 0.755198 1.879880
v 3.216166 0.753524 1.883952
v 3.223737 0.747676 1.888957
v 3.434108 0.716021 1.919751
v 3.432143 0.718642 1.922383
v 3.427700 0.724576 1.923524
v 3.458180 0.749009 1.916650
v 3.456253 0.750988 1.919386
v 3.452045 0.755332 1.920807
v 3.477674 0.779261 1.913426
v 3.475477 0.780237 1.916257
v 3.470804 0.782096 1.917944
v 3.428024 0.847599 1.892565
v 3.427357 0.846468 1.896039
v 3.426933 0.842480 1.899511
v 3.393226 0.838411 1.889359
v 3.393578 0.837251 1.893053
v 3.395617 0.833000 1.897098
v 3.354412 0.825713 1.886266
v 3.355356 0.824330 1.890121
v 3.358814 0.819390 1.894581
v 3.209914 0.689764 1.892438
v 3.212692 0.690461 1.896043
v 3.220521 0.691752 1.899648
v 3.230814 0.652114 1.902999
v 3.232645 0.654415 1.906181
v 3.238470 0.659458 1.908837
v 3.260164 0.620600 1.913551
v 3.260772 0.624285 1.916244
v 3.263673 0.632358 1.917779
v 3.494803 0.826001 1.906574
v 3.492023 0.825308 1.909649
v 3.485568 0.822126 1.912074
v 3.490510 0.840794 1.902999
v 3.487755 0.839764 1.906181
v 3.481160 0.835783 1.908837
v 3.477769 0.849446 1.899416
v 3.475337 0.848274 1.902638
v 3.469570 0.844145 1.905353
v 3.488230 0.818461 1.893732
v 3.493939 0.822670 1.896446
v 3.495806 0.824621 1.899668
v 3.483858 0.832068 1.890247
v 3.489683 0.837111 1.892903
v 3.491514 0.839412 1.896085
v 3.472232 0.840480 1.887010
v 3.477253 0.845637 1.889436
v 3.478771 0.848067 1.892511
v 3.223183 0.688088 1.881305
v 3.214608 0.687823 1.882840
v 3.210917 0.688384 1.885533
v 3.241168 0.655744 1.890247
v 3.234573 0.651762 1.892903
v 3.231818 0.650732 1.896085
v 3.266336 0.628693 1.899436
v 3.262688 0.621647 1.903041
v 3.261167 0.619221 1.906646
v 3.429600 0.838810 1.881140
v 3.429275 0.843828 1.882827
v 3.429026 0.846219 1.885659
v 3.398349 0.829239 1.878278
v 3.395517 0.834583 1.879699
v 3.394231 0.837028 1.882435
v 3.361575 0.815590 1.875560
v 3.357304 0.821649 1.876701
v 3.355419 0.824328 1.879334
v 3.430461 0.720776 1.904503
v 3.434091 0.715960 1.908963
v 3.435114 0.714636 1.912818
v 3.454777 0.751572 1.901987
v 3.458191 0.748320 1.906032
v 3.459186 0.747626 1.909725
v 3.473471 0.778426 1.899573
v 3.477395 0.777597 1.903045
v 3.478677 0.777882 1.906519
v 3.282938 0.783040 1.870649
v 3.277115 0.790874 1.871209
v 3.274638 0.794199 1.873627
v 3.249444 0.764876 1.869523
v 3.242561 0.772903 1.869819
v 3.239625 0.776270 1.872131
v 3.226403 0.744005 1.870586
v 3.218084 0.750884 1.870741
v 3.214464 0.753818 1.872974
v 3.320515 0.614471 1.910127
v 3.323738 0.605464 1.915132
v 3.324494 0.602374 1.919204
v 3.347550 0.629845 1.910742
v 3.352264 0.621910 1.915911
v 3.353625 0.619362 1.920029
v 3.375204 0.656047 1.909415
v 3.380043 0.649206 1.914455
v 3.381497 0.647120 1.918525
v 3.306257 0.978813 1.894800
v 3.325706 1.005679 1.886147
v 3.345374 1.032653 1.878364
v 3.274621 0.999451 1.895504
v 3.294900 1.028133 1.886383
v 3.316034 1.056451 1.878104
v 3.250433 1.018547 1.895828
v 3.269248 1.046966 1.887024
v 3.290570 1.073791 1.878964
v 3.438603 0.903644 1.891470
v 3.449445 0.916045 1.887024
v 3.457997 0.930338 1.883322
v 3.411245 0.918377 1.891870
v 3.423608 0.934622 1.886383
v 3.435359 0.951567 1.881738
v 3.378127 0.936975 1.892726
v 3.392733 0.956981 1.886147
v 3.407373 0.977229 1.880438
v 3.310019 0.983992 1.920720
v 3.278320 1.004541 1.920980
v 3.253960 1.023400 1.920120
v 3.329595 1.011032 1.912938
v 3.298720 1.033392 1.912701
v 3.272883 1.051968 1.912061
v 3.349136 1.037832 1.904285
v 3.319732 1.061541 1.903581
v 3.294097 1.078644 1.903256
v 3.442129 0.908498 1.915763
v 3.414943 0.923467 1.917346
v 3.381890 0.942153 1.918646
v 3.453079 0.921048 1.912061
v 3.427428 0.939880 1.912701
v 3.396622 0.962334 1.912938
v 3.461523 0.935191 1.907614
v 3.439058 0.956658 1.907215
v 3.411136 0.982408 1.906358
v 3.214464 0.975952 1.926110
v 3.218084 0.978885 1.928344
v 3.226403 0.985765 1.928499
v 3.239625 0.953500 1.926953
v 3.242561 0.956867 1.929265
v 3.249444 0.964894 1.929562
v 3.274638 0.935571 1.925457
v 3.277115 0.938895 1.927875
v 3.282938 0.946730 1.928436
v 3.381497 1.082650 1.880560
v 3.380043 1.080564 1.884629
v 3.375204 1.073723 1.889670
v 3.353625 1.110408 1.879056
v 3.352264 1.107859 1.883173
v 3.347550 1.099925 1.888342
v 3.324494 1.127396 1.879880
v 3.323738 1.124306 1.883952
v 3.320515 1.115299 1.888957
v 3.355419 0.905442 1.919751
v 3.357304 0.908121 1.922383
v 3.361575 0.914180 1.923524
v 3.394231 0.892742 1.916650
v 3.395517 0.895186 1.919386
v 3.398349 0.900530 1.920807
v 3.429026 0.883550 1.913426
v 3.429275 0.885942 1.916257
v 3.429600 0.890960 1.917944
v 3.478677 0.951888 1.892565
v 3.477395 0.952173 1.896039
v 3.473471 0.951344 1.899511
v 3.459186 0.982144 1.889359
v 3.458191 0.981450 1.893053
v 3.454777 0.978198 1.897098
v 3.435114 1.015134 1.886266
v 3.434091 1.013809 1.890121
v 3.430461 1.008994 1.894581
v 3.261167 1.110549 1.892438
v 3.262688 1.108123 1.896043
v 3.266336 1.101076 1.899648
v 3.231818 1.079037 1.902999
v 3.234573 1.078007 1.906181
v 3.241168 1.074026 1.908837
v 3.210917 1.041385 1.913551
v 3.214608 1.041946 1.916244
v 3.223183 1.041682 1.917779
v 3.478771 0.881703 1.906574
v 3.477253 0.884133 1.909649
v 3.472232 0.889289 1.912074
v 3.491514 0.890357 1.902999
v 3.489683 0.892659 1.906181
v 3.483858 0.897701 1.908837
v 3.495806 0.905148 1.899416
v 3.493939 0.907100 1.902638
v 3.488230 0.911308 1.905353
v 3.469570 0.885625 1.893732
v 3.475337 0.881495 1.896446
v 3.477769 0.880323 1.899668
v 3.481160 0.893987 1.890247
v 3.487755 0.890006 1.892903
v 3.490510 0.888976 1.896085
v 3.485568 0.907644 1.887010
v 3.492023 0.904462 1.889436
v 3.494803 0.903769 1.892511
v 3.263673 1.097411 1.881305
v 3.260772 1.105485 1.882840
v 3.260165 1.109169 1.885533
v 3.238470 1.070312 1.890247
v 3.232645 1.075354 1.892903
v 3.230814 1.077656 1.896085
v 3.220520 1.038017 1.899436
v 3.212692 1.039308 1.903041
v 3.209914 1.040006 1.906646
v 3.470804 0.947673 1.881140
v 3.475477 0.949533 1.882827
v 3.477674 0.950508 1.885659
v 3.452045 0.974438 1.878278
v 3.456253 0.978782 1.879699
v 3.458180 0.980760 1.882435
v 3.427700 1.005194 1.875560
v 3.432143 1.011128 1.876701
v 3.434108 1.013748 1.879334
v 3.358814 0.910380 1.904503
v 3.355356 0.905439 1.908963
v 3.354412 0.904057 1.912818
v 3.395617 0.896770 1.901987
v 3.393579 0.892518 1.906032
v 3.393226 0.891358 1.909725
v 3.426933 0.887289 1.899573
v 3.427357 0.883302 1.903045
v 3.428024 0.882171 1.906519
v 3.372443 1.069923 1.870649
v 3.378095 1.077882 1.871209
v 3.380491 1.081265 1.873627
v 3.344818 1.096165 1.869523
v 3.350325 1.105191 1.869819
v 3.352620 1.109024 1.872131
v 3.317849 1.111628 1.870586
v 3.321820 1.121666 1.870740
v 3.323492 1.126016 1.872974
v 3.223737 0.982094 1.910127
v 3.216166 0.976246 1.915132
v 3.213461 0.974572 1.919204
v 3.246712 0.961134 1.910742
v 3.240623 0.954199 1.915911
v 3.238620 0.952117 1.920029
v 3.280177 0.942930 1.909415
v 3.275167 0.936214 1.914455
v 3.273632 0.934186 1.918525
v 3.565840 1.108243 1.894800
v 3.597402 1.098047 1.886147
v 3.629133 1.087678 1.878364
v 3.575692 1.144707 1.895504
v 3.609237 1.134285 1.886383
v 3.642700 1.122935 1.878104
v 3.586379 1.173612 1.895828
v 3.619221 1.164500 1.887024
v 3.651322 1.152511 1.878964
v 3.535248 0.959146 1.891470
v 3.550392 0.952666 1.887024
v 3.566628 0.948950 1.883322
v 3.540805 0.989717 1.891870
v 3.560075 0.982980 1.886383
v 3.579823 0.977040 1.881738
v 3.548259 1.026961 1.892726
v 3.571800 1.019253 1.886147
v 3.595581 1.011586 1.880438
v 3.571928 1.106265 1.920720
v 3.581676 1.142763 1.920980
v 3.592085 1.171758 1.920120
v 3.603694 1.096003 1.912938
v 3.615419 1.132276 1.912701
v 3.625102 1.162589 1.912061
v 3.635221 1.085700 1.904285
v 3.648684 1.120991 1.903581
v 3.657028 1.150657 1.903257
v 3.540954 0.957292 1.915763
v 3.546789 0.987773 1.917346
v 3.554347 1.024983 1.918646
v 3.556273 0.950756 1.912061
v 3.566257 0.980971 1.912701
v 3.578092 1.017208 1.912938
v 3.572334 0.947096 1.907614
v 3.585807 0.975096 1.907215
v 3.601668 1.009608 1.906358
v 3.534754 1.194659 1.926111
v 3.538662 1.192123 1.928344
v 3.547776 1.186336 1.928499
v 3.521176 1.163792 1.926953
v 3.525285 1.162039 1.929265
v 3.535046 1.157974 1.929562
v 3.514944 1.124951 1.925457
v 3.518871 1.123623 1.927875
v 3.528122 1.120506 1.928436
v 3.687846 1.068772 1.880560
v 3.685412 1.069511 1.884630
v 3.677411 1.071999 1.889670
v 3.705632 1.103858 1.879056
v 3.702788 1.104365 1.883173
v 3.693785 1.106396 1.888342
v 3.712787 1.136813 1.879881
v 3.709615 1.136577 1.883952
v 3.700052 1.136859 1.888957
v 3.511252 1.038814 1.919751
v 3.514383 1.037849 1.922383
v 3.521465 1.035660 1.923524
v 3.511167 0.997977 1.916650
v 3.513890 0.997509 1.919386
v 3.519847 0.996468 1.920807
v 3.513178 0.962044 1.913426
v 3.515529 0.962547 1.916257
v 3.520402 0.963789 1.917944
v 3.593514 0.935942 1.892565
v 3.593389 0.937249 1.896039
v 3.591388 0.940724 1.899511
v 3.616266 0.963828 1.889359
v 3.615299 0.964560 1.893053
v 3.611151 0.966801 1.897098
v 3.640202 0.996916 1.886266
v 3.638627 0.997480 1.890121
v 3.632926 0.999444 1.894581
v 3.677195 1.191835 1.892439
v 3.675358 1.189638 1.896043
v 3.669783 1.183991 1.899648
v 3.638157 1.210009 1.902999
v 3.638028 1.207071 1.906181
v 3.636280 1.199568 1.908837
v 3.595888 1.218253 1.913551
v 3.597563 1.214915 1.916244
v 3.599961 1.206678 1.917779
v 3.526793 0.914163 1.906574
v 3.528635 0.916358 1.909649
v 3.531988 0.922726 1.912074
v 3.538962 0.904719 1.903000
v 3.540585 0.907171 1.906181
v 3.543581 0.914269 1.908837
v 3.554355 0.905208 1.899416
v 3.555634 0.907586 1.902638
v 3.557873 0.914316 1.905353
v 3.527679 0.924126 1.893732
v 3.525534 0.917366 1.896446
v 3.525171 0.914690 1.899668
v 3.539214 0.915688 1.890247
v 3.537466 0.908185 1.892903
v 3.537338 0.905246 1.896085
v 3.553564 0.915716 1.887010
v 3.552533 0.908593 1.889436
v 3.552733 0.905735 1.892511
v 3.665475 1.185391 1.881305
v 3.672257 1.190645 1.882840
v 3.675573 1.192361 1.885533
v 3.631913 1.200987 1.890247
v 3.634909 1.208084 1.892903
v 3.636533 1.210537 1.896085
v 3.595653 1.208078 1.899436
v 3.594462 1.215923 1.903041
v 3.594267 1.218780 1.906646
v 3.587073 0.942126 1.881140
v 3.590285 0.938257 1.882827
v 3.591892 0.936469 1.885659
v 3.606730 0.968238 1.878278
v 3.612162 0.965579 1.879699
v 3.614639 0.964357 1.882435
v 3.628458 1.000896 1.875560
v 3.635475 0.998504 1.876701
v 3.638574 0.997445 1.879334
v 3.516997 1.037111 1.904503
v 3.511230 1.038874 1.908963
v 3.509624 1.039343 1.912818
v 3.515427 0.997904 1.901987
v 3.510753 0.998529 1.906032
v 3.509541 0.998505 1.909725
v 3.516087 0.965191 1.899573
v 3.512426 0.963555 1.903045
v 3.511556 0.962571 1.906519
v 3.672944 1.073450 1.870649
v 3.682260 1.070535 1.871209
v 3.686218 1.069301 1.873627
v 3.689365 1.107833 1.869523
v 3.699651 1.105384 1.869819
v 3.704006 1.104387 1.872131
v 3.695737 1.138261 1.870586
v 3.706511 1.137585 1.870741
v 3.711164 1.137340 1.872974
v 3.543461 1.187738 1.910127
v 3.535559 1.193131 1.915132
v 3.533132 1.195186 1.919204
v 3.530626 1.159410 1.910742
v 3.522149 1.163058 1.915911
v 3.519550 1.164320 1.920029
v 3.523654 1.121957 1.909415
v 3.515719 1.124647 1.914455
v 3.513316 1.125480 1.918525
v 3.581771 0.864885 1.877711
v 3.580683 0.875937 1.877711
v 3.577459 0.886564 1.877711
v 3.572224 0.896358 1.877711
v 3.565179 0.904943 1.877711
v 3.556594 0.911988 1.877711
v 3.546800 0.917223 1.877711
v 3.536173 0.920446 1.877711
v 3.525121 0.921535 1.877711
v 3.514069 0.920446 1.877711
v 3.503442 0.917223 1.877711
v 3.493648 0.911988 1.877711
v 3.485063 0.904943 1.877711
v 3.478018 0.896358 1.877711
v 3.472783 0.886564 1.877711
v 3.469559 0.875937 1.877711
v 3.468471 0.864885 1.877711
v 3.469559 0.853833 1.877711
v 3.472783 0.843206 1.877711
v 3.478018 0.833412 1.877711
v 3.485063 0.824827 1.877711
v 3.493648 0.817782 1.877711
v 3.503442 0.812547 1.877711
v 3.514069 0.809323 1.877711
v 3.525121 0.808235 1.877711
v 3.536173 0.809323 1.877711
v 3.546800 0.812547 1.877711
v 3.556594 0.817782 1.877711
v 3.565179 0.824827 1.877711
v 3.572224 0.833412 1.877711
v 3.577459 0.843206 1.877711
v 3.580683 0.853833 1.877711
v 3.580683 0.875937 1.927992
v 3.581771 0.864885 1.927992
v 3.577459 0.886564 1.927992
v 3.572224 0.896358 1.927992
v 3.565179 0.904943 1.927992
v 3.556594 0.911988 1.927992
v 3.546800 0.917223 1.927992
v 3.536173 0.920446 1.927992
v 3.525121 0.921535 1.927992
v 3.514069 0.920446 1.927992
v 3.503442 0.917223 1.927992
v 3.493648 0.911988 1.927992
v 3.485063 0.904943 1.927992
v 3.478018 0.896358 1.927992
v 3.472783 0.886564 1.927992
v 3.469559 0.875937 1.927992
v 3.468471 0.864885 1.927992
v 3.469559 0.853833 1.927992
v 3.472783 0.843206 1.927992
v 3.478018 0.833412 1.927992
v 3.485063 0.824827 1.927992
v 3.493648 0.817782 1.927992
v 3.503442 0.812547 1.927992
v 3.514069 0.809323 1.927992
v 3.525121 0.808235 1.927992
v 3.536173 0.809323 1.927992
v 3.546800 0.812547 1.927992
v 3.556594 0.817782 1.927992
v 3.565179 0.824827 1.927992
v 3.572224 0.833412 1.927992
v 3.577459 0.843206 1.927992
v 3.580683 0.853833 1.927992
v 3.562644 0.849740 1.927992
v 3.562536 0.859244 1.927992
v 3.560884 0.868922 1.927992
v 3.557754 0.878402 1.927992
v 3.553265 0.887318 1.927992
v 3.547589 0.895330 1.927992
v 3.540945 0.902127 1.927992
v 3.555778 0.843485 1.927992
v 3.554447 0.853545 1.927992
v 3.551867 0.863990 1.927992
v 3.548137 0.874418 1.927992
v 3.543400 0.884430 1.927992
v 3.537839 0.893640 1.927992
v 3.531667 0.901695 1.927992
v 3.547471 0.837943 1.927992
v 3.544773 0.848091 1.927992
v 3.541243 0.858851 1.927992
v 3.537016 0.869812 1.927992
v 3.532254 0.880551 1.927992
v 3.527142 0.890656 1.927992
v 3.521874 0.899739 1.927992
v 3.538170 0.833382 1.927992
v 3.534109 0.843185 1.927992
v 3.529703 0.853822 1.927992
v 3.525121 0.864885 1.927992
v 3.520539 0.875947 1.927992
v 3.516133 0.886585 1.927992
v 3.512072 0.896388 1.927992
v 3.528368 0.830031 1.927992
v 3.523100 0.839114 1.927992
v 3.517988 0.849219 1.927992
v 3.513227 0.859958 1.927992
v 3.509000 0.870918 1.927992
v 3.505469 0.881679 1.927992
v 3.502771 0.891826 1.927992
v 3.518575 0.828075 1.927992
v 3.512403 0.836129 1.927992
v 3.506842 0.845339 1.927992
v 3.502105 0.855351 1.927992
v 3.498375 0.865780 1.927992
v 3.495795 0.876225 1.927992
v 3.494464 0.886285 1.927992
v 3.509297 0.827643 1.927992
v 3.502653 0.834440 1.927992
v 3.496978 0.842451 1.927992
v 3.492488 0.851368 1.927992
v 3.489357 0.860847 1.927992
v 3.487706 0.870525 1.927992
v 3.487597 0.880030 1.927992
v 3.540945 0.902127 1.877711
v 3.547589 0.895330 1.877711
v 3.553265 0.887318 1.877711
v 3.557754 0.878402 1.877711
v 3.560884 0.868922 1.877711
v 3.562536 0.859244 1.877711
v 3.562644 0.849740 1.877711
v 3.531667 0.901695 1.877711
v 3.537839 0.893640 1.877711
v 3.543400 0.884430 1.877711
v 3.548137 0.874418 1.877711
v 3.551867 0.863990 1.877711
v 3.554447 0.853545 1.877711
v 3.555778 0.843485 1.877711
v 3.521874 0.899739 1.877711
v 3.527142 0.890656 1.877711
v 3.532254 0.880551 1.877711
v 3.537016 0.869812 1.877711
v 3.541243 0.858851 1.877711
v 3.544773 0.848091 1.877711
v 3.547471 0.837943 1.877711
v 3.512072 0.896388 1.877711
v 3.516133 0.886585 1.877711
v 3.520539 0.875947 1.877711
v 3.525121 0.864885 1.877711
v 3.529703 0.853822 1.877711
v 3.534109 0.843185 1.877711
v 3.538170 0.833382 1.877711
v 3.502771 0.891826 1.877711
v 3.505469 0.881679 1.877711
v 3.509000 0.870918 1.877711
v 3.513227 0.859958 1.877711
v 3.517988 0.849219 1.877711
v 3.523100 0.839114 1.877711
v 3.528368 0.830031 1.877711
v 3.494464 0.886285 1.877711
v 3.495795 0.876225 1.877711
v 3.498375 0.865780 1.877711
v 3.502105 0.855351 1.877711
v 3.506842 0.845339 1.877711
v 3.512403 0.836129 1.877711
v 3.518575 0.828075 1.877711
v 3.487597 0.880030 1.877711
v 3.487706 0.870525 1.877711
v 3.489357 0.860847 1.877711
v 3.492488 0.851368 1.877711
v 3.496978 0.842451 1.877711
v 3.502653 0.834440 1.877711
v 3.509297 0.827643 1.877711
v 3.014801 0.394834 -1.687855
v 3.014801 0.584143 -1.687855
v 3.014801 0.394834 -1.764347
v 3.014801 0.584143 -1.764347
v 4.042195 0.394834 -1.687855
v 4.042195 0.584143 -1.687855
v 4.042195 0.394834 -1.764347
v 4.042195 0.584143 -1.764347
v 3.168354 0.394834 -1.797527
v 3.888642 0.394834 -1.797527
v 3.528498 0.394834 -1.841161
v 3.888642 0.584143 -1.797527
v 3.168354 0.584143 -1.797527
v 3.528498 0.584143 -1.841161
v 3.888642 0.394834 -1.720104
v 3.168354 0.394834 -1.720104
v 3.528498 0.394834 -1.761941
v 3.168354 0.584143 -1.720104
v 3.888642 0.584143 -1.720104
v 3.528498 0.584143 -1.761941
v 3.332878 0.539509 1.043018
v 3.315166 0.567284 1.010076
v 3.308683 0.577451 0.965076
v 3.315166 0.567284 0.920076
v 3.332878 0.539509 0.887133
v 3.357073 0.501567 0.875076
v 3.381268 0.463624 0.887133
v 3.398980 0.435849 0.920075
v 3.405463 0.425682 0.965076
v 3.398980 0.435849 1.010076
v 3.381268 0.463624 1.043018
v 3.357073 0.501566 1.055076
v 3.244762 0.483723 1.041810
v 3.233985 0.515659 1.009650
v 3.235450 0.530594 0.965546
v 3.248763 0.524526 0.921315
v 3.270359 0.499080 0.888811
v 3.294450 0.461076 0.876741
v 3.314580 0.420695 0.888341
v 3.325357 0.388759 0.920501
v 3.323892 0.373824 0.964606
v 3.310579 0.379892 1.008836
v 3.288983 0.405337 1.041341
v 3.264893 0.443342 1.053410
v 3.141267 0.433140 0.994259
v 3.144950 0.472222 0.969172
v 3.163575 0.495637 0.933461
v 3.192151 0.497111 0.896697
v 3.223020 0.476249 0.868729
v 3.247913 0.438641 0.857051
v 3.260158 0.394363 0.864794
v 3.256475 0.355281 0.889881
v 3.237850 0.331865 0.925592
v 3.209275 0.330391 0.962356
v 3.178405 0.351254 0.990325
v 3.153512 0.388862 1.002002
v 3.049076 0.403190 0.874739
v 3.064306 0.446270 0.865651
v 3.097900 0.474867 0.850682
v 3.140856 0.481319 0.833844
v 3.181665 0.463897 0.819648
v 3.209391 0.427270 0.811897
v 3.216605 0.381251 0.812668
v 3.201375 0.338171 0.821756
v 3.167782 0.309574 0.836725
v 3.124825 0.303122 0.853563
v 3.084017 0.320544 0.867760
v 3.056291 0.357171 0.875510
v 2.960308 0.482801 -0.469218
v 2.979928 0.523574 -0.458128
v 3.018006 0.549815 -0.452486
v 3.064339 0.554493 -0.453803
v 3.106513 0.536354 -0.461726
v 3.133226 0.500259 -0.474132
v 3.137321 0.455879 -0.487697
v 3.117701 0.415105 -0.498787
v 3.079623 0.388864 -0.504429
v 3.033290 0.384186 -0.503112
v 2.991116 0.402325 -0.495189
v 2.964403 0.438421 -0.482783
v 2.952278 0.571351 -0.622460
v 2.973133 0.601384 -0.593590
v 3.011978 0.620954 -0.576903
v 3.058405 0.624816 -0.576870
v 3.099974 0.611935 -0.593498
v 3.125546 0.585764 -0.622335
v 3.128270 0.553315 -0.655651
v 3.107415 0.523281 -0.684521
v 3.068570 0.503712 -0.701208
v 3.022143 0.499849 -0.701242
v 2.980574 0.512730 -0.684613
v 2.955002 0.538901 -0.655777
v 2.938849 0.744690 -0.717753
v 2.960428 0.762894 -0.680694
v 2.999739 0.774857 -0.658740
v 3.046248 0.777372 -0.657775
v 3.087494 0.769767 -0.678055
v 3.112425 0.754079 -0.714148
v 3.114361 0.734511 -0.756382
v 3.092782 0.716307 -0.793441
v 3.053471 0.704344 -0.815395
v 3.006962 0.701828 -0.816361
v 2.965716 0.709434 -0.796080
v 2.940785 0.725122 -0.759987
v 2.932516 1.195822 -0.891896
v 2.953913 1.220328 -0.858549
v 2.993134 1.235410 -0.838433
v 3.039669 1.237027 -0.836938
v 3.081050 1.224746 -0.854464
v 3.106188 1.201856 -0.886315
v 3.108349 1.174492 -0.923957
v 3.086952 1.149986 -0.957304
v 3.047731 1.134903 -0.977420
v 3.001196 1.133286 -0.978916
v 2.959815 1.145568 -0.961389
v 2.934676 1.168458 -0.929538
v 2.931622 1.316900 -1.041275
v 2.952991 1.353124 -1.021238
v 2.992196 1.375067 -1.008914
v 3.038731 1.376850 -1.007607
v 3.080127 1.357994 -1.017666
v 3.105292 1.323552 -1.036397
v 3.107484 1.282752 -1.058780
v 3.086114 1.246528 -1.078817
v 3.046910 1.224584 -1.091141
v 3.000375 1.222802 -1.092448
v 2.958978 1.241658 -1.082389
v 2.933813 1.276100 -1.063658
v 2.933834 1.359674 -1.167645
v 2.955295 1.400129 -1.159087
v 2.994555 1.424619 -1.153676
v 3.041094 1.426583 -1.152862
v 3.082442 1.405495 -1.156864
v 3.107520 1.367005 -1.164609
v 3.109608 1.321426 -1.174022
v 3.088147 1.280972 -1.182581
v 3.048888 1.256481 -1.187992
v 3.002349 1.254517 -1.188805
v 2.961001 1.275605 -1.184803
v 2.935923 1.314095 -1.177058
v 2.896522 1.444379 -2.085645
v 2.927128 1.503069 -2.080765
v 2.983081 1.538646 -2.077807
v 3.049386 1.541577 -2.077564
v 3.108279 1.511076 -2.080100
v 3.143979 1.455317 -2.084736
v 3.146920 1.389238 -2.090230
v 3.116314 1.330548 -2.095110
v 3.060362 1.294971 -2.098069
v 2.994056 1.292040 -2.098313
v 2.935163 1.322541 -2.095776
v 2.899463 1.378301 -2.091139
v 3.724119 0.539509 1.043018
v 3.741831 0.567284 1.010076
v 3.748314 0.577451 0.965076
v 3.741831 0.567284 0.920076
v 3.724119 0.539509 0.887133
v 3.699924 0.501567 0.875076
v 3.675729 0.463624 0.887133
v 3.658017 0.435849 0.920075
v 3.651534 0.425682 0.965075
v 3.658017 0.435849 1.010076
v 3.675729 0.463624 1.043018
v 3.699924 0.501566 1.055076
v 3.812235 0.483723 1.041810
v 3.823012 0.515659 1.009650
v 3.821547 0.530594 0.965546
v 3.808233 0.524526 0.921315
v 3.786638 0.499080 0.888811
v 3.762547 0.461076 0.876741
v 3.742416 0.420695 0.888341
v 3.731640 0.388759 0.920501
v 3.733104 0.373824 0.964606
v 3.746418 0.379892 1.008836
v 3.768013 0.405337 1.041341
v 3.792104 0.443342 1.053410
v 3.915730 0.433139 0.994259
v 3.912046 0.472222 0.969172
v 3.893422 0.495637 0.933461
v 3.864846 0.497111 0.896697
v 3.833976 0.476249 0.868729
v 3.809084 0.438641 0.857051
v 3.796839 0.394363 0.864794
v 3.800522 0.355281 0.889881
v 3.819146 0.331865 0.925592
v 3.847722 0.330391 0.962356
v 3.878592 0.351254 0.990325
v 3.903484 0.388862 1.002002
v 4.007920 0.403190 0.874739
v 3.992690 0.446270 0.865651
v 3.959096 0.474867 0.850682
v 3.916140 0.481319 0.833844
v 3.875332 0.463897 0.819648
v 3.847606 0.427270 0.811897
v 3.840391 0.381251 0.812669
v 3.855621 0.338171 0.821756
v 3.889215 0.309574 0.836725
v 3.932171 0.303122 0.853563
v 3.972980 0.320544 0.867760
v 4.000706 0.357171 0.875510
v 4.096689 0.482801 -0.469218
v 4.077069 0.523574 -0.458128
v 4.038990 0.549815 -0.452486
v 3.992657 0.554493 -0.453803
v 3.950484 0.536354 -0.461726
v 3.923771 0.500259 -0.474132
v 3.919676 0.455879 -0.487697
v 3.939296 0.415105 -0.498787
v 3.977374 0.388864 -0.504429
v 4.023707 0.384186 -0.503112
v 4.065880 0.402325 -0.495189
v 4.092594 0.438420 -0.482783
v 4.104719 0.571351 -0.622460
v 4.083864 0.601384 -0.593590
v 4.045018 0.620953 -0.576903
v 3.998591 0.624816 -0.576869
v 3.957023 0.611935 -0.593498
v 3.931450 0.585764 -0.622335
v 3.928727 0.553315 -0.655651
v 3.949582 0.523281 -0.684521
v 3.988427 0.503712 -0.701208
v 4.034854 0.499849 -0.701242
v 4.076423 0.512730 -0.684613
v 4.101995 0.538901 -0.655776
v 4.118147 0.744690 -0.717753
v 4.096569 0.762894 -0.680694
v 4.057258 0.774857 -0.658740
v 4.010749 0.777372 -0.657775
v 3.969502 0.769767 -0.678055
v 3.944572 0.754079 -0.714148
v 3.942636 0.734511 -0.756382
v 3.964215 0.716307 -0.793441
v 4.003525 0.704344 -0.815395
v 4.050035 0.701828 -0.816361
v 4.091281 0.709434 -0.796080
v 4.116212 0.725122 -0.759987
v 4.124481 1.195822 -0.891896
v 4.103084 1.220328 -0.858549
v 4.063863 1.235410 -0.838433
v 4.017328 1.237027 -0.836938
v 3.975947 1.224746 -0.854464
v 3.950808 1.201856 -0.886315
v 3.948648 1.174492 -0.923957
v 3.970045 1.149986 -0.957304
v 4.009265 1.134903 -0.977420
v 4.055801 1.133286 -0.978916
v 4.097182 1.145568 -0.961390
v 4.122320 1.168458 -0.929538
v 4.125375 1.316899 -1.041275
v 4.104006 1.353124 -1.021238
v 4.064801 1.375067 -1.008914
v 4.018266 1.376850 -1.007607
v 3.976870 1.357994 -1.017666
v 3.951705 1.323552 -1.036397
v 3.949513 1.282752 -1.058779
v 3.970882 1.246528 -1.078817
v 4.010087 1.224584 -1.091141
v 4.056622 1.222802 -1.092448
v 4.098018 1.241658 -1.082389
v 4.123184 1.276100 -1.063658
v 4.123162 1.359674 -1.167645
v 4.101701 1.400129 -1.159087
v 4.062442 1.424619 -1.153675
v 4.015903 1.426583 -1.152862
v 3.974555 1.405495 -1.156864
v 3.949477 1.367005 -1.164609
v 3.947389 1.321426 -1.174021
v 3.968849 1.280972 -1.182580
v 4.008109 1.256481 -1.187992
v 4.054648 1.254517 -1.188805
v 4.095996 1.275605 -1.184803
v 4.121074 1.314095 -1.177058
v 4.160475 1.444379 -2.085645
v 4.129869 1.503069 -2.080765
v 4.073916 1.538646 -2.077807
v 4.007610 1.541577 -2.077564
v 3.948717 1.511076 -2.080099
v 3.913017 1.455317 -2.084736
v 3.910076 1.389239 -2.090230
v 3.940682 1.330548 -2.095110
v 3.996634 1.294971 -2.098069
v 4.062941 1.292040 -2.098312
v 4.121834 1.322541 -2.095776
v 4.157534 1.378301 -2.091139
v 3.341082 0.527113 1.016959
v 3.329168 0.545447 0.995007
v 3.324885 0.552202 0.965178
v 3.329378 0.545658 0.935252
v 3.341425 0.527277 0.913159
v 3.357657 0.501807 0.905069
v 3.373585 0.476303 0.913215
v 3.385102 0.457757 0.935156
v 3.389393 0.451015 0.964989
v 3.385276 0.457829 0.994940
v 3.373608 0.476454 1.017004
v 3.357396 0.501867 1.025079
v 3.256379 0.473863 1.015968
v 3.249189 0.495067 0.994004
v 3.250382 0.504600 0.964390
v 3.259547 0.500266 0.935286
v 3.274042 0.483541 0.914207
v 3.289876 0.458682 0.906294
v 3.302967 0.431947 0.913610
v 3.310094 0.410418 0.934569
v 3.309346 0.400052 0.963907
v 3.300676 0.403865 0.993762
v 3.286255 0.420952 1.015870
v 3.269990 0.446655 1.024033
v 3.161213 0.427489 0.972574
v 3.163958 0.453643 0.955261
v 3.176662 0.468744 0.931118
v 3.195735 0.469148 0.906955
v 3.216166 0.455299 0.889078
v 3.232620 0.430804 0.881643
v 3.240664 0.401693 0.886387
v 3.238271 0.375558 0.902429
v 3.226080 0.359457 0.925964
v 3.207079 0.357988 0.950798
v 3.186255 0.371864 0.969988
v 3.169381 0.397410 0.978020
v 3.077044 0.399783 0.864432
v 3.087530 0.428830 0.858133
v 3.110523 0.447796 0.847887
v 3.139477 0.451483 0.836652
v 3.166206 0.439452 0.827615
v 3.183947 0.415801 0.822900
v 3.188997 0.386412 0.823210
v 3.179820 0.357846 0.828705
v 3.157861 0.337834 0.838444
v 3.128788 0.332628 0.849861
v 3.100864 0.344005 0.859651
v 3.081922 0.368684 0.864999
v 2.990024 0.479776 -0.472012
v 3.003739 0.506549 -0.464698
v 3.028986 0.523239 -0.461039
v 3.059104 0.526097 -0.461943
v 3.086757 0.514439 -0.467148
v 3.104797 0.490751 -0.475310
v 3.107960 0.461032 -0.484323
v 3.095028 0.433464 -0.491794
v 3.069472 0.415698 -0.495661
v 3.038234 0.412589 -0.494817
v 3.009807 0.425081 -0.489461
v 2.992103 0.449815 -0.481082
v 2.981869 0.569365 -0.626979
v 2.996321 0.589099 -0.608130
v 3.021903 0.601653 -0.597615
v 3.051943 0.604148 -0.597632
v 3.079253 0.595955 -0.608170
v 3.096735 0.578826 -0.627003
v 3.099183 0.557114 -0.649366
v 3.085514 0.536749 -0.669061
v 3.059367 0.523402 -0.680530
v 3.027933 0.520793 -0.680558
v 2.999889 0.529664 -0.669115
v 2.983013 0.547536 -0.649390
v 2.968153 0.743106 -0.723984
v 2.982543 0.755228 -0.699459
v 3.008783 0.763256 -0.684887
v 3.039876 0.764910 -0.684309
v 3.067286 0.759755 -0.697838
v 3.083768 0.749336 -0.721650
v 3.085219 0.736431 -0.749521
v 3.071113 0.724318 -0.774303
v 3.044831 0.716235 -0.789242
v 3.013440 0.714504 -0.789954
v 2.985737 0.719631 -0.776202
v 2.969267 0.730117 -0.751998
v 2.961546 1.191588 -0.898167
v 2.975568 1.208278 -0.875456
v 3.001955 1.218621 -0.861678
v 3.033422 1.219735 -0.860644
v 3.061321 1.211312 -0.872638
v 3.077948 1.195693 -0.894347
v 3.078789 1.177286 -0.919665
v 3.064017 1.161216 -0.941561
v 3.038172 1.151616 -0.954414
v 3.008047 1.150587 -0.955383
v 2.980869 1.158342 -0.944257
v 2.963653 1.173256 -0.923427
v 2.960746 1.310525 -1.044612
v 2.974764 1.335022 -1.031151
v 3.001105 1.350010 -1.022797
v 3.032576 1.351210 -1.021915
v 3.060424 1.338276 -1.028756
v 3.076995 1.314923 -1.041375
v 3.078001 1.287710 -1.056289
v 3.063528 1.263960 -1.069543
v 3.037606 1.249731 -1.077685
v 3.006990 1.248551 -1.078547
v 2.979599 1.260754 -1.071892
v 2.962628 1.283341 -1.059501
v 2.962980 1.352805 -1.169468
v 2.977094 1.380049 -1.163735
v 3.003398 1.396677 -1.160081
v 3.034739 1.398030 -1.159517
v 3.062498 1.383730 -1.162206
v 3.079110 1.357781 -1.167406
v 3.080199 1.327342 -1.173707
v 3.065689 1.300610 -1.179424
v 3.039612 1.284576 -1.183028
v 3.008892 1.283319 -1.183549
v 2.981539 1.297116 -1.180869
v 2.964703 1.322458 -1.175727
v 2.925800 1.438081 -2.087418
v 2.949245 1.483011 -2.083683
v 2.992107 1.510266 -2.081420
v 3.042922 1.512513 -2.081236
v 3.088048 1.489139 -2.083175
v 3.115391 1.446442 -2.086722
v 3.117667 1.395855 -2.090933
v 3.094260 1.350881 -2.094687
v 3.051377 1.323573 -2.096970
v 3.000503 1.321316 -2.097161
v 2.955341 1.344734 -2.095204
v 2.928018 1.387485 -2.091635
v 3.715915 0.527113 1.016959
v 3.727829 0.545447 0.995007
v 3.732111 0.552202 0.965178
v 3.727619 0.545658 0.935252
v 3.715572 0.527277 0.913159
v 3.699340 0.501807 0.905069
v 3.683412 0.476303 0.913215
v 3.671895 0.457757 0.935156
v 3.667604 0.451015 0.964989
v 3.671721 0.457829 0.994940
v 3.683389 0.476454 1.017004
v 3.699600 0.501867 1.025079
v 3.800618 0.473863 1.015968
v 3.807808 0.495067 0.994004
v 3.806614 0.504600 0.964390
v 3.797449 0.500266 0.935286
v 3.782955 0.483541 0.914207
v 3.767120 0.458682 0.906294
v 3.754029 0.431947 0.913610
v 3.746903 0.410418 0.934569
v 3.747651 0.400052 0.963907
v 3.756320 0.403865 0.993762
v 3.770741 0.420952 1.015870
v 3.787006 0.446655 1.024033
v 3.895784 0.427489 0.972574
v 3.893039 0.453643 0.955261
v 3.880335 0.468744 0.931118
v 3.861262 0.469148 0.906955
v 3.840830 0.455299 0.889078
v 3.824376 0.430804 0.881643
v 3.816333 0.401693 0.886387
v 3.818726 0.375558 0.902429
v 3.830917 0.359457 0.925964
v 3.849918 0.357988 0.950799
v 3.870742 0.371864 0.969988
v 3.887616 0.397410 0.978020
v 3.979953 0.399783 0.864432
v 3.969467 0.428830 0.858134
v 3.946474 0.447796 0.847887
v 3.917520 0.451483 0.836652
v 3.890790 0.439452 0.827615
v 3.873050 0.415800 0.822900
v 3.868000 0.386412 0.823210
v 3.877176 0.357846 0.828705
v 3.899135 0.337834 0.838444
v 3.928208 0.332628 0.849861
v 3.956132 0.344005 0.859651
v 3.975075 0.368684 0.864998
v 4.066973 0.479776 -0.472011
v 4.053257 0.506549 -0.464698
v 4.028010 0.523239 -0.461039
v 3.997892 0.526097 -0.461943
v 3.970240 0.514439 -0.467148
v 3.952200 0.490751 -0.475310
v 3.949036 0.461032 -0.484323
v 3.961968 0.433464 -0.491794
v 3.987525 0.415698 -0.495661
v 4.018763 0.412589 -0.494817
v 4.047190 0.425081 -0.489461
v 4.064894 0.449815 -0.481082
v 4.075127 0.569365 -0.626979
v 4.060676 0.589099 -0.608130
v 4.035093 0.601653 -0.597615
v 4.005054 0.604148 -0.597632
v 3.977744 0.595955 -0.608169
v 3.960261 0.578826 -0.627003
v 3.957814 0.557114 -0.649366
v 3.971482 0.536749 -0.669061
v 3.997630 0.523402 -0.680530
v 4.029064 0.520793 -0.680558
v 4.057108 0.529664 -0.669115
v 4.073983 0.547536 -0.649390
v 4.088844 0.743106 -0.723984
v 4.074453 0.755228 -0.699459
v 4.048214 0.763256 -0.684887
v 4.017120 0.764910 -0.684309
v 3.989711 0.759755 -0.697838
v 3.973229 0.749336 -0.721650
v 3.971778 0.736431 -0.749521
v 3.985884 0.724318 -0.774303
v 4.012166 0.716235 -0.789242
v 4.043557 0.714504 -0.789953
v 4.071259 0.719631 -0.776202
v 4.087729 0.730117 -0.751998
v 4.095450 1.191588 -0.898167
v 4.081429 1.208278 -0.875456
v 4.055042 1.218621 -0.861677
v 4.023575 1.219735 -0.860644
v 3.995676 1.211312 -0.872638
v 3.979048 1.195693 -0.894347
v 3.978208 1.177286 -0.919665
v 3.992980 1.161216 -0.941560
v 4.018824 1.151616 -0.954414
v 4.048950 1.150586 -0.955383
v 4.076128 1.158342 -0.944256
v 4.093344 1.173256 -0.923427
v 4.096251 1.310525 -1.044612
v 4.082233 1.335022 -1.031151
v 4.055892 1.350010 -1.022797
v 4.024420 1.351210 -1.021915
v 3.996572 1.338276 -1.028756
v 3.980002 1.314923 -1.041375
v 3.978995 1.287710 -1.056289
v 3.993468 1.263960 -1.069543
v 4.019391 1.249731 -1.077684
v 4.050007 1.248551 -1.078547
v 4.077398 1.260754 -1.071892
v 4.094369 1.283341 -1.059501
v 4.094016 1.352805 -1.169467
v 4.079903 1.380049 -1.163735
v 4.053598 1.396677 -1.160080
v 4.022258 1.398030 -1.159517
v 3.994498 1.383730 -1.162205
v 3.977886 1.357781 -1.167406
v 3.976798 1.327342 -1.173706
v 3.991308 1.300610 -1.179424
v 4.017385 1.284576 -1.183027
v 4.048104 1.283319 -1.183548
v 4.075458 1.297116 -1.180869
v 4.092294 1.322457 -1.175727
v 4.131196 1.438081 -2.087418
v 4.107751 1.483011 -2.083682
v 4.064889 1.510266 -2.081420
v 4.014074 1.512513 -2.081235
v 3.968949 1.489140 -2.083174
v 3.941606 1.446442 -2.086722
v 3.939329 1.395855 -2.090933
v 3.962737 1.350881 -2.094687
v 4.005620 1.323573 -2.096970
v 4.056494 1.321316 -2.097161
v 4.101656 1.344734 -2.095204
v 4.128978 1.387485 -2.091635
v 3.494981 1.253002 0.192966
v 3.504888 1.275473 0.201158
v 3.504902 1.230610 0.184545
v 3.528839 1.221412 0.180828
v 3.528819 1.284858 0.204323
v 3.562677 1.253267 0.192184
v 3.552757 1.275660 0.200606
v 3.552770 1.230797 0.183992
v 3.500635 1.207868 0.317744
v 3.508623 1.225986 0.324349
v 3.508634 1.189813 0.310954
v 3.527935 1.182397 0.307957
v 3.527919 1.233553 0.326901
v 3.555219 1.208082 0.317113
v 3.547220 1.226137 0.323903
v 3.547231 1.189964 0.310508
v 3.528498 1.243137 2.064032
v 3.382607 1.214118 2.064032
v 3.258925 1.131477 2.064032
v 3.176284 1.007795 2.064032
v 3.147264 0.861903 2.064032
v 3.176284 0.716011 2.064032
v 3.258925 0.592330 2.064032
v 3.382606 0.509689 2.064032
v 3.528498 0.480669 2.064032
v 3.674390 0.509689 2.064032
v 3.798072 0.592330 2.064032
v 3.880713 0.716011 2.064032
v 3.909733 0.861903 2.064032
v 3.880713 1.007795 2.064032
v 3.798072 1.131477 2.064032
v 3.674390 1.214118 2.064032
v 3.528498 1.305106 -1.635178
v 3.358892 1.271369 -1.635178
v 3.215107 1.175295 -1.635178
v 3.119033 1.031510 -1.635178
v 3.085296 0.861903 -1.635178
v 3.119033 0.692297 -1.635178
v 3.215107 0.548512 -1.635178
v 3.358892 0.452438 -1.635178
v 3.528498 0.418701 -1.635178
v 3.698105 0.452438 -1.635178
v 3.841890 0.548512 -1.635178
v 3.937964 0.692297 -1.635178
v 3.971701 0.861903 -1.635178
v 3.937964 1.031510 -1.635178
v 3.841890 1.175295 -1.635178
v 3.698105 1.271369 -1.635178
v 3.528498 1.305106 1.664533
v 3.358892 1.271369 1.664533
v 3.698105 1.271369 1.664533
v 3.528498 0.418701 1.664533
v 3.698105 0.452438 1.664533
v 3.215107 1.175295 1.664533
v 3.841890 0.548512 1.664533
v 3.119033 1.031509 1.664533
v 3.937964 0.692297 1.664533
v 3.085296 0.861903 1.664533
v 3.971701 0.861903 1.664533
v 3.119033 0.692297 1.664533
v 3.937964 1.031510 1.664533
v 3.215107 0.548512 1.664533
v 3.841890 1.175295 1.664533
v 3.358892 0.452438 1.664533
v 3.528498 1.305106 1.128466
v 3.698105 1.271369 1.128466
v 3.528498 0.418701 1.128466
v 3.358892 1.271369 1.128466
v 3.698105 0.452438 1.128466
v 3.215107 1.175295 1.128466
v 3.841890 0.548512 1.128466
v 3.119033 1.031510 1.128466
v 3.937964 0.692297 1.128466
v 3.085296 0.861903 1.128466
v 3.971701 0.861903 1.128466
v 3.119033 0.692297 1.128466
v 3.937964 1.031510 1.128466
v 3.215107 0.548512 1.128466
v 3.841890 1.175295 1.128466
v 3.358892 0.452438 1.128466
v 3.528498 1.305106 0.355442
v 3.698105 1.271369 0.355442
v 3.528498 0.418701 0.355442
v 3.358892 1.271369 0.355442
v 3.698105 0.452438 0.355442
v 3.215107 1.175295 0.355442
v 3.841890 0.548512 0.355442
v 3.119033 1.031509 0.355442
v 3.937964 0.692297 0.355442
v 3.085296 0.861903 0.355442
v 3.971701 0.861903 0.355442
v 3.119033 0.692297 0.355442
v 3.937964 1.031510 0.355442
v 3.215107 0.548512 0.355442
v 3.841890 1.175295 0.355442
v 3.358892 0.452438 0.355442
v 3.528498 1.305106 -0.944116
v 3.698105 1.271369 -0.888191
v 3.528498 0.418701 -0.645041
v 3.358892 1.271369 -0.888191
v 3.698105 0.452438 -0.645041
v 3.215107 1.175295 -0.742301
v 3.841890 0.548512 -0.645041
v 3.119033 1.031510 -0.540486
v 3.937964 0.692297 -0.645041
v 3.085296 0.861903 -0.645041
v 3.971701 0.861903 -0.645041
v 3.119033 0.692297 -0.645041
v 3.937964 1.031510 -0.540486
v 3.215107 0.548512 -0.645041
v 3.841890 1.175295 -0.742301
v 3.358892 0.452438 -0.645041
v 3.363868 1.313596 2.036497
v 3.529073 1.346458 2.036497
v 3.188494 1.203260 2.053640
v 3.078158 1.027886 2.036497
v 3.045297 0.862682 2.036497
v 3.078158 0.697477 2.036497
v 3.188494 0.522103 2.053640
v 3.363868 0.411767 2.036497
v 3.529073 0.378906 2.036497
v 3.694277 0.411767 2.036497
v 3.869651 0.522103 2.053640
v 3.979988 0.697477 2.036497
v 4.012849 0.862682 2.036497
v 3.979988 1.027886 2.036497
v 3.869651 1.203260 2.053640
v 3.694277 1.313596 2.036497
v 3.363868 1.313596 1.692069
v 3.694277 0.411767 1.692069
v 3.204607 1.185795 1.664533
v 3.852390 0.538012 1.664533
v 3.078158 1.027886 1.692069
v 3.979988 0.697477 1.692069
v 3.070447 0.861903 1.664533
v 4.012849 0.862682 1.692069
v 3.078158 0.697477 1.692069
v 3.979988 1.027886 1.692069
v 3.188494 0.522103 1.674925
v 3.869651 1.203260 1.674925
v 3.363868 0.411767 1.692069
v 3.529073 1.346458 1.692069
v 3.694277 1.313596 1.692069
v 3.528498 0.403852 1.664533
v 3.319002 1.287059 2.053640
v 3.528498 1.319955 2.064032
v 3.070447 0.861903 2.064032
v 3.104695 1.072752 2.053640
v 3.104695 0.652611 2.053640
v 3.528498 0.403852 2.064032
v 3.319002 0.438304 2.053640
v 3.739143 0.438304 2.053640
v 3.986550 0.861903 2.064032
v 3.953450 0.652611 2.053640
v 3.953450 1.072752 2.053640
v 3.739143 1.287059 2.053640
v 3.319002 1.287059 1.674925
v 3.739143 0.438304 1.674925
v 3.104695 1.072752 1.674925
v 3.953450 0.652611 1.674925
v 3.104695 0.652611 1.674925
v 3.953450 1.072752 1.674925
v 3.319002 0.438304 1.674925
v 3.739143 1.287059 1.674925
v 3.529073 0.378906 1.692069
v 3.986550 0.861903 1.664533
v 3.045297 0.862682 1.692069
v 3.528498 1.319955 1.664533
v 3.105314 1.037192 2.064032
v 3.204607 1.185795 2.064032
v 3.353210 1.285088 2.064032
v 3.204607 0.538012 2.064032
v 3.105314 0.686615 2.064032
v 3.353210 0.438719 2.064032
v 3.852390 0.538012 2.064032
v 3.703787 0.438719 2.064032
v 3.951683 0.686615 2.064032
v 3.852390 1.185795 2.064032
v 3.951683 1.037192 2.064032
v 3.703787 1.285088 2.064032
v 3.353210 1.285088 1.664533
v 3.703787 0.438719 1.664533
v 3.105314 1.037192 1.664533
v 3.951683 0.686615 1.664533
v 3.105314 0.686615 1.664533
v 3.951683 1.037192 1.664533
v 3.353210 0.438719 1.664533
v 3.703787 1.285088 1.664533
v 3.852390 1.185795 1.664533
v 3.204607 0.538012 1.664533
v 3.869651 0.522103 1.674925
v 3.188494 1.203260 1.674925
v 3.528498 1.243137 1.750714
v 3.382607 1.214118 1.750714
v 3.258925 1.131477 1.750714
v 3.176284 1.007795 1.750714
v 3.147264 0.861903 1.750714
v 3.176284 0.716011 1.750714
v 3.258925 0.592330 1.750714
v 3.382606 0.509689 1.750714
v 3.528498 0.480669 1.750714
v 3.674390 0.509689 1.750714
v 3.798072 0.592330 1.750714
v 3.880713 0.716011 1.750714
v 3.909733 0.861903 1.750714
v 3.880713 1.007795 1.750714
v 3.798072 1.131477 1.750714
v 3.674390 1.214118 1.750714
v 3.839392 1.069636 2.064032
v 3.889927 1.103402 1.664533
v 3.889927 1.103402 1.128466
v 3.889927 1.103402 0.355442
v 3.902036 1.111493 2.064032
v 3.902036 1.111493 1.664533
v 3.911551 1.138006 2.053640
v 3.911551 1.138006 1.674925
v 3.839392 1.069636 1.750714
v 3.217605 1.069636 2.064032
v 3.167070 1.103402 1.664533
v 3.167070 1.103402 1.128466
v 3.154961 1.111493 2.064032
v 3.167070 1.103402 0.355442
v 3.154961 1.111493 1.664533
v 3.146595 1.138006 2.053640
v 3.146595 1.138006 1.674925
v 3.217604 1.069636 1.750714
v 3.358892 1.271369 0.446541
v 3.698105 0.452438 0.446540
v 3.215107 1.175295 0.446541
v 3.841890 0.548512 0.446540
v 3.119033 1.031509 0.446541
v 3.937964 0.692297 0.446540
v 3.085296 0.861903 0.446540
v 3.971701 0.861903 0.446540
v 3.119033 0.692297 0.446540
v 3.937964 1.031510 0.446541
v 3.215107 0.548512 0.446540
v 3.841890 1.175295 0.446541
v 3.358892 0.452438 0.446540
v 3.528498 1.305106 0.446540
v 3.698105 1.271369 0.446541
v 3.528498 0.418701 0.446540
v 3.889927 1.103402 0.446541
v 3.167070 1.103402 0.446541
v 3.395445 1.285042 0.463954
v 3.395445 1.285042 1.063136
v 3.688100 0.476591 0.446540
v 3.688100 0.476591 1.128466
v 3.218832 1.152587 0.464440
v 3.233593 1.156809 1.128466
v 3.823404 0.566998 0.446541
v 3.823404 0.566998 1.128466
v 3.141438 1.036758 0.464440
v 3.143186 1.021505 1.128466
v 3.913811 0.702302 0.446540
v 3.913811 0.702302 1.128466
v 3.111439 0.861903 0.446540
v 3.111439 0.861903 1.128466
v 3.945558 0.861903 0.446540
v 3.945558 0.861903 1.128466
v 3.143186 0.702302 0.446540
v 3.143186 0.702302 1.128466
v 3.915559 1.036758 0.464440
v 3.913811 1.021505 1.128466
v 3.233593 0.566998 0.446541
v 3.233593 0.566998 1.128466
v 3.838165 1.152587 0.464440
v 3.823404 1.156809 1.128466
v 3.368897 0.476591 0.446540
v 3.368897 0.476591 1.128466
v 3.528498 0.444844 1.128466
v 3.661551 1.285042 1.063136
v 3.868190 1.088878 1.128466
v 3.188807 1.088878 1.128466
v 3.528498 1.311508 1.063136
v 3.528498 1.278963 0.446540
v 3.661551 1.285042 0.463954
v 3.528498 0.444844 0.446540
v 3.868190 1.088878 0.446540
v 3.180492 1.094434 0.464440
v 3.395445 1.285042 0.763545
v 3.688100 0.476591 0.787503
v 3.218832 1.152587 0.769604
v 3.823404 0.566998 0.787503
v 3.141438 1.036758 0.769604
v 3.913811 0.702302 0.787504
v 3.111439 0.861903 0.787503
v 3.945558 0.861903 0.787504
v 3.143186 0.702302 0.787503
v 3.915559 1.036758 0.769604
v 3.233593 0.566998 0.787503
v 3.838165 1.152587 0.769604
v 3.368897 0.476591 0.787503
v 3.528498 1.311508 0.763545
v 3.661551 1.285042 0.763545
v 3.528498 0.444844 0.787503
v 3.868190 1.088878 0.787503
v 3.188807 1.088878 0.787503
v 3.368897 1.247216 0.787503
v 3.368897 1.247216 1.128466
v 3.688100 1.247216 1.128466
v 3.528498 1.278963 1.128466
v 3.717515 1.260261 0.761199
v 3.717515 1.260261 0.458972
v 3.528498 1.311508 0.463953
v 3.368897 1.247216 0.446540
v 3.188807 1.088878 0.446540
v 3.143186 1.021505 0.446541
v 3.876504 1.094434 0.464440
v 3.824199 1.188977 0.458971
v 3.233593 1.156809 0.446540
v 3.913811 1.021505 0.446541
v 3.233593 1.156809 0.787503
v 3.143186 1.021505 0.787503
v 3.913811 1.021505 0.787503
v 3.824199 1.188977 0.761199
v 3.876504 1.094434 0.769604
v 3.180492 1.094433 0.769604
v 3.996418 0.945284 1.692069
v 3.996418 0.945284 2.036497
v 3.969116 0.949548 1.664533
v 3.969116 0.949548 2.064032
v 3.954833 0.946706 1.664533
v 3.895223 0.934849 2.064032
v 3.954833 0.946706 -0.592763
v 3.954833 0.946706 0.355442
v 3.954833 0.946706 1.128466
v 3.895223 0.934849 1.750714
v 3.954833 0.946706 0.446541
v 3.929684 0.941704 1.128466
v 3.929684 0.941704 0.446540
v 3.929684 0.941704 0.787503
v 3.954833 0.946706 -1.635178
v 3.368897 1.247216 0.957985
v 3.688100 0.476591 0.957985
v 3.233593 1.156809 0.957985
v 3.823404 0.566998 0.957985
v 3.143186 1.021505 0.957985
v 3.913811 0.702302 0.957985
v 3.111439 0.861903 0.957985
v 3.945558 0.861903 0.957985
v 3.143186 0.702302 0.957985
v 3.233593 0.566998 0.957985
v 3.368897 0.476591 0.957985
v 3.528498 1.311508 0.913340
v 3.688100 1.247216 0.957985
v 3.528498 0.444844 0.957985
v 3.188807 1.088878 0.957985
v 3.395445 1.285042 0.913340
v 3.661551 1.285042 0.913340
v 3.929684 0.941704 0.957985
v 3.755752 1.202012 0.957985
v 3.921748 0.981605 0.957985
v 3.528498 1.311508 0.838443
v 3.688100 1.247216 0.872744
v 3.528498 0.444844 0.872744
v 3.188807 1.088878 0.872744
v 3.661551 1.285042 0.838442
v 3.929684 0.941704 0.872744
v 3.368897 1.247216 0.872744
v 3.688100 0.476591 0.872744
v 3.233593 1.156809 0.872744
v 3.823404 0.566998 0.872744
v 3.143186 1.021505 0.872744
v 3.913811 0.702302 0.872744
v 3.111439 0.861903 0.872744
v 3.945558 0.861903 0.872744
v 3.143186 0.702302 0.872744
v 3.233593 0.566998 0.872744
v 3.368897 0.476591 0.872744
v 3.395445 1.285042 0.838443
v 3.789578 1.179410 0.872744
v 3.918167 0.999605 0.881075
v 3.720283 1.225712 1.047367
v 3.925909 0.960685 1.047367
v 3.929672 1.028131 1.114918
v 3.835595 1.168926 1.114918
v 3.712129 1.251789 1.114918
v 3.882479 1.098426 1.114918
v 3.944019 0.957472 1.114918
v 3.882470 1.098420 0.801052
v 3.927491 1.035627 0.801056
v 3.840066 1.165462 0.801054
v 3.936884 0.993106 0.962627
v 3.771231 1.212287 0.965969
v 3.804932 1.189755 0.881026
v 3.735771 1.236002 1.055351
v 3.941092 0.972196 1.052009
v 3.933291 1.010985 0.886204
v 3.835593 1.168923 1.128466
v 3.697648 1.261505 1.128466
v 3.882479 1.098426 1.128466
v 3.946540 0.945057 1.128466
v 3.929668 1.028131 1.128466
v 3.928694 1.030098 0.787503
v 3.882479 1.098426 0.787503
v 3.836591 1.167830 0.787503
v 3.799126 1.193700 0.872744
v 3.729831 1.240001 1.047367
v 3.765300 1.216302 0.957985
v 3.942764 0.964038 1.047367
v 3.938603 0.984957 0.957985
v 3.935023 1.002958 0.881076
v 3.917823 1.023178 1.089838
v 3.826495 1.159866 1.089837
v 3.871696 1.091187 0.822433
v 3.914130 1.040095 0.826012
v 3.836912 1.152688 0.826032
v 3.921301 1.005594 0.971191
v 3.775064 1.194267 0.980725
v 3.871800 1.091290 1.089845
v 3.925497 0.984745 1.060573
v 3.739625 1.217971 1.070106
v 3.731793 1.223191 1.089830
v 3.926850 0.977898 1.089832
v 3.808683 1.171785 0.895907
v 3.917641 1.023800 0.893013
v 3.826494 1.159865 1.114910
v 3.704969 1.241127 1.114901
v 3.871800 1.091290 1.114918
v 3.931434 0.954910 1.114902
v 3.917823 1.023177 1.114910
v 3.916454 1.029061 0.800865
v 3.871805 1.091266 0.800845
v 3.830130 1.157325 0.800926
v 3.797711 1.179134 0.881030
v 3.728609 1.225342 1.055334
v 3.764048 1.201641 0.965956
v 3.928509 0.969628 1.051995
v 3.924313 0.990473 0.962628
v 3.920740 1.008265 0.886228
v 3.919956 1.033627 1.041807
v 3.919318 1.033195 1.080130
v 3.835546 1.159112 1.041810
v 3.834900 1.158693 1.080120
v 3.878846 1.097147 0.975014
v 3.881058 1.098631 0.842491
v 3.914313 1.049196 0.842453
v 3.919803 1.036260 0.975004
v 3.845361 1.151706 0.842326
v 3.837936 1.157964 0.975024
v 3.877740 1.096385 1.041808
v 3.923452 1.016278 0.973068
v 3.788285 1.191326 0.981676
v 3.877105 1.095950 1.080124
v 3.927240 0.997457 1.053734
v 3.756303 1.212719 1.062339
v 3.749235 1.217430 1.080139
v 3.928461 0.991280 1.080140
v 3.818631 1.171034 0.905130
v 3.919754 1.034399 0.895618
v 3.688100 1.247216 0.787503
v 3.688100 1.247216 0.446540
v 3.823404 1.156809 0.446540
v 3.823404 1.156809 0.787503
v 3.533740 1.213518 -1.635177
v 3.399582 1.186832 -1.635178
v 3.285848 1.110837 -1.635178
v 3.209854 0.997104 -1.635178
v 3.183168 0.862946 -1.635178
v 3.209854 0.728788 -1.635178
v 3.285848 0.615054 -1.635178
v 3.399582 0.539060 -1.635178
v 3.533740 0.512374 -1.635178
v 3.667898 0.539060 -1.635178
v 3.781631 0.615054 -1.635178
v 3.857626 0.728788 -1.635178
v 3.884312 0.862946 -1.635178
v 3.857626 0.997104 -1.635178
v 3.781631 1.110838 -1.635178
v 3.667898 1.186832 -1.635178
v 3.870969 0.930025 -1.635178
v 3.399582 1.186832 -1.530962
v 3.533740 1.213518 -1.530963
v 3.285848 1.110837 -1.530962
v 3.209854 0.997104 -1.530962
v 3.183168 0.862946 -1.530963
v 3.209854 0.728788 -1.530962
v 3.285848 0.615054 -1.530962
v 3.399582 0.539060 -1.530962
v 3.533740 0.512374 -1.530963
v 3.667898 0.539060 -1.530962
v 3.781632 0.615054 -1.530962
v 3.857626 0.728788 -1.530962
v 3.884312 0.862946 -1.530963
v 3.870969 0.930025 -1.530963
v 3.781632 1.110838 -1.530962
v 3.857626 0.997104 -1.530962
v 3.667898 1.186832 -1.530962
v 3.528498 1.261811 0.283894
v 3.673130 1.233042 0.283894
v 3.383867 1.233042 0.283894
v 3.261255 1.151115 0.283894
v 3.179328 1.028502 0.283894
v 3.877669 1.028502 0.283894
v 3.795742 1.151115 0.283894
v 3.528498 1.239479 -0.824300
v 3.673130 1.210710 -0.776611
v 3.383867 1.210710 -0.776611
v 3.261255 1.128783 -0.652203
v 3.179328 1.028503 -0.480106
v 3.877669 1.028502 -0.480106
v 3.795742 1.128783 -0.652203
v 3.836705 1.089809 0.283894
v 3.220291 1.089809 0.283894
v 3.528498 0.711150 0.283894
v 3.673130 0.711150 0.283894
v 3.383867 0.711150 0.283894
v 3.261255 0.711150 0.283894
v 3.179328 0.711150 0.283894
v 3.877669 0.711150 0.283894
v 3.795742 0.711150 0.283894
v 3.528498 0.711150 -0.824300
v 3.673130 0.711150 -0.776611
v 3.383867 0.711150 -0.776611
v 3.261255 0.711150 -0.652203
v 3.179328 0.711150 -0.480106
v 3.877669 0.711150 -0.480106
v 3.795742 0.711150 -0.652203
v 3.836705 0.711150 0.283894
v 3.220291 0.711150 0.283894
v 3.312453 0.670355 -0.015820
v 3.743922 0.670355 -0.015820
v 3.350716 0.689373 -0.597238
v 3.705348 0.689373 -0.597238
v 3.258387 1.133819 -0.024475
v 3.798609 1.133819 -0.024475
v 3.313294 1.311256 -0.626849
v 3.743040 1.311256 -0.626948
v 3.331170 0.785828 -0.612419
v 3.725205 0.785828 -0.612419
v 3.787380 0.757818 -0.015820
v 3.269617 0.757818 -0.015820
v 3.331170 0.688122 -0.364665
v 3.725205 0.688122 -0.364665
v 3.269831 1.143645 -0.362206
v 3.787162 1.143645 -0.362231
v 3.292077 0.761755 -0.359732
v 3.764920 0.761755 -0.359732
v 3.527255 0.664300 -0.015820
v 3.527255 0.688122 -0.681489
v 3.527199 1.406278 -0.769485
v 3.527255 0.799475 -0.746385
v 3.527255 0.685621 -0.379466
v 3.725205 1.156017 -0.612419
v 3.787380 1.029024 -0.015820
v 3.331170 1.156017 -0.612419
v 3.269617 1.029024 -0.015820
v 3.292077 1.031017 -0.359732
v 3.764920 1.031017 -0.359732
v 3.527255 1.226881 -0.746385
v 3.331170 0.688122 -0.127501
v 3.269617 1.127594 -0.127501
v 3.292077 0.759450 -0.127501
v 3.725205 0.688122 -0.127501
v 3.787380 1.127594 -0.127501
v 3.764920 0.759450 -0.127501
v 3.527255 0.685621 -0.127501
v 3.292077 1.019047 -0.127501
v 3.764920 1.019047 -0.127501
v 3.237586 0.599286 -0.015820
v 3.818789 0.599286 -0.015820
v 3.247972 0.598497 -0.666434
v 3.807815 0.598479 -0.666772
v 3.191007 1.133819 -0.024475
v 3.865989 1.133819 -0.024475
v 3.240930 1.311256 -0.681514
v 3.815242 1.311256 -0.681978
v 3.218305 0.765932 -0.681070
v 3.837850 0.765927 -0.681477
v 3.877219 0.743604 -0.015820
v 3.179777 0.743604 -0.015820
v 3.218397 0.582944 -0.378150
v 3.837942 0.582939 -0.378237
v 3.180631 1.143645 -0.371341
v 3.876350 1.143645 -0.371457
v 3.157204 0.740766 -0.370049
v 3.899794 0.740765 -0.370151
v 3.527255 0.579017 -0.015820
v 3.526878 0.585733 -0.792783
v 3.526959 1.406278 -0.860352
v 3.526812 0.779208 -0.876643
v 3.527179 0.558750 -0.401898
v 3.836531 1.156017 -0.684162
v 3.877219 1.029024 -0.015820
v 3.219619 1.156017 -0.683726
v 3.179777 1.029024 -0.015820
v 3.157531 1.031017 -0.370761
v 3.899462 1.031017 -0.370870
v 3.526833 1.226881 -0.877311
v 3.218870 0.581519 -0.127501
v 3.179777 1.127594 -0.127501
v 3.157317 0.738129 -0.127501
v 3.837505 0.581519 -0.127501
v 3.877219 1.127594 -0.127501
v 3.899680 0.738129 -0.127501
v 3.527255 0.557697 -0.127501
v 3.157317 1.019047 -0.127501
v 3.899680 1.019047 -0.127501
v 3.328830 0.685901 -0.055746
v 3.651652 0.665057 -0.015820
v 3.721804 0.688336 -0.501358
v 3.416853 0.688336 -0.651548
v 3.267694 1.135007 -0.056868
v 3.781321 1.218474 -0.498641
v 3.404106 1.380260 -0.727893
v 3.334518 0.704249 -0.609921
v 3.727434 1.266524 -0.614235
v 3.789303 1.107742 -0.017303
v 3.274972 0.690370 -0.015820
v 3.331170 0.965528 -0.612419
v 3.721804 0.704249 -0.609921
v 3.781947 0.690370 -0.015820
v 3.269617 0.891125 -0.015820
v 3.289270 0.760240 -0.055746
v 3.759955 0.772502 -0.490890
v 3.414320 0.795738 -0.707438
v 3.334518 0.688336 -0.501358
v 3.725205 0.688122 -0.233789
v 3.275584 1.218474 -0.498570
v 3.787352 1.120420 -0.233484
v 3.296964 0.772502 -0.490890
v 3.764920 0.758419 -0.233172
v 3.759955 0.701078 -0.360348
v 3.296964 0.701078 -0.360348
v 3.289297 1.111192 -0.360041
v 3.767700 1.111192 -0.360044
v 3.414320 0.685934 -0.373916
v 3.403557 0.665057 -0.015820
v 3.638316 0.688336 -0.651548
v 3.651017 1.380260 -0.727961
v 3.640890 0.795738 -0.707438
v 3.640890 0.685934 -0.373916
v 3.527255 0.685621 -0.235639
v 3.527255 0.705793 -0.738273
v 3.527248 1.354585 -0.749272
v 3.527255 0.685934 -0.546392
v 3.725205 0.965528 -0.612419
v 3.787380 0.891125 -0.015820
v 3.328935 1.266524 -0.614222
v 3.267694 1.107742 -0.017303
v 3.292077 0.892730 -0.359732
v 3.764920 0.892730 -0.359732
v 3.527255 1.006799 -0.746385
v 3.414320 1.207478 -0.707438
v 3.759955 1.086822 -0.490890
v 3.289270 1.025457 -0.055746
v 3.296964 1.086822 -0.490890
v 3.764920 1.013696 -0.233172
v 3.640890 1.207478 -0.707438
v 3.331170 0.688122 -0.233789
v 3.269644 1.120420 -0.233482
v 3.292077 0.758419 -0.233172
v 3.727545 0.685901 -0.055746
v 3.789303 1.135007 -0.056868
v 3.767727 0.760240 -0.055746
v 3.527255 0.682956 -0.055746
v 3.292077 1.013696 -0.233172
v 3.767727 1.025458 -0.055746
v 3.764920 0.885759 -0.127501
v 3.292077 0.885759 -0.127501
v 3.414320 0.685934 -0.127501
v 3.640890 0.685934 -0.127501
v 3.289270 1.096317 -0.127501
v 3.296964 0.700790 -0.127501
v 3.759955 0.700790 -0.127501
v 3.767727 1.096317 -0.127501
v 3.221210 0.583739 -0.055746
v 3.694700 0.581551 -0.015820
v 3.833358 0.587483 -0.542693
v 3.352276 0.588501 -0.746356
v 3.181701 1.135007 -0.056868
v 3.867409 1.218474 -0.527432
v 3.362653 1.380260 -0.807423
v 3.222785 0.645608 -0.679261
v 3.832575 1.266524 -0.688519
v 3.875296 1.107742 -0.017303
v 3.187003 0.647728 -0.015820
v 3.218810 0.963041 -0.681104
v 3.833307 0.645593 -0.679659
v 3.869915 0.647728 -0.015820
v 3.179777 0.889349 -0.015820
v 3.160125 0.739808 -0.055746
v 3.892222 0.752144 -0.524268
v 3.349117 0.775694 -0.817122
v 3.222836 0.587498 -0.542447
v 3.837560 0.581696 -0.235485
v 3.189448 1.218474 -0.527099
v 3.877111 1.120420 -0.234638
v 3.164671 0.752148 -0.523976
v 3.899694 0.737140 -0.234475
v 3.892233 0.638078 -0.371241
v 3.164683 0.638082 -0.371140
v 3.160738 1.111192 -0.371979
v 3.896247 1.111192 -0.372101
v 3.349380 0.561951 -0.392997
v 3.360509 0.581551 -0.015820
v 3.702341 0.588487 -0.746591
v 3.692107 1.380260 -0.807741
v 3.705457 0.775691 -0.817402
v 3.705721 0.561947 -0.393047
v 3.527246 0.557828 -0.238443
v 3.526817 0.644860 -0.867462
v 3.526875 1.354585 -0.877494
v 3.527028 0.563704 -0.613581
v 3.837344 0.963041 -0.681512
v 3.877219 0.889349 -0.015820
v 3.223571 1.266524 -0.688032
v 3.181701 1.107742 -0.017303
v 3.157330 0.890107 -0.370100
v 3.899667 0.890106 -0.370202
v 3.526817 1.004266 -0.876076
v 3.350033 1.207478 -0.818710
v 3.891270 1.086822 -0.526311
v 3.160125 1.025457 -0.055746
v 3.165612 1.086822 -0.525998
v 3.899652 1.013696 -0.234565
v 3.704564 1.207478 -0.819010
v 3.218811 0.581697 -0.235474
v 3.179884 1.120420 -0.234623
v 3.157303 0.737140 -0.234462
v 3.835166 0.583739 -0.055746
v 3.875296 1.135007 -0.056868
v 3.896872 0.739808 -0.055746
v 3.527255 0.560362 -0.055746
v 3.157344 1.013696 -0.234551
v 3.896872 1.025458 -0.055746
v 3.899680 0.883094 -0.127501
v 3.157317 0.883094 -0.127501
v 3.349747 0.560674 -0.127501
v 3.705462 0.560674 -0.127501
v 3.160125 1.096317 -0.127501
v 3.165011 0.636828 -0.127501
v 3.891908 0.636828 -0.127501
v 3.896872 1.096317 -0.127501
v 3.275020 0.634820 -0.002837
v 3.781355 0.634820 -0.002837
v 3.224697 1.138482 -0.018785
v 3.832299 1.138482 -0.018785
v 3.277434 1.323920 -0.655327
v 3.778817 1.323920 -0.655620
v 3.832299 0.750934 -0.002837
v 3.224697 0.750934 -0.002837
v 3.225311 1.152833 -0.367060
v 3.831675 1.152833 -0.367133
v 3.527255 0.621659 -0.002837
v 3.527086 1.420913 -0.815494
v 3.832299 1.030184 -0.002837
v 3.224697 1.030184 -0.002837
v 3.224697 1.136449 -0.127501
v 3.832299 1.136449 -0.127501
v 3.640246 0.686235 -0.529429
v 3.642156 1.330473 -0.710003
v 3.770431 1.104051 -0.056026
v 3.294291 1.180539 -0.491850
v 3.301669 0.702462 -0.491811
v 3.762704 0.699612 -0.055746
v 3.640246 0.705367 -0.700648
v 3.755175 0.702462 -0.491811
v 3.296964 0.700661 -0.233249
v 3.289273 1.089667 -0.233211
v 3.762626 1.180539 -0.491859
v 3.640890 0.685934 -0.234945
v 3.414320 0.685934 -0.234945
v 3.414953 0.705367 -0.700648
v 3.413043 1.330473 -0.709994
v 3.414953 0.686235 -0.529429
v 3.414320 0.995499 -0.707438
v 3.759955 0.925230 -0.490890
v 3.292077 0.882643 -0.233172
v 3.296964 0.925230 -0.490890
v 3.767727 0.889437 -0.055746
v 3.640890 0.995499 -0.707438
v 3.764920 0.882643 -0.233172
v 3.289270 0.889437 -0.055746
v 3.412974 0.683324 -0.055746
v 3.642235 0.683324 -0.055746
v 3.286566 1.104051 -0.056026
v 3.294215 0.699612 -0.055746
v 3.759955 0.700661 -0.233249
v 3.767724 1.089667 -0.233211
v 3.705173 0.567161 -0.586813
v 3.702133 1.330473 -0.821072
v 3.894168 1.104051 -0.056026
v 3.169513 1.180539 -0.529428
v 3.171479 0.641608 -0.526057
v 3.889159 0.638315 -0.055746
v 3.705022 0.645369 -0.809926
v 3.885329 0.641598 -0.526346
v 3.164970 0.636820 -0.234598
v 3.160202 1.089667 -0.234703
v 3.887351 1.180539 -0.529778
v 3.705495 0.560834 -0.237337
v 3.349701 0.560834 -0.237330
v 3.349546 0.645379 -0.809649
v 3.352513 1.330473 -0.820737
v 3.349698 0.567171 -0.586665
v 3.349467 0.992993 -0.816793
v 3.891857 0.922686 -0.524392
v 3.157319 0.879983 -0.234468
v 3.165034 0.922686 -0.524099
v 3.896872 0.886883 -0.055746
v 3.705112 0.992993 -0.817073
v 3.899678 0.879983 -0.234481
v 3.160125 0.886883 -0.055746
v 3.351092 0.563284 -0.055746
v 3.704117 0.563284 -0.055746
v 3.162828 1.104051 -0.056026
v 3.167760 0.638315 -0.055746
v 3.891948 0.636819 -0.234611
v 3.896794 1.089667 -0.234718
v 3.673176 0.623304 -0.002837
v 3.224697 1.143739 -0.056307
v 3.824131 1.229214 -0.513869
v 3.383605 1.394355 -0.768517
v 3.832299 1.109515 -0.004841
v 3.230988 0.669077 -0.002837
v 3.825931 0.669077 -0.002837
v 3.224697 0.890912 -0.002837
v 3.232746 1.229213 -0.513658
v 3.832221 1.129126 -0.234097
v 3.382033 0.623304 -0.002837
v 3.671344 1.394355 -0.768719
v 3.832299 0.890912 -0.002837
v 3.224697 1.109515 -0.004841
v 3.224774 1.129125 -0.234088
v 3.832299 1.143739 -0.056307
v 3.338075 1.249141 0.203911
v 3.341266 1.245122 0.214928
v 3.349921 1.242219 0.222885
v 3.361587 1.241213 0.225644
v 3.373062 1.242332 0.222574
v 3.381335 1.245235 0.214617
v 3.384335 1.249141 0.203911
v 3.381335 1.253046 0.193204
v 3.373062 1.255949 0.185247
v 3.361587 1.257069 0.182177
v 3.349921 1.256062 0.184936
v 3.341266 1.253159 0.192894
v 3.344563 1.295442 0.220800
v 3.347646 1.290647 0.231534
v 3.356006 1.285640 0.238724
v 3.367274 1.281797 0.240448
v 3.378358 1.280126 0.236361
v 3.386349 1.281017 0.227670
v 3.389247 1.284194 0.216697
v 3.386349 1.288829 0.206256
v 3.378358 1.293743 0.199033
v 3.367274 1.297652 0.196981
v 3.356006 1.299483 0.200775
v 3.347646 1.298684 0.209500
v 3.363587 1.338587 0.236539
v 3.366350 1.333070 0.247009
v 3.373846 1.326101 0.253483
v 3.383949 1.319615 0.254244
v 3.393886 1.315345 0.249208
v 3.401051 1.314361 0.239833
v 3.403649 1.316858 0.228612
v 3.401051 1.322173 0.218419
v 3.393886 1.328961 0.211880
v 3.383949 1.335471 0.210776
v 3.373846 1.339944 0.215535
v 3.366350 1.341107 0.224975
v 3.393848 1.375637 0.250054
v 3.396105 1.369499 0.260298
v 3.402225 1.360847 0.266157
v 3.410474 1.352090 0.266090
v 3.418588 1.345588 0.260239
v 3.424438 1.342995 0.250278
v 3.426559 1.344907 0.238844
v 3.424438 1.350806 0.228864
v 3.418588 1.359204 0.222912
v 3.410474 1.367946 0.222623
v 3.402225 1.374689 0.228209
v 3.396105 1.377536 0.238264
v 3.433286 1.404067 0.260424
v 3.434882 1.397452 0.270494
v 3.439210 1.387507 0.275883
v 3.445043 1.377010 0.275180
v 3.450780 1.368794 0.268705
v 3.454916 1.364965 0.258293
v 3.456417 1.366430 0.246695
v 3.454916 1.372777 0.236879
v 3.450780 1.382410 0.231377
v 3.445043 1.392865 0.231713
v 3.439210 1.401350 0.237934
v 3.434882 1.405489 0.248460
v 3.479213 1.421938 0.266943
v 3.480039 1.415024 0.276904
v 3.482279 1.404267 0.281996
v 3.485298 1.392674 0.280894
v 3.488268 1.383382 0.274026
v 3.490410 1.378777 0.263331
v 3.491186 1.379960 0.251631
v 3.490410 1.386588 0.241917
v 3.488268 1.396998 0.236699
v 3.485298 1.408530 0.237427
v 3.482279 1.418110 0.244048
v 3.480039 1.423061 0.254870
v 3.528498 1.428034 0.269167
v 3.528498 1.421017 0.279090
v 3.528498 1.409984 0.284082
v 3.528498 1.398017 0.282843
v 3.528498 1.388357 0.275841
v 3.528498 1.383488 0.265049
v 3.528498 1.384575 0.253314
v 3.528498 1.391299 0.243635
v 3.528498 1.401974 0.238514
v 3.528498 1.413873 0.239376
v 3.528498 1.423826 0.246133
v 3.528498 1.429055 0.257056
v 3.528498 1.070247 0.138654
v 3.528498 1.069227 0.150765
v 3.528498 1.074455 0.161688
v 3.528498 1.084408 0.168445
v 3.528498 1.096308 0.169308
v 3.528498 1.111628 0.165695
v 3.528498 1.119319 0.144609
v 3.528498 1.109924 0.131980
v 3.528498 1.100264 0.124978
v 3.528498 1.088298 0.123740
v 3.528498 1.077264 0.128731
v 3.479213 1.076343 0.140878
v 3.480039 1.075220 0.152951
v 3.482279 1.080171 0.163773
v 3.485299 1.089751 0.170394
v 3.488268 1.101283 0.171123
v 3.499234 1.115248 0.167013
v 3.491186 1.118321 0.156191
v 3.499234 1.122938 0.145931
v 3.488268 1.114900 0.133795
v 3.485299 1.105607 0.126927
v 3.482279 1.094014 0.125825
v 3.480039 1.083258 0.130917
v 3.433286 1.094215 0.147397
v 3.434882 1.092792 0.159361
v 3.439210 1.096931 0.169887
v 3.445043 1.105416 0.176108
v 3.450780 1.115871 0.176444
v 3.454916 1.125505 0.170942
v 3.456417 1.131851 0.161126
v 3.454916 1.133316 0.149529
v 3.450780 1.129488 0.139116
v 3.445043 1.121272 0.132641
v 3.439210 1.110774 0.131938
v 3.434882 1.100830 0.137327
v 3.393849 1.122644 0.157767
v 3.396105 1.120745 0.169558
v 3.402225 1.123592 0.179612
v 3.410474 1.130335 0.185198
v 3.418588 1.139077 0.184909
v 3.424438 1.147475 0.178957
v 3.426559 1.153374 0.168977
v 3.424438 1.155287 0.157543
v 3.418588 1.152694 0.147581
v 3.410474 1.146191 0.141731
v 3.402225 1.137435 0.141664
v 3.396105 1.128783 0.147524
v 3.363587 1.159694 0.171282
v 3.366350 1.157174 0.182846
v 3.373846 1.158337 0.192287
v 3.383949 1.162810 0.197045
v 3.393886 1.169320 0.195941
v 3.401051 1.176109 0.189402
v 3.403649 1.181424 0.179209
v 3.401051 1.183920 0.167988
v 3.393886 1.182936 0.158613
v 3.383949 1.178666 0.153577
v 3.373846 1.172180 0.154338
v 3.366350 1.165212 0.160812
v 3.344563 1.202840 0.187021
v 3.347646 1.199597 0.198321
v 3.356006 1.198799 0.207046
v 3.367274 1.200629 0.210840
v 3.378358 1.204538 0.208788
v 3.386349 1.209453 0.201565
v 3.389247 1.214088 0.191124
v 3.386349 1.217264 0.180151
v 3.378358 1.218155 0.171460
v 3.367274 1.216485 0.167373
v 3.356006 1.212641 0.169098
v 3.347646 1.207634 0.176287
v 3.495554 1.246514 0.211111
v 3.495554 1.251767 0.196710
v 3.505203 1.268399 0.219094
v 3.505203 1.273652 0.204694
v 3.528498 1.277464 0.222401
v 3.528498 1.282717 0.208000
v 3.528498 1.215564 0.199821
v 3.528498 1.220817 0.185421
v 3.505203 1.224629 0.203128
v 3.505203 1.229882 0.188727
v 3.485688 1.249141 0.203911
v 3.498227 1.277579 0.214284
v 3.528498 1.289359 0.218582
v 3.498227 1.220702 0.193537
v 3.485688 1.246514 0.211111
v 3.498227 1.274953 0.221485
v 3.485688 1.251767 0.196710
v 3.498227 1.280206 0.207084
v 3.528498 1.286732 0.225782
v 3.528498 1.291985 0.211381
v 3.528498 1.206296 0.196440
v 3.528498 1.208963 0.180990
v 3.507226 1.211919 0.198597
v 3.507226 1.217240 0.184010
v 3.528498 1.134563 0.173143
v 3.514204 1.139304 0.174864
v 3.528498 1.141664 0.153677
v 3.514204 1.146400 0.155413
v 3.509750 1.141621 0.164690
v 3.528498 1.180012 0.187904
v 3.511693 1.187811 0.190757
v 3.511693 1.193746 0.174486
v 3.506419 1.199005 0.185623
v 3.528498 1.191044 0.173718
v 3.450938 1.297219 0.221448
v 3.449639 1.294657 0.230659
v 3.436018 1.263766 0.219391
v 3.437468 1.266667 0.210304
v 3.436018 1.270298 0.201483
v 3.449639 1.301189 0.212752
v 3.452088 1.288936 0.228400
v 3.492240 1.272653 0.220819
v 3.483144 1.252022 0.213293
v 3.442099 1.266279 0.220135
v 3.442099 1.272700 0.202532
v 3.483144 1.257386 0.198588
v 3.492240 1.278017 0.206113
v 3.452088 1.295357 0.210797
v 3.392429 1.291231 0.207305
v 3.433475 1.275917 0.203360
v 3.443653 1.299000 0.211781
v 3.403501 1.316341 0.216465
v 3.403501 1.308640 0.237574
v 3.443653 1.292357 0.229992
v 3.433475 1.269274 0.221572
v 3.392429 1.283530 0.228414
v 3.528498 1.136813 0.151709
v 3.511184 1.137790 0.151882
v 3.511184 1.130443 0.172023
v 3.528498 1.129584 0.171526
v 3.512079 1.195607 0.193272
v 3.512079 1.201331 0.177581
v 3.528498 1.185942 0.171647
v 3.528498 1.185249 0.189605
v 3.506349 1.195531 0.193356
v 3.498227 1.218076 0.200737
v 3.528498 1.203641 0.195578
v 3.528498 1.211549 0.182040
v 3.498227 1.223328 0.186337
v 3.506349 1.201326 0.177468
v 3.528498 1.193709 0.174800
v 3.528498 1.187985 0.190493
v 3.528498 1.106982 0.164186
v 3.490410 1.111693 0.165904
v 3.528498 1.114793 0.142772
v 3.490410 1.119504 0.144490
v 3.509435 1.135903 0.173831
v 3.509435 1.143132 0.154014
v 3.528498 1.132055 0.149777
v 3.528498 1.124700 0.169940
v 3.718922 1.249141 0.203911
v 3.715731 1.245122 0.214928
v 3.707076 1.242219 0.222885
v 3.695410 1.241213 0.225644
v 3.683935 1.242333 0.222574
v 3.675662 1.245235 0.214617
v 3.672662 1.249141 0.203911
v 3.675662 1.253046 0.193204
v 3.683935 1.255949 0.185247
v 3.695410 1.257069 0.182177
v 3.707076 1.256062 0.184936
v 3.715731 1.253159 0.192894
v 3.712434 1.295442 0.220800
v 3.709351 1.290647 0.231534
v 3.700991 1.285640 0.238724
v 3.689723 1.281797 0.240448
v 3.678639 1.280126 0.236361
v 3.670648 1.281017 0.227670
v 3.667749 1.284194 0.216697
v 3.670648 1.288829 0.206256
v 3.678639 1.293743 0.199033
v 3.689723 1.297652 0.196981
v 3.700991 1.299483 0.200775
v 3.709351 1.298684 0.209500
v 3.693410 1.338587 0.236539
v 3.690646 1.333070 0.247009
v 3.683151 1.326101 0.253483
v 3.673048 1.319615 0.254244
v 3.663110 1.315345 0.249208
v 3.655946 1.314361 0.239833
v 3.653347 1.316858 0.228612
v 3.655946 1.322173 0.218419
v 3.663110 1.328961 0.211880
v 3.673048 1.335471 0.210776
v 3.683151 1.339944 0.215535
v 3.690646 1.341107 0.224975
v 3.663148 1.375637 0.250054
v 3.660892 1.369499 0.260298
v 3.654772 1.360847 0.266157
v 3.646523 1.352090 0.266090
v 3.638409 1.345588 0.260239
v 3.632559 1.342995 0.250278
v 3.630437 1.344907 0.238844
v 3.632559 1.350806 0.228864
v 3.638409 1.359204 0.222912
v 3.646523 1.367946 0.222623
v 3.654772 1.374689 0.228209
v 3.660892 1.377536 0.238264
v 3.623710 1.404067 0.260424
v 3.622115 1.397452 0.270494
v 3.617787 1.387507 0.275883
v 3.611954 1.377010 0.275180
v 3.606217 1.368794 0.268705
v 3.602080 1.364965 0.258293
v 3.600580 1.366430 0.246695
v 3.602080 1.372777 0.236879
v 3.606217 1.382410 0.231377
v 3.611954 1.392865 0.231713
v 3.617787 1.401350 0.237934
v 3.622115 1.405489 0.248460
v 3.577784 1.421938 0.266943
v 3.576958 1.415024 0.276904
v 3.574718 1.404267 0.281996
v 3.571698 1.392674 0.280894
v 3.568728 1.383382 0.274026
v 3.566587 1.378777 0.263331
v 3.565811 1.379960 0.251631
v 3.566587 1.386588 0.241917
v 3.568728 1.396998 0.236699
v 3.571698 1.408530 0.237427
v 3.574718 1.418110 0.244048
v 3.576958 1.423061 0.254870
v 3.577784 1.076343 0.140878
v 3.576957 1.075220 0.152951
v 3.574718 1.080171 0.163773
v 3.571698 1.089751 0.170394
v 3.568728 1.101283 0.171123
v 3.557763 1.115248 0.167013
v 3.565811 1.118321 0.156191
v 3.557763 1.122938 0.145931
v 3.568728 1.114900 0.133795
v 3.571698 1.105607 0.126927
v 3.574718 1.094014 0.125825
v 3.576958 1.083258 0.130917
v 3.623710 1.094215 0.147397
v 3.622115 1.092792 0.159361
v 3.617787 1.096931 0.169887
v 3.611954 1.105416 0.176108
v 3.606217 1.115871 0.176444
v 3.602080 1.125505 0.170942
v 3.600580 1.131851 0.161126
v 3.602080 1.133316 0.149529
v 3.606217 1.129488 0.139116
v 3.611954 1.121272 0.132641
v 3.617787 1.110774 0.131938
v 3.622115 1.100830 0.137327
v 3.663148 1.122644 0.157767
v 3.660892 1.120745 0.169558
v 3.654772 1.123592 0.179612
v 3.646523 1.130335 0.185198
v 3.638409 1.139077 0.184909
v 3.632559 1.147475 0.178957
v 3.630437 1.153374 0.168977
v 3.632559 1.155287 0.157543
v 3.638409 1.152694 0.147581
v 3.646523 1.146191 0.141731
v 3.654772 1.137435 0.141664
v 3.660892 1.128783 0.147524
v 3.693410 1.159694 0.171282
v 3.690646 1.157174 0.182846
v 3.683151 1.158337 0.192287
v 3.673048 1.162810 0.197045
v 3.663110 1.169320 0.195941
v 3.655946 1.176109 0.189402
v 3.653347 1.181424 0.179209
v 3.655946 1.183920 0.167988
v 3.663110 1.182936 0.158613
v 3.673048 1.178666 0.153577
v 3.683151 1.172180 0.154338
v 3.690646 1.165212 0.160812
v 3.712434 1.202840 0.187021
v 3.709351 1.199597 0.198321
v 3.700991 1.198799 0.207046
v 3.689723 1.200629 0.210840
v 3.678639 1.204539 0.208788
v 3.670648 1.209453 0.201565
v 3.667749 1.214088 0.191124
v 3.670648 1.217264 0.180151
v 3.678639 1.218155 0.171460
v 3.689723 1.216485 0.167373
v 3.700991 1.212641 0.169098
v 3.709351 1.207634 0.176287
v 3.561443 1.246514 0.211111
v 3.561443 1.251767 0.196710
v 3.551794 1.268399 0.219094
v 3.551794 1.273652 0.204694
v 3.551794 1.224629 0.203128
v 3.551794 1.229882 0.188727
v 3.571309 1.249141 0.203911
v 3.558770 1.277579 0.214284
v 3.558770 1.220702 0.193537
v 3.571309 1.246514 0.211111
v 3.558770 1.274953 0.221485
v 3.571309 1.251767 0.196710
v 3.558770 1.280206 0.207084
v 3.549771 1.211919 0.198597
v 3.549771 1.217240 0.184010
v 3.542793 1.139304 0.174864
v 3.542793 1.146400 0.155413
v 3.547246 1.141621 0.164690
v 3.545304 1.187811 0.190757
v 3.545304 1.193746 0.174486
v 3.550577 1.199005 0.185623
v 3.606059 1.297219 0.221448
v 3.607358 1.294657 0.230659
v 3.620978 1.263766 0.219391
v 3.619529 1.266667 0.210304
v 3.620978 1.270298 0.201483
v 3.607358 1.301189 0.212752
v 3.604908 1.288936 0.228400
v 3.564756 1.272653 0.220819
v 3.573853 1.252022 0.213293
v 3.614898 1.266279 0.220135
v 3.614898 1.272700 0.202532
v 3.573853 1.257386 0.198588
v 3.564756 1.278017 0.206113
v 3.604908 1.295357 0.210797
v 3.664568 1.291231 0.207305
v 3.623522 1.275917 0.203360
v 3.613344 1.299000 0.211781
v 3.653496 1.316341 0.216465
v 3.653496 1.308640 0.237574
v 3.613344 1.292357 0.229992
v 3.623522 1.269274 0.221572
v 3.664568 1.283530 0.228414
v 3.545813 1.137790 0.151882
v 3.545813 1.130443 0.172023
v 3.544918 1.195607 0.193272
v 3.544918 1.201331 0.177581
v 3.550648 1.195531 0.193356
v 3.558770 1.218076 0.200737
v 3.558770 1.223328 0.186337
v 3.550648 1.201326 0.177468
v 3.566587 1.111693 0.165904
v 3.566587 1.119504 0.144490
v 3.547561 1.135903 0.173831
v 3.547561 1.143132 0.154014
v 3.693170 1.078321 0.277421
v 3.693170 1.086925 0.261079
v 3.732490 1.094608 0.277421
v 3.726406 1.100692 0.261079
v 3.748777 1.133928 0.277421
v 3.740173 1.133928 0.261079
v 3.732490 1.173249 0.277421
v 3.726406 1.167164 0.261079
v 3.693170 1.189536 0.277421
v 3.693170 1.180931 0.261079
v 3.653850 1.173248 0.277421
v 3.659934 1.167164 0.261079
v 3.637563 1.133928 0.277421
v 3.646167 1.133928 0.261079
v 3.653850 1.094608 0.277421
v 3.659934 1.100692 0.261079
v 3.719383 1.107715 0.261079
v 3.693170 1.096857 0.261079
v 3.666957 1.107715 0.261079
v 3.656099 1.133928 0.261079
v 3.666957 1.160141 0.261079
v 3.693170 1.170999 0.261079
v 3.719383 1.160141 0.261079
v 3.730241 1.133928 0.261079
v 3.719383 1.107715 0.268460
v 3.693170 1.096857 0.268460
v 3.730241 1.133928 0.268460
v 3.666957 1.107715 0.268460
v 3.656099 1.133928 0.268460
v 3.666957 1.160141 0.268460
v 3.693170 1.170999 0.268460
v 3.719383 1.160141 0.268460
v 3.693170 1.133928 0.268460
v 3.344204 1.078321 0.277421
v 3.344204 1.086925 0.261079
v 3.383525 1.094608 0.277421
v 3.377441 1.100692 0.261079
v 3.399812 1.133928 0.277421
v 3.391208 1.133928 0.261079
v 3.383525 1.173248 0.277421
v 3.377441 1.167164 0.261079
v 3.344204 1.189535 0.277421
v 3.344204 1.180931 0.261079
v 3.304884 1.173248 0.277421
v 3.310968 1.167164 0.261079
v 3.288597 1.133928 0.277421
v 3.297201 1.133928 0.261079
v 3.304884 1.094608 0.277421
v 3.310968 1.100692 0.261079
v 3.370418 1.107715 0.261079
v 3.344204 1.096857 0.261079
v 3.317991 1.107715 0.261079
v 3.307133 1.133928 0.261079
v 3.317991 1.160141 0.261079
v 3.344204 1.170999 0.261079
v 3.370418 1.160141 0.261079
v 3.381276 1.133928 0.261079
v 3.370418 1.107715 0.268460
v 3.344204 1.096857 0.268460
v 3.381276 1.133928 0.268460
v 3.317991 1.107715 0.268460
v 3.307133 1.133928 0.268460
v 3.317991 1.160141 0.268460
v 3.344204 1.170999 0.268460
v 3.370418 1.160141 0.268460
v 3.344204 1.133928 0.268460
v 3.528498 1.305106 0.356376
v 3.528498 1.305106 0.447353
v 3.698105 1.271369 0.356376
v 3.698105 1.271369 0.447353
v 3.841890 1.175295 0.356376
v 3.889927 1.103402 0.356376
v 3.841890 1.175295 0.447353
v 3.889927 1.103402 0.447353
v 3.937964 1.031510 0.356376
v 3.954833 0.946707 0.447353
v 3.937964 1.040880 -0.543174
v 3.954460 0.948578 -0.636851
v 3.861383 1.136035 -0.843021
v 3.841890 1.175295 -0.742301
v 3.698105 1.271369 -0.993356
v 3.698105 1.271369 -0.888191
v 3.528498 1.305106 -1.039823
v 3.528498 1.305106 -0.944116
v 3.528498 1.336309 0.447353
v 3.528498 1.336309 0.356376
v 3.710279 1.300762 0.356376
v 3.710279 1.300762 0.447353
v 3.864386 1.197791 0.356376
v 3.917344 1.119266 0.356376
v 3.864386 1.197791 0.447353
v 3.917344 1.119266 0.447353
v 3.968316 1.040880 -0.543174
v 3.984507 0.948578 -0.636851
v 3.985153 0.956050 0.447353
v 3.884945 1.156610 -0.845334
v 3.867948 1.193343 -0.742301
v 3.709156 1.301202 -0.993356
v 3.711481 1.300235 -0.888191
v 3.528498 1.336309 -1.039823
v 3.528498 1.336309 -0.944116
v 3.967873 1.041886 0.356376
v 3.528498 1.336309 0.428782
v 3.528498 1.336309 0.374947
v 3.710279 1.300762 0.375122
v 3.710279 1.300762 0.428607
v 3.864386 1.197791 0.375661
v 3.864386 1.197791 0.428069
v 3.917344 1.119266 0.376606
v 3.917344 1.119266 0.427123
v 3.980019 0.974168 -0.610881
v 3.972805 1.015291 -0.569144
v 3.871551 1.185556 -0.764141
v 3.879874 1.167569 -0.814595
v 3.710819 1.300510 -0.918119
v 3.709832 1.300921 -0.962772
v 3.528498 1.336309 -0.970095
v 3.528498 1.336309 -1.012982
v 3.972276 1.020014 0.379558
v 3.980750 0.977922 0.424171
v 3.969455 0.970826 -0.609460
v 3.962183 1.012108 -0.567899
v 3.961806 1.016423 0.377967
v 3.970130 0.974722 0.422999
v 3.907767 1.113703 0.375133
v 3.907767 1.113704 0.425648
v 3.705452 1.290818 -0.916695
v 3.705621 1.290648 -0.961892
v 3.528498 1.325397 -1.013045
v 3.528498 1.325397 -0.970159
v 3.862690 1.179046 -0.761631
v 3.870996 1.161082 -0.812083
v 3.856546 1.189908 0.375661
v 3.856546 1.189908 0.428069
v 3.706043 1.290483 0.375122
v 3.706043 1.290483 0.428607
v 3.528498 1.325398 0.374947
v 3.528498 1.325398 0.428782
v 3.358892 1.271369 0.356376
v 3.358892 1.271369 0.447353
v 3.215107 1.175295 0.356376
v 3.167070 1.103402 0.356376
v 3.215107 1.175295 0.447353
v 3.167070 1.103402 0.447353
v 3.119033 1.031510 0.356376
v 3.102164 0.946707 0.447353
v 3.119033 1.040880 -0.543174
v 3.102537 0.948578 -0.636851
v 3.195613 1.136035 -0.843021
v 3.215107 1.175295 -0.742301
v 3.358892 1.271369 -0.993356
v 3.358892 1.271369 -0.888191
v 3.346717 1.300762 0.356376
v 3.346717 1.300762 0.447353
v 3.192611 1.197791 0.356376
v 3.139652 1.119266 0.356376
v 3.192611 1.197791 0.447353
v 3.139652 1.119266 0.447353
v 3.088681 1.040880 -0.543174
v 3.072490 0.948578 -0.636851
v 3.071844 0.956050 0.447353
v 3.172052 1.156610 -0.845334
v 3.189049 1.193343 -0.742301
v 3.347841 1.301202 -0.993356
v 3.345516 1.300235 -0.888191
v 3.089123 1.041886 0.356376
v 3.346717 1.300762 0.375122
v 3.346717 1.300762 0.428607
v 3.192611 1.197791 0.375661
v 3.192611 1.197791 0.428069
v 3.139652 1.119266 0.376606
v 3.139652 1.119266 0.427123
v 3.076978 0.974168 -0.610881
v 3.084192 1.015291 -0.569144
v 3.185446 1.185556 -0.764141
v 3.177123 1.167569 -0.814595
v 3.346178 1.300510 -0.918119
v 3.347165 1.300921 -0.962772
v 3.084721 1.020014 0.379558
v 3.076247 0.977922 0.424171
v 3.087542 0.970826 -0.609460
v 3.094813 1.012108 -0.567899
v 3.095191 1.016423 0.377967
v 3.086867 0.974723 0.422999
v 3.149230 1.113703 0.375133
v 3.149230 1.113704 0.425648
v 3.351545 1.290818 -0.916695
v 3.351376 1.290648 -0.961892
v 3.194307 1.179045 -0.761631
v 3.186001 1.161082 -0.812083
v 3.200451 1.189908 0.375661
v 3.200451 1.189908 0.428069
v 3.350954 1.290483 0.375122
v 3.350954 1.290482 0.428607
v 3.234947 2.246608 -1.759907
v 3.234947 2.010073 -1.699628
v 3.234947 2.142155 -2.169782
v 3.234947 1.905620 -2.109504
v 3.234947 2.128340 -1.729768
v 3.234947 2.057726 -2.006859
v 3.245557 2.246608 -1.759907
v 3.245557 2.010073 -1.699628
v 3.245557 2.142155 -2.169782
v 3.245557 1.905620 -2.109504
v 3.245557 2.128340 -1.729768
v 3.245557 2.057726 -2.006859
v 3.240989 1.084608 -1.484287
v 3.240989 2.270928 -1.795798
v 3.261870 1.087670 -1.472626
v 3.261870 2.273989 -1.784138
v 3.261870 1.093793 -1.449306
v 3.261870 2.280113 -1.760818
v 3.240989 1.096855 -1.437646
v 3.240989 2.283175 -1.749158
v 3.220109 1.093793 -1.449306
v 3.220109 2.280113 -1.760818
v 3.220109 1.087670 -1.472626
v 3.220109 2.273989 -1.784138
v 3.762478 0.630622 1.387103
v 3.762478 0.625597 1.361839
v 3.762478 0.625597 1.412366
v 4.283763 0.497714 1.387103
v 4.283763 0.492689 1.361839
v 4.283763 0.492689 1.412366
v 4.283763 0.478378 1.433784
v 4.283763 0.456960 1.448095
v 3.762478 0.611286 1.433784
v 3.762478 0.589869 1.448095
v 3.762478 0.564605 1.453120
v 3.762478 0.539341 1.448095
v 4.283763 0.431697 1.453120
v 4.283763 0.406433 1.448095
v 4.283763 0.385015 1.433784
v 4.283763 0.370705 1.412366
v 3.762478 0.517924 1.433784
v 3.762478 0.503613 1.412366
v 3.762478 0.498588 1.387103
v 3.762478 0.503613 1.361839
v 4.283763 0.365679 1.387103
v 4.283763 0.370705 1.361839
v 4.283763 0.385015 1.340421
v 4.283763 0.406433 1.326111
v 3.762478 0.517924 1.340421
v 3.762478 0.539341 1.326111
v 3.762478 0.564605 1.321085
v 3.762478 0.589869 1.326111
v 4.283763 0.431697 1.321085
v 4.283763 0.456960 1.326111
v 4.283763 0.478378 1.340421
v 3.762478 0.611286 1.340421
v 3.294518 0.630622 1.387103
v 3.294519 0.625597 1.361839
v 3.294518 0.625597 1.412366
v 2.773233 0.497714 1.387103
v 2.773233 0.492689 1.361839
v 2.773233 0.492689 1.412367
v 2.773233 0.478378 1.433784
v 2.773233 0.456960 1.448095
v 3.294518 0.611286 1.433784
v 3.294518 0.589869 1.448095
v 3.294518 0.564605 1.453120
v 3.294519 0.539341 1.448095
v 2.773233 0.431697 1.453120
v 2.773233 0.406433 1.448095
v 2.773233 0.385015 1.433784
v 2.773233 0.370705 1.412367
v 3.294519 0.517924 1.433784
v 3.294519 0.503613 1.412366
v 3.294519 0.498588 1.387103
v 3.294518 0.503613 1.361839
v 2.773233 0.365679 1.387103
v 2.773233 0.370705 1.361839
v 2.773233 0.385015 1.340421
v 2.773233 0.406433 1.326111
v 3.294518 0.517924 1.340421
v 3.294518 0.539341 1.326111
v 3.294519 0.564605 1.321085
v 3.294519 0.589869 1.326111
v 2.773233 0.431697 1.321085
v 2.773233 0.456960 1.326111
v 2.773233 0.478378 1.340421
v 3.294519 0.611286 1.340421
v 4.218454 0.432556 -1.305874
v 4.218454 0.452232 -1.081838
v 4.218454 0.452232 -1.529909
v 4.218454 0.479063 -1.305874
v 4.105839 0.432556 -1.305874
v 4.105839 0.452232 -1.081838
v 4.105839 0.452232 -1.529909
v 4.105839 0.479063 -1.305874
v 4.105839 0.498739 -1.081838
v 4.105839 0.498739 -1.529909
v 4.218454 0.498739 -1.529909
v 4.105839 0.518293 -1.677548
v 4.105839 0.471786 -1.677548
v 4.218454 0.518293 -1.677548
v 4.218454 0.471786 -1.677548
v 4.218454 0.498739 -1.081838
v 4.105839 0.518293 -0.934199
v 4.105839 0.471786 -0.934199
v 4.218454 0.518293 -0.934199
v 4.218454 0.471786 -0.934199
v 2.838542 0.432556 -1.305874
v 2.838542 0.452232 -1.081838
v 2.838542 0.452232 -1.529910
v 2.838542 0.479063 -1.305874
v 2.951157 0.432556 -1.305874
v 2.951158 0.452232 -1.081838
v 2.951157 0.452232 -1.529909
v 2.951157 0.479063 -1.305874
v 2.951158 0.498739 -1.081838
v 2.951157 0.498739 -1.529909
v 2.838542 0.498739 -1.529910
v 2.951157 0.518293 -1.677548
v 2.951157 0.471786 -1.677548
v 2.838542 0.518293 -1.677548
v 2.838542 0.471786 -1.677548
v 2.838542 0.498739 -1.081838
v 2.951158 0.518293 -0.934199
v 2.951158 0.471786 -0.934199
v 2.838542 0.518293 -0.934199
v 2.838542 0.471786 -0.934199
v 4.165060 0.463550 -1.175598
v 4.178220 0.468054 -1.172832
v 4.039625 0.830089 -1.175598
v 4.151899 0.459047 -1.172832
v 4.140742 0.455229 -1.164952
v 4.026465 0.825585 -1.172832
v 4.015308 0.821767 -1.164952
v 4.018307 0.822793 -1.193648
v 4.000235 0.816609 -1.180884
v 4.039625 0.830089 -1.198129
v 3.895779 1.180841 -1.193648
v 3.877706 1.174657 -1.180884
v 3.917097 1.188137 -1.198129
v 3.938415 1.195432 -1.193648
v 3.956487 1.201617 -1.180884
v 4.060943 0.837384 -1.193648
v 4.079016 0.843569 -1.180884
v 4.052785 0.834592 -1.172832
v 4.063942 0.838410 -1.164952
v 4.189376 0.471872 -1.164952
v 4.071397 0.840961 -1.153161
v 4.196831 0.474423 -1.153161
v 4.074015 0.841857 -1.139251
v 4.091092 0.847701 -1.161783
v 4.095332 0.849152 -1.139251
v 3.968563 1.205749 -1.161783
v 3.972803 1.207200 -1.139251
v 3.968563 1.205749 -1.116719
v 3.956487 1.201617 -1.097618
v 4.091092 0.847701 -1.116719
v 4.079016 0.843569 -1.097618
v 4.071397 0.840961 -1.125341
v 4.196831 0.474423 -1.125341
v 4.063942 0.838410 -1.113549
v 4.189376 0.471872 -1.113549
v 4.052785 0.834592 -1.105670
v 4.178220 0.468054 -1.105670
v 4.039625 0.830089 -1.102904
v 4.060943 0.837384 -1.084855
v 4.039625 0.830089 -1.080373
v 3.938415 1.195432 -1.084855
v 3.917097 1.188137 -1.080373
v 3.895779 1.180841 -1.084855
v 3.877706 1.174657 -1.097618
v 4.018307 0.822793 -1.084855
v 4.000235 0.816609 -1.097618
v 4.026465 0.825585 -1.105670
v 4.151899 0.459047 -1.105670
v 4.015308 0.821767 -1.113549
v 4.140743 0.455229 -1.113549
v 4.007854 0.819216 -1.125341
v 4.133288 0.452678 -1.125341
v 4.005236 0.818320 -1.139251
v 3.988159 0.812476 -1.116719
v 3.983919 0.811025 -1.139251
v 3.865630 1.170524 -1.116719
v 3.861390 1.169073 -1.139251
v 3.865630 1.170524 -1.161783
v 3.988159 0.812476 -1.161783
v 4.007854 0.819216 -1.153161
v 4.133288 0.452678 -1.153161
v 4.130670 0.451782 -1.139251
v 4.165060 0.463550 -1.102904
v 4.199449 0.475319 -1.139251
v 2.891937 0.463550 -1.175598
v 2.878777 0.468054 -1.172832
v 3.017371 0.830089 -1.175598
v 2.905097 0.459047 -1.172832
v 2.916254 0.455229 -1.164952
v 3.030531 0.825585 -1.172832
v 3.041688 0.821767 -1.164952
v 3.038689 0.822793 -1.193648
v 3.056762 0.816609 -1.180884
v 3.017371 0.830089 -1.198129
v 3.161218 1.180841 -1.193648
v 3.179290 1.174657 -1.180884
v 3.139900 1.188137 -1.198129
v 3.118582 1.195432 -1.193648
v 3.100509 1.201617 -1.180884
v 2.996053 0.837384 -1.193648
v 2.977981 0.843569 -1.180884
v 3.004211 0.834592 -1.172832
v 2.993054 0.838410 -1.164952
v 2.867620 0.471872 -1.164952
v 2.985599 0.840961 -1.153161
v 2.860165 0.474423 -1.153161
v 2.982982 0.841857 -1.139251
v 2.965905 0.847701 -1.161783
v 2.961664 0.849152 -1.139251
v 3.088434 1.205749 -1.161783
v 3.084193 1.207200 -1.139251
v 3.088434 1.205749 -1.116719
v 3.100509 1.201617 -1.097618
v 2.965905 0.847701 -1.116719
v 2.977981 0.843569 -1.097618
v 2.985599 0.840961 -1.125341
v 2.860165 0.474423 -1.125341
v 2.993054 0.838410 -1.113550
v 2.867620 0.471872 -1.113550
v 3.004211 0.834592 -1.105670
v 2.878777 0.468054 -1.105670
v 3.017371 0.830089 -1.102904
v 2.996053 0.837384 -1.084855
v 3.017371 0.830089 -1.080373
v 3.118582 1.195432 -1.084855
v 3.139900 1.188137 -1.080373
v 3.161218 1.180841 -1.084855
v 3.179290 1.174657 -1.097618
v 3.038689 0.822793 -1.084855
v 3.056761 0.816609 -1.097618
v 3.030531 0.825585 -1.105670
v 2.905097 0.459047 -1.105670
v 3.041688 0.821767 -1.113550
v 2.916254 0.455229 -1.113550
v 3.049143 0.819216 -1.125341
v 2.923708 0.452678 -1.125341
v 3.051760 0.818320 -1.139251
v 3.068837 0.812476 -1.116719
v 3.073077 0.811025 -1.139251
v 3.191366 1.170524 -1.116719
v 3.195606 1.169073 -1.139251
v 3.191366 1.170524 -1.161783
v 3.068837 0.812476 -1.161783
v 3.049143 0.819216 -1.153161
v 2.923708 0.452678 -1.153161
v 2.926326 0.451782 -1.139251
v 2.891937 0.463550 -1.102904
v 2.857548 0.475319 -1.139251
v 4.165060 0.463550 -1.487922
v 4.178220 0.468054 -1.485155
v 4.039626 0.830089 -1.487922
v 4.151900 0.459047 -1.485155
v 4.140743 0.455229 -1.477276
v 4.026465 0.825585 -1.485155
v 4.015309 0.821767 -1.477276
v 4.018308 0.822793 -1.505971
v 4.000235 0.816609 -1.493208
v 4.039626 0.830089 -1.510453
v 3.895779 1.180841 -1.505971
v 3.877706 1.174657 -1.493208
v 3.917097 1.188137 -1.510453
v 3.938415 1.195432 -1.505971
v 3.956487 1.201617 -1.493208
v 4.060944 0.837384 -1.505971
v 4.079016 0.843569 -1.493208
v 4.052786 0.834592 -1.485155
v 4.063943 0.838410 -1.477276
v 4.189377 0.471872 -1.477276
v 4.071397 0.840961 -1.465484
v 4.196832 0.474423 -1.465484
v 4.074015 0.841857 -1.451574
v 4.091092 0.847701 -1.474106
v 4.095332 0.849152 -1.451574
v 3.968563 1.205749 -1.474106
v 3.972804 1.207200 -1.451574
v 3.968563 1.205749 -1.429043
v 3.956487 1.201617 -1.409941
v 4.091092 0.847701 -1.429043
v 4.079016 0.843569 -1.409941
v 4.071397 0.840961 -1.437665
v 4.196832 0.474423 -1.437665
v 4.063943 0.838410 -1.425873
v 4.189377 0.471872 -1.425873
v 4.052786 0.834592 -1.417994
v 4.178220 0.468054 -1.417994
v 4.039626 0.830089 -1.415227
v 4.060944 0.837384 -1.397178
v 4.039626 0.830089 -1.392696
v 3.938415 1.195432 -1.397178
v 3.917097 1.188137 -1.392696
v 3.895779 1.180841 -1.397178
v 3.877706 1.174657 -1.409941
v 4.018308 0.822793 -1.397178
v 4.000235 0.816609 -1.409941
v 4.026465 0.825585 -1.417994
v 4.151900 0.459047 -1.417994
v 4.015309 0.821767 -1.425873
v 4.140743 0.455229 -1.425873
v 4.007854 0.819216 -1.437665
v 4.133288 0.452678 -1.437665
v 4.005236 0.818320 -1.451574
v 3.988159 0.812476 -1.429043
v 3.983919 0.811025 -1.451574
v 3.865631 1.170524 -1.429043
v 3.861390 1.169073 -1.451574
v 3.865631 1.170524 -1.474106
v 3.988159 0.812476 -1.474106
v 4.007854 0.819216 -1.465484
v 4.133288 0.452678 -1.465484
v 4.130671 0.451782 -1.451574
v 4.165060 0.463550 -1.415227
v 4.199449 0.475319 -1.451574
v 2.891937 0.463550 -1.487922
v 2.878777 0.468054 -1.485155
v 3.017371 0.830089 -1.487922
v 2.905097 0.459047 -1.485155
v 2.916254 0.455229 -1.477276
v 3.030531 0.825585 -1.485155
v 3.041688 0.821767 -1.477276
v 3.038689 0.822793 -1.505971
v 3.056762 0.816609 -1.493208
v 3.017371 0.830089 -1.510453
v 3.161218 1.180841 -1.505971
v 3.179291 1.174657 -1.493208
v 3.139900 1.188137 -1.510453
v 3.118582 1.195432 -1.505971
v 3.100510 1.201617 -1.493208
v 2.996053 0.837384 -1.505971
v 2.977981 0.843569 -1.493208
v 3.004211 0.834592 -1.485155
v 2.993054 0.838410 -1.477276
v 2.867620 0.471872 -1.477276
v 2.985600 0.840961 -1.465484
v 2.860165 0.474423 -1.465484
v 2.982982 0.841857 -1.451574
v 2.965905 0.847701 -1.474106
v 2.961665 0.849152 -1.451574
v 3.088434 1.205749 -1.474106
v 3.084193 1.207200 -1.451574
v 3.088434 1.205749 -1.429043
v 3.100510 1.201617 -1.409941
v 2.965905 0.847701 -1.429043
v 2.977981 0.843569 -1.409941
v 2.985600 0.840961 -1.437665
v 2.860165 0.474423 -1.437665
v 2.993054 0.838410 -1.425873
v 2.867620 0.471872 -1.425873
v 3.004211 0.834592 -1.417994
v 2.878777 0.468054 -1.417994
v 3.017371 0.830089 -1.415227
v 2.996053 0.837384 -1.397178
v 3.017371 0.830089 -1.392696
v 3.118582 1.195432 -1.397178
v 3.139900 1.188137 -1.392696
v 3.161218 1.180841 -1.397178
v 3.179291 1.174657 -1.409941
v 3.038689 0.822793 -1.397178
v 3.056762 0.816609 -1.409941
v 3.030531 0.825585 -1.417994
v 2.905097 0.459047 -1.417994
v 3.041688 0.821767 -1.425873
v 2.916254 0.455229 -1.425873
v 3.049143 0.819216 -1.437665
v 2.923708 0.452678 -1.437665
v 3.051761 0.818320 -1.451574
v 3.068837 0.812476 -1.429043
v 3.073078 0.811025 -1.451574
v 3.191366 1.170524 -1.429043
v 3.195607 1.169073 -1.451574
v 3.191366 1.170524 -1.474106
v 3.068837 0.812476 -1.474106
v 3.049143 0.819216 -1.465484
v 2.923708 0.452678 -1.465484
v 2.926326 0.451782 -1.451574
v 2.891937 0.463550 -1.415227
v 2.857548 0.475319 -1.451574
v 4.268438 0.816858 -1.394373
v 4.268438 0.766677 -1.469473
v 4.268438 0.881134 -1.420997
v 4.225197 0.881134 -1.420997
v 4.268438 0.815873 -1.518668
v 4.225197 0.815873 -1.518668
v 4.268438 0.718201 -1.583931
v 4.225197 0.718201 -1.583931
v 4.268438 0.602990 -1.606847
v 4.268438 0.691577 -1.519654
v 4.268438 0.602990 -1.537275
v 4.268438 0.514403 -1.519654
v 4.268438 0.439303 -1.469473
v 4.268438 0.487779 -1.583931
v 4.225197 0.487779 -1.583931
v 4.268438 0.390107 -1.518668
v 4.225197 0.390107 -1.518668
v 4.268438 0.324845 -1.420997
v 4.225197 0.324845 -1.420997
v 4.268438 0.389122 -1.394373
v 4.225197 0.389122 -1.394373
v 4.225197 0.439303 -1.469473
v 4.225197 0.514403 -1.519654
v 4.225197 0.602990 -1.537275
v 4.225197 0.691577 -1.519654
v 4.225197 0.602990 -1.606847
v 4.225197 0.766677 -1.469473
v 4.225197 0.816858 -1.394373
v 2.788558 0.816858 -1.394373
v 2.788558 0.766677 -1.469473
v 2.788558 0.881135 -1.420997
v 2.831800 0.881134 -1.420997
v 2.788558 0.815873 -1.518668
v 2.831800 0.815873 -1.518668
v 2.788558 0.718201 -1.583931
v 2.831800 0.718201 -1.583931
v 2.788558 0.602990 -1.606847
v 2.788558 0.691577 -1.519654
v 2.788558 0.602990 -1.537275
v 2.788558 0.514403 -1.519654
v 2.788558 0.439303 -1.469473
v 2.788558 0.487779 -1.583931
v 2.831800 0.487779 -1.583931
v 2.788558 0.390107 -1.518668
v 2.831800 0.390107 -1.518668
v 2.788558 0.324845 -1.420997
v 2.831800 0.324845 -1.420997
v 2.788558 0.389122 -1.394373
v 2.831800 0.389122 -1.394373
v 2.831800 0.439303 -1.469473
v 2.831800 0.514403 -1.519654
v 2.831800 0.602990 -1.537275
v 2.831800 0.691577 -1.519654
v 2.831800 0.602990 -1.606847
v 2.831800 0.766677 -1.469473
v 2.831800 0.816858 -1.394373
v 4.263309 0.685091 -1.293091
v 4.263309 0.678841 -1.324510
v 4.263309 0.678841 -1.261672
v 4.263309 0.904051 -1.293091
v 4.251544 0.685091 -1.293091
v 4.251544 0.700589 -1.293091
v 4.251544 0.678841 -1.261672
v 4.251544 0.678841 -1.324510
v 4.251544 0.693160 -1.330441
v 4.251544 0.661044 -1.351145
v 4.251544 0.634409 -1.368942
v 4.263309 0.661044 -1.351145
v 4.251544 0.672003 -1.362104
v 4.242092 0.672003 -1.362104
v 4.251544 0.640339 -1.383261
v 4.242092 0.640339 -1.383261
v 4.251544 0.602990 -1.390690
v 4.242092 0.602990 -1.390690
v 4.251544 0.565640 -1.383261
v 4.251544 0.602990 -1.375192
v 4.251544 0.571571 -1.368942
v 4.263309 0.602990 -1.375192
v 4.263309 0.634409 -1.368942
v 4.263309 0.571571 -1.368942
v 4.263309 0.602990 -1.594152
v 4.263309 0.718201 -1.571235
v 4.263309 0.487779 -1.571235
v 4.251544 0.602990 -1.594152
v 4.251544 0.487779 -1.571235
v 4.251544 0.718201 -1.571235
v 4.251544 0.602990 -1.578654
v 4.242092 0.602990 -1.578654
v 4.251544 0.712270 -1.556917
v 4.251544 0.493710 -1.556917
v 4.242092 0.493710 -1.556917
v 4.251544 0.401066 -1.495015
v 4.242092 0.401066 -1.495015
v 4.251544 0.339164 -1.402371
v 4.251544 0.390107 -1.505973
v 4.251544 0.324845 -1.408302
v 4.263309 0.390107 -1.505973
v 4.263309 0.324845 -1.408302
v 4.263309 0.544936 -1.351145
v 4.263309 0.527138 -1.324510
v 4.251544 0.544936 -1.351145
v 4.251544 0.527138 -1.324510
v 4.251544 0.533977 -1.362104
v 4.242092 0.533977 -1.362104
v 4.251544 0.512820 -1.330441
v 4.242092 0.512820 -1.330441
v 4.251544 0.505391 -1.293091
v 4.242092 0.505391 -1.293091
v 4.251544 0.512820 -1.255741
v 4.251544 0.520889 -1.293091
v 4.251544 0.527138 -1.261672
v 4.263309 0.520889 -1.293091
v 4.263309 0.527138 -1.261672
v 4.263309 0.301928 -1.293091
v 4.263309 0.324845 -1.177880
v 4.251544 0.301928 -1.293091
v 4.251544 0.324845 -1.177880
v 4.251544 0.317426 -1.293091
v 4.242092 0.317426 -1.293091
v 4.251544 0.339164 -1.183811
v 4.242092 0.339164 -1.183811
v 4.251544 0.401066 -1.091167
v 4.242092 0.401066 -1.091167
v 4.251544 0.493710 -1.029265
v 4.251544 0.390107 -1.080208
v 4.251544 0.487779 -1.014946
v 4.263309 0.390107 -1.080208
v 4.263309 0.487779 -1.014946
v 4.263309 0.544936 -1.235037
v 4.263309 0.571571 -1.217239
v 4.251544 0.544936 -1.235037
v 4.251544 0.533977 -1.224078
v 4.251544 0.571571 -1.217239
v 4.251544 0.602990 -1.210990
v 4.251544 0.565640 -1.202921
v 4.242092 0.565640 -1.202921
v 4.251544 0.602990 -1.195492
v 4.242092 0.602990 -1.195492
v 4.251544 0.640339 -1.202921
v 4.251544 0.672003 -1.224078
v 4.242092 0.640339 -1.202921
v 4.251544 0.634409 -1.217239
v 4.251544 0.661044 -1.235037
v 4.263309 0.634409 -1.217239
v 4.263309 0.602990 -1.210990
v 4.263309 0.661044 -1.235037
v 4.263309 0.718201 -1.014946
v 4.263309 0.602990 -0.992030
v 4.263309 0.815872 -1.080208
v 4.251544 0.718201 -1.014946
v 4.251544 0.815872 -1.080208
v 4.251544 0.602990 -0.992030
v 4.251544 0.712270 -1.029265
v 4.242092 0.712270 -1.029265
v 4.251544 0.602990 -1.007528
v 4.251544 0.804914 -1.091167
v 4.242092 0.804914 -1.091167
v 4.251544 0.866816 -1.183811
v 4.251544 0.888553 -1.293091
v 4.242092 0.866816 -1.183811
v 4.251544 0.881134 -1.177880
v 4.251544 0.904051 -1.293091
v 4.263309 0.881134 -1.177880
v 4.251544 0.881134 -1.408302
v 4.251544 0.815873 -1.505973
v 4.251544 0.866816 -1.402371
v 4.263309 0.881134 -1.408302
v 4.263309 0.815873 -1.505973
v 4.242092 0.866816 -1.402371
v 4.251544 0.804914 -1.495015
v 4.242092 0.804914 -1.495015
v 4.242092 0.712270 -1.556917
v 4.242092 0.815873 -1.505973
v 4.242092 0.718201 -1.571235
v 4.242092 0.881134 -1.408302
v 4.230327 0.815873 -1.505973
v 4.230327 0.881134 -1.408302
v 4.230327 0.718201 -1.571235
v 4.230327 0.770924 -1.461025
v 4.230327 0.693875 -1.512507
v 4.230327 0.822406 -1.383976
v 4.232428 0.770924 -1.461025
v 4.232428 0.822406 -1.383976
v 4.232427 0.693875 -1.512507
v 4.232428 0.726564 -1.416665
v 4.232427 0.669868 -1.454548
v 4.232428 0.764447 -1.359968
v 4.230327 0.726564 -1.416665
v 4.230327 0.669868 -1.454548
v 4.230327 0.764447 -1.359968
v 4.230327 0.661044 -1.351145
v 4.230327 0.678841 -1.324510
v 4.230327 0.634409 -1.368942
v 4.242092 0.661044 -1.351145
v 4.242092 0.678841 -1.324510
v 4.242092 0.634409 -1.368942
v 4.242092 0.602990 -1.375192
v 4.242092 0.571571 -1.368942
v 4.230327 0.602990 -1.375192
v 4.230327 0.571571 -1.368942
v 4.230327 0.602990 -1.467851
v 4.230327 0.536112 -1.454548
v 4.232427 0.602990 -1.467851
v 4.232427 0.536112 -1.454548
v 4.232427 0.602990 -1.530586
v 4.232427 0.512105 -1.512507
v 4.230327 0.602990 -1.530586
v 4.230327 0.512105 -1.512507
v 4.230327 0.602990 -1.594152
v 4.230327 0.487779 -1.571235
v 4.242092 0.602990 -1.594152
v 4.242092 0.487779 -1.571235
v 4.242092 0.390107 -1.505973
v 4.242092 0.324845 -1.408302
v 4.230327 0.390107 -1.505973
v 4.230327 0.324845 -1.408302
v 4.230327 0.435056 -1.461025
v 4.230327 0.383574 -1.383976
v 4.232427 0.435056 -1.461025
v 4.232427 0.383574 -1.383976
v 4.232427 0.479416 -1.416665
v 4.232427 0.441533 -1.359968
v 4.230327 0.479416 -1.416665
v 4.230327 0.441533 -1.359968
v 4.230327 0.544936 -1.351145
v 4.230327 0.527138 -1.324510
v 4.242092 0.544936 -1.351145
v 4.242092 0.527138 -1.324510
v 4.242092 0.520889 -1.293091
v 4.242092 0.527138 -1.261672
v 4.230327 0.520889 -1.293091
v 4.230327 0.527138 -1.261672
v 4.230327 0.428230 -1.293091
v 4.230327 0.441533 -1.226213
v 4.232427 0.428230 -1.293091
v 4.232427 0.441533 -1.226213
v 4.232427 0.365495 -1.293091
v 4.232427 0.383574 -1.202206
v 4.230327 0.365495 -1.293091
v 4.230327 0.383574 -1.202206
v 4.230327 0.301928 -1.293091
v 4.230327 0.324845 -1.177880
v 4.242092 0.301928 -1.293091
v 4.242092 0.324845 -1.177880
v 4.242092 0.390107 -1.080208
v 4.242092 0.487779 -1.014946
v 4.230327 0.390107 -1.080208
v 4.230327 0.487779 -1.014946
v 4.230327 0.435056 -1.125157
v 4.230327 0.512105 -1.073675
v 4.232428 0.435056 -1.125157
v 4.232428 0.512105 -1.073675
v 4.232428 0.479416 -1.169517
v 4.232428 0.536112 -1.131634
v 4.230327 0.479416 -1.169517
v 4.230327 0.536112 -1.131634
v 4.230327 0.544936 -1.235037
v 4.230327 0.571571 -1.217239
v 4.242092 0.544936 -1.235037
v 4.242092 0.533977 -1.224078
v 4.242092 0.571571 -1.217239
v 4.242092 0.602990 -1.210990
v 4.242092 0.634409 -1.217239
v 4.230327 0.602990 -1.210990
v 4.230327 0.634409 -1.217239
v 4.230327 0.602990 -1.118331
v 4.230327 0.669868 -1.131634
v 4.232428 0.602990 -1.118331
v 4.232428 0.669868 -1.131634
v 4.232428 0.602990 -1.055596
v 4.232428 0.693875 -1.073675
v 4.230327 0.602990 -1.055596
v 4.230327 0.693875 -1.073675
v 4.230327 0.602990 -0.992030
v 4.230327 0.718201 -1.014946
v 4.242092 0.602990 -0.992030
v 4.242092 0.718201 -1.014946
v 4.242092 0.602990 -1.007528
v 4.242092 0.493710 -1.029265
v 4.242092 0.815872 -1.080208
v 4.242092 0.881134 -1.177880
v 4.230327 0.815872 -1.080208
v 4.230327 0.881134 -1.177880
v 4.230327 0.770924 -1.125157
v 4.230327 0.822406 -1.202206
v 4.232428 0.770924 -1.125157
v 4.232428 0.822406 -1.202206
v 4.232428 0.726564 -1.169517
v 4.232428 0.764447 -1.226213
v 4.230327 0.726564 -1.169517
v 4.230327 0.764447 -1.226213
v 4.230327 0.661044 -1.235037
v 4.230327 0.678841 -1.261672
v 4.242092 0.661044 -1.235037
v 4.242092 0.678841 -1.261672
v 4.242092 0.672003 -1.224078
v 4.242092 0.693160 -1.255741
v 4.242092 0.700589 -1.293091
v 4.251544 0.693160 -1.255741
v 4.242092 0.693160 -1.330441
v 4.242092 0.685091 -1.293091
v 4.230327 0.685091 -1.293091
v 4.230327 0.777750 -1.293091
v 4.232428 0.777750 -1.293091
v 4.232428 0.840484 -1.293091
v 4.230327 0.840484 -1.293091
v 4.230327 0.904051 -1.293091
v 4.242092 0.904051 -1.293091
v 4.242092 0.888553 -1.293091
v 4.242092 0.512820 -1.255741
v 4.242092 0.339164 -1.402371
v 4.242092 0.565640 -1.383261
v 2.793688 0.685091 -1.293091
v 2.793688 0.678841 -1.324510
v 2.793688 0.678841 -1.261672
v 2.793688 0.904051 -1.293091
v 2.805454 0.685091 -1.293091
v 2.805454 0.700589 -1.293091
v 2.805454 0.678841 -1.261672
v 2.805454 0.678841 -1.324510
v 2.805454 0.693160 -1.330441
v 2.805454 0.661044 -1.351145
v 2.805454 0.634409 -1.368942
v 2.793688 0.661044 -1.351145
v 2.805454 0.672003 -1.362104
v 2.814904 0.672003 -1.362104
v 2.805454 0.640339 -1.383261
v 2.814904 0.640339 -1.383261
v 2.805454 0.602990 -1.390690
v 2.814904 0.602990 -1.390690
v 2.805454 0.565640 -1.383261
v 2.805454 0.602990 -1.375192
v 2.805454 0.571571 -1.368942
v 2.793688 0.602990 -1.375192
v 2.793688 0.634409 -1.368942
v 2.793688 0.571571 -1.368942
v 2.793688 0.602990 -1.594152
v 2.793688 0.718201 -1.571235
v 2.793688 0.487779 -1.571235
v 2.805454 0.602990 -1.594152
v 2.805454 0.487779 -1.571235
v 2.805454 0.718201 -1.571235
v 2.805454 0.602990 -1.578655
v 2.814904 0.602990 -1.578655
v 2.805454 0.712270 -1.556917
v 2.805454 0.493710 -1.556917
v 2.814904 0.493710 -1.556917
v 2.805454 0.401066 -1.495015
v 2.814904 0.401066 -1.495015
v 2.805454 0.339164 -1.402371
v 2.805454 0.390107 -1.505973
v 2.805454 0.324845 -1.408302
v 2.793688 0.390107 -1.505973
v 2.793688 0.324845 -1.408302
v 2.793688 0.544936 -1.351145
v 2.793688 0.527138 -1.324510
v 2.805454 0.544936 -1.351145
v 2.805454 0.527138 -1.324510
v 2.805454 0.533977 -1.362104
v 2.814904 0.533977 -1.362104
v 2.805454 0.512820 -1.330441
v 2.814904 0.512820 -1.330441
v 2.805454 0.505391 -1.293091
v 2.814904 0.505391 -1.293091
v 2.805454 0.512820 -1.255741
v 2.805454 0.520889 -1.293091
v 2.805454 0.527138 -1.261672
v 2.793688 0.520889 -1.293091
v 2.793688 0.527138 -1.261672
v 2.793688 0.301928 -1.293091
v 2.793688 0.324845 -1.177880
v 2.805454 0.301928 -1.293091
v 2.805454 0.324845 -1.177880
v 2.805454 0.317427 -1.293091
v 2.814904 0.317427 -1.293091
v 2.805454 0.339164 -1.183811
v 2.814904 0.339164 -1.183811
v 2.805454 0.401066 -1.091167
v 2.814904 0.401066 -1.091167
v 2.805454 0.493710 -1.029265
v 2.805454 0.390107 -1.080208
v 2.805454 0.487779 -1.014946
v 2.793688 0.390107 -1.080208
v 2.793688 0.487779 -1.014946
v 2.793688 0.544936 -1.235037
v 2.793688 0.571571 -1.217239
v 2.805454 0.544936 -1.235037
v 2.805454 0.533977 -1.224078
v 2.805454 0.571571 -1.217239
v 2.805454 0.602990 -1.210990
v 2.805454 0.565640 -1.202921
v 2.814904 0.565640 -1.202921
v 2.805454 0.602990 -1.195492
v 2.814904 0.602990 -1.195492
v 2.805454 0.640339 -1.202921
v 2.805454 0.672003 -1.224078
v 2.814904 0.640339 -1.202921
v 2.805454 0.634409 -1.217239
v 2.805454 0.661044 -1.235037
v 2.793688 0.634409 -1.217239
v 2.793688 0.602990 -1.210990
v 2.793688 0.661044 -1.235037
v 2.793688 0.718201 -1.014946
v 2.793688 0.602990 -0.992030
v 2.793688 0.815872 -1.080208
v 2.805454 0.718201 -1.014946
v 2.805454 0.815872 -1.080208
v 2.805454 0.602990 -0.992030
v 2.805454 0.712270 -1.029265
v 2.814904 0.712270 -1.029265
v 2.805454 0.602990 -1.007528
v 2.805454 0.804914 -1.091167
v 2.814904 0.804914 -1.091167
v 2.805454 0.866816 -1.183811
v 2.805454 0.888553 -1.293091
v 2.814904 0.866816 -1.183811
v 2.805454 0.881134 -1.177880
v 2.805454 0.904051 -1.293091
v 2.793688 0.881134 -1.177880
v 2.805454 0.881134 -1.408302
v 2.805454 0.815873 -1.505973
v 2.805454 0.866816 -1.402371
v 2.793688 0.881134 -1.408302
v 2.793688 0.815873 -1.505973
v 2.814904 0.866816 -1.402371
v 2.805454 0.804914 -1.495015
v 2.814904 0.804914 -1.495015
v 2.814904 0.712270 -1.556917
v 2.814904 0.815873 -1.505973
v 2.814904 0.718201 -1.571235
v 2.814904 0.881134 -1.408302
v 2.826670 0.815873 -1.505973
v 2.826670 0.881134 -1.408302
v 2.826670 0.718201 -1.571235
v 2.826670 0.770924 -1.461025
v 2.826670 0.693875 -1.512507
v 2.826670 0.822406 -1.383976
v 2.824570 0.770924 -1.461025
v 2.824570 0.822406 -1.383976
v 2.824570 0.693875 -1.512507
v 2.824570 0.726564 -1.416665
v 2.824570 0.669868 -1.454548
v 2.824570 0.764447 -1.359968
v 2.826670 0.726564 -1.416665
v 2.826670 0.669868 -1.454548
v 2.826670 0.764447 -1.359968
v 2.826670 0.661044 -1.351145
v 2.826670 0.678841 -1.324510
v 2.826670 0.634409 -1.368942
v 2.814904 0.661044 -1.351145
v 2.814904 0.678841 -1.324510
v 2.814904 0.634409 -1.368942
v 2.814904 0.602990 -1.375192
v 2.814904 0.571571 -1.368942
v 2.826670 0.602990 -1.375192
v 2.826670 0.571571 -1.368942
v 2.826670 0.602990 -1.467851
v 2.826671 0.536112 -1.454548
v 2.824570 0.602990 -1.467851
v 2.824570 0.536112 -1.454548
v 2.824570 0.602990 -1.530586
v 2.824570 0.512105 -1.512507
v 2.826671 0.602990 -1.530586
v 2.826671 0.512105 -1.512507
v 2.826671 0.602990 -1.594152
v 2.826671 0.487779 -1.571235
v 2.814904 0.602990 -1.594152
v 2.814904 0.487779 -1.571235
v 2.814904 0.390107 -1.505973
v 2.814904 0.324845 -1.408302
v 2.826671 0.390107 -1.505973
v 2.826671 0.324845 -1.408302
v 2.826671 0.435056 -1.461025
v 2.826671 0.383574 -1.383976
v 2.824570 0.435056 -1.461025
v 2.824570 0.383574 -1.383976
v 2.824570 0.479416 -1.416665
v 2.824570 0.441533 -1.359968
v 2.826671 0.479416 -1.416665
v 2.826671 0.441533 -1.359968
v 2.826670 0.544936 -1.351145
v 2.826670 0.527138 -1.324510
v 2.814904 0.544936 -1.351145
v 2.814904 0.527138 -1.324510
v 2.814904 0.520889 -1.293091
v 2.814904 0.527138 -1.261672
v 2.826670 0.520889 -1.293091
v 2.826670 0.527138 -1.261672
v 2.826670 0.428230 -1.293091
v 2.826670 0.441533 -1.226213
v 2.824570 0.428230 -1.293091
v 2.824570 0.441533 -1.226213
v 2.824570 0.365495 -1.293091
v 2.824570 0.383574 -1.202206
v 2.826671 0.365495 -1.293091
v 2.826670 0.383574 -1.202206
v 2.826671 0.301928 -1.293091
v 2.826670 0.324845 -1.177880
v 2.814904 0.301928 -1.293091
v 2.814904 0.324845 -1.177880
v 2.814904 0.390107 -1.080208
v 2.814904 0.487779 -1.014946
v 2.826670 0.390107 -1.080208
v 2.826670 0.487779 -1.014946
v 2.826670 0.435056 -1.125157
v 2.826670 0.512105 -1.073675
v 2.824570 0.435056 -1.125157
v 2.824570 0.512105 -1.073675
v 2.824570 0.479416 -1.169517
v 2.824570 0.536112 -1.131634
v 2.826670 0.479416 -1.169517
v 2.826670 0.536112 -1.131634
v 2.826670 0.544936 -1.235037
v 2.826670 0.571571 -1.217239
v 2.814904 0.544936 -1.235037
v 2.814904 0.533977 -1.224078
v 2.814904 0.571571 -1.217239
v 2.814904 0.602990 -1.210990
v 2.814904 0.634409 -1.217239
v 2.826670 0.602990 -1.210990
v 2.826670 0.634409 -1.217239
v 2.826670 0.602990 -1.118331
v 2.826670 0.669868 -1.131634
v 2.824570 0.602990 -1.118331
v 2.824570 0.669868 -1.131634
v 2.824570 0.602990 -1.055596
v 2.824570 0.693875 -1.073675
v 2.826670 0.602990 -1.055596
v 2.826670 0.693875 -1.073675
v 2.826670 0.602990 -0.992030
v 2.826670 0.718201 -1.014946
v 2.814904 0.602990 -0.992030
v 2.814904 0.718201 -1.014946
v 2.814904 0.602990 -1.007528
v 2.814904 0.493710 -1.029265
v 2.814904 0.815872 -1.080208
v 2.814904 0.881134 -1.177880
v 2.826670 0.815872 -1.080208
v 2.826670 0.881134 -1.177880
v 2.826670 0.770924 -1.125157
v 2.826670 0.822406 -1.202206
v 2.824570 0.770924 -1.125157
v 2.824570 0.822406 -1.202206
v 2.824570 0.726564 -1.169517
v 2.824570 0.764447 -1.226213
v 2.826670 0.726564 -1.169517
v 2.826670 0.764447 -1.226213
v 2.826670 0.661044 -1.235037
v 2.826670 0.678841 -1.261672
v 2.814904 0.661044 -1.235037
v 2.814904 0.678841 -1.261672
v 2.814904 0.672003 -1.224078
v 2.814904 0.693160 -1.255741
v 2.814904 0.700589 -1.293091
v 2.805454 0.693160 -1.255741
v 2.814904 0.693160 -1.330441
v 2.814904 0.685091 -1.293091
v 2.826670 0.685091 -1.293091
v 2.826670 0.777750 -1.293091
v 2.824570 0.777750 -1.293091
v 2.824570 0.840484 -1.293091
v 2.826670 0.840484 -1.293091
v 2.826670 0.904051 -1.293091
v 2.814904 0.904051 -1.293091
v 2.814904 0.888553 -1.293091
v 2.814904 0.512820 -1.255741
v 2.814904 0.339164 -1.402371
v 2.814904 0.565640 -1.383261
v 4.194475 0.322097 1.230440
v 4.205185 0.325322 1.232665
v 4.093062 0.658847 1.230440
v 4.183766 0.318871 1.232665
v 4.174687 0.316137 1.239000
v 4.082353 0.655622 1.232665
v 4.073274 0.652887 1.239000
v 4.075714 0.653622 1.215927
v 4.061007 0.649193 1.226189
v 4.093062 0.658847 1.212323
v 3.962617 1.029169 1.215926
v 3.947911 1.024740 1.226189
v 3.979966 1.034393 1.212323
v 3.997314 1.039618 1.215926
v 4.012021 1.044047 1.226189
v 4.110411 0.664071 1.215927
v 4.125117 0.668500 1.226189
v 4.103772 0.662072 1.232665
v 4.112851 0.664806 1.239000
v 4.214264 0.328056 1.239000
v 4.118917 0.666633 1.248482
v 4.220330 0.329883 1.248482
v 4.121047 0.667275 1.259667
v 4.134944 0.671460 1.241549
v 4.138395 0.672499 1.259667
v 4.021848 1.047006 1.241549
v 4.025299 1.048046 1.259667
v 4.021848 1.047006 1.277784
v 4.012021 1.044047 1.293144
v 4.134944 0.671460 1.277784
v 4.125117 0.668500 1.293144
v 4.118917 0.666633 1.270851
v 4.220330 0.329883 1.270851
v 4.112851 0.664806 1.280333
v 4.214264 0.328056 1.280333
v 4.103772 0.662072 1.286669
v 4.205185 0.325322 1.286669
v 4.093062 0.658847 1.288893
v 4.110411 0.664071 1.303407
v 4.093062 0.658847 1.307010
v 3.997314 1.039618 1.303407
v 3.979966 1.034393 1.307010
v 3.962617 1.029169 1.303407
v 3.947911 1.024740 1.293144
v 4.075714 0.653622 1.303407
v 4.061007 0.649193 1.293144
v 4.082353 0.655622 1.286669
v 4.183766 0.318871 1.286669
v 4.073274 0.652887 1.280333
v 4.174687 0.316137 1.280333
v 4.067207 0.651061 1.270851
v 4.168620 0.314310 1.270851
v 4.065077 0.650419 1.259667
v 4.051180 0.646234 1.277784
v 4.047729 0.645195 1.259667
v 3.938083 1.021780 1.277784
v 3.934633 1.020741 1.259667
v 3.938083 1.021780 1.241549
v 4.051180 0.646234 1.241549
v 4.067207 0.651061 1.248482
v 4.168620 0.314310 1.248482
v 4.166490 0.313669 1.259667
v 4.194475 0.322097 1.288893
v 4.222461 0.330525 1.259667
v 4.194475 0.322097 1.481579
v 4.205185 0.325322 1.483804
v 4.093062 0.658847 1.481579
v 4.183766 0.318871 1.483804
v 4.174687 0.316137 1.490139
v 4.082353 0.655622 1.483804
v 4.073274 0.652887 1.490139
v 4.075714 0.653622 1.467066
v 4.061007 0.649193 1.477328
v 4.093062 0.658847 1.463462
v 3.962617 1.029169 1.467066
v 3.947911 1.024740 1.477328
v 3.979966 1.034393 1.463462
v 3.997314 1.039618 1.467066
v 4.012021 1.044047 1.477328
v 4.110411 0.664071 1.467066
v 4.125117 0.668500 1.477328
v 4.103772 0.662072 1.483804
v 4.112851 0.664806 1.490139
v 4.214264 0.328056 1.490139
v 4.118917 0.666633 1.499621
v 4.220330 0.329883 1.499621
v 4.121047 0.667275 1.510806
v 4.134944 0.671460 1.492688
v 4.138395 0.672499 1.510806
v 4.021848 1.047006 1.492688
v 4.025299 1.048046 1.510805
v 4.021848 1.047006 1.528923
v 4.012021 1.044047 1.544283
v 4.134944 0.671460 1.528923
v 4.125117 0.668500 1.544283
v 4.118917 0.666633 1.521990
v 4.220330 0.329883 1.521990
v 4.112851 0.664806 1.531472
v 4.214264 0.328056 1.531472
v 4.103772 0.662072 1.537808
v 4.205185 0.325322 1.537808
v 4.093062 0.658847 1.540033
v 4.110410 0.664071 1.554546
v 4.093062 0.658847 1.558149
v 3.997314 1.039618 1.554546
v 3.979966 1.034393 1.558149
v 3.962617 1.029169 1.554546
v 3.947911 1.024740 1.544283
v 4.075714 0.653622 1.554546
v 4.061007 0.649193 1.544283
v 4.082353 0.655622 1.537808
v 4.183766 0.318871 1.537808
v 4.073274 0.652887 1.531472
v 4.174687 0.316137 1.531472
v 4.067207 0.651060 1.521990
v 4.168620 0.314310 1.521990
v 4.065077 0.650419 1.510806
v 4.051180 0.646234 1.528923
v 4.047729 0.645195 1.510806
v 3.938084 1.021780 1.528923
v 3.934633 1.020741 1.510805
v 3.938084 1.021780 1.492688
v 4.051180 0.646234 1.492688
v 4.067207 0.651060 1.499621
v 4.168620 0.314310 1.499621
v 4.166490 0.313669 1.510806
v 4.194475 0.322097 1.540033
v 4.222461 0.330525 1.510806
v 2.871667 0.322097 1.230440
v 2.860958 0.325322 1.232665
v 2.973080 0.658847 1.230440
v 2.882377 0.318871 1.232665
v 2.891456 0.316137 1.239000
v 2.983790 0.655622 1.232665
v 2.992869 0.652887 1.239000
v 2.990428 0.653622 1.215927
v 3.005136 0.649193 1.226189
v 2.973080 0.658847 1.212323
v 3.103525 1.029169 1.215926
v 3.118232 1.024740 1.226189
v 3.086177 1.034393 1.212323
v 3.068829 1.039618 1.215926
v 3.054122 1.044047 1.226189
v 2.955732 0.664071 1.215927
v 2.941025 0.668500 1.226189
v 2.962371 0.662072 1.232665
v 2.953292 0.664806 1.239000
v 2.851879 0.328056 1.239000
v 2.947225 0.666633 1.248482
v 2.845812 0.329883 1.248482
v 2.945095 0.667275 1.259667
v 2.931198 0.671460 1.241549
v 2.927748 0.672499 1.259667
v 3.044295 1.047006 1.241549
v 3.040844 1.048046 1.259667
v 3.044295 1.047006 1.277784
v 3.054122 1.044047 1.293144
v 2.931198 0.671460 1.277784
v 2.941025 0.668500 1.293144
v 2.947225 0.666633 1.270851
v 2.845812 0.329883 1.270851
v 2.953292 0.664806 1.280333
v 2.851879 0.328056 1.280333
v 2.962371 0.662072 1.286669
v 2.860958 0.325322 1.286669
v 2.973080 0.658847 1.288893
v 2.955732 0.664071 1.303407
v 2.973080 0.658847 1.307010
v 3.068829 1.039618 1.303407
v 3.086177 1.034393 1.307010
v 3.103525 1.029169 1.303407
v 3.118232 1.024740 1.293144
v 2.990428 0.653622 1.303407
v 3.005136 0.649193 1.293144
v 2.983790 0.655622 1.286669
v 2.882377 0.318871 1.286669
v 2.992869 0.652887 1.280333
v 2.891456 0.316137 1.280333
v 2.998935 0.651061 1.270851
v 2.897522 0.314310 1.270851
v 3.001066 0.650419 1.259667
v 3.014962 0.646234 1.277784
v 3.018413 0.645195 1.259667
v 3.128059 1.021780 1.277784
v 3.131510 1.020741 1.259667
v 3.128059 1.021780 1.241549
v 3.014962 0.646234 1.241549
v 2.998935 0.651061 1.248482
v 2.897522 0.314310 1.248482
v 2.899652 0.313669 1.259667
v 2.871667 0.322097 1.288893
v 2.843682 0.330525 1.259667
v 2.871667 0.322097 1.481579
v 2.860958 0.325322 1.483804
v 2.973081 0.658847 1.481579
v 2.882377 0.318871 1.483804
v 2.891456 0.316137 1.490139
v 2.983790 0.655622 1.483804
v 2.992869 0.652887 1.490139
v 2.990428 0.653622 1.467066
v 3.005136 0.649193 1.477328
v 2.973081 0.658847 1.463462
v 3.103525 1.029169 1.467066
v 3.118232 1.024740 1.477328
v 3.086177 1.034393 1.463462
v 3.068829 1.039618 1.467066
v 3.054122 1.044047 1.477328
v 2.955732 0.664071 1.467066
v 2.941025 0.668500 1.477328
v 2.962371 0.662072 1.483804
v 2.953292 0.664806 1.490139
v 2.851879 0.328056 1.490139
v 2.947225 0.666633 1.499621
v 2.845812 0.329883 1.499621
v 2.945095 0.667275 1.510806
v 2.931198 0.671460 1.492688
v 2.927748 0.672499 1.510806
v 3.044295 1.047006 1.492688
v 3.040844 1.048046 1.510805
v 3.044295 1.047006 1.528923
v 3.054122 1.044047 1.544283
v 2.931198 0.671460 1.528923
v 2.941025 0.668500 1.544283
v 2.947225 0.666633 1.521990
v 2.845812 0.329883 1.521990
v 2.953292 0.664806 1.531472
v 2.851879 0.328056 1.531472
v 2.962371 0.662072 1.537808
v 2.860958 0.325322 1.537808
v 2.973081 0.658847 1.540033
v 2.955732 0.664071 1.554546
v 2.973081 0.658847 1.558149
v 3.068829 1.039618 1.554546
v 3.086177 1.034393 1.558149
v 3.103525 1.029169 1.554546
v 3.118232 1.024740 1.544283
v 2.990428 0.653622 1.554546
v 3.005136 0.649193 1.544283
v 2.983790 0.655622 1.537808
v 2.882377 0.318871 1.537808
v 2.992869 0.652887 1.531472
v 2.891456 0.316137 1.531472
v 2.998935 0.651061 1.521990
v 2.897522 0.314310 1.521990
v 3.001066 0.650419 1.510806
v 3.014962 0.646234 1.528923
v 3.018413 0.645195 1.510806
v 3.128059 1.021780 1.528923
v 3.131510 1.020741 1.510805
v 3.128059 1.021780 1.492688
v 3.014962 0.646234 1.492688
v 2.998935 0.651061 1.499621
v 2.897522 0.314310 1.499621
v 2.899653 0.313669 1.510806
v 2.871667 0.322097 1.540033
v 2.843682 0.330525 1.510806
v 4.244356 0.296687 1.376836
v 4.244356 0.309861 1.526838
v 4.244356 0.309861 1.226834
v 4.244356 0.327825 1.376836
v 4.129328 0.296687 1.376836
v 4.129328 0.309861 1.526838
v 4.129328 0.309861 1.226834
v 4.129328 0.327825 1.376836
v 4.129328 0.340999 1.526838
v 4.129328 0.340999 1.226834
v 4.244356 0.340999 1.226834
v 4.129328 0.358784 1.152214
v 4.129328 0.327645 1.152214
v 4.244356 0.358784 1.152214
v 4.244356 0.327645 1.152214
v 4.244356 0.340999 1.526838
v 4.129328 0.358784 1.601457
v 4.129328 0.327645 1.601457
v 4.244356 0.358784 1.601457
v 4.244356 0.327645 1.601457
vn 1.0000 -0.0000 -0.0000
vn -0.0000 0.9962 -0.0875
vn -0.0000 0.9962 0.0875
vn -1.0000 -0.0000 -0.0000
vn -0.0000 -0.9962 -0.0875
vn -0.0000 -0.9962 0.0875
vn -0.0000 -0.9728 -0.2318
vn -0.0000 -0.0000 1.0000
vn -0.0000 0.9728 0.2318
vn -0.0000 -0.9728 0.2318
vn -0.0000 -0.0000 -1.0000
vn -0.0000 0.9728 -0.2318
vn -0.0000 -0.9808 0.1951
vn -0.0000 -0.9808 -0.1951
vn -0.0000 -0.8315 -0.5556
vn -0.0000 -0.5556 -0.8315
vn -0.0000 -0.1951 -0.9808
vn -0.0000 0.1951 -0.9808
vn -0.0000 0.5556 -0.8315
vn -0.0000 0.8315 -0.5556
vn -0.0000 0.9808 -0.1951
vn -0.0000 0.9808 0.1951
vn -0.0000 0.8315 0.5556
vn -0.0000 0.5556 0.8315
vn -0.0000 0.1951 0.9808
vn -0.0000 -0.1951 0.9808
vn -0.0000 -0.5556 0.8315
vn -0.0000 -0.8315 0.5556
vn 0.7730 -0.6344 -0.0000
vn -0.4714 0.8819 -0.0000
vn 0.8819 -0.4714 -0.0000
vn -0.6344 0.7730 -0.0000
vn 0.9569 -0.2903 -0.0000
vn -0.9569 -0.2903 -0.0000
vn -0.7730 0.6344 -0.0000
vn 0.9952 -0.0980 -0.0000
vn -0.8819 -0.4714 -0.0000
vn -0.8819 0.4714 -0.0000
vn 0.9952 0.0980 -0.0000
vn -0.7730 -0.6344 -0.0000
vn -0.9569 0.2903 -0.0000
vn 0.9569 0.2903 -0.0000
vn -0.6344 -0.7730 -0.0000
vn 0.8819 0.4714 -0.0000
vn -0.4714 -0.8819 -0.0000
vn -0.9952 -0.0980 -0.0000
vn 0.7730 0.6344 -0.0000
vn -0.2903 -0.9569 -0.0000
vn 0.6344 0.7730 -0.0000
vn -0.0980 -0.9952 -0.0000
vn 0.4714 0.8819 -0.0000
vn 0.0980 -0.9952 -0.0000
vn 0.2903 0.9569 -0.0000
vn 0.2903 -0.9569 -0.0000
vn 0.0980 0.9952 -0.0000
vn 0.4714 -0.8819 -0.0000
vn -0.0980 0.9952 -0.0000
vn 0.6344 -0.7730 -0.0000
vn -0.2903 0.9569 -0.0000
vn -0.9952 0.0980 -0.0000
vn -0.8150 -0.0803 0.5739
vn -0.7837 -0.2377 0.5739
vn -0.7222 -0.3860 0.5739
vn -0.6331 -0.5195 0.5739
vn -0.5195 -0.6331 0.5739
vn -0.3860 -0.7222 0.5739
vn -0.2377 -0.7837 0.5739
vn -0.0803 -0.8150 0.5739
vn 0.0803 -0.8150 0.5739
vn 0.2377 -0.7837 0.5739
vn 0.3860 -0.7222 0.5739
vn 0.5195 -0.6331 0.5739
vn 0.6331 -0.5195 0.5739
vn 0.7222 -0.3860 0.5739
vn 0.7837 -0.2377 0.5739
vn 0.8150 -0.0803 0.5739
vn 0.8150 0.0803 0.5739
vn 0.7837 0.2377 0.5739
vn 0.7222 0.3860 0.5739
vn 0.6331 0.5195 0.5739
vn 0.5195 0.6331 0.5739
vn 0.3860 0.7222 0.5739
vn 0.2377 0.7837 0.5739
vn 0.0803 0.8150 0.5739
vn -0.0803 0.8150 0.5739
vn -0.2377 0.7837 0.5739
vn -0.3860 0.7222 0.5739
vn -0.5195 0.6331 0.5739
vn -0.6331 0.5195 0.5739
vn -0.7222 0.3860 0.5739
vn -0.7837 0.2377 0.5739
vn -0.8150 0.0803 0.5739
vn -0.8150 -0.0803 -0.5739
vn -0.7837 -0.2377 -0.5739
vn -0.7222 -0.3860 -0.5739
vn -0.6331 -0.5195 -0.5739
vn -0.5195 -0.6331 -0.5739
vn -0.3860 -0.7222 -0.5739
vn -0.2377 -0.7837 -0.5739
vn -0.0803 -0.8150 -0.5739
vn 0.0803 -0.8150 -0.5739
vn 0.2377 -0.7837 -0.5739
vn 0.3860 -0.7222 -0.5739
vn 0.5195 -0.6331 -0.5739
vn 0.6331 -0.5195 -0.5739
vn 0.7222 -0.3861 -0.5739
vn 0.7837 -0.2377 -0.5739
vn 0.8150 -0.0803 -0.5739
vn 0.8150 0.0803 -0.5739
vn 0.7837 0.2377 -0.5739
vn 0.7222 0.3861 -0.5739
vn 0.6331 0.5195 -0.5739
vn 0.5195 0.6331 -0.5739
vn 0.3860 0.7222 -0.5739
vn 0.2377 0.7837 -0.5739
vn 0.0803 0.8150 -0.5739
vn -0.0803 0.8150 -0.5739
vn -0.2377 0.7837 -0.5739
vn -0.3861 0.7222 -0.5739
vn -0.5195 0.6331 -0.5739
vn -0.6331 0.5195 -0.5739
vn -0.7222 0.3861 -0.5739
vn -0.7837 0.2377 -0.5739
vn -0.8150 0.0803 -0.5739
vn -0.0059 -0.2519 0.9677
vn -0.0059 -0.2276 0.9737
vn -0.0205 -0.2513 0.9677
vn -0.0205 -0.2281 0.9734
vn 0.0064 -0.2884 0.9575
vn -0.0001 -0.2533 0.9674
vn -0.0001 -0.2262 0.9741
vn 0.0064 -0.1904 0.9817
vn -0.0020 -0.1957 0.9807
vn -0.0200 -0.1988 0.9798
vn -0.0503 -0.2009 0.9783
vn -0.0533 -0.2269 0.9724
vn -0.0533 -0.2518 0.9663
vn -0.0503 -0.2776 0.9594
vn -0.0200 -0.2802 0.9597
vn -0.0020 -0.2833 0.9590
vn 0.0218 -0.2615 0.9650
vn 0.0218 -0.2178 0.9758
vn 0.0073 -0.2581 0.9661
vn 0.0073 -0.2213 0.9752
vn 0.0628 -0.3259 0.9433
vn 0.0547 -0.2671 0.9621
vn 0.0547 -0.2115 0.9759
vn 0.0628 -0.1508 0.9866
vn 0.0335 -0.1607 0.9864
vn 0.0171 -0.1726 0.9848
vn 0.0098 -0.1827 0.9831
vn 0.0017 -0.2241 0.9746
vn 0.0017 -0.2554 0.9668
vn 0.0098 -0.2960 0.9551
vn 0.0171 -0.3057 0.9520
vn 0.0335 -0.3170 0.9478
vn -0.0059 0.2276 -0.9737
vn -0.0205 0.2280 -0.9734
vn -0.0059 0.2519 -0.9677
vn -0.0205 0.2513 -0.9677
vn 0.0064 0.1904 -0.9817
vn -0.0020 0.1957 -0.9807
vn -0.0200 0.1988 -0.9798
vn -0.0503 0.2009 -0.9783
vn -0.0533 0.2269 -0.9724
vn -0.0533 0.2518 -0.9663
vn -0.0503 0.2776 -0.9594
vn -0.0200 0.2802 -0.9597
vn -0.0020 0.2833 -0.9590
vn 0.0064 0.2884 -0.9575
vn -0.0001 0.2533 -0.9674
vn -0.0001 0.2262 -0.9741
vn 0.0218 0.2178 -0.9758
vn 0.0073 0.2213 -0.9752
vn 0.0218 0.2615 -0.9650
vn 0.0073 0.2581 -0.9661
vn 0.0628 0.1508 -0.9866
vn 0.0335 0.1607 -0.9864
vn 0.0171 0.1726 -0.9848
vn 0.0098 0.1827 -0.9831
vn 0.0017 0.2241 -0.9746
vn 0.0017 0.2554 -0.9668
vn 0.0098 0.2960 -0.9552
vn 0.0171 0.3057 -0.9520
vn 0.0335 0.3170 -0.9478
vn 0.0628 0.3259 -0.9433
vn 0.0547 0.2671 -0.9621
vn 0.0547 0.2115 -0.9759
vn -0.0691 -0.4419 -0.8944
vn -0.0329 -0.0159 -0.9993
vn 0.1064 -0.4836 -0.8688
vn 0.0391 -0.0440 -0.9983
vn -0.5642 -0.7507 -0.3437
vn -0.3670 -0.3258 -0.8713
vn -0.1504 0.0268 -0.9883
vn -0.0720 0.1415 -0.9873
vn -0.0216 0.1370 -0.9903
vn 0.0098 0.1269 -0.9919
vn 0.0264 0.1128 -0.9933
vn 0.0776 -0.0765 -0.9940
vn 0.1890 -0.5228 -0.8312
vn 0.2615 -0.8997 -0.3494
vn 0.1578 -0.9155 -0.3700
vn -0.1016 -0.9176 -0.3843
vn 0.1064 0.8325 -0.5437
vn 0.0391 0.5036 -0.8630
vn -0.0691 0.8074 -0.5859
vn -0.0329 0.4794 -0.8770
vn 0.2615 0.9589 0.1096
vn 0.1890 0.8497 -0.4923
vn 0.0776 0.5304 -0.8442
vn 0.0264 0.3626 -0.9316
vn 0.0098 0.3494 -0.9369
vn -0.0216 0.3398 -0.9403
vn -0.0720 0.3344 -0.9397
vn -0.1504 0.4364 -0.8871
vn -0.3670 0.6939 -0.6195
vn -0.5642 0.8244 0.0453
vn -0.1016 0.9910 0.0870
vn 0.1578 0.9825 0.0988
vn 0.2582 -0.6329 -0.7299
vn 0.1257 -0.1776 -0.9760
vn 0.3204 -0.6690 -0.6706
vn 0.1734 -0.2307 -0.9574
vn 0.2869 -0.8988 -0.3314
vn 0.2210 -0.5772 -0.7861
vn 0.0977 -0.1216 -0.9878
vn 0.0347 0.0929 -0.9951
vn 0.0481 0.0674 -0.9966
vn 0.0740 0.0388 -0.9965
vn 0.1174 0.0118 -0.9930
vn 0.2440 -0.2357 -0.9407
vn 0.4224 -0.6436 -0.6383
vn 0.4776 -0.8340 -0.2762
vn 0.3707 -0.8811 -0.2937
vn 0.3148 -0.8961 -0.3128
vn 0.3204 0.9043 -0.2821
vn 0.1734 0.6499 -0.7400
vn 0.2582 0.9000 -0.3513
vn 0.1257 0.6116 -0.7811
vn 0.4776 0.8667 0.1439
vn 0.4224 0.8667 -0.2654
vn 0.2440 0.6465 -0.7228
vn 0.1174 0.4518 -0.8843
vn 0.0740 0.4295 -0.9000
vn 0.0481 0.4043 -0.9133
vn 0.0347 0.3810 -0.9239
vn 0.0977 0.5675 -0.8176
vn 0.2210 0.8768 -0.4271
vn 0.2869 0.9498 0.1251
vn 0.3148 0.9387 0.1404
vn 0.3707 0.9165 0.1502
vn -0.7488 0.2444 -0.6161
vn -0.3315 0.2662 -0.9051
vn -0.7488 0.0705 -0.6590
vn -0.3315 0.1858 -0.9250
vn -0.9031 0.4286 -0.0271
vn -0.6420 0.4538 -0.6179
vn -0.2746 0.3519 -0.8948
vn -0.1298 0.2959 -0.9463
vn -0.1355 0.2565 -0.9570
vn -0.1355 0.2185 -0.9664
vn -0.1298 0.1786 -0.9753
vn -0.2746 0.1051 -0.9558
vn -0.6420 -0.1140 -0.7581
vn -0.9031 -0.3667 -0.2235
vn -0.9867 -0.0864 -0.1379
vn -0.9867 0.1407 -0.0819
vn 0.7335 -0.0974 -0.6727
vn 0.3359 0.1106 -0.9354
vn 0.7335 0.3993 -0.5500
vn 0.3359 0.3376 -0.8793
vn 0.6793 -0.6890 -0.2526
vn 0.5800 -0.4768 -0.6605
vn 0.3106 -0.1072 -0.9445
vn 0.1505 0.0842 -0.9850
vn 0.1382 0.1881 -0.9724
vn 0.1382 0.2862 -0.9481
vn 0.1505 0.3841 -0.9110
vn 0.3106 0.5346 -0.7860
vn 0.5800 0.7295 -0.3626
vn 0.6793 0.7274 0.0972
vn 0.9385 0.3444 -0.0236
vn 0.9385 -0.2938 -0.1812
vn 0.3359 -0.3376 0.8793
vn 0.7335 -0.3993 0.5500
vn 0.3359 -0.1106 0.9354
vn 0.7335 0.0974 0.6726
vn 0.1505 -0.3841 0.9110
vn 0.3106 -0.5346 0.7860
vn 0.5800 -0.7295 0.3626
vn 0.6793 -0.7274 -0.0972
vn 0.9385 -0.3444 0.0236
vn 0.9385 0.2938 0.1812
vn 0.6793 0.6891 0.2526
vn 0.5800 0.4768 0.6605
vn 0.3106 0.1073 0.9445
vn 0.1505 -0.0842 0.9850
vn 0.1382 -0.1881 0.9724
vn 0.1382 -0.2862 0.9482
vn -0.3314 -0.1858 0.9250
vn -0.7488 -0.0705 0.6590
vn -0.3314 -0.2662 0.9052
vn -0.7488 -0.2444 0.6161
vn -0.1298 -0.1786 0.9753
vn -0.2746 -0.1051 0.9558
vn -0.6421 0.1140 0.7581
vn -0.9031 0.3667 0.2235
vn -0.9867 0.0864 0.1379
vn -0.9867 -0.1407 0.0819
vn -0.9031 -0.4286 0.0271
vn -0.6420 -0.4538 0.6179
vn -0.2746 -0.3519 0.8948
vn -0.1298 -0.2959 0.9463
vn -0.1355 -0.2565 0.9570
vn -0.1355 -0.2185 0.9664
vn 0.1734 0.2307 0.9574
vn 0.3204 0.6690 0.6706
vn 0.1257 0.1776 0.9760
vn 0.2582 0.6330 0.7299
vn 0.1174 -0.0118 0.9930
vn 0.2440 0.2357 0.9407
vn 0.4224 0.6435 0.6383
vn 0.4776 0.8340 0.2762
vn 0.3707 0.8811 0.2937
vn 0.3148 0.8961 0.3128
vn 0.2869 0.8988 0.3314
vn 0.2210 0.5772 0.7861
vn 0.0977 0.1216 0.9878
vn 0.0347 -0.0929 0.9951
vn 0.0481 -0.0674 0.9966
vn 0.0740 -0.0388 0.9965
vn 0.1257 -0.6116 0.7811
vn 0.2582 -0.9000 0.3513
vn 0.1734 -0.6499 0.7400
vn 0.3204 -0.9043 0.2821
vn 0.0347 -0.3810 0.9239
vn 0.0977 -0.5675 0.8176
vn 0.2210 -0.8768 0.4271
vn 0.2869 -0.9498 -0.1251
vn 0.3148 -0.9387 -0.1403
vn 0.3707 -0.9165 -0.1502
vn 0.4776 -0.8667 -0.1439
vn 0.4224 -0.8667 0.2653
vn 0.2440 -0.6465 0.7228
vn 0.1174 -0.4518 0.8843
vn 0.0740 -0.4295 0.9000
vn 0.0481 -0.4043 0.9133
vn 0.0391 0.0440 0.9983
vn 0.1065 0.4837 0.8688
vn -0.0329 0.0159 0.9993
vn -0.0691 0.4419 0.8944
vn 0.0264 -0.1128 0.9933
vn 0.0776 0.0765 0.9940
vn 0.1890 0.5228 0.8312
vn 0.2615 0.8997 0.3494
vn 0.1578 0.9155 0.3700
vn -0.1016 0.9176 0.3843
vn -0.5642 0.7507 0.3437
vn -0.3670 0.3258 0.8713
vn -0.1504 -0.0268 0.9883
vn -0.0720 -0.1415 0.9873
vn -0.0216 -0.1370 0.9903
vn 0.0098 -0.1269 0.9919
vn -0.0329 -0.4794 0.8770
vn -0.0691 -0.8074 0.5859
vn 0.0391 -0.5037 0.8630
vn 0.1064 -0.8325 0.5438
vn -0.0720 -0.3344 0.9397
vn -0.1504 -0.4364 0.8871
vn -0.3670 -0.6939 0.6195
vn -0.5642 -0.8244 -0.0453
vn -0.1016 -0.9910 -0.0871
vn 0.1578 -0.9825 -0.0988
vn 0.2615 -0.9589 -0.1096
vn 0.1890 -0.8497 0.4923
vn 0.0776 -0.5304 0.8442
vn 0.0264 -0.3626 0.9316
vn 0.0098 -0.3494 0.9369
vn -0.0216 -0.3398 0.9403
vn -0.2414 -0.0722 0.9677
vn -0.2182 -0.0647 0.9737
vn -0.2454 -0.0582 0.9677
vn -0.2232 -0.0510 0.9734
vn -0.2724 -0.0952 0.9575
vn -0.2409 -0.0782 0.9674
vn -0.2151 -0.0698 0.9741
vn -0.1791 -0.0649 0.9817
vn -0.1868 -0.0586 0.9807
vn -0.1952 -0.0424 0.9798
vn -0.2066 -0.0143 0.9783
vn -0.2323 -0.0195 0.9724
vn -0.2560 -0.0272 0.9663
vn -0.2796 -0.0380 0.9594
vn -0.2727 -0.0676 0.9597
vn -0.2700 -0.0857 0.9590
vn -0.2420 -0.1015 0.9650
vn -0.2004 -0.0880 0.9758
vn -0.2432 -0.0867 0.9661
vn -0.2082 -0.0754 0.9752
vn -0.2905 -0.1604 0.9433
vn -0.2372 -0.1346 0.9621
vn -0.1842 -0.1173 0.9759
vn -0.1240 -0.1063 0.9866
vn -0.1425 -0.0816 0.9864
vn -0.1589 -0.0696 0.9848
vn -0.1708 -0.0658 0.9831
vn -0.2126 -0.0709 0.9746
vn -0.2424 -0.0805 0.9668
vn -0.2785 -0.1008 0.9552
vn -0.2854 -0.1107 0.9520
vn -0.2911 -0.1298 0.9478
vn 0.2146 0.0759 -0.9737
vn 0.2106 0.0900 -0.9734
vn 0.2378 0.0834 -0.9677
vn 0.2327 0.0972 -0.9677
vn 0.1831 0.0528 -0.9817
vn 0.1855 0.0623 -0.9807
vn 0.1829 0.0805 -0.9798
vn 0.1756 0.1099 -0.9783
vn 0.1994 0.1208 -0.9724
vn 0.2231 0.1285 -0.9663
vn 0.2485 0.1336 -0.9594
vn 0.2603 0.1056 -0.9597
vn 0.2688 0.0894 -0.9590
vn 0.2763 0.0830 -0.9575
vn 0.2409 0.0784 -0.9674
vn 0.2151 0.0700 -0.9741
vn 0.2138 0.0466 -0.9758
vn 0.2128 0.0614 -0.9752
vn 0.2554 0.0601 -0.9650
vn 0.2477 0.0728 -0.9661
vn 0.1628 -0.0131 -0.9866
vn 0.1632 0.0178 -0.9864
vn 0.1695 0.0371 -0.9848
vn 0.1768 0.0472 -0.9831
vn 0.2136 0.0676 -0.9746
vn 0.2434 0.0773 -0.9668
vn 0.2845 0.0822 -0.9552
vn 0.2960 0.0782 -0.9520
vn 0.3118 0.0661 -0.9478
vn 0.3293 0.0410 -0.9433
vn 0.2710 0.0306 -0.9621
vn 0.2180 0.0133 -0.9759
vn -0.4416 -0.0708 -0.8944
vn -0.0253 0.0263 -0.9993
vn -0.4271 -0.2507 -0.8688
vn -0.0297 -0.0508 -0.9983
vn -0.8883 0.3046 -0.3437
vn -0.4232 0.2484 -0.8713
vn -0.0210 0.1513 -0.9883
vn 0.1124 0.1122 -0.9873
vn 0.1236 0.0628 -0.9903
vn 0.1237 0.0299 -0.9919
vn 0.1154 0.0098 -0.9933
vn -0.0487 -0.0974 -0.9940
vn -0.4388 -0.3414 -0.8312
vn -0.7749 -0.5268 -0.3494
vn -0.8220 -0.4330 -0.3700
vn -0.9041 -0.1869 -0.3843
vn 0.8246 0.1560 -0.5437
vn 0.4911 0.1184 -0.8630
vn 0.7465 0.3152 -0.5859
vn 0.4457 0.1794 -0.8770
vn 0.9928 0.0476 0.1096
vn 0.8665 0.0828 -0.4923
vn 0.5284 0.0901 -0.8442
vn 0.3530 0.0870 -0.9316
vn 0.3354 0.0986 -0.9369
vn 0.3165 0.1255 -0.9403
vn 0.2958 0.1718 -0.9397
vn 0.3686 0.2779 -0.8871
vn 0.5466 0.5635 -0.6195
vn 0.6097 0.7913 0.0453
vn 0.9111 0.4029 0.0871
vn 0.9832 0.1535 0.0988
vn -0.5222 -0.4412 -0.7299
vn -0.1301 -0.1744 -0.9760
vn -0.5373 -0.5114 -0.6707
vn -0.1658 -0.2363 -0.9574
vn -0.7661 -0.5506 -0.3314
vn -0.4806 -0.3886 -0.7861
vn -0.0855 -0.1305 -0.9878
vn 0.0991 -0.0043 -0.9951
vn 0.0789 -0.0250 -0.9966
vn 0.0598 -0.0584 -0.9965
vn 0.0475 -0.1080 -0.9930
vn -0.1488 -0.3049 -0.9407
vn -0.4815 -0.6006 -0.6383
vn -0.6456 -0.7120 -0.2762
vn -0.7234 -0.6248 -0.2937
vn -0.7550 -0.5763 -0.3128
vn 0.9590 -0.0252 -0.2821
vn 0.6717 0.0359 -0.7400
vn 0.9357 0.0325 -0.3513
vn 0.6205 0.0695 -0.7811
vn 0.9719 -0.1864 0.1439
vn 0.9548 -0.1339 -0.2654
vn 0.6903 -0.0323 -0.7228
vn 0.4660 0.0280 -0.8843
vn 0.4314 0.0623 -0.9000
vn 0.3994 0.0791 -0.9133
vn 0.3731 0.0847 -0.9239
vn 0.5699 0.0824 -0.8176
vn 0.9022 0.0607 -0.4271
vn 0.9919 0.0206 0.1251
vn 0.9901 -0.0093 0.1404
vn 0.9862 -0.0693 0.1502
vn 0.0010 0.7877 -0.6161
vn 0.1507 0.3975 -0.9051
vn -0.1643 0.7340 -0.6590
vn 0.0743 0.3727 -0.9250
vn 0.1285 0.9913 -0.0271
vn 0.2332 0.7508 -0.6179
vn 0.2498 0.3700 -0.8948
vn 0.2414 0.2149 -0.9463
vn 0.2021 0.2081 -0.9570
vn 0.1659 0.1964 -0.9664
vn 0.1298 0.1786 -0.9753
vn 0.0151 0.2937 -0.9558
vn -0.3068 0.5754 -0.7581
vn -0.6278 0.7456 -0.2235
vn -0.3871 0.9117 -0.1379
vn -0.1711 0.9818 -0.0819
vn 0.1341 -0.7277 -0.6727
vn 0.2089 -0.2853 -0.9354
vn 0.6065 -0.5742 -0.5500
vn 0.4249 -0.2151 -0.8793
vn -0.4454 -0.8590 -0.2526
vn -0.2743 -0.6989 -0.6605
vn -0.0060 -0.3286 -0.9445
vn 0.1265 -0.1171 -0.9850
vn 0.2216 -0.0733 -0.9724
vn 0.3149 -0.0430 -0.9481
vn 0.4118 -0.0244 -0.9110
vn 0.6044 -0.1302 -0.7860
vn 0.8730 -0.3262 -0.3626
vn 0.9017 -0.4212 0.0972
vn 0.6175 -0.7862 -0.0236
vn 0.0106 -0.9834 -0.1812
vn -0.2173 -0.4238 0.8793
vn -0.1531 -0.8210 0.5500
vn -0.0014 -0.3536 0.9354
vn 0.3193 -0.6676 0.6726
vn -0.3188 -0.2618 0.9110
vn -0.4124 -0.4606 0.7860
vn -0.5146 -0.7770 0.3626
vn -0.4819 -0.8708 -0.0972
vn -0.0375 -0.9990 0.0236
vn 0.5695 -0.8018 0.1812
vn 0.8652 -0.4331 0.2526
vn 0.6327 -0.4042 0.6605
vn 0.1980 -0.2623 0.9445
vn -0.0335 -0.1691 0.9850
vn -0.1362 -0.1895 0.9724
vn -0.2295 -0.2199 0.9482
vn -0.2791 0.2578 0.9250
vn -0.2984 0.6904 0.6590
vn -0.3556 0.2330 0.9052
vn -0.4638 0.6367 0.6161
vn -0.2100 0.0682 0.9753
vn -0.1848 0.2287 0.9558
vn -0.0900 0.6459 0.7581
vn 0.0697 0.9722 0.2235
vn -0.2227 0.9651 0.1379
vn -0.4387 0.8949 0.0819
vn -0.6867 0.7264 0.0271
vn -0.6300 0.4704 0.6179
vn -0.4196 0.1524 0.8948
vn -0.3216 0.0320 0.9463
vn -0.2858 0.0496 0.9570
vn -0.2497 0.0613 0.9664
vn 0.2730 -0.0937 0.9574
vn 0.7353 -0.0980 0.6706
vn 0.2077 -0.0646 0.9760
vn 0.6818 -0.0500 0.7298
vn 0.0251 -0.1153 0.9930
vn 0.2996 -0.1592 0.9407
vn 0.7426 -0.2029 0.6383
vn 0.9408 -0.1965 0.2762
vn 0.9525 -0.0803 0.2937
vn 0.9496 -0.0225 0.3128
vn 0.9435 0.0049 0.3314
vn 0.6172 -0.0319 0.7861
vn 0.1459 -0.0554 0.9878
vn -0.0777 -0.0617 0.9951
vn -0.0492 -0.0666 0.9966
vn -0.0141 -0.0824 0.9965
vn -0.5428 -0.3085 0.7811
vn -0.7761 -0.5237 0.3513
vn -0.5645 -0.3658 0.7400
vn -0.7611 -0.5841 0.2821
vn -0.3516 -0.1507 0.9239
vn -0.5095 -0.2683 0.8176
vn -0.7656 -0.4812 0.4271
vn -0.8146 -0.5664 -0.1251
vn -0.7955 -0.5895 -0.1403
vn -0.7571 -0.6358 -0.1502
vn -0.6767 -0.7221 -0.1439
vn -0.6938 -0.6695 0.2653
vn -0.5395 -0.4318 0.7228
vn -0.3934 -0.2513 0.8843
vn -0.3856 -0.2031 0.9000
vn -0.3697 -0.1707 0.9133
vn 0.0539 -0.0236 0.9983
vn 0.4928 0.0482 0.8688
vn 0.0050 0.0362 0.9993
vn 0.3989 0.2023 0.8944
vn -0.0991 -0.0599 0.9933
vn 0.0967 -0.0502 0.9940
vn 0.5556 -0.0182 0.8312
vn 0.9365 0.0293 0.3494
vn 0.9195 0.1328 0.3700
vn 0.8413 0.3802 0.3843
vn 0.5396 0.7686 0.3437
vn 0.1964 0.4497 0.8713
vn -0.0719 0.1347 0.9883
vn -0.1568 0.0247 0.9873
vn -0.1369 -0.0218 0.9903
vn -0.1177 -0.0486 0.9919
vn -0.4660 -0.1169 0.8770
vn -0.7893 -0.1838 0.5859
vn -0.4669 -0.1929 0.8630
vn -0.7588 -0.3585 0.5438
vn -0.3402 -0.0349 0.9397
vn -0.4615 0.0082 0.8871
vn -0.7734 0.1346 0.6195
vn -0.9584 0.2818 -0.0453
vn -0.9739 -0.2096 -0.0871
vn -0.8857 -0.4537 -0.0988
vn -0.8312 -0.5451 -0.1096
vn -0.7497 -0.4424 0.4923
vn -0.4805 -0.2377 0.8442
vn -0.3367 -0.1371 0.9316
vn -0.3293 -0.1173 0.9369
vn -0.3298 -0.0845 0.9403
vn -0.1433 0.2073 0.9677
vn -0.1290 0.1876 0.9737
vn -0.1312 0.2154 0.9677
vn -0.1175 0.1965 0.9734
vn -0.1747 0.2296 0.9575
vn -0.1488 0.2050 0.9674
vn -0.1328 0.1831 0.9741
vn -0.1171 0.1503 0.9817
vn -0.1135 0.1595 0.9807
vn -0.1007 0.1726 0.9798
vn -0.0774 0.1921 0.9783
vn -0.0903 0.2149 0.9724
vn -0.1049 0.2350 0.9663
vn -0.1225 0.2541 0.9594
vn -0.1485 0.2385 0.9597
vn -0.1649 0.2303 0.9590
vn -0.1713 0.1988 0.9650
vn -0.1456 0.1634 0.9758
vn -0.1577 0.2045 0.9661
vn -0.1360 0.1747 0.9752
vn -0.2423 0.2267 0.9433
vn -0.2013 0.1840 0.9621
vn -0.1685 0.1389 0.9759
vn -0.1394 0.0851 0.9866
vn -0.1216 0.1103 0.9864
vn -0.1153 0.1296 0.9848
vn -0.1153 0.1421 0.9831
vn -0.1331 0.1803 0.9746
vn -0.1515 0.2056 0.9668
vn -0.1819 0.2337 0.9552
vn -0.1935 0.2372 0.9520
vn -0.2134 0.2367 0.9478
vn 0.1385 -0.1806 -0.9737
vn 0.1506 -0.1725 -0.9734
vn 0.1528 -0.2003 -0.9677
vn 0.1643 -0.1913 -0.9677
vn 0.1068 -0.1578 -0.9817
vn 0.1166 -0.1572 -0.9807
vn 0.1330 -0.1491 -0.9798
vn 0.1588 -0.1330 -0.9783
vn 0.1765 -0.1523 -0.9724
vn 0.1911 -0.1724 -0.9663
vn 0.2038 -0.1951 -0.9594
vn 0.1809 -0.2149 -0.9597
vn 0.1681 -0.2280 -0.9590
vn 0.1644 -0.2371 -0.9575
vn 0.1490 -0.2048 -0.9674
vn 0.1330 -0.1829 -0.9741
vn 0.1104 -0.1890 -0.9758
vn 0.1241 -0.1834 -0.9752
vn 0.1361 -0.2244 -0.9650
vn 0.1458 -0.2131 -0.9661
vn 0.0378 -0.1589 -0.9866
vn 0.0673 -0.1497 -0.9864
vn 0.0876 -0.1497 -0.9848
vn 0.0995 -0.1536 -0.9831
vn 0.1303 -0.1823 -0.9746
vn 0.1487 -0.2076 -0.9668
vn 0.1661 -0.2452 -0.9552
vn 0.1658 -0.2574 -0.9520
vn 0.1592 -0.2762 -0.9478
vn 0.1407 -0.3005 -0.9433
vn 0.1128 -0.2483 -0.9621
vn 0.0801 -0.2032 -0.9759
vn -0.2038 0.3981 -0.8944
vn 0.0172 0.0322 -0.9993
vn -0.3704 0.3287 -0.8688
vn -0.0575 0.0126 -0.9983
vn 0.0152 0.9390 -0.3437
vn 0.1054 0.4793 -0.8713
vn 0.1374 0.0667 -0.9883
vn 0.1414 -0.0722 -0.9873
vn 0.0980 -0.0981 -0.9903
vn 0.0666 -0.1084 -0.9919
vn 0.0449 -0.1067 -0.9933
vn -0.1077 0.0163 -0.9940
vn -0.4603 0.3118 -0.8312
vn -0.7404 0.5742 -0.3494
vn -0.6658 0.6479 -0.3700
vn -0.4572 0.8021 -0.3843
vn 0.4032 -0.7360 -0.5438
vn 0.2644 -0.4305 -0.8630
vn 0.5305 -0.6126 -0.5859
vn 0.3083 -0.3685 -0.8770
vn 0.3521 -0.9295 0.1096
vn 0.3465 -0.7985 -0.4923
vn 0.2490 -0.4747 -0.8442
vn 0.1918 -0.3089 -0.9316
vn 0.1974 -0.2885 -0.9369
vn 0.2172 -0.2622 -0.9403
vn 0.2547 -0.2282 -0.9397
vn 0.3782 -0.2647 -0.8871
vn 0.7048 -0.3457 -0.6195
vn 0.9410 -0.3353 0.0453
vn 0.6647 -0.7420 0.0871
vn 0.4498 -0.8877 0.0988
vn -0.5809 0.3603 -0.7299
vn -0.2061 0.0698 -0.9760
vn -0.6524 0.3529 -0.6707
vn -0.2759 0.0847 -0.9574
vn -0.7604 0.5585 -0.3314
vn -0.5181 0.3370 -0.7861
vn -0.1506 0.0409 -0.9878
vn 0.0265 -0.0956 -0.9951
vn 0.0006 -0.0828 -0.9966
vn -0.0370 -0.0749 -0.9965
vn -0.0880 -0.0786 -0.9930
vn -0.3359 0.0473 -0.9407
vn -0.7200 0.2723 -0.6383
vn -0.8766 0.3940 -0.2762
vn -0.8178 0.4949 -0.2937
vn -0.7814 0.5400 -0.3128
vn 0.2724 -0.9199 -0.2821
vn 0.2417 -0.6277 -0.7399
vn 0.3201 -0.8799 -0.3513
vn 0.2578 -0.5686 -0.7811
vn 0.1230 -0.9819 0.1439
vn 0.1677 -0.9495 -0.2653
vn 0.1826 -0.6665 -0.7228
vn 0.1706 -0.4346 -0.8843
vn 0.1926 -0.3910 -0.9000
vn 0.1987 -0.3554 -0.9133
vn 0.1959 -0.3286 -0.9239
vn 0.2545 -0.5165 -0.8176
vn 0.3365 -0.8393 -0.4271
vn 0.3261 -0.9370 0.1251
vn 0.2971 -0.9445 0.1404
vn 0.2388 -0.9594 0.1502
vn 0.7495 0.2424 -0.6161
vn 0.4246 -0.0205 -0.9051
vn 0.6473 0.3831 -0.6590
vn 0.3774 0.0445 -0.9250
vn 0.9825 0.1841 -0.0271
vn 0.7862 0.0102 -0.6179
vn 0.4290 -0.1233 -0.8948
vn 0.2789 -0.1631 -0.9463
vn 0.2604 -0.1279 -0.9570
vn 0.2380 -0.0972 -0.9664
vn 0.2100 -0.0682 -0.9753
vn 0.2839 0.0764 -0.9558
vn 0.4524 0.4696 -0.7581
vn 0.5151 0.8275 -0.2235
vn 0.7475 0.6498 -0.1379
vn 0.8809 0.4661 -0.0819
vn -0.6507 -0.3524 -0.6726
vn -0.2068 -0.2869 -0.9354
vn -0.3587 -0.7542 -0.5500
vn -0.0733 -0.4706 -0.8793
vn -0.9545 0.1582 -0.2526
vn -0.7495 0.0448 -0.6605
vn -0.3143 -0.0958 -0.9445
vn -0.0723 -0.1565 -0.9850
vn -0.0012 -0.2334 -0.9724
vn 0.0565 -0.3128 -0.9481
vn 0.1040 -0.3992 -0.9110
vn 0.0629 -0.6150 -0.7860
vn -0.0404 -0.9311 -0.3626
vn -0.1220 -0.9878 0.0972
vn -0.5569 -0.8303 -0.0236
vn -0.9320 -0.3140 -0.1812
vn -0.4702 0.0757 0.8793
vn -0.8282 -0.1081 0.5500
vn -0.3367 -0.1080 0.9354
vn -0.5362 -0.5099 0.6726
vn -0.3475 0.2222 0.9110
vn -0.5655 0.2499 0.7860
vn -0.8980 0.2493 0.3626
vn -0.9771 0.1892 -0.0972
vn -0.9617 -0.2731 0.0236
vn -0.5866 -0.7894 0.1812
vn -0.1445 -0.9567 0.2526
vn -0.1889 -0.7266 0.6605
vn -0.1883 -0.2694 0.9445
vn -0.1712 -0.0204 0.9850
vn -0.2223 0.0710 0.9724
vn -0.2800 0.1503 0.9481
vn 0.1589 0.3452 0.9250
vn 0.5644 0.4972 0.6590
vn 0.1117 0.4102 0.9051
vn 0.4622 0.6378 0.6161
vn -0.0000 0.2208 0.9753
vn 0.1604 0.2464 0.9558
vn 0.5864 0.2852 0.7581
vn 0.9462 0.2342 0.2235
vn 0.8490 0.5101 0.1379
vn 0.7155 0.6938 0.0819
vn 0.4787 0.8776 0.0271
vn 0.2527 0.7445 0.6179
vn 0.0153 0.4461 0.8948
vn -0.0690 0.3157 0.9463
vn -0.0412 0.2871 0.9570
vn -0.0188 0.2564 0.9664
vn -0.0047 -0.2886 0.9574
vn 0.1341 -0.7296 0.6706
vn 0.0027 -0.2175 0.9760
vn 0.1632 -0.6639 0.7298
vn -0.1019 -0.0595 0.9930
vn -0.0589 -0.3341 0.9407
vn 0.0365 -0.7689 0.6383
vn 0.1038 -0.9555 0.2762
vn 0.2180 -0.9307 0.2937
vn 0.2720 -0.9100 0.3128
vn 0.2962 -0.8958 0.3314
vn 0.1604 -0.5969 0.7861
vn -0.0076 -0.1558 0.9878
vn -0.0827 0.0548 0.9951
vn -0.0785 0.0262 0.9966
vn -0.0827 -0.0121 0.9965
vn -0.4611 0.4209 0.7811
vn -0.7379 0.5763 0.3513
vn -0.5223 0.4238 0.7400
vn -0.7907 0.5433 0.2821
vn -0.2520 0.2878 0.9239
vn -0.4126 0.4017 0.8176
vn -0.6942 0.5794 0.4271
vn -0.7904 0.5997 -0.1251
vn -0.8065 0.5744 -0.1404
vn -0.8386 0.5236 -0.1502
vn -0.8959 0.4204 -0.1438
vn -0.8512 0.4529 0.2653
vn -0.5774 0.3797 0.7228
vn -0.3606 0.2965 0.8843
vn -0.3123 0.3040 0.9000
vn -0.2766 0.2988 0.9133
vn -0.0058 -0.0586 0.9983
vn 0.1982 -0.4538 0.8688
vn 0.0360 0.0064 0.9993
vn 0.3156 -0.3168 0.8944
vn -0.0876 0.0757 0.9933
vn -0.0178 -0.1075 0.9940
vn 0.1544 -0.5341 0.8312
vn 0.3173 -0.8816 0.3494
vn 0.4105 -0.8335 0.3700
vn 0.6216 -0.6826 0.3843
vn 0.8977 -0.2757 0.3437
vn 0.4884 -0.0478 0.8713
vn 0.1059 0.1100 0.9883
vn -0.0250 0.1568 0.9873
vn -0.0631 0.1235 0.9903
vn -0.0825 0.0969 0.9919
vn -0.2552 0.4071 0.8770
vn -0.4187 0.6939 0.5859
vn -0.3277 0.3845 0.8630
vn -0.5754 0.6109 0.5438
vn -0.1383 0.3128 0.9397
vn -0.1348 0.4414 0.8871
vn -0.1110 0.7771 0.6195
vn -0.0281 0.9986 -0.0453
vn -0.5003 0.8615 -0.0871
vn -0.7052 0.7021 -0.0988
vn -0.7752 0.6221 -0.1097
vn -0.6524 0.5763 0.4923
vn -0.3745 0.3835 0.8442
vn -0.2345 0.2779 0.9316
vn -0.2133 0.2769 0.9369
vn -0.1823 0.2876 0.9403
vn 0.1528 0.2004 0.9677
vn 0.1385 0.1806 0.9737
vn 0.1643 0.1913 0.9677
vn 0.1506 0.1725 0.9734
vn 0.1644 0.2371 0.9575
vn 0.1490 0.2048 0.9674
vn 0.1330 0.1829 0.9741
vn 0.1068 0.1578 0.9817
vn 0.1166 0.1572 0.9807
vn 0.1330 0.1491 0.9798
vn 0.1588 0.1330 0.9783
vn 0.1765 0.1523 0.9724
vn 0.1911 0.1724 0.9663
vn 0.2038 0.1951 0.9594
vn 0.1809 0.2149 0.9597
vn 0.1681 0.2280 0.9590
vn 0.1361 0.2244 0.9650
vn 0.1104 0.1890 0.9758
vn 0.1458 0.2131 0.9661
vn 0.1241 0.1834 0.9752
vn 0.1407 0.3005 0.9433
vn 0.1128 0.2483 0.9621
vn 0.0801 0.2032 0.9759
vn 0.0378 0.1589 0.9866
vn 0.0673 0.1497 0.9864
vn 0.0876 0.1497 0.9848
vn 0.0995 0.1536 0.9831
vn 0.1303 0.1823 0.9746
vn 0.1487 0.2076 0.9668
vn 0.1660 0.2452 0.9552
vn 0.1658 0.2574 0.9520
vn 0.1592 0.2761 0.9478
vn -0.1290 -0.1876 -0.9737
vn -0.1175 -0.1965 -0.9734
vn -0.1433 -0.2073 -0.9677
vn -0.1312 -0.2154 -0.9677
vn -0.1171 -0.1503 -0.9817
vn -0.1135 -0.1595 -0.9807
vn -0.1007 -0.1726 -0.9798
vn -0.0774 -0.1921 -0.9783
vn -0.0903 -0.2149 -0.9724
vn -0.1049 -0.2351 -0.9663
vn -0.1225 -0.2541 -0.9594
vn -0.1485 -0.2385 -0.9597
vn -0.1649 -0.2303 -0.9590
vn -0.1747 -0.2296 -0.9575
vn -0.1488 -0.2050 -0.9674
vn -0.1328 -0.1831 -0.9741
vn -0.1456 -0.1634 -0.9758
vn -0.1360 -0.1747 -0.9752
vn -0.1713 -0.1988 -0.9650
vn -0.1577 -0.2045 -0.9661
vn -0.1394 -0.0851 -0.9866
vn -0.1216 -0.1103 -0.9864
vn -0.1153 -0.1296 -0.9848
vn -0.1153 -0.1421 -0.9831
vn -0.1331 -0.1803 -0.9746
vn -0.1515 -0.2056 -0.9668
vn -0.1819 -0.2337 -0.9552
vn -0.1935 -0.2372 -0.9520
vn -0.2134 -0.2367 -0.9478
vn -0.2423 -0.2267 -0.9433
vn -0.2013 -0.1840 -0.9621
vn -0.1685 -0.1389 -0.9759
vn 0.3157 0.3168 -0.8944
vn 0.0360 -0.0064 -0.9993
vn 0.1982 0.4538 -0.8688
vn -0.0058 0.0586 -0.9983
vn 0.8977 0.2757 -0.3437
vn 0.4884 0.0479 -0.8713
vn 0.1059 -0.1100 -0.9883
vn -0.0250 -0.1568 -0.9873
vn -0.0631 -0.1235 -0.9903
vn -0.0825 -0.0969 -0.9919
vn -0.0876 -0.0757 -0.9933
vn -0.0178 0.1075 -0.9941
vn 0.1544 0.5341 -0.8312
vn 0.3173 0.8816 -0.3494
vn 0.4104 0.8335 -0.3700
vn 0.6215 0.6826 -0.3843
vn -0.5754 -0.6109 -0.5437
vn -0.3277 -0.3845 -0.8630
vn -0.4187 -0.6939 -0.5859
vn -0.2552 -0.4071 -0.8770
vn -0.7752 -0.6221 0.1096
vn -0.6524 -0.5763 -0.4923
vn -0.3745 -0.3835 -0.8442
vn -0.2345 -0.2779 -0.9316
vn -0.2133 -0.2769 -0.9369
vn -0.1823 -0.2876 -0.9403
vn -0.1383 -0.3128 -0.9397
vn -0.1348 -0.4414 -0.8871
vn -0.1110 -0.7771 -0.6195
vn -0.0281 -0.9986 0.0453
vn -0.5003 -0.8615 0.0871
vn -0.7052 -0.7021 0.0988
vn 0.1631 0.6638 -0.7299
vn 0.0027 0.2176 -0.9760
vn 0.1341 0.7296 -0.6706
vn -0.0047 0.2886 -0.9574
vn 0.2962 0.8958 -0.3314
vn 0.1604 0.5969 -0.7861
vn -0.0076 0.1559 -0.9878
vn -0.0827 -0.0548 -0.9951
vn -0.0785 -0.0262 -0.9966
vn -0.0827 0.0121 -0.9965
vn -0.1019 0.0595 -0.9930
vn -0.0589 0.3341 -0.9407
vn 0.0365 0.7689 -0.6383
vn 0.1038 0.9555 -0.2762
vn 0.2180 0.9307 -0.2937
vn 0.2720 0.9100 -0.3128
vn -0.7907 -0.5433 -0.2821
vn -0.5223 -0.4238 -0.7400
vn -0.7379 -0.5763 -0.3513
vn -0.4611 -0.4209 -0.7811
vn -0.8959 -0.4204 0.1439
vn -0.8512 -0.4529 -0.2653
vn -0.5774 -0.3796 -0.7228
vn -0.3606 -0.2965 -0.8843
vn -0.3123 -0.3040 -0.9000
vn -0.2766 -0.2988 -0.9133
vn -0.2520 -0.2878 -0.9239
vn -0.4126 -0.4016 -0.8176
vn -0.6942 -0.5794 -0.4271
vn -0.7904 -0.5997 0.1251
vn -0.8065 -0.5744 0.1404
vn -0.8386 -0.5236 0.1502
vn 0.4622 -0.6379 -0.6161
vn 0.1117 -0.4101 -0.9052
vn 0.5644 -0.4972 -0.6590
vn 0.1589 -0.3452 -0.9250
vn 0.4787 -0.8776 -0.0271
vn 0.2527 -0.7445 -0.6179
vn 0.0153 -0.4461 -0.8948
vn -0.0689 -0.3157 -0.9463
vn -0.0412 -0.2871 -0.9570
vn -0.0188 -0.2564 -0.9664
vn -0.0000 -0.2208 -0.9753
vn 0.1604 -0.2465 -0.9558
vn 0.5865 -0.2852 -0.7581
vn 0.9461 -0.2342 -0.2235
vn 0.8490 -0.5101 -0.1379
vn 0.7155 -0.6938 -0.0819
vn -0.5362 0.5099 -0.6727
vn -0.3367 0.1080 -0.9354
vn -0.8282 0.1081 -0.5500
vn -0.4702 -0.0757 -0.8793
vn -0.1445 0.9567 -0.2526
vn -0.1889 0.7266 -0.6605
vn -0.1883 0.2693 -0.9445
vn -0.1712 0.0204 -0.9850
vn -0.2223 -0.0709 -0.9724
vn -0.2800 -0.1503 -0.9481
vn -0.3475 -0.2223 -0.9110
vn -0.5655 -0.2499 -0.7860
vn -0.8980 -0.2493 -0.3626
vn -0.9771 -0.1892 0.0972
vn -0.9617 0.2730 -0.0236
vn -0.5866 0.7894 -0.1812
vn -0.0733 0.4706 0.8793
vn -0.3587 0.7542 0.5500
vn -0.2068 0.2869 0.9354
vn -0.6507 0.3524 0.6726
vn 0.1040 0.3992 0.9110
vn 0.0629 0.6151 0.7860
vn -0.0404 0.9311 0.3626
vn -0.1220 0.9878 -0.0972
vn -0.5569 0.8303 0.0236
vn -0.9320 0.3140 0.1812
vn -0.9545 -0.1582 0.2526
vn -0.7495 -0.0448 0.6605
vn -0.3144 0.0958 0.9445
vn -0.0723 0.1565 0.9850
vn -0.0012 0.2334 0.9724
vn 0.0565 0.3128 0.9481
vn 0.3774 -0.0445 0.9250
vn 0.6472 -0.3831 0.6590
vn 0.4246 0.0205 0.9051
vn 0.7494 -0.2424 0.6161
vn 0.2100 0.0682 0.9753
vn 0.2839 -0.0764 0.9558
vn 0.4524 -0.4696 0.7581
vn 0.5151 -0.8275 0.2235
vn 0.7475 -0.6498 0.1379
vn 0.8809 -0.4661 0.0819
vn 0.9825 -0.1841 0.0271
vn 0.7862 -0.0102 0.6179
vn 0.4290 0.1233 0.8948
vn 0.2790 0.1631 0.9463
vn 0.2604 0.1279 0.9570
vn 0.2380 0.0971 0.9664
vn -0.2759 -0.0847 0.9574
vn -0.6524 -0.3529 0.6706
vn -0.2061 -0.0698 0.9760
vn -0.5810 -0.3603 0.7298
vn -0.0880 0.0785 0.9930
vn -0.3359 -0.0473 0.9407
vn -0.7200 -0.2723 0.6383
vn -0.8766 -0.3940 0.2762
vn -0.8178 -0.4949 0.2937
vn -0.7814 -0.5400 0.3128
vn -0.7604 -0.5585 0.3314
vn -0.5181 -0.3370 0.7861
vn -0.1506 -0.0410 0.9878
vn 0.0265 0.0956 0.9951
vn 0.0006 0.0828 0.9966
vn -0.0370 0.0749 0.9965
vn 0.2578 0.5686 0.7811
vn 0.3201 0.8799 0.3513
vn 0.2417 0.6277 0.7400
vn 0.2724 0.9199 0.2821
vn 0.1959 0.3286 0.9239
vn 0.2545 0.5165 0.8176
vn 0.3365 0.8392 0.4271
vn 0.3261 0.9370 -0.1251
vn 0.2971 0.9445 -0.1403
vn 0.2388 0.9594 -0.1502
vn 0.1230 0.9819 -0.1439
vn 0.1677 0.9495 0.2654
vn 0.1826 0.6665 0.7228
vn 0.1706 0.4345 0.8843
vn 0.1926 0.3910 0.9000
vn 0.1987 0.3554 0.9134
vn -0.0575 -0.0126 0.9983
vn -0.3704 -0.3287 0.8688
vn 0.0172 -0.0322 0.9993
vn -0.2038 -0.3981 0.8944
vn 0.0449 0.1067 0.9933
vn -0.1077 -0.0163 0.9940
vn -0.4602 -0.3118 0.8312
vn -0.7405 -0.5742 0.3494
vn -0.6658 -0.6479 0.3700
vn -0.4572 -0.8021 0.3843
vn 0.0152 -0.9390 0.3437
vn 0.1054 -0.4793 0.8713
vn 0.1374 -0.0667 0.9883
vn 0.1414 0.0722 0.9873
vn 0.0980 0.0981 0.9903
vn 0.0666 0.1085 0.9919
vn 0.3083 0.3685 0.8770
vn 0.5305 0.6126 0.5859
vn 0.2644 0.4305 0.8630
vn 0.4032 0.7361 0.5437
vn 0.2548 0.2282 0.9397
vn 0.3782 0.2647 0.8871
vn 0.7048 0.3457 0.6195
vn 0.9410 0.3353 -0.0453
vn 0.6647 0.7420 -0.0871
vn 0.4498 0.8876 -0.0988
vn 0.3521 0.9295 -0.1096
vn 0.3465 0.7985 0.4923
vn 0.2490 0.4747 0.8442
vn 0.1918 0.3089 0.9316
vn 0.1974 0.2885 0.9369
vn 0.2172 0.2622 0.9403
vn 0.2378 -0.0834 0.9677
vn 0.2146 -0.0759 0.9737
vn 0.2327 -0.0971 0.9677
vn 0.2106 -0.0900 0.9734
vn 0.2763 -0.0830 0.9575
vn 0.2409 -0.0784 0.9674
vn 0.2151 -0.0700 0.9741
vn 0.1831 -0.0528 0.9817
vn 0.1855 -0.0623 0.9807
vn 0.1829 -0.0805 0.9798
vn 0.1756 -0.1099 0.9783
vn 0.1994 -0.1208 0.9724
vn 0.2231 -0.1285 0.9663
vn 0.2485 -0.1336 0.9594
vn 0.2603 -0.1056 0.9597
vn 0.2688 -0.0894 0.9590
vn 0.2554 -0.0601 0.9650
vn 0.2138 -0.0466 0.9758
vn 0.2477 -0.0728 0.9661
vn 0.2128 -0.0614 0.9752
vn 0.3293 -0.0410 0.9433
vn 0.2710 -0.0306 0.9621
vn 0.2180 -0.0133 0.9759
vn 0.1628 0.0131 0.9866
vn 0.1632 -0.0178 0.9864
vn 0.1695 -0.0371 0.9848
vn 0.1768 -0.0472 0.9831
vn 0.2136 -0.0676 0.9746
vn 0.2434 -0.0773 0.9668
vn 0.2845 -0.0822 0.9552
vn 0.2960 -0.0782 0.9520
vn 0.3118 -0.0661 0.9478
vn -0.2182 0.0647 -0.9737
vn -0.2232 0.0510 -0.9734
vn -0.2414 0.0722 -0.9677
vn -0.2454 0.0582 -0.9677
vn -0.1791 0.0649 -0.9817
vn -0.1868 0.0586 -0.9807
vn -0.1952 0.0424 -0.9798
vn -0.2066 0.0143 -0.9783
vn -0.2323 0.0195 -0.9724
vn -0.2560 0.0272 -0.9663
vn -0.2796 0.0380 -0.9594
vn -0.2727 0.0676 -0.9597
vn -0.2700 0.0857 -0.9590
vn -0.2724 0.0952 -0.9575
vn -0.2409 0.0782 -0.9674
vn -0.2151 0.0698 -0.9741
vn -0.2004 0.0880 -0.9758
vn -0.2082 0.0754 -0.9752
vn -0.2420 0.1015 -0.9650
vn -0.2432 0.0867 -0.9661
vn -0.1240 0.1063 -0.9866
vn -0.1425 0.0816 -0.9864
vn -0.1589 0.0696 -0.9848
vn -0.1707 0.0658 -0.9831
vn -0.2126 0.0709 -0.9746
vn -0.2424 0.0805 -0.9668
vn -0.2784 0.1008 -0.9552
vn -0.2854 0.1107 -0.9520
vn -0.2911 0.1298 -0.9478
vn -0.2905 0.1604 -0.9433
vn -0.2372 0.1346 -0.9621
vn -0.1842 0.1173 -0.9759
vn 0.3989 -0.2023 -0.8944
vn 0.0050 -0.0362 -0.9993
vn 0.4929 -0.0482 -0.8688
vn 0.0539 0.0236 -0.9983
vn 0.5396 -0.7686 -0.3437
vn 0.1964 -0.4497 -0.8713
vn -0.0719 -0.1347 -0.9883
vn -0.1568 -0.0247 -0.9873
vn -0.1369 0.0218 -0.9903
vn -0.1177 0.0486 -0.9919
vn -0.0991 0.0599 -0.9933
vn 0.0967 0.0502 -0.9940
vn 0.5557 0.0182 -0.8312
vn 0.9365 -0.0293 -0.3494
vn 0.9195 -0.1328 -0.3700
vn 0.8413 -0.3802 -0.3843
vn -0.7588 0.3585 -0.5437
vn -0.4669 0.1929 -0.8630
vn -0.7893 0.1838 -0.5859
vn -0.4660 0.1169 -0.8770
vn -0.8312 0.5451 0.1096
vn -0.7497 0.4424 -0.4923
vn -0.4805 0.2377 -0.8442
vn -0.3367 0.1371 -0.9316
vn -0.3293 0.1173 -0.9369
vn -0.3298 0.0845 -0.9403
vn -0.3402 0.0349 -0.9397
vn -0.4615 -0.0082 -0.8871
vn -0.7734 -0.1346 -0.6195
vn -0.9584 -0.2818 0.0453
vn -0.9739 0.2096 0.0871
vn -0.8856 0.4537 0.0988
vn 0.6818 0.0500 -0.7299
vn 0.2078 0.0646 -0.9760
vn 0.7353 0.0980 -0.6707
vn 0.2730 0.0937 -0.9574
vn 0.9435 -0.0049 -0.3314
vn 0.6172 0.0319 -0.7861
vn 0.1459 0.0554 -0.9878
vn -0.0777 0.0617 -0.9951
vn -0.0492 0.0666 -0.9966
vn -0.0141 0.0824 -0.9965
vn 0.0251 0.1153 -0.9930
vn 0.2996 0.1592 -0.9407
vn 0.7426 0.2029 -0.6383
vn 0.9408 0.1965 -0.2762
vn 0.9525 0.0803 -0.2937
vn 0.9496 0.0225 -0.3128
vn -0.7610 0.5841 -0.2821
vn -0.5645 0.3658 -0.7400
vn -0.7761 0.5237 -0.3513
vn -0.5428 0.3085 -0.7811
vn -0.6767 0.7221 0.1439
vn -0.6938 0.6695 -0.2654
vn -0.5395 0.4318 -0.7228
vn -0.3934 0.2513 -0.8843
vn -0.3856 0.2031 -0.9000
vn -0.3697 0.1707 -0.9133
vn -0.3516 0.1507 -0.9239
vn -0.5095 0.2683 -0.8176
vn -0.7656 0.4811 -0.4271
vn -0.8146 0.5664 0.1251
vn -0.7955 0.5895 0.1404
vn -0.7571 0.6358 0.1502
vn -0.4638 -0.6366 -0.6161
vn -0.3556 -0.2330 -0.9051
vn -0.2984 -0.6904 -0.6590
vn -0.2792 -0.2578 -0.9250
vn -0.6867 -0.7265 -0.0271
vn -0.6300 -0.4704 -0.6179
vn -0.4196 -0.1524 -0.8948
vn -0.3216 -0.0320 -0.9463
vn -0.2858 -0.0496 -0.9570
vn -0.2497 -0.0613 -0.9664
vn -0.2100 -0.0682 -0.9753
vn -0.1848 -0.2287 -0.9558
vn -0.0900 -0.6459 -0.7581
vn 0.0697 -0.9722 -0.2235
vn -0.2227 -0.9651 -0.1379
vn -0.4387 -0.8949 -0.0819
vn 0.3193 0.6675 -0.6727
vn -0.0013 0.3536 -0.9354
vn -0.1531 0.8210 -0.5500
vn -0.2173 0.4238 -0.8793
vn 0.8652 0.4331 -0.2526
vn 0.6327 0.4042 -0.6605
vn 0.1980 0.2623 -0.9445
vn -0.0335 0.1691 -0.9850
vn -0.1362 0.1895 -0.9724
vn -0.2295 0.2199 -0.9481
vn -0.3188 0.2618 -0.9110
vn -0.4124 0.4606 -0.7860
vn -0.5145 0.7770 -0.3626
vn -0.4819 0.8708 0.0972
vn -0.0375 0.9990 -0.0236
vn 0.5695 0.8018 -0.1812
vn 0.4249 0.2151 0.8793
vn 0.6064 0.5743 0.5500
vn 0.2090 0.2853 0.9354
vn 0.1341 0.7277 0.6726
vn 0.4118 0.0244 0.9110
vn 0.6044 0.1302 0.7860
vn 0.8730 0.3262 0.3626
vn 0.9017 0.4212 -0.0972
vn 0.6175 0.7862 0.0236
vn 0.0106 0.9834 0.1812
vn -0.4454 0.8589 0.2526
vn -0.2743 0.6989 0.6605
vn -0.0060 0.3286 0.9445
vn 0.1265 0.1171 0.9850
vn 0.2216 0.0733 0.9724
vn 0.3149 0.0430 0.9481
vn 0.0743 -0.3727 0.9250
vn -0.1643 -0.7340 0.6590
vn 0.1507 -0.3975 0.9051
vn 0.0010 -0.7877 0.6161
vn 0.1298 -0.1786 0.9753
vn 0.0151 -0.2936 0.9558
vn -0.3068 -0.5754 0.7581
vn -0.6278 -0.7456 0.2235
vn -0.3871 -0.9117 0.1379
vn -0.1711 -0.9818 0.0818
vn 0.1285 -0.9913 0.0271
vn 0.2332 -0.7509 0.6179
vn 0.2498 -0.3699 0.8948
vn 0.2414 -0.2149 0.9463
vn 0.2021 -0.2081 0.9570
vn 0.1659 -0.1964 0.9664
vn -0.1658 0.2363 0.9574
vn -0.5373 0.5114 0.6706
vn -0.1301 0.1744 0.9760
vn -0.5222 0.4412 0.7298
vn 0.0475 0.1080 0.9930
vn -0.1488 0.3049 0.9407
vn -0.4815 0.6006 0.6383
vn -0.6456 0.7120 0.2762
vn -0.7234 0.6248 0.2937
vn -0.7550 0.5763 0.3128
vn -0.7661 0.5506 0.3314
vn -0.4806 0.3886 0.7861
vn -0.0855 0.1305 0.9878
vn 0.0991 0.0043 0.9951
vn 0.0789 0.0250 0.9966
vn 0.0598 0.0584 0.9965
vn 0.6205 -0.0695 0.7811
vn 0.9357 -0.0325 0.3513
vn 0.6717 -0.0359 0.7400
vn 0.9591 0.0252 0.2821
vn 0.3731 -0.0847 0.9239
vn 0.5699 -0.0824 0.8176
vn 0.9022 -0.0607 0.4271
vn 0.9919 -0.0206 -0.1251
vn 0.9901 0.0093 -0.1404
vn 0.9862 0.0693 -0.1502
vn 0.9719 0.1864 -0.1438
vn 0.9548 0.1339 0.2653
vn 0.6903 0.0323 0.7228
vn 0.4660 -0.0280 0.8843
vn 0.4314 -0.0624 0.9000
vn 0.3994 -0.0792 0.9133
vn -0.0297 0.0508 0.9983
vn -0.4271 0.2507 0.8688
vn -0.0253 -0.0263 0.9993
vn -0.4416 0.0708 0.8944
vn 0.1154 -0.0098 0.9933
vn -0.0487 0.0974 0.9940
vn -0.4388 0.3413 0.8312
vn -0.7749 0.5268 0.3494
vn -0.8220 0.4330 0.3700
vn -0.9041 0.1869 0.3843
vn -0.8883 -0.3046 0.3437
vn -0.4232 -0.2484 0.8713
vn -0.0210 -0.1513 0.9883
vn 0.1124 -0.1122 0.9873
vn 0.1236 -0.0628 0.9903
vn 0.1237 -0.0299 0.9919
vn 0.4457 -0.1794 0.8770
vn 0.7465 -0.3153 0.5859
vn 0.4911 -0.1184 0.8630
vn 0.8246 -0.1560 0.5438
vn 0.2958 -0.1718 0.9397
vn 0.3686 -0.2779 0.8871
vn 0.5466 -0.5635 0.6195
vn 0.6097 -0.7913 -0.0453
vn 0.9111 -0.4029 -0.0871
vn 0.9832 -0.1535 -0.0988
vn 0.9928 -0.0476 -0.1096
vn 0.8665 -0.0828 0.4923
vn 0.5284 -0.0901 0.8442
vn 0.3530 -0.0870 0.9316
vn 0.3354 -0.0986 0.9369
vn 0.3165 -0.1255 0.9403
vn -0.0000 -1.0000 -0.0000
vn -0.0000 1.0000 -0.0000
vn 0.2055 -0.0000 -0.9786
vn -0.2112 -0.0000 0.9774
vn -0.2055 -0.0000 -0.9786
vn -0.1154 -0.0000 -0.9933
vn 0.1154 -0.0000 -0.9933
vn -0.1203 -0.0000 0.9927
vn 0.1203 -0.0000 0.9927
vn 0.2112 -0.0000 0.9774
vn 0.1473 -0.2086 -0.9668
vn 0.3822 -0.5916 -0.7099
vn 0.5194 -0.8145 -0.2587
vn 0.5233 -0.8104 0.2635
vn 0.3928 -0.5838 0.7106
vn 0.1588 -0.2058 0.9656
vn -0.1223 0.2229 0.9671
vn -0.3742 0.5961 0.7104
vn -0.5194 0.8145 0.2587
vn -0.5149 0.8160 -0.2627
vn -0.3683 0.6006 -0.7096
vn -0.1258 0.2268 -0.9658
vn 0.4339 -0.0397 -0.9001
vn 0.5490 -0.4906 -0.6767
vn 0.5156 -0.8157 -0.2622
vn 0.3417 -0.9116 0.2284
vn 0.0846 -0.7543 0.6510
vn -0.1860 -0.4020 0.8965
vn -0.4134 0.0496 0.9092
vn -0.5394 0.4952 0.6811
vn -0.5152 0.8159 0.2624
vn -0.3411 0.9119 -0.2281
vn -0.0741 0.7597 -0.6460
vn 0.2073 0.4128 -0.8869
vn 0.7744 0.1081 -0.6233
vn 0.7733 -0.3869 -0.5023
vn 0.5585 -0.7941 -0.2395
vn 0.1825 -0.9782 0.0990
vn -0.2291 -0.8822 0.4115
vn -0.5591 -0.5570 0.6141
vn -0.7481 -0.0994 0.6561
vn -0.7572 0.3917 0.5227
vn -0.5556 0.7950 0.2434
vn -0.1842 0.9777 -0.1012
vn 0.2351 0.8843 -0.4033
vn 0.5797 0.5646 -0.5875
vn 0.9895 0.1320 -0.0583
vn 0.9210 -0.3808 -0.0822
vn 0.5987 -0.7966 -0.0836
vn 0.1107 -0.9918 -0.0634
vn -0.4001 -0.9160 -0.0283
vn -0.7987 -0.6015 0.0130
vn -0.9900 -0.1312 0.0520
vn -0.9212 0.3810 0.0793
vn -0.5984 0.7966 0.0854
vn -0.1101 0.9917 0.0663
vn 0.4000 0.9161 0.0277
vn 0.7980 0.6024 -0.0181
vn 0.9960 0.0893 -0.0015
vn 0.8943 -0.3662 -0.2570
vn 0.5506 -0.7123 -0.4354
vn 0.0727 -0.8644 -0.4976
vn -0.4221 -0.7955 -0.4348
vn -0.8171 -0.5167 -0.2558
vn -0.9960 -0.0891 0.0012
vn -0.8942 0.3641 0.2605
vn -0.5501 0.7077 0.4433
vn -0.0721 0.8596 0.5058
vn 0.4224 0.7930 0.4389
vn 0.8171 0.5167 0.2557
vn 0.9968 0.0801 0.0063
vn 0.8808 -0.1716 -0.4413
vn 0.5272 -0.3684 -0.7657
vn 0.0415 -0.4660 -0.8838
vn -0.4541 -0.4469 -0.7708
vn -0.8369 -0.3097 -0.4513
vn -0.9967 -0.0804 -0.0061
vn -0.8816 0.1778 0.4373
vn -0.5295 0.3877 0.7546
vn -0.0431 0.4920 0.8695
vn 0.4538 0.4659 0.7596
vn 0.8368 0.3156 0.4474
vn 0.9990 0.0274 0.0351
vn 0.8826 -0.1589 -0.4424
vn 0.5288 -0.3015 -0.7934
vn 0.0407 -0.3625 -0.9311
vn -0.4572 -0.3279 -0.8267
vn -0.8399 -0.2057 -0.5022
vn -0.9990 -0.0273 -0.0352
vn -0.8824 0.1564 0.4437
vn -0.5280 0.2934 0.7969
vn -0.0404 0.3516 0.9353
vn 0.4568 0.3198 0.8301
vn 0.8398 0.2032 0.5035
vn 0.9988 0.0405 0.0265
vn 0.8839 -0.3603 -0.2982
vn 0.5314 -0.6543 -0.5380
vn 0.0473 -0.7726 -0.6332
vn -0.4487 -0.6930 -0.5643
vn -0.8351 -0.4290 -0.3443
vn -0.9988 -0.0405 -0.0265
vn -0.8838 0.3626 0.2956
vn -0.5312 0.6624 0.5282
vn -0.0473 0.7842 0.6187
vn 0.4484 0.7024 0.5527
vn 0.8350 0.4327 0.3400
vn 0.9988 0.0381 0.0309
vn 0.8856 -0.4441 -0.1358
vn 0.5347 -0.8023 -0.2653
vn 0.0454 -0.9453 -0.3229
vn -0.4556 -0.8400 -0.2946
vn -0.8394 -0.5101 -0.1878
vn -0.9988 -0.0382 -0.0307
vn -0.8855 0.4454 0.1319
vn -0.5345 0.8056 0.2557
vn -0.0453 0.9491 0.3116
vn 0.4556 0.8425 0.2875
vn 0.8394 0.5106 0.1863
vn 0.9981 0.0498 -0.0361
vn 0.8870 -0.4552 -0.0780
vn 0.5372 -0.8363 -0.1098
vn 0.0442 -0.9914 -0.1229
vn -0.4605 -0.8804 -0.1136
vn -0.8424 -0.5322 -0.0844
vn -0.9983 -0.0392 -0.0434
vn -0.8852 0.4651 -0.0018
vn -0.5352 0.8442 0.0292
vn -0.0437 0.9982 0.0416
vn 0.4590 0.8878 0.0326
vn 0.8407 0.5415 0.0043
vn -0.1473 -0.2086 -0.9668
vn -0.3822 -0.5916 -0.7099
vn -0.5194 -0.8145 -0.2587
vn -0.5233 -0.8104 0.2635
vn -0.3928 -0.5838 0.7106
vn -0.1588 -0.2058 0.9656
vn 0.1223 0.2229 0.9671
vn 0.3741 0.5961 0.7104
vn 0.5194 0.8145 0.2587
vn 0.5149 0.8160 -0.2627
vn 0.3683 0.6006 -0.7096
vn 0.1258 0.2268 -0.9658
vn -0.4339 -0.0397 -0.9001
vn -0.5490 -0.4906 -0.6767
vn -0.5156 -0.8157 -0.2622
vn -0.3417 -0.9116 0.2284
vn -0.0846 -0.7543 0.6511
vn 0.1860 -0.4020 0.8965
vn 0.4134 0.0496 0.9092
vn 0.5394 0.4952 0.6811
vn 0.5152 0.8159 0.2624
vn 0.3411 0.9119 -0.2281
vn 0.0741 0.7597 -0.6460
vn -0.2073 0.4128 -0.8869
vn -0.7744 0.1081 -0.6234
vn -0.7733 -0.3869 -0.5023
vn -0.5585 -0.7941 -0.2395
vn -0.1826 -0.9782 0.0990
vn 0.2291 -0.8822 0.4115
vn 0.5591 -0.5570 0.6141
vn 0.7481 -0.0994 0.6561
vn 0.7572 0.3917 0.5227
vn 0.5556 0.7950 0.2434
vn 0.1842 0.9777 -0.1012
vn -0.2351 0.8843 -0.4033
vn -0.5797 0.5646 -0.5875
vn -0.9895 0.1321 -0.0583
vn -0.9210 -0.3808 -0.0822
vn -0.5987 -0.7966 -0.0836
vn -0.1107 -0.9918 -0.0634
vn 0.4001 -0.9160 -0.0283
vn 0.7987 -0.6015 0.0130
vn 0.9900 -0.1312 0.0520
vn 0.9212 0.3810 0.0793
vn 0.5984 0.7966 0.0854
vn 0.1101 0.9917 0.0663
vn -0.4000 0.9161 0.0277
vn -0.7980 0.6024 -0.0181
vn -0.9960 0.0893 -0.0015
vn -0.8943 -0.3662 -0.2570
vn -0.5506 -0.7123 -0.4354
vn -0.0727 -0.8644 -0.4976
vn 0.4221 -0.7955 -0.4348
vn 0.8171 -0.5167 -0.2558
vn 0.9960 -0.0891 0.0012
vn 0.8942 0.3641 0.2605
vn 0.5501 0.7077 0.4433
vn 0.0721 0.8596 0.5058
vn -0.4224 0.7930 0.4389
vn -0.8171 0.5167 0.2557
vn -0.9968 0.0801 0.0063
vn -0.8808 -0.1716 -0.4413
vn -0.5272 -0.3684 -0.7657
vn -0.0415 -0.4660 -0.8838
vn 0.4541 -0.4469 -0.7708
vn 0.8369 -0.3097 -0.4513
vn 0.9967 -0.0804 -0.0061
vn 0.8816 0.1778 0.4373
vn 0.5295 0.3877 0.7546
vn 0.0431 0.4920 0.8695
vn -0.4538 0.4659 0.7596
vn -0.8368 0.3156 0.4474
vn -0.9990 0.0274 0.0351
vn -0.8826 -0.1589 -0.4424
vn -0.5288 -0.3015 -0.7934
vn -0.0407 -0.3625 -0.9311
vn 0.4572 -0.3279 -0.8267
vn 0.8399 -0.2057 -0.5022
vn 0.9990 -0.0273 -0.0352
vn 0.8824 0.1564 0.4437
vn 0.5280 0.2934 0.7969
vn 0.0404 0.3516 0.9353
vn -0.4568 0.3198 0.8301
vn -0.8398 0.2032 0.5035
vn -0.9988 0.0405 0.0265
vn -0.8839 -0.3603 -0.2982
vn -0.5314 -0.6543 -0.5380
vn -0.0473 -0.7726 -0.6332
vn 0.4487 -0.6930 -0.5643
vn 0.8351 -0.4290 -0.3443
vn 0.9988 -0.0405 -0.0265
vn 0.8838 0.3626 0.2956
vn 0.5312 0.6624 0.5282
vn 0.0473 0.7842 0.6187
vn -0.4484 0.7024 0.5527
vn -0.8350 0.4327 0.3400
vn -0.9988 0.0381 0.0309
vn -0.8856 -0.4441 -0.1357
vn -0.5347 -0.8023 -0.2653
vn -0.0454 -0.9453 -0.3229
vn 0.4556 -0.8400 -0.2946
vn 0.8394 -0.5101 -0.1878
vn 0.9988 -0.0382 -0.0307
vn 0.8855 0.4454 0.1319
vn 0.5345 0.8056 0.2557
vn 0.0453 0.9491 0.3116
vn -0.4556 0.8425 0.2875
vn -0.8394 0.5106 0.1863
vn -0.9981 0.0498 -0.0361
vn -0.8870 -0.4552 -0.0780
vn -0.5372 -0.8363 -0.1098
vn -0.0442 -0.9914 -0.1229
vn 0.4605 -0.8804 -0.1136
vn 0.8424 -0.5322 -0.0844
vn 0.9983 -0.0392 -0.0434
vn 0.8852 0.4651 -0.0018
vn 0.5352 0.8442 0.0292
vn 0.0437 0.9982 0.0416
vn -0.4590 0.8878 0.0326
vn -0.8407 0.5415 0.0043
vn -0.1465 0.2144 0.9657
vn -0.3841 0.5969 0.7044
vn -0.5206 0.8162 0.2507
vn -0.5205 0.8101 -0.2697
vn -0.3858 0.5853 -0.7131
vn -0.1515 0.2105 -0.9658
vn 0.1257 -0.2167 -0.9681
vn 0.3733 -0.5914 -0.7147
vn 0.5182 -0.8128 -0.2661
vn 0.5171 -0.8169 0.2557
vn 0.3733 -0.6012 0.7065
vn 0.1300 -0.2242 0.9658
vn -0.4339 0.0472 0.8997
vn -0.5488 0.5026 0.6680
vn -0.5115 0.8236 0.2452
vn -0.3340 0.9104 -0.2442
vn -0.0769 0.7497 -0.6573
vn 0.1906 0.4031 -0.8951
vn 0.4139 -0.0398 -0.9094
vn 0.5396 -0.4822 -0.6902
vn 0.5189 -0.8085 -0.2777
vn 0.3478 -0.9126 0.2151
vn 0.0803 -0.7634 0.6409
vn -0.2044 -0.4126 0.8877
vn -0.7729 -0.1033 0.6261
vn -0.7691 0.3982 0.4999
vn -0.5477 0.8048 0.2287
vn -0.1669 0.9794 -0.1133
vn 0.2421 0.8757 -0.4179
vn 0.5669 0.5560 -0.6078
vn 0.7533 0.1126 -0.6480
vn 0.7656 -0.3693 -0.5268
vn 0.5714 -0.7788 -0.2588
vn 0.2011 -0.9757 0.0870
vn -0.2243 -0.8896 0.3979
vn -0.5755 -0.5673 0.5891
vn -0.9910 -0.1210 0.0581
vn -0.9149 0.3952 0.0822
vn -0.5849 0.8068 0.0837
vn -0.0971 0.9933 0.0632
vn 0.4053 0.9138 0.0277
vn 0.7959 0.6053 -0.0137
vn 0.9880 0.1450 -0.0524
vn 0.9285 -0.3629 -0.0793
vn 0.6136 -0.7850 -0.0854
vn 0.1230 -0.9902 -0.0666
vn -0.3963 -0.9177 -0.0281
vn -0.8007 -0.5988 0.0177
vn -0.9975 -0.0698 0.0128
vn -0.8835 0.3844 0.2678
vn -0.5368 0.7192 0.4412
vn -0.0692 0.8634 0.4998
vn 0.4137 0.7980 0.4382
vn 0.8072 0.5284 0.2632
vn 0.9946 0.1039 0.0075
vn 0.8996 -0.3548 -0.2547
vn 0.5552 -0.7052 -0.4410
vn 0.0719 -0.8601 -0.5050
vn -0.4290 -0.7907 -0.4367
vn -0.8258 -0.5060 -0.2490
vn -0.9973 -0.0735 0.0061
vn -0.8748 0.1788 0.4504
vn -0.5204 0.3753 0.7670
vn -0.0401 0.4721 0.8807
vn 0.4492 0.4520 0.7707
vn 0.8310 0.3148 0.4585
vn 0.9961 0.0865 0.0177
vn 0.8870 -0.1714 -0.4287
vn 0.5356 -0.3827 -0.7528
vn 0.0440 -0.4884 -0.8715
vn -0.4590 -0.4623 -0.7587
vn -0.8429 -0.3105 -0.4394
vn -0.9986 -0.0302 -0.0426
vn -0.8856 0.1565 0.4373
vn -0.5314 0.2996 0.7923
vn -0.0400 0.3609 0.9317
vn 0.4609 0.3261 0.8254
vn 0.8435 0.2035 0.4971
vn 0.9993 0.0248 0.0285
vn 0.8796 -0.1588 -0.4483
vn 0.5256 -0.2957 -0.7977
vn 0.0414 -0.3539 -0.9344
vn -0.4526 -0.3223 -0.8315
vn -0.8358 -0.2059 -0.5090
vn -0.9978 -0.0543 -0.0376
vn -0.8902 0.3511 0.2902
vn -0.5376 0.6523 0.5343
vn -0.0477 0.7740 0.6314
vn 0.4546 0.6919 0.5609
vn 0.8423 0.4209 0.3367
vn 0.9995 0.0268 0.0155
vn 0.8758 -0.3737 -0.3053
vn 0.5225 -0.6649 -0.5337
vn 0.0472 -0.7815 -0.6221
vn -0.4393 -0.7038 -0.5582
vn -0.8256 -0.4429 -0.3497
vn -0.9982 -0.0498 -0.0347
vn -0.8906 0.4353 0.1318
vn -0.5401 0.7996 0.2624
vn -0.0458 0.9460 0.3210
vn 0.4606 0.8381 0.2925
vn 0.8449 0.5020 0.1845
vn 0.9993 0.0265 0.0267
vn 0.8804 -0.4545 -0.1356
vn 0.5288 -0.8085 -0.2583
vn 0.0448 -0.9487 -0.3131
vn -0.4505 -0.8448 -0.2889
vn -0.8337 -0.5190 -0.1888
vn -0.9979 -0.0532 0.0358
vn -0.8885 0.4522 0.0778
vn -0.5392 0.8350 0.1097
vn -0.0446 0.9914 0.1228
vn 0.4619 0.8797 0.1134
vn 0.8440 0.5297 0.0842
vn 0.9984 0.0359 0.0432
vn 0.8839 -0.4676 0.0015
vn 0.5337 -0.8452 -0.0295
vn 0.0433 -0.9982 -0.0420
vn -0.4580 -0.8883 -0.0329
vn -0.8393 -0.5437 -0.0046
vn 0.1465 0.2144 0.9657
vn 0.3841 0.5969 0.7044
vn 0.5206 0.8162 0.2507
vn 0.5205 0.8101 -0.2697
vn 0.3858 0.5853 -0.7131
vn 0.1515 0.2105 -0.9658
vn -0.1257 -0.2167 -0.9681
vn -0.3733 -0.5914 -0.7147
vn -0.5182 -0.8128 -0.2661
vn -0.5171 -0.8169 0.2557
vn -0.3733 -0.6012 0.7065
vn -0.1300 -0.2242 0.9658
vn 0.4339 0.0472 0.8997
vn 0.5488 0.5026 0.6680
vn 0.5115 0.8236 0.2452
vn 0.3340 0.9104 -0.2442
vn 0.0769 0.7497 -0.6573
vn -0.1906 0.4030 -0.8951
vn -0.4139 -0.0398 -0.9094
vn -0.5396 -0.4822 -0.6902
vn -0.5189 -0.8085 -0.2777
vn -0.3478 -0.9126 0.2151
vn -0.0803 -0.7634 0.6409
vn 0.2044 -0.4126 0.8877
vn 0.7729 -0.1033 0.6261
vn 0.7691 0.3982 0.4999
vn 0.5477 0.8048 0.2287
vn 0.1669 0.9794 -0.1133
vn -0.2421 0.8757 -0.4179
vn -0.5669 0.5560 -0.6078
vn -0.7533 0.1126 -0.6480
vn -0.7656 -0.3693 -0.5268
vn -0.5714 -0.7788 -0.2588
vn -0.2011 -0.9757 0.0870
vn 0.2243 -0.8896 0.3979
vn 0.5755 -0.5673 0.5891
vn 0.9910 -0.1210 0.0581
vn 0.9149 0.3952 0.0822
vn 0.5849 0.8068 0.0837
vn 0.0971 0.9933 0.0632
vn -0.4053 0.9138 0.0277
vn -0.7959 0.6053 -0.0137
vn -0.9880 0.1450 -0.0524
vn -0.9285 -0.3629 -0.0793
vn -0.6136 -0.7850 -0.0854
vn -0.1230 -0.9902 -0.0666
vn 0.3963 -0.9177 -0.0281
vn 0.8007 -0.5988 0.0177
vn 0.9975 -0.0698 0.0128
vn 0.8835 0.3844 0.2679
vn 0.5368 0.7192 0.4412
vn 0.0692 0.8634 0.4998
vn -0.4137 0.7980 0.4382
vn -0.8072 0.5284 0.2632
vn -0.9946 0.1039 0.0075
vn -0.8996 -0.3548 -0.2547
vn -0.5552 -0.7052 -0.4410
vn -0.0719 -0.8601 -0.5050
vn 0.4290 -0.7907 -0.4367
vn 0.8258 -0.5060 -0.2491
vn 0.9973 -0.0735 0.0061
vn 0.8748 0.1788 0.4504
vn 0.5204 0.3753 0.7670
vn 0.0401 0.4721 0.8806
vn -0.4492 0.4520 0.7707
vn -0.8311 0.3148 0.4585
vn -0.9961 0.0865 0.0177
vn -0.8870 -0.1714 -0.4287
vn -0.5356 -0.3827 -0.7528
vn -0.0440 -0.4884 -0.8715
vn 0.4590 -0.4623 -0.7587
vn 0.8429 -0.3105 -0.4394
vn 0.9986 -0.0302 -0.0426
vn 0.8856 0.1565 0.4373
vn 0.5314 0.2996 0.7923
vn 0.0400 0.3609 0.9317
vn -0.4609 0.3261 0.8254
vn -0.8435 0.2035 0.4971
vn -0.9993 0.0248 0.0285
vn -0.8796 -0.1588 -0.4483
vn -0.5256 -0.2957 -0.7977
vn -0.0414 -0.3539 -0.9344
vn 0.4526 -0.3223 -0.8315
vn 0.8358 -0.2059 -0.5090
vn 0.9978 -0.0543 -0.0376
vn 0.8902 0.3511 0.2902
vn 0.5376 0.6523 0.5343
vn 0.0477 0.7740 0.6314
vn -0.4546 0.6919 0.5609
vn -0.8423 0.4209 0.3367
vn -0.9995 0.0268 0.0155
vn -0.8758 -0.3737 -0.3053
vn -0.5225 -0.6649 -0.5337
vn -0.0472 -0.7815 -0.6221
vn 0.4393 -0.7038 -0.5582
vn 0.8256 -0.4429 -0.3497
vn 0.9982 -0.0498 -0.0347
vn 0.8906 0.4353 0.1318
vn 0.5401 0.7996 0.2624
vn 0.0458 0.9460 0.3210
vn -0.4606 0.8380 0.2925
vn -0.8450 0.5020 0.1845
vn -0.9993 0.0265 0.0267
vn -0.8804 -0.4545 -0.1356
vn -0.5288 -0.8085 -0.2583
vn -0.0448 -0.9487 -0.3131
vn 0.4505 -0.8448 -0.2889
vn 0.8337 -0.5190 -0.1888
vn 0.9979 -0.0532 0.0358
vn 0.8885 0.4522 0.0778
vn 0.5392 0.8350 0.1097
vn 0.0446 0.9914 0.1228
vn -0.4619 0.8797 0.1134
vn -0.8440 0.5297 0.0842
vn -0.9984 0.0359 0.0432
vn -0.8839 -0.4676 0.0015
vn -0.5337 -0.8452 -0.0295
vn -0.0433 -0.9982 -0.0420
vn 0.4580 -0.8883 -0.0329
vn 0.8393 -0.5437 -0.0046
vn -0.8401 -0.5424 -0.0022
vn -0.8387 -0.5446 -0.0014
vn -0.8400 -0.5422 0.0209
vn -0.8472 -0.5313 0.0027
vn -0.8465 -0.5324 0.0009
vn -0.8402 -0.5421 -0.0108
vn 0.0381 -0.1025 0.9940
vn 0.0019 -0.1257 0.9921
vn -0.0385 -0.0630 0.9973
vn -0.0020 -0.0389 0.9992
vn 0.0431 -0.0810 0.9958
vn -0.8451 -0.5344 -0.0146
vn 0.0368 -0.0596 0.9975
vn -0.8418 -0.5397 -0.0009
vn -0.8352 -0.5498 0.0095
vn -0.8472 -0.5310 0.0151
vn -0.8445 -0.5355 0.0006
vn -0.8486 -0.5290 -0.0070
vn 0.0232 -0.1189 0.9926
vn -0.0199 -0.1209 0.9925
vn -0.0430 -0.0847 0.9955
vn -0.0237 -0.0461 0.9987
vn 0.0203 -0.0440 0.9988
vn -0.0362 -0.1058 0.9937
vn 0.8401 -0.5424 -0.0022
vn 0.8387 -0.5446 -0.0014
vn 0.8400 -0.5422 0.0209
vn 0.8472 -0.5313 0.0027
vn 0.8465 -0.5324 0.0009
vn 0.8402 -0.5421 -0.0108
vn -0.0381 -0.1025 0.9940
vn -0.0019 -0.1257 0.9921
vn 0.0385 -0.0630 0.9973
vn 0.0020 -0.0389 0.9992
vn -0.0431 -0.0810 0.9958
vn 0.8451 -0.5344 -0.0146
vn -0.0368 -0.0596 0.9975
vn 0.8418 -0.5397 -0.0009
vn 0.8352 -0.5498 0.0095
vn 0.8472 -0.5310 0.0151
vn 0.8445 -0.5355 0.0006
vn 0.8486 -0.5290 -0.0070
vn -0.0232 -0.1189 0.9926
vn 0.0199 -0.1209 0.9925
vn 0.0430 -0.0847 0.9955
vn 0.0237 -0.0461 0.9987
vn -0.0203 -0.0440 0.9988
vn 0.0362 -0.1058 0.9937
vn 0.0122 -0.3472 0.9377
vn -0.0122 0.3472 -0.9377
vn 0.3817 0.8828 0.2737
vn 0.9232 -0.3461 -0.1670
vn -0.3828 -0.8512 -0.3591
vn -0.9226 0.3771 0.0813
vn 0.3816 -0.8536 -0.3545
vn 0.9228 0.3737 0.0934
vn -0.3822 0.8842 0.2686
vn -0.9227 -0.3416 -0.1786
vn 0.1951 -0.9808 -0.0000
vn -0.9808 -0.1951 -0.0000
vn -0.1951 -0.9808 -0.0000
vn -0.1951 0.9808 -0.0000
vn 0.5556 -0.8315 -0.0000
vn -0.5556 0.8315 -0.0000
vn -0.8315 0.5556 -0.0000
vn -0.9808 0.1951 -0.0000
vn 0.9808 -0.1951 -0.0000
vn 0.9808 0.1951 -0.0000
vn 0.8315 -0.5556 -0.0000
vn 0.8315 0.5556 -0.0000
vn -0.8315 -0.5556 -0.0000
vn 0.5556 0.8315 -0.0000
vn 0.1951 0.9808 -0.0000
vn -0.5556 -0.8315 -0.0000
vn -0.8415 -0.5403 -0.0000
vn 0.5403 0.8415 -0.0000
vn -0.5403 -0.8415 -0.0000
vn 0.8415 0.5403 -0.0000
vn -0.8415 0.5403 -0.0000
vn 0.8415 -0.5403 -0.0000
vn -0.5403 0.8415 -0.0000
vn 0.5403 -0.8415 -0.0000
vn 0.1422 -0.7146 -0.6849
vn 0.7285 -0.1449 -0.6695
vn 0.7325 0.1457 -0.6650
vn 0.1461 0.7346 -0.6625
vn -0.1455 0.7317 -0.6659
vn -0.7178 0.1428 -0.6815
vn -0.7138 -0.1420 -0.6858
vn -0.1416 -0.7118 -0.6880
vn 0.9367 -0.3502 -0.0000
vn -0.9430 0.3327 -0.0000
vn 0.3242 -0.9460 -0.0000
vn -0.3583 0.9336 -0.0000
vn 0.3714 0.9285 -0.0000
vn -0.3123 -0.9500 -0.0000
vn 0.9299 0.3678 -0.0000
vn -0.9486 -0.3164 -0.0000
vn 0.1461 0.7347 0.6625
vn -0.7138 -0.1420 0.6858
vn 0.7325 0.1457 0.6650
vn -0.7178 0.1428 0.6815
vn 0.7285 -0.1449 0.6695
vn -0.1455 0.7317 0.6659
vn -0.1416 -0.7118 0.6880
vn 0.1422 -0.7147 0.6849
vn 0.3740 -0.2454 -0.8944
vn 0.2349 -0.3581 -0.9036
vn 0.3754 0.2463 -0.8935
vn 0.2468 0.3762 -0.8930
vn -0.2409 0.3673 -0.8984
vn -0.3619 0.2374 -0.9015
vn -0.3411 -0.2238 -0.9130
vn -0.2295 -0.3499 -0.9082
vn -0.0575 -0.9983 -0.0000
vn 0.0117 0.9999 -0.0000
vn 0.9998 0.0174 -0.0000
vn -0.9987 -0.0519 -0.0000
vn 0.9998 -0.0182 -0.0000
vn -0.9988 0.0496 -0.0000
vn -0.0121 0.9999 -0.0000
vn 0.0557 -0.9984 -0.0000
vn -0.2295 -0.3499 0.9082
vn 0.2468 0.3762 0.8930
vn -0.3606 -0.2366 0.9022
vn 0.3754 0.2462 0.8936
vn -0.3619 0.2374 0.9015
vn 0.3533 -0.2317 0.9064
vn -0.2409 0.3673 0.8984
vn 0.2349 -0.3581 0.9036
vn -0.3411 -0.2238 0.9130
vn -0.3606 -0.2366 -0.9022
vn 0.3740 -0.2453 0.8944
vn 0.3533 -0.2317 -0.9064
vn 0.8280 -0.5607 -0.0000
vn -0.8349 -0.5504 -0.0000
vn 0.8349 -0.5504 -0.0000
vn -0.8280 -0.5607 -0.0000
vn 0.7504 -0.5014 0.4307
vn 0.8185 -0.5745 -0.0000
vn -0.1753 -0.8812 -0.4390
vn 0.1753 -0.8812 -0.4390
vn -0.8185 -0.5745 -0.0000
vn 0.0934 -0.4697 0.8779
vn -0.0934 -0.4697 0.8779
vn 0.7229 -0.4895 0.4877
vn -0.7289 -0.4805 0.4877
vn 0.7289 -0.4805 0.4877
vn -0.7229 -0.4895 0.4877
vn 0.2750 -0.9614 -0.0000
vn 0.9935 0.1139 -0.0000
vn -0.9935 0.1139 -0.0000
vn -0.2750 -0.9614 -0.0000
vn -0.7229 -0.4895 -0.4877
vn 0.7289 -0.4805 -0.4877
vn -0.7289 -0.4805 -0.4877
vn 0.7229 -0.4895 -0.4877
vn 0.6651 -0.5974 0.4480
vn -0.3405 0.9046 0.2565
vn -0.1898 0.9540 0.2321
vn 0.1971 -0.9526 -0.2318
vn -0.0006 -0.0008 1.0000
vn -0.7484 0.5045 -0.4306
vn -0.6570 0.6040 -0.4512
vn 0.1946 -0.9530 -0.2321
vn 0.0108 0.0074 -0.9999
vn -0.7489 0.5037 -0.4307
vn 0.0127 0.0089 -0.9999
vn 0.2025 -0.9515 -0.2316
vn -0.0002 -0.0002 1.0000
vn -0.7472 0.5062 -0.4306
vn -0.0009 -0.0002 1.0000
vn -0.5573 -0.8303 -0.0002
vn -0.8327 -0.5538 -0.0001
vn -0.9800 -0.1990 -0.0002
vn -0.8303 -0.5574 -0.0001
vn -0.8182 -0.5693 0.0795
vn -0.8381 -0.5423 0.0597
vn -0.5655 -0.8247 0.0019
vn -0.5582 -0.8297 -0.0014
vn -0.9792 -0.2027 -0.0016
vn -0.9763 -0.2162 0.0036
vn -0.5593 -0.8290 -0.0021
vn -0.9783 -0.2071 -0.0027
vn -0.5578 -0.8300 -0.0013
vn -0.9798 -0.2002 -0.0013
vn -0.9795 0.1815 0.0878
vn -0.7529 -0.4768 0.4537
vn -0.2258 -0.9602 0.1645
vn -0.7278 -0.5328 0.4318
vn -0.9801 0.1779 0.0879
vn -0.6753 -0.4553 -0.5803
vn -0.2255 -0.9601 0.1651
vn -0.9081 -0.1892 -0.3737
vn -0.9959 0.0355 0.0834
vn -0.6861 -0.4572 -0.5659
vn -0.9794 0.1818 0.0884
vn -0.5110 -0.7551 -0.4108
vn -0.0003 -0.0001 1.0000
vn 0.3552 -0.8978 -0.2603
vn -0.5559 -0.8313 -0.0000
vn -0.8344 -0.5512 -0.0000
vn -0.9807 -0.1955 -0.0000
vn -0.8286 -0.5599 -0.0000
vn -0.7904 -0.6043 0.1005
vn -0.8547 -0.5143 0.0702
vn -0.5594 -0.8289 -0.0001
vn -0.5561 -0.8311 -0.0001
vn -0.9807 -0.1956 0.0004
vn -0.9795 -0.2013 0.0011
vn -0.5562 -0.8311 -0.0002
vn -0.9807 -0.1957 0.0003
vn -0.5560 -0.8312 -0.0005
vn -0.9807 -0.1956 -0.0002
vn -0.5664 -0.8241 0.0023
vn -0.8296 -0.5580 -0.0201
vn -0.5599 -0.8286 -0.0039
vn -0.9815 -0.1914 -0.0016
vn -0.9697 -0.2441 0.0063
vn -0.9781 -0.2077 -0.0124
vn -0.5642 -0.8255 -0.0144
vn -0.2970 -0.9430 0.1501
vn -0.2254 -0.9601 0.1653
vn 0.4054 -0.9141 -0.0000
vn -0.2310 -0.3457 0.9095
vn -0.9997 0.0247 -0.0000
vn -0.3863 -0.5781 -0.7187
vn 0.6735 -0.4500 0.5865
vn 0.0824 -0.8677 -0.4902
vn -0.6735 -0.4500 0.5865
vn -0.0161 -0.8769 -0.4803
vn 0.0498 -0.9988 -0.0000
vn 0.4681 -0.7005 0.5387
vn 0.0161 -0.8769 -0.4803
vn -0.0824 -0.8677 -0.4902
vn -0.1678 -0.8434 0.5104
vn -0.0498 -0.9988 -0.0000
vn 0.2356 -0.8614 -0.4501
vn 0.1678 -0.8434 0.5104
vn -0.2356 -0.8614 -0.4501
vn -0.4681 -0.7005 0.5387
vn -0.9029 -0.0000 -0.4298
vn -0.7122 -0.0000 -0.7019
vn 0.3131 -0.0000 -0.9497
vn -0.3131 -0.0000 -0.9497
vn 0.7122 -0.0000 -0.7019
vn 0.9029 -0.0000 -0.4298
vn 0.0029 -1.0000 -0.0019
vn 0.0263 -0.9997 -0.0021
vn 0.0305 -0.9994 -0.0170
vn 0.0058 -0.9998 -0.0167
vn 0.3199 -0.0222 -0.9472
vn 0.7400 -0.0237 -0.6722
vn 0.5425 -0.3830 -0.7476
vn 0.2304 -0.3601 -0.9040
vn 0.9988 -0.0354 -0.0349
vn 0.8987 -0.0313 -0.4373
vn 0.8329 -0.4557 -0.3140
vn 0.8501 -0.5259 0.0284
vn -0.9981 -0.0317 -0.0526
vn -0.9574 -0.0269 -0.2874
vn -0.7394 -0.4287 -0.5192
vn -0.8244 -0.4841 -0.2933
vn -0.3774 -0.9259 -0.0169
vn -0.4990 -0.8574 -0.1257
vn -0.9607 -0.0539 -0.2722
vn -0.9966 -0.0727 -0.0398
vn 0.3528 -0.9351 -0.0347
vn 0.3790 -0.8224 -0.4243
vn 0.8924 -0.0728 -0.4453
vn 0.9958 -0.0834 -0.0388
vn 0.0922 -0.9467 -0.3086
vn 0.3406 -0.8729 -0.3494
vn 0.7432 -0.0535 -0.6669
vn 0.3179 -0.0776 -0.9450
vn 0.4931 -0.8608 -0.1262
vn 0.3723 -0.9279 -0.0169
vn 0.9965 -0.0738 -0.0404
vn 0.9595 -0.0547 -0.2762
vn -0.3457 -0.9383 0.0006
vn -0.3493 -0.9370 -0.0015
vn -0.9966 -0.0822 -0.0012
vn -0.9965 -0.0837 0.0005
vn -0.9993 -0.0366 0.0021
vn -0.9993 -0.0358 -0.0056
vn -0.8452 -0.5264 -0.0929
vn -0.8444 -0.5346 0.0348
vn 0.9562 -0.0269 -0.2913
vn 0.9981 -0.0317 -0.0532
vn 0.8241 -0.4842 -0.2938
vn 0.7372 -0.4290 -0.5220
vn 0.0028 -1.0000 -0.0000
vn 0.0259 -0.9997 -0.0000
vn -0.0263 -0.9997 -0.0000
vn -0.0028 -1.0000 -0.0000
vn -0.3448 -0.8714 -0.3490
vn -0.0927 -0.9467 -0.3086
vn -0.3196 -0.0776 -0.9444
vn -0.7478 -0.0531 -0.6618
vn -0.7446 -0.0237 -0.6671
vn -0.3217 -0.0222 -0.9466
vn -0.2319 -0.3599 -0.9037
vn -0.5469 -0.3827 -0.7446
vn -0.0267 -0.9996 -0.0021
vn -0.0029 -1.0000 -0.0019
vn -0.0058 -0.9998 -0.0167
vn -0.0309 -0.9994 -0.0170
vn -0.7525 -0.0000 -0.6585
vn -0.3260 -0.0000 -0.9454
vn 0.9615 -0.0000 -0.2749
vn 0.9993 -0.0000 -0.0378
vn -0.9993 -0.0000 -0.0372
vn -0.9626 -0.0000 -0.2709
vn 0.9992 -0.0000 -0.0391
vn 0.8972 -0.0000 -0.4416
vn 0.3242 -0.0000 -0.9460
vn 0.7480 -0.0000 -0.6637
vn -0.8972 -0.0000 -0.4416
vn -0.9992 -0.0000 -0.0391
vn -0.0411 -0.9152 -0.4008
vn -0.0043 -0.9075 -0.4201
vn -0.0030 -0.9993 -0.0368
vn -0.0285 -0.9990 -0.0344
vn 0.0043 -0.9075 -0.4201
vn 0.0406 -0.9153 -0.4007
vn 0.0281 -0.9990 -0.0343
vn 0.0030 -0.9993 -0.0368
vn -0.8987 -0.0313 -0.4373
vn -0.9988 -0.0354 -0.0349
vn -0.8501 -0.5259 0.0284
vn -0.8329 -0.4557 -0.3140
vn -0.3834 -0.8197 -0.4255
vn -0.3577 -0.9332 -0.0348
vn -0.9959 -0.0821 -0.0388
vn -0.8925 -0.0718 -0.4452
vn 0.3445 -0.9388 -0.0015
vn 0.3410 -0.9401 0.0006
vn 0.9964 -0.0850 0.0005
vn 0.9965 -0.0835 -0.0012
vn 0.9993 -0.0358 -0.0056
vn 0.9993 -0.0366 0.0021
vn 0.8444 -0.5346 0.0348
vn 0.8452 -0.5263 -0.0929
vn -0.0212 0.9995 0.0251
vn -0.0436 0.9909 0.1271
vn -0.1952 0.9721 0.1302
vn -0.1631 0.9862 0.0292
vn -0.3085 0.0056 0.9512
vn -0.3308 -0.3010 0.8944
vn -0.7528 -0.3368 0.5656
vn -0.7138 -0.0003 0.7004
vn 0.9985 -0.0398 0.0379
vn 0.8604 -0.4796 -0.1724
vn 0.9067 -0.4163 0.0679
vn 0.9497 -0.0247 0.3123
vn 0.7247 0.6878 0.0429
vn 0.9966 0.0660 0.0492
vn 0.9455 0.0458 0.3224
vn 0.7773 0.5792 0.2457
vn -0.7112 0.7016 -0.0433
vn -0.9963 0.0761 -0.0403
vn -0.8925 0.0679 -0.4460
vn -0.6170 0.6296 -0.4721
vn -0.1915 0.7531 0.6294
vn -0.3100 0.0602 0.9488
vn -0.7132 0.0401 0.6998
vn -0.5566 0.5839 0.5909
vn -0.7735 0.5834 0.2478
vn -0.9442 0.0464 0.3262
vn -0.9965 0.0668 0.0499
vn -0.7208 0.6918 0.0434
vn 0.7159 0.6982 0.0002
vn 0.9971 0.0760 -0.0006
vn 0.9972 0.0744 -0.0001
vn 0.7160 0.6981 0.0045
vn 0.9993 -0.0369 0.0026
vn 0.8440 -0.5352 0.0352
vn 0.8451 -0.5282 -0.0823
vn 0.9992 -0.0388 -0.0029
vn -0.9484 -0.0245 0.3161
vn -0.9063 -0.4164 0.0718
vn -0.8605 -0.4797 -0.1716
vn -0.9985 -0.0399 0.0385
vn -0.0168 0.9999 0.0013
vn -0.0176 0.9998 0.0064
vn -0.1569 0.9876 0.0075
vn -0.1560 0.9878 0.0015
vn 0.1574 0.9875 0.0015
vn 0.1583 0.9874 0.0074
vn 0.0176 0.9998 0.0064
vn 0.0169 0.9999 0.0013
vn 0.5615 0.5816 0.5886
vn 0.7177 0.0398 0.6952
vn 0.3128 0.0602 0.9479
vn 0.1934 0.7529 0.6291
vn 0.7184 -0.0009 0.6956
vn 0.7567 -0.3376 0.5599
vn 0.3339 -0.3017 0.8930
vn 0.3115 0.0052 0.9502
vn 0.1647 0.9859 0.0291
vn 0.1973 0.9717 0.1300
vn 0.0440 0.9909 0.1271
vn 0.0213 0.9995 0.0251
vn 0.7207 -0.0020 0.6932
vn 0.7189 0.0053 0.6950
vn 0.3153 0.0064 0.9490
vn 0.3174 -0.0022 0.9483
vn -0.9450 -0.0021 0.3270
vn -0.9447 0.0005 0.3279
vn -0.9987 -0.0022 0.0510
vn -0.9988 -0.0015 0.0496
vn 1.0000 -0.0001 -0.0001
vn 1.0000 -0.0001 0.0001
vn 1.0000 -0.0008 0.0006
vn 1.0000 -0.0005 -0.0003
vn 0.9988 -0.0015 0.0490
vn 0.9987 -0.0021 0.0504
vn 0.9460 0.0004 0.3241
vn 0.9463 -0.0021 0.3232
vn -0.3145 -0.0022 0.9492
vn -0.3124 0.0065 0.9499
vn -0.7144 0.0055 0.6997
vn -0.7162 -0.0020 0.6979
vn -1.0000 -0.0005 -0.0004
vn -1.0000 -0.0008 0.0007
vn -1.0000 -0.0001 0.0001
vn -1.0000 -0.0001 -0.0001
vn 0.1353 0.8959 -0.4231
vn 0.1563 0.9870 -0.0372
vn 0.0167 0.9992 -0.0369
vn 0.0144 0.9069 -0.4211
vn -0.0144 0.9069 -0.4210
vn -0.0166 0.9992 -0.0369
vn -0.1550 0.9872 -0.0372
vn -0.1342 0.8962 -0.4228
vn 0.6202 0.6263 -0.4724
vn 0.8926 0.0672 -0.4459
vn 0.9963 0.0753 -0.0402
vn 0.7148 0.6980 -0.0434
vn -0.7124 0.7018 0.0046
vn -0.9972 0.0752 -0.0001
vn -0.9971 0.0767 -0.0006
vn -0.7124 0.7018 0.0002
vn -0.9992 -0.0389 -0.0028
vn -0.8451 -0.5283 -0.0822
vn -0.8440 -0.5352 0.0353
vn -0.9993 -0.0369 0.0026
vn 0.0252 -0.3010 -0.9533
vn 0.0026 -0.2935 -0.9560
vn -0.0039 0.2931 -0.9561
vn -0.0369 0.2929 -0.9554
vn -0.1800 -0.9770 -0.1140
vn -0.1946 -0.9759 0.0985
vn 0.1946 -0.9759 0.0985
vn 0.1800 -0.9770 -0.1140
vn -0.0636 -0.8289 -0.5558
vn 0.0911 -0.8766 -0.4725
vn -0.2806 -0.8647 -0.4166
vn -0.4299 -0.8202 -0.3775
vn 0.1341 -0.8824 -0.4510
vn 0.0759 -0.9409 -0.3301
vn 0.2438 -0.9346 0.2592
vn 0.4754 -0.8778 -0.0588
vn 0.2431 -0.3830 -0.8912
vn 0.2787 -0.0246 -0.9601
vn -0.2787 -0.0246 -0.9601
vn -0.2431 -0.3830 -0.8912
vn -0.1499 -0.2251 -0.9627
vn -0.2740 -0.0214 -0.9615
vn 0.2741 0.0208 -0.9615
vn 0.1711 0.1958 -0.9656
vn 0.2740 -0.0217 -0.9615
vn 0.1488 -0.2265 -0.9626
vn -0.1703 0.1970 -0.9655
vn -0.2740 0.0211 -0.9615
vn -0.2777 -0.0000 -0.9607
vn 0.2777 -0.0000 -0.9607
vn -0.0920 -0.8764 -0.4726
vn 0.0617 -0.8285 -0.5566
vn 0.4289 -0.8197 -0.3797
vn 0.2799 -0.8646 -0.4173
vn 0.1830 -0.9676 -0.1740
vn 0.1920 -0.9791 0.0667
vn -0.1911 -0.9793 0.0666
vn -0.2019 -0.9651 -0.1669
vn -0.0026 -0.2935 -0.9560
vn -0.0255 -0.3008 -0.9533
vn 0.0372 0.2926 -0.9555
vn 0.0039 0.2931 -0.9561
vn -0.0761 -0.9411 -0.3293
vn -0.1349 -0.8831 -0.4494
vn -0.4742 -0.8787 -0.0551
vn -0.2425 -0.9346 0.2604
vn -0.1919 -0.9791 0.0667
vn -0.1831 -0.9676 -0.1740
vn 0.2018 -0.9651 -0.1670
vn 0.1911 -0.9793 0.0666
vn 0.9572 -0.0291 -0.2879
vn 0.6965 0.1577 -0.7000
vn 0.2440 0.3020 -0.9216
vn -0.2737 0.3632 -0.8906
vn -0.7122 0.3265 -0.6214
vn -0.9593 0.2052 -0.1940
vn -0.9593 0.0321 0.2805
vn -0.7122 -0.1503 0.6857
vn -0.2737 -0.2955 0.9153
vn 0.2440 -0.3623 0.8995
vn 0.6965 -0.3300 0.6372
vn 0.9572 -0.2077 0.2015
vn 0.8920 -0.2578 -0.3713
vn 0.6490 -0.0087 -0.7607
vn 0.2274 0.2437 -0.9428
vn -0.2550 0.4286 -0.8667
vn -0.6637 0.4967 -0.5593
vn 0.3595 0.8734 0.3284
vn -0.9239 0.3595 0.1311
vn -0.6637 0.0199 0.7478
vn -0.2551 -0.2301 0.9391
vn 0.2274 -0.4206 0.8783
vn 0.6490 -0.4964 0.5765
vn 0.8920 -0.4364 0.1181
vn 0.7660 -0.4629 -0.4461
vn 0.5573 -0.1579 -0.8152
vn 0.1953 0.1914 -0.9619
vn -0.2190 0.4873 -0.8453
vn -0.5699 0.6492 -0.5037
vn -0.7676 0.6399 -0.0354
vn -0.7676 0.4668 0.4391
vn -0.5699 0.1724 0.8034
vn -0.2190 -0.1715 0.9605
vn 0.1953 -0.4729 0.8592
vn 0.5573 -0.6456 0.5220
vn 0.7660 -0.6414 0.0433
vn 0.5877 -0.6303 -0.5072
vn 0.4276 -0.2797 -0.8596
vn 0.1498 0.1487 -0.9775
vn -0.1681 0.5351 -0.8279
vn -0.4373 0.7738 -0.4582
vn -0.5890 0.8077 0.0258
vn -0.5890 0.6346 0.5003
vn -0.4373 0.2970 0.8489
vn -0.1681 -0.1236 0.9780
vn 0.1498 -0.5156 0.8436
vn 0.4277 -0.7675 0.4776
vn 0.5877 -0.8089 -0.0178
vn 0.3695 -0.7487 -0.5504
vn 0.2688 -0.3658 -0.8910
vn 0.0942 0.1185 -0.9885
vn -0.1056 0.5690 -0.8155
vn -0.2749 0.8619 -0.4261
vn -0.3703 0.9263 0.0691
vn -0.3703 0.7533 0.5436
vn -0.2749 0.3851 0.8810
vn -0.1056 -0.0898 0.9903
vn 0.0942 -0.5458 0.8326
vn 0.2688 -0.8536 0.4462
vn 0.3695 -0.9272 -0.0610
vn 0.1260 -0.8100 -0.5727
vn 0.0917 -0.4104 -0.9073
vn 0.0321 0.1029 -0.9942
vn -0.0360 0.5865 -0.8091
vn -0.0938 0.9075 -0.4095
vn -0.1263 0.9878 0.0915
vn -0.1263 0.8147 0.5660
vn -0.0938 0.4307 0.8976
vn -0.0360 -0.0722 0.9967
vn 0.0321 -0.5614 0.8269
vn 0.0917 -0.8982 0.4299
vn 0.1260 -0.9885 -0.0833
vn 0.1260 0.9885 0.0833
vn 0.0917 0.8982 -0.4299
vn 0.0321 0.5614 -0.8269
vn -0.0360 0.0722 -0.9967
vn -0.0938 -0.4307 -0.8976
vn -0.0938 -0.9075 0.4095
vn -0.0360 -0.5865 0.8091
vn 0.0321 -0.1029 0.9942
vn 0.0917 0.4104 0.9073
vn 0.1260 0.8100 0.5727
vn 0.3695 0.9272 0.0610
vn 0.2688 0.8536 -0.4462
vn 0.0942 0.5458 -0.8326
vn -0.1056 0.0898 -0.9903
vn -0.2749 -0.3851 -0.8810
vn -0.3703 -0.7533 -0.5436
vn -0.3703 -0.9263 -0.0691
vn -0.2749 -0.8619 0.4261
vn -0.1056 -0.5690 0.8155
vn 0.0942 -0.1185 0.9885
vn 0.2688 0.3658 0.8910
vn 0.3695 0.7487 0.5504
vn 0.5877 0.8088 0.0178
vn 0.4277 0.7675 -0.4776
vn 0.1498 0.5156 -0.8436
vn -0.1681 0.1236 -0.9780
vn -0.4373 -0.2970 -0.8488
vn -0.5890 -0.6346 -0.5003
vn -0.5890 -0.8077 -0.0258
vn -0.4373 -0.7738 0.4582
vn -0.1681 -0.5351 0.8279
vn 0.1498 -0.1487 0.9775
vn 0.4277 0.2797 0.8596
vn 0.5877 0.6303 0.5072
vn 0.7660 0.6414 -0.0433
vn 0.5573 0.6456 -0.5220
vn 0.1953 0.4729 -0.8592
vn -0.2190 0.1715 -0.9605
vn -0.5699 -0.1724 -0.8034
vn -0.7676 -0.4668 -0.4391
vn -0.7676 -0.6399 0.0354
vn -0.5699 -0.6492 0.5037
vn -0.2190 -0.4873 0.8453
vn 0.1953 -0.1914 0.9619
vn 0.5573 0.1579 0.8151
vn 0.7660 0.4629 0.4461
vn 0.8920 0.4364 -0.1181
vn 0.6490 0.4964 -0.5765
vn 0.2274 0.4206 -0.8783
vn -0.2551 0.2301 -0.9391
vn -0.6637 -0.0199 -0.7478
vn -0.8939 -0.2613 -0.3642
vn -0.8939 -0.4344 0.1104
vn -0.6637 -0.4967 0.5593
vn -0.2551 -0.4286 0.8667
vn 0.2274 -0.2437 0.9428
vn 0.6490 0.0087 0.7607
vn 0.8920 0.2578 0.3713
vn 0.9572 0.2077 -0.2015
vn 0.6965 0.3300 -0.6372
vn 0.2440 0.3623 -0.8995
vn -0.2737 0.2955 -0.9153
vn -0.7122 0.1503 -0.6857
vn -0.9593 -0.0321 -0.2805
vn -0.9593 -0.2052 0.1940
vn -0.7122 -0.3265 0.6214
vn -0.2737 -0.3632 0.8906
vn 0.2440 -0.3020 0.9216
vn 0.6965 -0.1577 0.7000
vn 0.9572 0.0291 0.2879
vn 0.3827 -0.8679 -0.3166
vn -0.4430 -0.8422 -0.3072
vn 0.9441 0.3037 0.1285
vn 0.9239 0.3595 0.1311
vn -0.4056 -0.8618 -0.3045
vn -0.4056 -0.8555 -0.3219
vn 0.3595 0.8797 0.3111
vn 0.9441 0.3151 0.0972
vn -0.9622 -0.2558 -0.0933
vn -0.3580 -0.8772 -0.3200
vn -0.3827 -0.8679 -0.3166
vn -0.0000 0.3427 -0.9394
vn -0.0000 -0.3427 0.9394
vn -0.0000 0.3427 -0.9395
vn -0.3827 0.8679 0.3166
vn -0.9239 -0.3595 -0.1311
vn 0.3327 0.8859 0.3232
vn 0.7960 -0.5952 -0.1105
vn 0.7960 -0.5265 -0.2987
vn -0.8011 0.5623 0.2051
vn 0.4430 0.8422 0.3072
vn 0.9982 0.0587 -0.0085
vn 0.9982 0.0394 0.0443
vn -0.9988 -0.0462 -0.0168
vn 0.9239 -0.3595 -0.1311
vn 0.3597 0.8841 0.2982
vn -0.4052 -0.8508 -0.3346
vn -0.4053 -0.8664 -0.2918
vn 0.4071 0.8581 0.3130
vn 0.3597 0.8685 0.3411
vn -0.0324 0.3550 -0.9343
vn -0.0325 0.3551 -0.9343
vn -0.0324 0.3551 -0.9343
vn -0.0324 -0.3299 0.9435
vn -0.0127 -0.3768 0.9262
vn -0.0127 0.3080 -0.9513
vn -0.0146 0.3105 -0.9504
vn -0.0145 -0.3744 0.9272
vn -0.0182 -0.3767 0.9261
vn -0.0182 0.3081 -0.9512
vn -0.3327 -0.8859 -0.3232
vn -0.0176 0.3054 -0.9520
vn -0.0148 0.3089 -0.9510
vn -0.0148 -0.3759 0.9265
vn -0.0176 -0.3793 0.9251
vn -0.0177 -0.3762 0.9264
vn -0.0177 0.3086 -0.9510
vn 0.3827 0.8679 0.3166
vn -0.0047 0.3086 -0.9512
vn -0.0047 -0.3763 0.9265
vn -0.0058 0.3161 -0.9487
vn -0.0058 -0.3690 0.9294
vn -0.0119 -0.3750 0.9270
vn -0.0119 0.3100 -0.9507
vn -0.1305 -0.9314 -0.3398
vn -0.9572 -0.0291 -0.2879
vn -0.6965 0.1577 -0.7000
vn -0.2440 0.3020 -0.9216
vn 0.2737 0.3632 -0.8906
vn 0.7122 0.3265 -0.6214
vn 0.9593 0.2052 -0.1940
vn 0.9593 0.0321 0.2805
vn 0.7122 -0.1503 0.6857
vn 0.2737 -0.2955 0.9153
vn -0.2440 -0.3623 0.8995
vn -0.6965 -0.3300 0.6372
vn -0.9572 -0.2077 0.2015
vn -0.8920 -0.2578 -0.3713
vn -0.6490 -0.0087 -0.7607
vn -0.2274 0.2437 -0.9428
vn 0.2550 0.4286 -0.8667
vn 0.6637 0.4967 -0.5593
vn -0.3595 0.8734 0.3284
vn 0.6637 0.0199 0.7478
vn 0.2551 -0.2301 0.9391
vn -0.2274 -0.4206 0.8783
vn -0.6490 -0.4964 0.5765
vn -0.8920 -0.4364 0.1181
vn -0.7660 -0.4629 -0.4461
vn -0.5573 -0.1579 -0.8151
vn -0.1953 0.1914 -0.9619
vn 0.2190 0.4873 -0.8453
vn 0.5699 0.6492 -0.5037
vn 0.7676 0.6399 -0.0354
vn 0.7676 0.4668 0.4391
vn 0.5699 0.1724 0.8034
vn 0.2190 -0.1715 0.9605
vn -0.1953 -0.4729 0.8592
vn -0.5573 -0.6456 0.5220
vn -0.7660 -0.6414 0.0433
vn -0.5877 -0.6303 -0.5072
vn -0.4276 -0.2797 -0.8596
vn -0.1498 0.1487 -0.9775
vn 0.1681 0.5351 -0.8279
vn 0.4373 0.7738 -0.4582
vn 0.5890 0.8077 0.0258
vn 0.5890 0.6346 0.5003
vn 0.4373 0.2970 0.8489
vn 0.1681 -0.1236 0.9780
vn -0.1498 -0.5156 0.8436
vn -0.4277 -0.7675 0.4776
vn -0.5877 -0.8089 -0.0178
vn -0.3695 -0.7487 -0.5504
vn -0.2688 -0.3658 -0.8910
vn -0.0942 0.1185 -0.9885
vn 0.1056 0.5690 -0.8155
vn 0.2749 0.8619 -0.4261
vn 0.3703 0.9263 0.0691
vn 0.3703 0.7533 0.5436
vn 0.2749 0.3851 0.8810
vn 0.1056 -0.0898 0.9903
vn -0.0942 -0.5458 0.8326
vn -0.2688 -0.8536 0.4462
vn -0.3695 -0.9272 -0.0610
vn -0.1260 -0.8100 -0.5727
vn -0.0917 -0.4104 -0.9073
vn -0.0321 0.1029 -0.9942
vn 0.0360 0.5865 -0.8091
vn 0.0938 0.9075 -0.4095
vn 0.1263 0.9878 0.0915
vn 0.1263 0.8147 0.5660
vn 0.0938 0.4307 0.8976
vn 0.0360 -0.0722 0.9967
vn -0.0321 -0.5614 0.8269
vn -0.0917 -0.8982 0.4299
vn -0.1260 -0.9885 -0.0833
vn -0.1260 0.9885 0.0833
vn -0.0917 0.8982 -0.4299
vn -0.0321 0.5614 -0.8269
vn 0.0360 0.0722 -0.9967
vn 0.0938 -0.4307 -0.8976
vn 0.0938 -0.9075 0.4095
vn 0.0360 -0.5865 0.8091
vn -0.0321 -0.1029 0.9942
vn -0.0917 0.4104 0.9073
vn -0.1260 0.8100 0.5727
vn -0.3695 0.9272 0.0610
vn -0.2688 0.8536 -0.4462
vn -0.0942 0.5458 -0.8326
vn 0.1056 0.0898 -0.9903
vn 0.2749 -0.3851 -0.8810
vn 0.3703 -0.7533 -0.5436
vn 0.3703 -0.9263 -0.0691
vn 0.2749 -0.8619 0.4261
vn 0.1056 -0.5690 0.8155
vn -0.0942 -0.1185 0.9885
vn -0.2688 0.3658 0.8910
vn -0.3695 0.7487 0.5504
vn -0.5877 0.8089 0.0178
vn -0.4277 0.7675 -0.4776
vn -0.1498 0.5156 -0.8436
vn 0.1681 0.1236 -0.9780
vn 0.4373 -0.2970 -0.8488
vn 0.5890 -0.6346 -0.5003
vn 0.5890 -0.8077 -0.0258
vn 0.4373 -0.7738 0.4582
vn 0.1681 -0.5351 0.8279
vn -0.1498 -0.1487 0.9775
vn -0.4277 0.2797 0.8596
vn -0.5877 0.6303 0.5072
vn -0.7660 0.6414 -0.0433
vn -0.5573 0.6456 -0.5220
vn -0.1953 0.4729 -0.8592
vn 0.2190 0.1715 -0.9605
vn 0.5699 -0.1724 -0.8034
vn 0.7676 -0.4668 -0.4391
vn 0.7676 -0.6399 0.0354
vn 0.5699 -0.6492 0.5037
vn 0.2190 -0.4873 0.8453
vn -0.1953 -0.1914 0.9619
vn -0.5573 0.1579 0.8151
vn -0.7660 0.4629 0.4461
vn -0.8920 0.4364 -0.1181
vn -0.6490 0.4964 -0.5765
vn -0.2274 0.4206 -0.8783
vn 0.2551 0.2301 -0.9391
vn 0.6637 -0.0199 -0.7478
vn 0.8939 -0.2613 -0.3642
vn 0.8939 -0.4344 0.1104
vn 0.6637 -0.4967 0.5593
vn 0.2551 -0.4286 0.8667
vn -0.2274 -0.2437 0.9428
vn -0.6490 0.0087 0.7607
vn -0.8920 0.2578 0.3713
vn -0.9572 0.2077 -0.2015
vn -0.6965 0.3300 -0.6372
vn -0.2440 0.3623 -0.8995
vn 0.2737 0.2955 -0.9153
vn 0.7122 0.1503 -0.6857
vn 0.9593 -0.0321 -0.2805
vn 0.9593 -0.2052 0.1940
vn 0.7122 -0.3265 0.6214
vn 0.2737 -0.3632 0.8906
vn -0.2440 -0.3020 0.9216
vn -0.6965 -0.1577 0.7000
vn -0.9572 0.0291 0.2879
vn 0.4430 -0.8422 -0.3072
vn -0.9441 0.3037 0.1285
vn 0.4056 -0.8618 -0.3045
vn 0.4056 -0.8555 -0.3219
vn -0.3595 0.8797 0.3111
vn -0.9441 0.3151 0.0972
vn 0.9622 -0.2558 -0.0933
vn 0.3580 -0.8772 -0.3200
vn -0.3327 0.8859 0.3232
vn -0.7960 -0.5952 -0.1105
vn -0.7960 -0.5265 -0.2987
vn 0.8011 0.5623 0.2051
vn -0.4430 0.8422 0.3072
vn -0.9982 0.0587 -0.0085
vn -0.9982 0.0394 0.0443
vn 0.9988 -0.0462 -0.0168
vn -0.3597 0.8841 0.2982
vn 0.4052 -0.8508 -0.3346
vn 0.4053 -0.8664 -0.2918
vn -0.4071 0.8581 0.3130
vn -0.3597 0.8685 0.3411
vn 0.0324 0.3550 -0.9343
vn 0.0325 0.3551 -0.9343
vn 0.0324 0.3551 -0.9343
vn 0.0324 -0.3299 0.9435
vn 0.0127 -0.3768 0.9262
vn 0.0127 0.3080 -0.9513
vn 0.0146 0.3105 -0.9504
vn 0.0145 -0.3744 0.9272
vn 0.0182 -0.3767 0.9261
vn 0.0182 0.3081 -0.9512
vn 0.3327 -0.8859 -0.3232
vn 0.0176 0.3054 -0.9520
vn 0.0148 0.3089 -0.9510
vn 0.0148 -0.3759 0.9265
vn 0.0176 -0.3793 0.9251
vn 0.0177 -0.3762 0.9264
vn 0.0177 0.3086 -0.9510
vn 0.0047 0.3086 -0.9512
vn 0.0047 -0.3763 0.9265
vn 0.0058 0.3161 -0.9487
vn 0.0058 -0.3690 0.9294
vn 0.0119 -0.3750 0.9270
vn 0.0119 0.3100 -0.9507
vn 0.1305 -0.9314 -0.3398
vn -0.3441 0.8308 0.4374
vn -0.8308 0.3441 0.4374
vn -0.8308 -0.3441 0.4374
vn -0.3441 -0.8308 0.4374
vn 0.3441 -0.8308 0.4374
vn 0.8308 -0.3441 0.4374
vn 0.3827 0.9239 -0.0000
vn 0.8308 0.3441 0.4374
vn 0.3441 0.8308 0.4374
vn -0.9239 0.3827 -0.0000
vn -0.3827 -0.9239 -0.0000
vn 0.3827 -0.9239 -0.0000
vn 0.9239 0.3827 -0.0000
vn -0.3827 0.9239 -0.0000
vn -0.9239 -0.3827 -0.0000
vn 0.9239 -0.3827 -0.0000
vn 0.9093 0.4029 -0.1044
vn 0.6494 0.7559 -0.0827
vn 0.8898 0.4396 0.1224
vn 0.9827 0.1851 0.0009
vn -0.1919 -0.9814 -0.0000
vn -0.8449 -0.5073 -0.1699
vn -0.9829 -0.1841 0.0001
vn -0.1905 -0.9817 -0.0026
vn -0.1923 -0.9813 -0.0026
vn -0.9137 -0.3926 -0.1051
vn -0.6199 -0.7808 0.0781
vn 0.2901 -0.0646 -0.9548
vn -0.1530 0.9882 -0.0025
vn 0.4816 -0.4049 -0.7772
vn -0.2194 0.6531 0.7248
vn 0.2337 -0.7306 -0.6416
vn 0.1697 -0.9855 -0.0045
vn -0.4446 0.3433 0.8273
vn -0.2479 0.0449 0.9677
vn -0.9045 -0.4060 0.1303
vn -0.9829 -0.1842 0.0016
vn -0.6658 -0.7417 0.0814
vn -0.9240 -0.3729 0.0845
vn -0.8291 -0.5591 -0.0000
vn 0.1314 0.0437 -0.9904
vn -0.0446 -0.0517 0.9977
vn 0.2951 -0.9555 0.0033
vn -0.2557 0.1299 0.9580
vn 0.0009 -0.0002 1.0000
vn 0.0569 0.0356 -0.9977
vn -0.3057 0.9521 -0.0047
vn 0.2551 -0.0878 -0.9629
vn -0.9828 -0.1847 0.0009
vn -0.8912 -0.4391 -0.1140
vn -0.1926 -0.9813 0.0015
vn -0.6477 -0.7570 0.0861
vn -0.9131 -0.3952 0.0999
vn -0.8299 -0.5578 -0.0000
vn -0.5556 -0.8314 -0.0000
vn -0.1930 -0.9812 -0.0000
vn 0.0024 -0.0016 -1.0000
vn 0.3679 -0.4518 -0.8127
vn -0.3772 0.5177 0.7679
vn -0.1017 -0.0655 0.9927
vn 0.0024 -0.0016 1.0000
vn 0.1905 -0.6656 -0.7216
vn 0.0009 -0.0002 -1.0000
vn -0.2056 0.6842 0.6997
vn -0.9093 0.4029 -0.1044
vn -0.6494 0.7559 -0.0827
vn -0.8898 0.4396 0.1224
vn -0.9827 0.1851 0.0009
vn 0.1919 -0.9814 -0.0000
vn 0.8449 -0.5073 -0.1699
vn 0.9829 -0.1841 0.0001
vn 0.1905 -0.9817 -0.0026
vn 0.1923 -0.9813 -0.0026
vn 0.9137 -0.3926 -0.1051
vn 0.6199 -0.7808 0.0781
vn -0.2901 -0.0646 -0.9548
vn 0.1530 0.9882 -0.0025
vn -0.4816 -0.4049 -0.7772
vn 0.2194 0.6531 0.7248
vn -0.2337 -0.7306 -0.6416
vn -0.1697 -0.9855 -0.0045
vn 0.4446 0.3433 0.8273
vn 0.2479 0.0449 0.9677
vn 0.9045 -0.4060 0.1303
vn 0.9829 -0.1842 0.0016
vn 0.6658 -0.7417 0.0814
vn 0.9240 -0.3729 0.0845
vn 0.8291 -0.5591 -0.0000
vn -0.1314 0.0437 -0.9904
vn 0.0446 -0.0517 0.9977
vn -0.2951 -0.9555 0.0033
vn 0.2557 0.1299 0.9580
vn -0.0569 0.0356 -0.9977
vn 0.3057 0.9521 -0.0047
vn -0.2551 -0.0878 -0.9629
vn 0.9828 -0.1847 0.0009
vn 0.8912 -0.4391 -0.1140
vn 0.1926 -0.9813 0.0015
vn 0.6477 -0.7570 0.0861
vn 0.9131 -0.3952 0.0999
vn 0.8299 -0.5578 -0.0000
vn 0.5556 -0.8314 -0.0000
vn 0.1930 -0.9812 -0.0000
vn -0.0024 -0.0016 -1.0000
vn -0.3679 -0.4518 -0.8127
vn 0.3772 0.5177 0.7679
vn 0.1017 -0.0655 0.9927
vn -0.0024 -0.0016 1.0000
vn -0.1905 -0.6656 -0.7216
vn -0.0009 -0.0002 -1.0000
vn 0.2056 0.6842 0.6997
vn -0.0000 -0.2469 -0.9690
vn -0.0000 0.9690 -0.2469
vn -0.0000 -0.9690 0.2469
vn -0.0000 -0.5594 0.8289
vn -0.0000 0.8879 0.4601
vn -0.5000 0.2200 0.8376
vn -0.5000 -0.2199 -0.8376
vn 0.5000 -0.2199 -0.8376
vn 0.5000 0.2200 0.8376
vn -0.2426 -0.9515 0.1893
vn -0.2426 -0.9515 -0.1893
vn -0.2074 -0.8134 -0.5435
vn -0.1402 -0.5501 -0.8233
vn -0.0497 -0.1949 -0.9796
vn 0.0497 0.1949 -0.9796
vn 0.1402 0.5501 -0.8233
vn 0.2074 0.8134 -0.5435
vn 0.2426 0.9515 -0.1893
vn 0.2426 0.9515 0.1893
vn 0.2074 0.8134 0.5435
vn 0.1402 0.5501 0.8233
vn 0.0497 0.1949 0.9796
vn -0.0497 -0.1949 0.9796
vn -0.1402 -0.5501 0.8233
vn -0.2074 -0.8134 0.5435
vn 0.2426 -0.9515 0.1893
vn 0.2426 -0.9515 -0.1893
vn 0.2074 -0.8134 -0.5435
vn 0.1402 -0.5501 -0.8233
vn 0.0497 -0.1949 -0.9796
vn -0.0497 0.1949 -0.9796
vn -0.1402 0.5501 -0.8233
vn -0.2074 0.8134 -0.5435
vn -0.2426 0.9515 -0.1893
vn -0.2426 0.9515 0.1893
vn -0.2074 0.8134 0.5435
vn -0.1402 0.5501 0.8233
vn -0.0497 0.1949 0.9796
vn 0.0497 -0.1949 0.9796
vn 0.1402 -0.5501 0.8233
vn 0.2074 -0.8134 0.5435
vn -0.0000 -0.9913 -0.1313
vn -0.0000 0.9913 0.1313
vn -0.0000 -0.9913 0.1313
vn -0.0000 0.9913 -0.1313
vn -0.3238 0.9461 -0.0000
vn -0.1846 -0.0632 0.9808
vn 0.1846 0.0632 0.9808
vn 0.5256 0.1799 0.8315
vn 0.3238 -0.9461 -0.0000
vn -0.5256 -0.1799 0.8315
vn -0.7867 -0.2692 0.5556
vn -0.9280 -0.3176 0.1951
vn -0.9280 -0.3176 -0.1951
vn -0.7867 -0.2692 -0.5556
vn -0.5256 -0.1799 -0.8315
vn -0.1846 -0.0632 -0.9808
vn 0.1846 0.0632 -0.9808
vn 0.5256 0.1799 -0.8315
vn 0.7867 0.2692 -0.5556
vn 0.9280 0.3176 -0.1951
vn 0.9280 0.3176 0.1951
vn 0.7867 0.2692 0.5556
vn 0.3238 0.9461 -0.0000
vn 0.1846 -0.0632 0.9808
vn -0.1846 0.0632 0.9808
vn -0.5256 0.1799 0.8315
vn -0.3238 -0.9461 -0.0000
vn 0.5256 -0.1799 0.8315
vn 0.7867 -0.2692 0.5556
vn 0.9280 -0.3176 0.1951
vn 0.9280 -0.3176 -0.1951
vn 0.7867 -0.2692 -0.5556
vn 0.5257 -0.1799 -0.8315
vn 0.1846 -0.0632 -0.9808
vn 0.5256 -0.1799 -0.8315
vn -0.1846 0.0632 -0.9808
vn -0.5256 0.1799 -0.8315
vn -0.5257 0.1799 -0.8315
vn -0.7867 0.2692 -0.5556
vn -0.9280 0.3176 -0.1951
vn -0.9280 0.3176 0.1951
vn -0.7867 0.2692 0.5556
vn -0.0000 -0.3827 -0.9239
vn -0.0000 0.3827 -0.9239
vn -0.1868 -0.0563 0.9808
vn -0.2884 0.9575 -0.0000
vn 0.1868 0.0563 0.9808
vn 0.5320 0.1602 0.8315
vn 0.2884 -0.9575 -0.0000
vn -0.5320 -0.1602 0.8315
vn -0.7962 -0.2398 0.5556
vn -0.9391 -0.2828 0.1951
vn -0.7961 -0.2398 0.5556
vn -0.9391 -0.2828 -0.1951
vn -0.7962 -0.2398 -0.5556
vn -0.5320 -0.1602 -0.8315
vn -0.1868 -0.0563 -0.9808
vn 0.1868 0.0563 -0.9808
vn 0.5320 0.1602 -0.8315
vn 0.7962 0.2398 -0.5556
vn 0.9391 0.2828 -0.1951
vn 0.9391 0.2828 0.1951
vn 0.7962 0.2398 0.5556
vn -0.7961 -0.2398 -0.5556
vn 0.7961 0.2398 -0.5556
vn 0.7961 0.2398 0.5556
vn 0.1868 -0.0563 0.9808
vn 0.2884 0.9575 -0.0000
vn -0.1868 0.0563 0.9808
vn -0.5320 0.1602 0.8315
vn -0.2884 -0.9575 -0.0000
vn 0.5320 -0.1602 0.8315
vn 0.7962 -0.2398 0.5556
vn 0.9391 -0.2828 0.1951
vn 0.7961 -0.2398 0.5556
vn 0.9391 -0.2828 -0.1951
vn 0.7961 -0.2398 -0.5556
vn 0.7962 -0.2398 -0.5556
vn 0.5320 -0.1602 -0.8315
vn 0.1868 -0.0563 -0.9808
vn -0.1868 0.0563 -0.9808
vn -0.5320 0.1602 -0.8315
vn -0.7961 0.2398 -0.5556
vn -0.9391 0.2828 -0.1951
vn -0.7962 0.2398 -0.5556
vn -0.9391 0.2828 0.1951
vn -0.7962 0.2398 0.5556
vn -0.7961 0.2398 0.5556
vt 0.375000 0.625000
vt 0.375000 0.687500
vt 0.625000 0.687500
vt 0.625000 0.625000
vt 0.125000 0.625000
vt 0.125000 0.687500
vt 0.375000 0.562500
vt 0.625000 0.562500
vt 0.125000 0.562500
vt 0.375000 0.125000
vt 0.625000 0.125000
vt 0.625000 0.062500
vt 0.375000 0.062500
vt 0.375000 0.187500
vt 0.625000 0.187500
vt 0.875000 0.625000
vt 0.875000 0.562500
vt 0.875000 0.687500
vt 0.625000 0.500000
vt 0.875000 0.500000
vt 0.375000 0.250000
vt 0.625000 0.250000
vt 0.375000 0.500000
vt 0.125000 0.500000
vt 0.625000 0.750000
vt 0.875000 0.750000
vt 0.625000 0.000000
vt 0.375000 0.000000
vt 0.375000 0.750000
vt 0.375000 1.000000
vt 0.625000 1.000000
vt 0.125000 0.750000
vt 0.000000 0.000000
vt 0.318691 0.623192
vt 0.325569 0.735533
vt 0.500000 0.736883
vt 0.500000 0.623360
vt 0.674431 0.735532
vt 0.681309 0.623192
vt 0.340939 0.827231
vt 0.500000 0.831646
vt 0.659061 0.827231
vt 0.166667 0.500000
vt 0.168451 0.623023
vt 0.317708 0.500000
vt 0.500000 0.500000
vt 0.682292 0.500000
vt 0.831549 0.623023
vt 0.833333 0.500000
vt 0.819059 0.734182
vt 0.788251 0.822185
vt 0.648325 0.893233
vt 0.750000 0.875000
vt 0.500000 0.902392
vt 0.351675 0.893233
vt 0.211749 0.822185
vt 0.250000 0.875000
vt 0.180941 0.734182
vt 0.340939 0.172769
vt 0.325569 0.264468
vt 0.500000 0.263117
vt 0.500000 0.168355
vt 0.674431 0.264468
vt 0.659061 0.172769
vt 0.318691 0.376808
vt 0.500000 0.376640
vt 0.681309 0.376808
vt 0.250000 0.125000
vt 0.211749 0.177815
vt 0.351675 0.106767
vt 0.500000 0.097608
vt 0.648325 0.106767
vt 0.788251 0.177815
vt 0.750000 0.125000
vt 0.819059 0.265818
vt 0.831549 0.376977
vt 0.168451 0.376977
vt 0.180941 0.265818
vt 0.250000 0.625000
vt 0.500000 0.625000
vt 0.500000 0.750000
vt 0.250000 0.750000
vt 0.500000 0.875000
vt 0.250000 0.875000
vt 0.750000 0.625000
vt 0.750000 0.750000
vt 0.750000 0.875000
vt 0.000000 0.500000
vt 0.250000 0.500000
vt 0.000000 0.625000
vt 0.000000 0.750000
vt 0.000000 0.875000
vt 0.250000 1.000000
vt 0.000000 1.000000
vt 0.500000 1.000000
vt 0.750000 1.000000
vt 1.000000 0.875000
vt 1.000000 1.000000
vt 1.000000 0.750000
vt 1.000000 0.625000
vt 0.750000 0.500000
vt 1.000000 0.500000
vt 0.500000 0.500000
vt 0.250000 0.125000
vt 0.500000 0.125000
vt 0.500000 0.250000
vt 0.250000 0.250000
vt 0.500000 0.375000
vt 0.250000 0.375000
vt 0.750000 0.125000
vt 0.750000 0.250000
vt 0.750000 0.375000
vt 0.250000 0.000000
vt 0.000000 0.125000
vt 0.000000 0.250000
vt 0.000000 0.375000
vt 1.000000 0.375000
vt 1.000000 0.250000
vt 1.000000 0.125000
vt 0.750000 0.000000
vt 1.000000 0.000000
vt 0.500000 0.000000
vt 0.069065 0.840468
vt 0.020399 0.739801
vt 0.017361 0.741319
vt 0.060330 0.844835
vt 0.009983 0.745009
vt 0.037381 0.856310
vt 0.002550 0.623725
vt 0.002170 0.623915
vt 0.001248 0.624376
vt 0.166667 0.916667
vt 0.070313 0.839844
vt 0.164931 0.917535
vt 0.152778 0.923611
vt 0.116319 0.941840
vt 0.000000 0.500000
vt 0.002604 0.623698
vt 0.020833 0.739583
vt 0.997450 0.623725
vt 0.979601 0.739800
vt 0.982639 0.741320
vt 0.997830 0.623915
vt 0.990017 0.745009
vt 0.998752 0.624376
vt 0.930935 0.840468
vt 0.939670 0.844835
vt 0.962619 0.856310
vt 1.000000 0.500000
vt 0.997396 0.623698
vt 1.000000 0.500000
vt 0.883681 0.941840
vt 0.847222 0.923611
vt 0.835070 0.917535
vt 0.929688 0.839844
vt 0.833333 0.916667
vt 0.979167 0.739583
vt 0.002550 0.376275
vt 0.020399 0.260200
vt 0.017361 0.258681
vt 0.002170 0.376085
vt 0.009983 0.254991
vt 0.001248 0.375624
vt 0.069065 0.159532
vt 0.060330 0.155165
vt 0.037381 0.143690
vt 0.002604 0.376302
vt 0.116319 0.058160
vt 0.152778 0.076389
vt 0.164931 0.082465
vt 0.070313 0.160156
vt 0.166667 0.083333
vt 0.020833 0.260417
vt 0.930936 0.159532
vt 0.979601 0.260200
vt 0.982639 0.258681
vt 0.939670 0.155165
vt 0.990017 0.254991
vt 0.962619 0.143690
vt 0.997450 0.376275
vt 0.997830 0.376085
vt 0.998752 0.375624
vt 0.833333 0.083333
vt 0.929688 0.160156
vt 0.835069 0.082465
vt 0.847222 0.076389
vt 0.883681 0.058160
vt 0.997396 0.376302
vt 0.979167 0.260417
vt 0.683485 0.964193
vt 0.500000 0.979601
vt 0.500000 0.982639
vt 0.691840 0.968750
vt 0.500000 0.990017
vt 0.713867 0.980686
vt 0.316515 0.964193
vt 0.308160 0.968750
vt 0.286133 0.980686
vt 0.682292 0.963542
vt 0.317708 0.963542
vt 0.500000 0.979167
vt 0.316515 0.035807
vt 0.500000 0.020399
vt 0.500000 0.017361
vt 0.308160 0.031250
vt 0.500000 0.009983
vt 0.286133 0.019314
vt 0.683485 0.035807
vt 0.691840 0.031250
vt 0.713867 0.019314
vt 0.317708 0.036458
vt 0.682292 0.036458
vt 0.500000 0.020833
vt 0.340939 0.066622
vt 0.500000 0.053337
vt 0.500000 0.030478
vt 0.325569 0.045501
vt 0.500000 0.022039
vt 0.318691 0.037589
vt 0.659061 0.066622
vt 0.674431 0.045501
vt 0.681309 0.037589
vt 0.211749 0.105875
vt 0.180941 0.090471
vt 0.168451 0.084225
vt 0.831549 0.084226
vt 0.819059 0.090471
vt 0.788251 0.105875
vt 0.659061 0.933378
vt 0.500000 0.946663
vt 0.500000 0.969522
vt 0.674431 0.954499
vt 0.500000 0.977961
vt 0.681309 0.962412
vt 0.340939 0.933378
vt 0.325569 0.954500
vt 0.318691 0.962411
vt 0.788251 0.894125
vt 0.819059 0.909529
vt 0.831549 0.915774
vt 0.168451 0.915775
vt 0.180941 0.909529
vt 0.211749 0.894126
vt 0.869028 0.172257
vt 0.911507 0.264299
vt 0.959105 0.261767
vt 0.911507 0.164255
vt 0.976659 0.260585
vt 0.927415 0.160669
vt 0.927415 0.376787
vt 0.976659 0.376471
vt 0.994804 0.376323
vt 0.997396 0.500000
vt 0.979167 0.500000
vt 0.929688 0.500000
vt 0.072585 0.376787
vt 0.088493 0.264299
vt 0.040895 0.261767
vt 0.023341 0.376471
vt 0.023341 0.260585
vt 0.005196 0.376323
vt 0.130972 0.172257
vt 0.088493 0.164255
vt 0.072585 0.160669
vt 0.070313 0.500000
vt 0.020833 0.500000
vt 0.002604 0.500000
vt 0.927415 0.623213
vt 0.911507 0.735701
vt 0.959105 0.738233
vt 0.976659 0.623529
vt 0.976659 0.739415
vt 0.994804 0.623677
vt 0.869028 0.827743
vt 0.911507 0.835745
vt 0.927415 0.839331
vt 0.130972 0.827743
vt 0.088493 0.735701
vt 0.040895 0.738233
vt 0.088493 0.835745
vt 0.023341 0.739415
vt 0.072585 0.839331
vt 0.072585 0.623213
vt 0.023341 0.623529
vt 0.005196 0.623677
vt 0.662365 0.500000
vt 0.662365 0.750000
vt 0.162365 0.500000
vt 0.162365 0.750000
vt 0.625000 0.787365
vt 0.375000 0.787365
vt 0.837635 0.500000
vt 0.837635 0.750000
vt 0.375000 0.462635
vt 0.625000 0.462635
vt 0.375000 0.962635
vt 0.625000 0.962635
vt 0.337635 0.500000
vt 0.337635 0.750000
vt 0.750000 0.750000
vt 0.750000 0.500000
vt 0.250000 0.750000
vt 0.250000 0.500000
vt 0.375000 0.875000
vt 0.625000 0.875000
vt 0.375000 0.375000
vt 0.625000 0.375000
vt 0.375000 0.287365
vt 0.625000 0.287365
vt 0.000000 1.000000
vt 0.100000 1.000000
vt 0.100000 0.916667
vt 0.000000 0.916667
vt 0.000000 0.083333
vt 0.100000 0.083333
vt 0.100000 0.000000
vt 0.000000 0.166667
vt 0.100000 0.166667
vt 0.000000 0.250000
vt 0.100000 0.250000
vt 0.000000 0.333333
vt 0.100000 0.333333
vt 0.000000 0.416667
vt 0.100000 0.416667
vt 0.100000 0.500000
vt 0.000000 0.583333
vt 0.100000 0.583333
vt 0.000000 0.666667
vt 0.100000 0.666667
vt 0.000000 0.750000
vt 0.100000 0.750000
vt 0.000000 0.833333
vt 0.100000 0.833333
vt 0.200000 1.000000
vt 0.200000 0.916667
vt 0.200000 0.083333
vt 0.200000 0.000000
vt 0.200000 0.166667
vt 0.200000 0.250000
vt 0.200000 0.333333
vt 0.200000 0.416667
vt 0.200000 0.500000
vt 0.200000 0.583333
vt 0.200000 0.666667
vt 0.200000 0.750000
vt 0.200000 0.833333
vt 0.300000 1.000000
vt 0.300000 0.916667
vt 0.300000 0.083333
vt 0.300000 0.000000
vt 0.300000 0.166667
vt 0.300000 0.250000
vt 0.300000 0.333333
vt 0.300000 0.416667
vt 0.300000 0.500000
vt 0.300000 0.583333
vt 0.300000 0.666667
vt 0.300000 0.750000
vt 0.300000 0.833333
vt 0.400000 1.000000
vt 0.400000 0.916667
vt 0.400000 0.083333
vt 0.400000 0.000000
vt 0.400000 0.166667
vt 0.400000 0.250000
vt 0.400000 0.333333
vt 0.400000 0.416667
vt 0.400000 0.500000
vt 0.400000 0.583333
vt 0.400000 0.666667
vt 0.400000 0.750000
vt 0.400000 0.833333
vt 0.500000 1.000000
vt 0.500000 0.916667
vt 0.500000 0.083333
vt 0.500000 0.000000
vt 0.500000 0.166667
vt 0.500000 0.250000
vt 0.500000 0.333333
vt 0.500000 0.416667
vt 0.500000 0.500000
vt 0.500000 0.583333
vt 0.500000 0.666667
vt 0.500000 0.750000
vt 0.500000 0.833333
vt 0.600000 1.000000
vt 0.600000 0.916667
vt 0.600000 0.083333
vt 0.600000 0.000000
vt 0.600000 0.166667
vt 0.600000 0.250000
vt 0.600000 0.333333
vt 0.600000 0.416667
vt 0.600000 0.500000
vt 0.600000 0.583333
vt 0.600000 0.666667
vt 0.600000 0.750000
vt 0.600000 0.833333
vt 0.700000 1.000000
vt 0.700000 0.916667
vt 0.700000 0.083333
vt 0.700000 0.000000
vt 0.700000 0.166667
vt 0.700000 0.250000
vt 0.700000 0.333333
vt 0.700000 0.416667
vt 0.700000 0.500000
vt 0.700000 0.583333
vt 0.700000 0.666667
vt 0.700000 0.750000
vt 0.700000 0.833333
vt 0.800000 1.000000
vt 0.800000 0.916667
vt 0.800000 0.083333
vt 0.800000 0.000000
vt 0.800000 0.166667
vt 0.800000 0.250000
vt 0.800000 0.333333
vt 0.800000 0.416667
vt 0.800000 0.500000
vt 0.800000 0.583333
vt 0.800000 0.666667
vt 0.800000 0.750000
vt 0.800000 0.833333
vt 0.900000 1.000000
vt 0.900000 0.916667
vt 0.900000 0.083333
vt 0.900000 0.000000
vt 0.900000 0.166667
vt 0.900000 0.250000
vt 0.900000 0.333333
vt 0.900000 0.416667
vt 0.900000 0.500000
vt 0.900000 0.583333
vt 0.900000 0.666667
vt 0.900000 0.750000
vt 0.900000 0.833333
vt 1.000000 1.000000
vt 1.000000 0.916667
vt 1.000000 0.083333
vt 1.000000 0.000000
vt 1.000000 0.166667
vt 1.000000 0.250000
vt 1.000000 0.333333
vt 1.000000 0.416667
vt 1.000000 0.583333
vt 1.000000 0.666667
vt 1.000000 0.750000
vt 1.000000 0.833333
vt 0.497370 0.786798
vt 0.737693 0.786798
vt 0.736332 0.920494
vt 0.497370 0.920852
vt 0.916009 0.786798
vt 0.908816 0.919419
vt 0.874014 0.966844
vt 0.732249 0.976003
vt 0.497370 0.977896
vt 0.496055 1.000000
vt 0.748028 1.000000
vt 0.748028 1.000000
vt 0.496055 1.000000
vt 1.000000 0.251289
vt 1.000000 0.132146
vt 1.000000 0.137892
vt 1.000000 0.307022
vt 1.000000 0.041881
vt 1.000000 0.045469
vt 1.000000 0.062822
vt 1.000000 0.141194
vt 1.000000 0.312088
vt 0.000000 0.786798
vt 0.001722 0.923155
vt 0.008612 0.921313
vt 0.000000 1.000000
vt 0.075786 0.979738
vt 0.082676 0.977896
vt 0.010334 0.920852
vt 0.082676 0.786798
vt 0.089757 0.919419
vt 0.018564 0.920954
vt 0.010334 0.786798
vt 0.124014 0.966844
vt 0.082867 0.977845
vt 0.001722 0.923155
vt 0.916009 0.312088
vt 0.916009 0.138480
vt 0.989501 0.137213
vt 0.989501 0.307022
vt 0.916009 0.041881
vt 0.989501 0.041881
vt 1.000000 0.041881
vt 0.738055 0.995037
vt 0.497261 0.997237
vt 0.915815 0.977845
vt 0.746305 0.999540
vt 0.496055 1.000000
vt 0.981141 0.922633
vt 0.989501 0.793512
vt 1.000000 0.867374
vt 1.000000 0.933687
vt 0.082676 0.312088
vt 0.082676 0.556859
vt 0.010334 0.556859
vt 0.010334 0.312088
vt 0.000000 0.556859
vt 0.000000 0.312088
vt 0.000000 0.312088
vt 1.000000 0.925294
vt 1.000000 0.867374
vt 1.000000 0.793512
vt 1.000000 0.786798
vt 0.998250 0.923155
vt 0.497370 0.312088
vt 0.737693 0.312088
vt 0.737693 0.556859
vt 0.497370 0.556859
vt 0.916009 0.556859
vt 0.258527 0.312088
vt 0.258527 0.556859
vt 0.258527 0.786798
vt 0.263885 0.976003
vt 0.258116 0.995037
vt 0.248028 1.000000
vt 0.248028 1.000000
vt 0.256640 0.997697
vt 0.258390 0.997237
vt 0.259866 0.920494
vt 0.496055 1.000000
vt 1.000000 0.926972
vt 1.000000 0.800227
vt 0.000000 0.556859
vt 0.000000 0.923615
vt 1.000000 0.130880
vt 1.000000 0.251289
vt 1.000000 0.559332
vt 1.000000 0.552617
vt 0.000000 0.041881
vt 0.000000 0.138480
vt 0.000000 0.138480
vt 0.000000 0.041881
vt 0.082676 0.041881
vt 0.258527 0.041881
vt 0.258527 0.138480
vt 0.082676 0.138480
vt 0.497370 0.041881
vt 0.497370 0.138480
vt 0.737693 0.041881
vt 0.737693 0.138480
vt 0.000000 0.139158
vt 0.000000 0.045469
vt 0.000000 0.141194
vt 0.000000 0.062822
vt 0.010334 0.138480
vt 0.010334 0.041881
vt 0.989501 0.557271
vt 1.000000 0.557271
vt 1.000000 0.556859
vt 0.497370 0.786798
vt 0.497261 0.923615
vt 0.748165 0.925294
vt 0.746442 0.793512
vt 1.000000 0.933687
vt 0.496055 1.000000
vt 0.746305 0.999540
vt 0.746305 0.999540
vt 1.000000 0.251289
vt 1.000000 0.131558
vt 1.000000 0.132146
vt 1.000000 0.251289
vt 1.000000 0.134861
vt 0.000000 0.786798
vt 0.001722 0.923155
vt 0.000000 0.867374
vt 0.000000 0.793512
vt 0.008612 0.922991
vt 0.000000 0.933687
vt 0.075786 0.979738
vt 0.916009 0.312088
vt 0.989501 0.307022
vt 0.991251 0.131978
vt 0.923009 0.133244
vt 1.000000 0.125644
vt 0.497261 1.000000
vt 0.739416 0.997698
vt 0.497370 1.000000
vt 0.737693 0.997237
vt 0.916009 0.977896
vt 0.923009 0.979738
vt 0.991251 0.931385
vt 0.989501 0.929245
vt 1.000000 0.867374
vt 0.000000 0.251289
vt 0.000000 0.307022
vt 0.000000 0.557271
vt 0.000000 0.559332
vt 0.000000 0.312088
vt 1.000000 0.926973
vt 0.497370 0.312088
vt 0.497370 0.556859
vt 0.739443 0.558538
vt 0.737693 0.312088
vt 0.923009 0.565253
vt 0.248192 0.557271
vt 0.248192 0.307022
vt 0.248192 0.793512
vt 0.256777 0.997698
vt 0.258527 0.997237
vt 0.248028 1.000000
vt 0.248165 0.925294
vt 0.256777 0.997698
vt 0.923009 0.979738
vt 0.991251 0.924670
vt 0.000000 0.786798
vt 0.008612 0.921313
vt 1.000000 0.301955
vt 1.000000 0.135074
vt 1.000000 0.038391
vt 0.739416 0.997698
vt 1.000000 0.557683
vt 0.000000 0.125644
vt 0.248165 0.131978
vt 0.248028 0.000000
vt 0.497261 0.133244
vt 0.496055 0.000000
vt 0.739416 0.133244
vt 0.748028 0.000000
vt 0.000000 0.139158
vt 0.001722 0.038391
vt 0.000000 0.136340
vt 0.991251 0.565665
vt 1.000000 0.552617
vt 0.739416 0.005235
vt 0.923009 0.005235
vt 0.497261 0.005235
vt 0.000000 0.139837
vt 0.000000 0.049056
vt 0.993001 0.923452
vt 0.930008 0.981580
vt 1.000000 0.793512
vt 0.256749 0.997698
vt 0.497151 1.000000
vt 1.000000 0.015318
vt 1.000000 0.049056
vt 1.000000 0.010470
vt 0.008612 0.009598
vt 0.075786 0.006108
vt 0.000000 0.010470
vt 0.991251 0.005235
vt 1.000000 0.006108
vt 0.000000 0.010470
vt 0.000000 0.010470
vt 0.008612 0.921313
vt 0.256777 0.005235
vt 0.741138 0.998158
vt 1.000000 0.009598
vt 0.000000 0.015318
vt 1.000000 0.138570
vt 0.541667 0.583333
vt 0.541667 0.500000
vt 0.541667 0.666667
vt 0.541667 0.750000
vt 0.541667 0.833333
vt 0.541667 0.916667
vt 0.541667 1.000000
vt 0.500000 0.000000
vt 0.541667 0.083333
vt 0.541667 0.000000
vt 0.541667 0.166667
vt 0.541667 0.250000
vt 0.541667 0.333333
vt 0.541667 0.416667
vt 0.583333 0.583333
vt 0.583333 0.500000
vt 0.583333 0.666667
vt 0.583333 0.750000
vt 0.583333 0.833333
vt 0.583333 0.916667
vt 0.583333 0.166667
vt 0.583333 0.083333
vt 0.583333 0.250000
vt 0.583333 0.333333
vt 0.583333 0.416667
vt 0.625000 0.583333
vt 0.625000 0.666667
vt 0.625000 0.833333
vt 0.625000 0.916667
vt 0.583333 1.000000
vt 0.583333 0.000000
vt 0.625000 0.083333
vt 0.625000 0.000000
vt 0.625000 0.166667
vt 0.625000 0.333333
vt 0.625000 0.416667
vt 0.666667 0.583333
vt 0.666667 0.500000
vt 0.666667 0.666667
vt 0.666667 0.750000
vt 0.666667 0.833333
vt 0.666667 0.916667
vt 0.666667 1.000000
vt 0.666667 0.083333
vt 0.666667 0.000000
vt 0.666667 0.166667
vt 0.666667 0.250000
vt 0.666667 0.333333
vt 0.666667 0.416667
vt 0.708333 0.583333
vt 0.708333 0.500000
vt 0.708333 0.666667
vt 0.708333 0.750000
vt 0.708333 0.833333
vt 0.708333 0.916667
vt 0.708333 1.000000
vt 0.708333 0.083333
vt 0.708333 0.000000
vt 0.708333 0.166667
vt 0.708333 0.250000
vt 0.708333 0.333333
vt 0.708333 0.416667
vt 0.750000 0.583333
vt 0.750000 0.666667
vt 0.750000 0.833333
vt 0.750000 0.916667
vt 0.750000 1.000000
vt 0.750000 0.083333
vt 0.750000 0.000000
vt 0.750000 0.166667
vt 0.750000 0.250000
vt 0.750000 0.333333
vt 0.750000 0.416667
vt 0.250000 0.583333
vt 0.291667 0.583333
vt 0.291667 0.500000
vt 0.250000 0.666667
vt 0.291667 0.666667
vt 0.291667 0.750000
vt 0.250000 0.833333
vt 0.291667 0.833333
vt 0.250000 0.916667
vt 0.291667 0.916667
vt 0.250000 0.083333
vt 0.250000 0.166667
vt 0.291667 0.166667
vt 0.291667 0.083333
vt 0.250000 0.250000
vt 0.291667 0.250000
vt 0.250000 0.333333
vt 0.291667 0.333333
vt 0.250000 0.416667
vt 0.291667 0.416667
vt 0.333333 0.583333
vt 0.333333 0.500000
vt 0.333333 0.666667
vt 0.333333 0.750000
vt 0.333333 0.833333
vt 0.333333 0.916667
vt 0.291667 1.000000
vt 0.333333 1.000000
vt 0.291667 0.000000
vt 0.333333 0.083333
vt 0.333333 0.000000
vt 0.333333 0.166667
vt 0.333333 0.250000
vt 0.333333 0.333333
vt 0.333333 0.416667
vt 0.375000 0.583333
vt 0.375000 0.666667
vt 0.375000 0.833333
vt 0.375000 0.916667
vt 0.375000 0.083333
vt 0.375000 0.000000
vt 0.375000 0.166667
vt 0.375000 0.333333
vt 0.375000 0.416667
vt 0.416667 0.583333
vt 0.416667 0.500000
vt 0.416667 0.666667
vt 0.416667 0.750000
vt 0.416667 0.833333
vt 0.416667 0.916667
vt 0.416667 1.000000
vt 0.416667 0.083333
vt 0.416667 0.000000
vt 0.416667 0.166667
vt 0.416667 0.250000
vt 0.416667 0.333333
vt 0.416667 0.416667
vt 0.458333 0.583333
vt 0.458333 0.500000
vt 0.458333 0.666667
vt 0.458333 0.750000
vt 0.458333 0.833333
vt 0.458333 0.916667
vt 0.458333 1.000000
vt 0.458333 0.083333
vt 0.458333 0.000000
vt 0.458333 0.166667
vt 0.458333 0.250000
vt 0.458333 0.333333
vt 0.458333 0.416667
vt 0.625000 0.500000
vt 0.566263 0.858091
vt 0.465582 0.856401
vt 0.465582 0.077855
vt 0.566263 0.078008
vt 0.574603 0.764902
vt 0.574603 0.069537
vt 0.332711 0.756622
vt 0.087178 0.202983
vt 0.087178 0.018453
vt 0.332711 0.068784
vt 0.875000 1.000000
vt 0.250000 1.000000
vt 0.250000 0.060712
vt 0.383847 0.116153
vt 0.125000 1.000000
vt 0.419706 0.419706
vt 0.250000 0.490000
vt 0.250000 0.439288
vt 0.383847 0.383847
vt 0.080294 0.419706
vt 0.116153 0.383847
vt 0.010000 0.250000
vt 0.060712 0.250000
vt 0.080294 0.080294
vt 0.116153 0.116153
vt 0.250000 0.010000
vt 0.419706 0.080294
vt 0.490000 0.250000
vt 0.439288 0.250000
vt 1.000000 0.904769
vt 0.833333 0.904769
vt 0.833333 0.500000
vt 0.666667 0.904769
vt 0.666667 0.500000
vt 0.500000 0.904769
vt 0.500000 0.500000
vt 0.333333 0.904769
vt 0.333333 0.500000
vt 0.166667 0.904769
vt 0.166667 0.500000
vt -0.000000 0.904769
vt -0.000000 0.500000
vt 0.750000 0.490000
vt 0.841844 0.471731
vt 0.919706 0.419706
vt 0.971731 0.341844
vt 0.990000 0.250000
vt 0.971731 0.158156
vt 0.919706 0.080294
vt 0.841844 0.028269
vt 0.750000 0.010000
vt 0.658156 0.028269
vt 0.580294 0.080294
vt 0.528269 0.158156
vt 0.510000 0.250000
vt 0.528269 0.341844
vt 0.580294 0.419706
vt 0.658156 0.471731
vt 0.937500 1.000000
vt 0.937500 0.500000
vt 0.062500 0.500000
vt 0.062500 1.000000
vt 0.187500 1.000000
vt 0.312500 1.000000
vt 0.437500 1.000000
vt 0.562500 1.000000
vt 0.687500 1.000000
vt 0.812500 1.000000
vt 0.812500 0.500000
vt 0.687500 0.500000
vt 0.562500 0.500000
vt 0.437500 0.500000
vt 0.312500 0.500000
vt 0.187500 0.500000
vt 0.880488 0.380488
vt 0.820620 0.420491
vt 0.920491 0.320620
vt 0.934538 0.250000
vt 0.920491 0.179380
vt 0.880488 0.119512
vt 0.820620 0.079509
vt 0.380488 0.119512
vt 0.341844 0.028269
vt 0.320620 0.079509
vt 0.420491 0.179380
vt 0.471731 0.158156
vt 0.434538 0.250000
vt 0.420491 0.320620
vt 0.471731 0.341844
vt 0.380488 0.380488
vt 0.320620 0.420491
vt 0.341844 0.471731
vt 0.750000 0.434538
vt 0.679380 0.420491
vt 0.750000 0.678363
vt 0.812500 0.678363
vt 0.687500 0.678363
vt 0.812500 0.821637
vt 0.750000 0.821637
vt 0.687500 0.821637
vt 0.625000 0.678363
vt 0.625000 0.821637
vt 0.562500 0.678363
vt 0.562500 0.821637
vt 0.750000 0.065462
vt 0.679380 0.079509
vt 0.500000 0.678363
vt 0.437500 0.678363
vt 0.500000 0.821637
vt 0.437500 0.821637
vt 0.375000 0.678363
vt 0.375000 0.821637
vt 0.312500 0.678363
vt 0.312500 0.821637
vt 0.619512 0.119512
vt 0.579509 0.179380
vt 0.579509 0.320620
vt 0.565462 0.250000
vt 0.619512 0.380488
vt 0.187500 0.678363
vt 0.250000 0.678363
vt 0.125000 0.678363
vt 0.250000 0.821637
vt 0.187500 0.821637
vt 0.125000 0.821637
vt 0.062500 0.678363
vt 0.062500 0.821637
vt 0.000000 0.678363
vt 0.000000 0.821637
vt 0.937500 0.678363
vt 1.000000 0.678363
vt 0.875000 0.678363
vt 1.000000 0.821637
vt 0.937500 0.821637
vt 0.875000 0.821637
vt 0.335682 0.456855
vt 0.408320 0.408320
vt 0.456855 0.335682
vt 0.397084 0.397084
vt 0.329601 0.442174
vt 0.442174 0.329601
vt 0.397084 0.397084
vt 0.458008 0.250000
vt 0.442175 0.170399
vt 0.458008 0.250000
vt 0.473899 0.250000
vt 0.456855 0.164318
vt 0.408320 0.091680
vt 0.335682 0.043145
vt 0.397084 0.102916
vt 0.329601 0.057825
vt 0.250000 0.041992
vt 0.250000 0.065462
vt 0.170399 0.057825
vt 0.179380 0.079509
vt 0.250000 0.041992
vt 0.250000 0.026101
vt 0.164318 0.043145
vt 0.158156 0.028269
vt 0.091680 0.091680
vt 0.028269 0.158156
vt 0.043145 0.164318
vt 0.102916 0.102916
vt 0.057825 0.170399
vt 0.119512 0.119512
vt 0.079509 0.179380
vt 0.041992 0.250000
vt 0.065462 0.250000
vt 0.057825 0.329601
vt 0.079509 0.320620
vt 0.026101 0.250000
vt 0.043145 0.335682
vt 0.028269 0.341844
vt 0.091680 0.408320
vt 0.158156 0.471731
vt 0.164318 0.456855
vt 0.102916 0.397084
vt 0.170399 0.442175
vt 0.119512 0.380488
vt 0.179380 0.420491
vt 0.250000 0.434538
vt 0.250000 0.458008
vt 0.250000 0.458008
vt 0.250000 0.473899
vt 0.250000 0.473899
s 0
f 1/1/1 4/4/1 16/3/1 2/2/1
f 5/5/2 1/1/2 2/2/2 6/6/2
f 3/7/1 11/8/1 4/4/1 1/1/1
f 7/9/3 3/7/3 1/1/3 5/5/3
f 5/10/4 6/13/4 9/12/4 8/11/4
f 7/14/4 5/10/4 8/11/4 10/15/4
f 11/8/5 10/17/5 8/16/5 4/4/5
f 4/4/6 8/16/6 9/18/6 16/3/6
f 14/19/7 12/20/7 10/17/7 11/8/7
f 13/21/4 7/14/4 10/15/4 12/22/4
f 13/21/8 12/22/8 14/19/8 15/23/8
f 15/23/1 14/19/1 11/8/1 3/7/1
f 13/24/9 15/23/9 3/7/9 7/9/9
f 16/3/10 9/18/10 17/26/10 19/25/10
f 6/13/4 18/28/4 17/27/4 9/12/4
f 20/29/11 19/25/11 17/31/11 18/30/11
f 2/2/1 16/3/1 19/25/1 20/29/1
f 6/6/12 2/2/12 20/29/12 18/32/12
f 22/33/13 25/33/13 24/33/13 21/33/13
f 21/33/14 24/33/14 26/33/14 23/33/14
f 23/33/15 26/33/15 27/33/15 29/33/15
f 29/33/16 27/33/16 28/33/16 30/33/16
f 30/33/17 28/33/17 33/33/17 31/33/17
f 31/33/18 33/33/18 34/33/18 32/33/18
f 32/33/19 34/33/19 35/33/19 37/33/19
f 37/33/20 35/33/20 36/33/20 38/33/20
f 38/33/21 36/33/21 41/33/21 39/33/21
f 39/33/22 41/33/22 42/33/22 40/33/22
f 40/33/23 42/33/23 43/33/23 45/33/23
f 45/33/24 43/33/24 44/33/24 46/33/24
f 46/33/25 44/33/25 49/33/25 47/33/25
f 47/33/26 49/33/26 50/33/26 48/33/26
f 48/33/27 50/33/27 51/33/27 52/33/27
f 52/33/28 51/33/28 25/33/28 22/33/28
f 54/33/13 53/33/13 56/33/13 57/33/13
f 53/33/14 55/33/14 58/33/14 56/33/14
f 55/33/15 61/33/15 59/33/15 58/33/15
f 61/33/16 62/33/16 60/33/16 59/33/16
f 62/33/17 63/33/17 65/33/17 60/33/17
f 63/33/18 64/33/18 66/33/18 65/33/18
f 64/33/19 69/33/19 67/33/19 66/33/19
f 69/33/20 70/33/20 68/33/20 67/33/20
f 70/33/21 71/33/21 73/33/21 68/33/21
f 71/33/22 72/33/22 74/33/22 73/33/22
f 72/33/23 77/33/23 75/33/23 74/33/23
f 77/33/24 78/33/24 76/33/24 75/33/24
f 78/33/25 79/33/25 81/33/25 76/33/25
f 79/33/26 80/33/26 82/33/26 81/33/26
f 80/33/27 84/33/27 83/33/27 82/33/27
f 84/33/28 54/33/28 57/33/28 83/33/28
f 110/33/29 173/33/29 175/33/29 112/33/29
f 138/33/30 201/33/30 203/33/30 140/33/30
f 112/33/31 175/33/31 177/33/31 114/33/31
f 140/33/32 203/33/32 205/33/32 142/33/32
f 114/33/33 177/33/33 179/33/33 116/33/33
f 88/33/34 151/33/34 153/33/34 90/33/34
f 142/33/35 205/33/35 207/33/35 144/33/35
f 116/33/36 179/33/36 181/33/36 118/33/36
f 90/33/37 153/33/37 155/33/37 92/33/37
f 144/33/38 207/33/38 209/33/38 146/33/38
f 118/33/39 181/33/39 183/33/39 120/33/39
f 92/33/40 155/33/40 157/33/40 94/33/40
f 146/33/41 209/33/41 211/33/41 148/33/41
f 120/33/42 183/33/42 185/33/42 122/33/42
f 94/33/43 157/33/43 159/33/43 96/33/43
f 122/33/44 185/33/44 187/33/44 124/33/44
f 96/33/45 159/33/45 161/33/45 98/33/45
f 85/33/46 150/33/46 151/33/46 88/33/46
f 124/33/47 187/33/47 189/33/47 126/33/47
f 98/33/48 161/33/48 163/33/48 100/33/48
f 126/33/49 189/33/49 191/33/49 128/33/49
f 100/33/50 163/33/50 165/33/50 102/33/50
f 128/33/51 191/33/51 193/33/51 130/33/51
f 102/33/52 165/33/52 167/33/52 104/33/52
f 130/33/53 193/33/53 195/33/53 132/33/53
f 104/33/54 167/33/54 169/33/54 106/33/54
f 132/33/55 195/33/55 197/33/55 134/33/55
f 106/33/56 169/33/56 171/33/56 108/33/56
f 134/33/57 197/33/57 199/33/57 136/33/57
f 108/33/58 171/33/58 173/33/58 110/33/58
f 136/33/59 199/33/59 201/33/59 138/33/59
f 148/33/60 211/33/60 150/33/60 85/33/60
f 88/33/61 1504/33/61 1503/33/61 85/33/61
f 90/33/62 1505/33/62 1504/33/62 88/33/62
f 92/33/63 1506/33/63 1505/33/63 90/33/63
f 94/33/64 1507/33/64 1506/33/64 92/33/64
f 96/33/65 1508/33/65 1507/33/65 94/33/65
f 98/33/66 1509/33/66 1508/33/66 96/33/66
f 100/33/67 1510/33/67 1509/33/67 98/33/67
f 102/33/68 1511/33/68 1510/33/68 100/33/68
f 104/33/69 1512/33/69 1511/33/69 102/33/69
f 106/33/70 1513/33/70 1512/33/70 104/33/70
f 108/33/71 1514/33/71 1513/33/71 106/33/71
f 110/33/72 1515/33/72 1514/33/72 108/33/72
f 112/33/73 1516/33/73 1515/33/73 110/33/73
f 114/33/74 1517/33/74 1516/33/74 112/33/74
f 116/33/75 1518/33/75 1517/33/75 114/33/75
f 118/33/76 1519/33/76 1518/33/76 116/33/76
f 120/33/77 1520/33/77 1519/33/77 118/33/77
f 122/33/78 1521/33/78 1520/33/78 120/33/78
f 124/33/79 1522/33/79 1521/33/79 122/33/79
f 126/33/80 1523/33/80 1522/33/80 124/33/80
f 128/33/81 1524/33/81 1523/33/81 126/33/81
f 130/33/82 1525/33/82 1524/33/82 128/33/82
f 132/33/83 1526/33/83 1525/33/83 130/33/83
f 134/33/84 1527/33/84 1526/33/84 132/33/84
f 136/33/85 1528/33/85 1527/33/85 134/33/85
f 138/33/86 1529/33/86 1528/33/86 136/33/86
f 140/33/87 1530/33/87 1529/33/87 138/33/87
f 142/33/88 1531/33/88 1530/33/88 140/33/88
f 144/33/89 1532/33/89 1531/33/89 142/33/89
f 146/33/90 1533/33/90 1532/33/90 144/33/90
f 148/33/91 1534/33/91 1533/33/91 146/33/91
f 85/33/92 1503/33/92 1534/33/92 148/33/92
f 1535/33/93 151/33/93 150/33/93 1536/33/93
f 1537/33/94 153/33/94 151/33/94 1535/33/94
f 1538/33/95 155/33/95 153/33/95 1537/33/95
f 1539/33/96 157/33/96 155/33/96 1538/33/96
f 1540/33/97 159/33/97 157/33/97 1539/33/97
f 1541/33/98 161/33/98 159/33/98 1540/33/98
f 1542/33/99 163/33/99 161/33/99 1541/33/99
f 1543/33/100 165/33/100 163/33/100 1542/33/100
f 1544/33/101 167/33/101 165/33/101 1543/33/101
f 1545/33/102 169/33/102 167/33/102 1544/33/102
f 1546/33/103 171/33/103 169/33/103 1545/33/103
f 1547/33/104 173/33/104 171/33/104 1546/33/104
f 1548/33/105 175/33/105 173/33/105 1547/33/105
f 1549/33/106 177/33/106 175/33/106 1548/33/106
f 1550/33/107 179/33/107 177/33/107 1549/33/107
f 1551/33/108 181/33/108 179/33/108 1550/33/108
f 1552/33/109 183/33/109 181/33/109 1551/33/109
f 1553/33/110 185/33/110 183/33/110 1552/33/110
f 1554/33/111 187/33/111 185/33/111 1553/33/111
f 1555/33/112 189/33/112 187/33/112 1554/33/112
f 1556/33/113 191/33/113 189/33/113 1555/33/113
f 1557/33/114 193/33/114 191/33/114 1556/33/114
f 1558/33/115 195/33/115 193/33/115 1557/33/115
f 1559/33/116 197/33/116 195/33/116 1558/33/116
f 1560/33/117 199/33/117 197/33/117 1559/33/117
f 1561/33/118 201/33/118 199/33/118 1560/33/118
f 1562/33/119 203/33/119 201/33/119 1561/33/119
f 1563/33/120 205/33/120 203/33/120 1562/33/120
f 1564/33/121 207/33/121 205/33/121 1563/33/121
f 1565/33/122 209/33/122 207/33/122 1564/33/122
f 1566/33/123 211/33/123 209/33/123 1565/33/123
f 1536/33/124 150/33/124 211/33/124 1566/33/124
f 783/34/125 784/37/125 787/36/125 786/35/125
f 784/37/126 785/39/126 788/38/126 787/36/126
f 786/35/127 787/36/127 790/41/127 789/40/127
f 787/36/128 788/38/128 791/42/128 790/41/128
f 217/43/129 323/45/129 783/34/129 317/44/129
f 323/45/130 322/46/130 784/37/130 783/34/130
f 322/46/131 321/47/131 785/39/131 784/37/131
f 321/47/132 218/49/132 309/48/132 785/39/132
f 785/39/133 309/48/133 310/50/133 788/38/133
f 788/38/134 310/50/134 311/51/134 791/42/134
f 791/42/135 311/51/135 216/53/135 312/52/135
f 790/41/136 791/42/136 312/52/136 313/54/136
f 789/40/137 790/41/137 313/54/137 314/55/137
f 315/56/138 789/40/138 314/55/138 215/57/138
f 316/58/139 786/35/139 789/40/139 315/56/139
f 317/44/140 783/34/140 786/35/140 316/58/140
f 792/59/141 793/62/141 796/61/141 795/60/141
f 793/62/142 794/64/142 797/63/142 796/61/142
f 795/60/143 796/61/143 799/66/143 798/65/143
f 796/61/144 797/63/144 800/67/144 799/66/144
f 213/68/145 306/70/145 792/59/145 305/69/145
f 306/70/146 307/71/146 793/62/146 792/59/146
f 307/71/147 308/72/147 794/64/147 793/62/147
f 308/72/148 214/74/148 318/73/148 794/64/148
f 794/64/149 318/73/149 319/75/149 797/63/149
f 797/63/150 319/75/150 320/76/150 800/67/150
f 800/67/151 320/76/151 218/49/151 321/47/151
f 799/66/152 800/67/152 321/47/152 322/46/152
f 798/65/153 799/66/153 322/46/153 323/45/153
f 303/77/154 798/65/154 323/45/154 217/43/154
f 304/78/155 795/60/155 798/65/155 303/77/155
f 305/69/156 792/59/156 795/60/156 304/78/156
f 801/79/157 802/82/157 805/81/157 804/80/157
f 802/82/158 803/84/158 806/83/158 805/81/158
f 804/80/159 805/81/159 808/86/159 807/85/159
f 805/81/160 806/83/160 809/87/160 808/86/160
f 219/88/161 338/90/161 801/79/161 344/89/161
f 338/90/162 337/91/162 802/82/162 801/79/162
f 337/91/163 336/92/163 803/84/163 802/82/163
f 336/92/164 224/94/164 335/93/164 803/84/164
f 803/84/165 335/93/165 334/95/165 806/83/165
f 806/83/166 334/95/166 333/96/166 809/87/166
f 809/87/167 333/96/167 223/98/167 332/97/167
f 808/86/168 809/87/168 332/97/168 331/99/168
f 807/85/169 808/86/169 331/99/169 330/100/169
f 342/101/170 807/85/170 330/100/170 222/102/170
f 343/103/171 804/80/171 807/85/171 342/101/171
f 344/89/172 801/79/172 804/80/172 343/103/172
f 810/104/173 811/107/173 814/106/173 813/105/173
f 811/107/174 812/109/174 815/108/174 814/106/174
f 813/105/175 814/106/175 817/111/175 816/110/175
f 814/106/176 815/108/176 818/112/176 817/111/176
f 220/33/177 326/114/177 810/104/177 327/113/177
f 326/114/178 325/115/178 811/107/178 810/104/178
f 325/115/179 324/116/179 812/109/179 811/107/179
f 324/116/180 219/88/180 344/89/180 812/109/180
f 812/109/181 344/89/181 343/103/181 815/108/181
f 815/108/182 343/103/182 342/101/182 818/112/182
f 818/112/183 342/101/183 222/102/183 341/117/183
f 817/111/184 818/112/184 341/117/184 340/118/184
f 816/110/185 817/111/185 340/118/185 339/119/185
f 329/120/186 816/110/186 339/119/186 221/121/186
f 328/122/187 813/105/187 816/110/187 329/120/187
f 327/113/188 810/104/188 813/105/188 328/122/188
f 819/123/189 820/126/189 823/125/189 822/124/189
f 820/126/190 821/128/190 824/127/190 823/125/190
f 822/124/191 823/125/191 826/130/191 825/129/191
f 823/125/192 824/127/192 827/131/192 826/130/192
f 226/132/193 368/134/193 819/123/193 398/133/193
f 368/134/194 367/135/194 820/126/194 819/123/194
f 367/135/195 366/136/195 821/128/195 820/126/195
f 366/136/196 224/94/196 336/92/196 821/128/196
f 821/128/197 336/92/197 337/91/197 824/127/197
f 824/127/198 337/91/198 338/90/198 827/131/198
f 827/131/199 338/90/199 219/88/199 347/88/199
f 826/130/200 827/131/200 347/88/200 346/137/200
f 825/129/201 826/130/201 346/137/201 345/137/201
f 396/138/202 825/129/202 345/137/202 225/137/202
f 397/139/203 822/124/203 825/129/203 396/138/203
f 398/133/204 819/123/204 822/124/204 397/139/204
f 828/140/205 829/143/205 832/142/205 831/141/205
f 829/143/206 830/145/206 833/144/206 832/142/206
f 831/141/207 832/142/207 835/147/207 834/146/207
f 832/142/208 833/144/208 836/148/208 835/147/208
f 228/149/209 374/151/209 828/140/209 395/150/209
f 374/151/210 373/102/210 829/143/210 828/140/210
f 373/102/211 372/149/211 830/145/211 829/143/211
f 372/149/212 222/102/212 330/100/212 830/145/212
f 830/145/213 330/100/213 331/99/213 833/144/213
f 833/144/214 331/99/214 332/97/214 836/148/214
f 836/148/215 332/97/215 223/98/215 353/152/215
f 835/147/216 836/148/216 353/152/216 352/153/216
f 834/146/217 835/147/217 352/153/217 351/154/217
f 393/155/218 834/146/218 351/154/218 227/156/218
f 394/157/219 831/141/219 834/146/219 393/155/219
f 395/150/220 828/140/220 831/141/220 394/157/220
f 837/158/221 838/161/221 841/160/221 840/159/221
f 838/161/222 839/163/222 842/162/222 841/160/222
f 840/159/223 841/160/223 844/165/223 843/164/223
f 841/160/224 842/162/224 845/166/224 844/165/224
f 225/137/225 345/137/225 837/158/225 392/167/225
f 345/137/226 346/137/226 838/161/226 837/158/226
f 346/137/227 347/88/227 839/163/227 838/161/227
f 347/88/228 219/88/228 324/116/228 839/163/228
f 839/163/229 324/116/229 325/115/229 842/162/229
f 842/162/230 325/115/230 326/114/230 845/166/230
f 845/166/231 326/114/231 220/33/231 359/168/231
f 844/165/232 845/166/232 359/168/232 358/169/232
f 843/164/233 844/165/233 358/169/233 357/170/233
f 390/171/234 843/164/234 357/170/234 229/172/234
f 391/173/235 840/159/235 843/164/235 390/171/235
f 392/167/236 837/158/236 840/159/236 391/173/236
f 846/174/237 847/177/237 850/176/237 849/175/237
f 847/177/238 848/179/238 851/178/238 850/176/238
f 849/175/239 850/176/239 853/181/239 852/180/239
f 850/176/240 851/178/240 854/182/240 853/181/240
f 230/183/241 380/185/241 846/174/241 389/184/241
f 380/185/242 379/186/242 847/177/242 846/174/242
f 379/186/243 378/187/243 848/179/243 847/177/243
f 378/187/244 221/121/244 339/119/244 848/179/244
f 848/179/245 339/119/245 340/118/245 851/178/245
f 851/178/246 340/118/246 341/117/246 854/182/246
f 854/182/247 341/117/247 222/102/247 372/149/247
f 853/181/248 854/182/248 372/149/248 373/102/248
f 852/180/249 853/181/249 373/102/249 374/151/249
f 387/188/250 852/180/250 374/151/250 228/149/250
f 388/189/251 849/175/251 852/180/251 387/188/251
f 389/184/252 846/174/252 849/175/252 388/189/252
f 855/190/253 856/193/253 859/192/253 858/191/253
f 856/193/254 857/195/254 860/194/254 859/192/254
f 858/191/255 859/192/255 862/197/255 861/196/255
f 859/192/256 860/194/256 863/198/256 862/197/256
f 227/156/257 351/154/257 855/190/257 386/199/257
f 351/154/258 352/153/258 856/193/258 855/190/258
f 352/153/259 353/152/259 857/195/259 856/193/259
f 353/152/260 223/98/260 333/96/260 857/195/260
f 857/195/261 333/96/261 334/95/261 860/194/261
f 860/194/262 334/95/262 335/93/262 863/198/262
f 863/198/263 335/93/263 224/94/263 366/136/263
f 862/197/264 863/198/264 366/136/264 367/135/264
f 861/196/265 862/197/265 367/135/265 368/134/265
f 384/200/266 861/196/266 368/134/266 226/132/266
f 385/201/267 858/191/267 861/196/267 384/200/267
f 386/199/268 855/190/268 858/191/268 385/201/268
f 864/202/269 865/205/269 868/204/269 867/203/269
f 865/205/270 866/207/270 869/206/270 868/204/270
f 867/203/271 868/204/271 871/209/271 870/208/271
f 868/204/272 869/206/272 872/210/272 871/209/272
f 229/172/273 357/170/273 864/202/273 383/211/273
f 357/170/274 358/169/274 865/205/274 864/202/274
f 358/169/275 359/168/275 866/207/275 865/205/275
f 359/168/276 220/33/276 327/113/276 866/207/276
f 866/207/277 327/113/277 328/122/277 869/206/277
f 869/206/278 328/122/278 329/120/278 872/210/278
f 872/210/279 329/120/279 221/121/279 378/187/279
f 871/209/280 872/210/280 378/187/280 379/186/280
f 870/208/281 871/209/281 379/186/281 380/185/281
f 381/212/282 870/208/282 380/185/282 230/183/282
f 382/213/283 867/203/283 870/208/283 381/212/283
f 383/211/284 864/202/284 867/203/284 382/213/284
f 873/214/285 874/217/285 877/216/285 876/215/285
f 874/217/286 875/219/286 878/218/286 877/216/286
f 876/215/287 877/216/287 880/221/287 879/220/287
f 877/216/288 878/218/288 881/222/288 880/221/288
f 213/68/289 375/223/289 873/214/289 306/70/289
f 375/223/290 376/224/290 874/217/290 873/214/290
f 376/224/291 377/225/291 875/219/291 874/217/291
f 377/225/292 229/172/292 383/211/292 875/219/292
f 875/219/293 383/211/293 382/213/293 878/218/293
f 878/218/294 382/213/294 381/212/294 881/222/294
f 881/222/295 381/212/295 230/183/295 360/226/295
f 880/221/296 881/222/296 360/226/296 361/227/296
f 879/220/297 880/221/297 361/227/297 362/228/297
f 308/72/298 879/220/298 362/228/298 214/74/298
f 307/71/299 876/215/299 879/220/299 308/72/299
f 306/70/300 873/214/300 876/215/300 307/71/300
f 882/229/301 883/232/301 886/231/301 885/230/301
f 883/232/302 884/234/302 887/233/302 886/231/302
f 885/230/303 886/231/303 889/236/303 888/235/303
f 886/231/304 887/233/304 890/237/304 889/236/304
f 216/53/305 369/238/305 882/229/305 312/52/305
f 369/238/306 370/239/306 883/232/306 882/229/306
f 370/239/307 371/240/307 884/234/307 883/232/307
f 371/240/308 227/156/308 386/199/308 884/234/308
f 884/234/309 386/199/309 385/201/309 887/233/309
f 887/233/310 385/201/310 384/200/310 890/237/310
f 890/237/311 384/200/311 226/132/311 348/241/311
f 889/236/312 890/237/312 348/241/312 349/242/312
f 888/235/313 889/236/313 349/242/313 350/243/313
f 314/55/314 888/235/314 350/243/314 215/57/314
f 313/54/315 885/230/315 888/235/315 314/55/315
f 312/52/316 882/229/316 885/230/316 313/54/316
f 891/244/317 892/247/317 895/246/317 894/245/317
f 892/247/318 893/249/318 896/248/318 895/246/318
f 894/245/319 895/246/319 898/251/319 897/250/319
f 895/246/320 896/248/320 899/252/320 898/251/320
f 214/74/321 362/228/321 891/244/321 318/73/321
f 362/228/322 361/227/322 892/247/322 891/244/322
f 361/227/323 360/226/323 893/249/323 892/247/323
f 360/226/324 230/183/324 389/184/324 893/249/324
f 893/249/325 389/184/325 388/189/325 896/248/325
f 896/248/326 388/189/326 387/188/326 899/252/326
f 899/252/327 387/188/327 228/149/327 354/253/327
f 898/251/328 899/252/328 354/253/328 355/254/328
f 897/250/329 898/251/329 355/254/329 356/255/329
f 320/76/330 897/250/330 356/255/330 218/49/330
f 319/75/331 894/245/331 897/250/331 320/76/331
f 318/73/332 891/244/332 894/245/332 319/75/332
f 900/256/333 901/259/333 904/258/333 903/257/333
f 901/259/334 902/261/334 905/260/334 904/258/334
f 903/257/335 904/258/335 907/263/335 906/262/335
f 904/258/336 905/260/336 908/264/336 907/263/336
f 217/43/337 363/265/337 900/256/337 303/77/337
f 363/265/338 364/266/338 901/259/338 900/256/338
f 364/266/339 365/267/339 902/261/339 901/259/339
f 365/267/340 225/137/340 392/167/340 902/261/340
f 902/261/341 392/167/341 391/173/341 905/260/341
f 905/260/342 391/173/342 390/171/342 908/264/342
f 908/264/343 390/171/343 229/172/343 377/225/343
f 907/263/344 908/264/344 377/225/344 376/224/344
f 906/262/345 907/263/345 376/224/345 375/223/345
f 305/69/346 906/262/346 375/223/346 213/68/346
f 304/78/347 903/257/347 906/262/347 305/69/347
f 303/77/348 900/256/348 903/257/348 304/78/348
f 909/268/349 910/271/349 913/270/349 912/269/349
f 910/271/350 911/273/350 914/272/350 913/270/350
f 912/269/351 913/270/351 916/275/351 915/274/351
f 913/270/352 914/272/352 917/276/352 916/275/352
f 218/49/353 356/255/353 909/268/353 309/48/353
f 356/255/354 355/254/354 910/271/354 909/268/354
f 355/254/355 354/253/355 911/273/355 910/271/355
f 354/253/356 228/149/356 395/150/356 911/273/356
f 911/273/357 395/150/357 394/157/357 914/272/357
f 914/272/358 394/157/358 393/155/358 917/276/358
f 917/276/359 393/155/359 227/156/359 371/240/359
f 916/275/360 917/276/360 371/240/360 370/239/360
f 915/274/361 916/275/361 370/239/361 369/238/361
f 311/51/362 915/274/362 369/238/362 216/53/362
f 310/50/363 912/269/363 915/274/363 311/51/363
f 309/48/364 909/268/364 912/269/364 310/50/364
f 918/277/365 919/280/365 922/279/365 921/278/365
f 919/280/366 920/282/366 923/281/366 922/279/366
f 921/278/367 922/279/367 925/284/367 924/283/367
f 922/279/368 923/281/368 926/285/368 925/284/368
f 215/57/369 350/243/369 918/277/369 315/56/369
f 350/243/370 349/242/370 919/280/370 918/277/370
f 349/242/371 348/241/371 920/282/371 919/280/371
f 348/241/372 226/132/372 398/133/372 920/282/372
f 920/282/373 398/133/373 397/139/373 923/281/373
f 923/281/374 397/139/374 396/138/374 926/285/374
f 926/285/375 396/138/375 225/137/375 365/267/375
f 925/284/376 926/285/376 365/267/376 364/266/376
f 924/283/377 925/284/377 364/266/377 363/265/377
f 317/44/378 924/283/378 363/265/378 217/43/378
f 316/58/379 921/278/379 924/283/379 317/44/379
f 315/56/380 918/277/380 921/278/380 316/58/380
f 927/34/381 928/37/381 931/36/381 930/35/381
f 928/37/382 929/39/382 932/38/382 931/36/382
f 930/35/383 931/36/383 934/41/383 933/40/383
f 931/36/384 932/38/384 935/42/384 934/41/384
f 235/43/385 419/45/385 927/34/385 413/44/385
f 419/45/386 418/46/386 928/37/386 927/34/386
f 418/46/387 417/47/387 929/39/387 928/37/387
f 417/47/388 236/49/388 405/48/388 929/39/388
f 929/39/389 405/48/389 406/50/389 932/38/389
f 932/38/390 406/50/390 407/51/390 935/42/390
f 935/42/391 407/51/391 234/53/391 408/52/391
f 934/41/392 935/42/392 408/52/392 409/54/392
f 933/40/393 934/41/393 409/54/393 410/55/393
f 411/56/394 933/40/394 410/55/394 233/57/394
f 412/58/395 930/35/395 933/40/395 411/56/395
f 413/44/396 927/34/396 930/35/396 412/58/396
f 936/59/397 937/62/397 940/61/397 939/60/397
f 937/62/398 938/64/398 941/63/398 940/61/398
f 939/60/399 940/61/399 943/66/399 942/65/399
f 940/61/400 941/63/400 944/67/400 943/66/400
f 231/68/401 402/70/401 936/59/401 401/69/401
f 402/70/402 403/71/402 937/62/402 936/59/402
f 403/71/403 404/72/403 938/64/403 937/62/403
f 404/72/404 232/74/404 414/73/404 938/64/404
f 938/64/405 414/73/405 415/75/405 941/63/405
f 941/63/406 415/75/406 416/76/406 944/67/406
f 944/67/407 416/76/407 236/49/407 417/47/407
f 943/66/408 944/67/408 417/47/408 418/46/408
f 942/65/409 943/66/409 418/46/409 419/45/409
f 399/77/410 942/65/410 419/45/410 235/43/410
f 400/78/411 939/60/411 942/65/411 399/77/411
f 401/69/412 936/59/412 939/60/412 400/78/412
f 945/79/413 946/82/413 949/81/413 948/80/413
f 946/82/414 947/84/414 950/83/414 949/81/414
f 948/80/415 949/81/415 952/86/415 951/85/415
f 949/81/416 950/83/416 953/87/416 952/86/416
f 237/88/417 434/90/417 945/79/417 440/89/417
f 434/90/418 433/91/418 946/82/418 945/79/418
f 433/91/419 432/92/419 947/84/419 946/82/419
f 432/92/420 242/94/420 431/93/420 947/84/420
f 947/84/421 431/93/421 430/95/421 950/83/421
f 950/83/422 430/95/422 429/96/422 953/87/422
f 953/87/423 429/96/423 241/98/423 428/97/423
f 952/86/424 953/87/424 428/97/424 427/99/424
f 951/85/425 952/86/425 427/99/425 426/100/425
f 438/101/426 951/85/426 426/100/426 240/102/426
f 439/103/427 948/80/427 951/85/427 438/101/427
f 440/89/428 945/79/428 948/80/428 439/103/428
f 954/104/429 955/107/429 958/106/429 957/105/429
f 955/107/430 956/109/430 959/108/430 958/106/430
f 957/105/431 958/106/431 961/111/431 960/110/431
f 958/106/432 959/108/432 962/112/432 961/111/432
f 238/33/433 422/114/433 954/104/433 423/113/433
f 422/114/434 421/115/434 955/107/434 954/104/434
f 421/115/435 420/116/435 956/109/435 955/107/435
f 420/116/436 237/88/436 440/89/436 956/109/436
f 956/109/437 440/89/437 439/103/437 959/108/437
f 959/108/438 439/103/438 438/101/438 962/112/438
f 962/112/439 438/101/439 240/102/439 437/117/439
f 961/111/440 962/112/440 437/117/440 436/118/440
f 960/110/441 961/111/441 436/118/441 435/119/441
f 425/120/442 960/110/442 435/119/442 239/121/442
f 424/122/443 957/105/443 960/110/443 425/120/443
f 423/113/444 954/104/444 957/105/444 424/122/444
f 963/123/445 964/126/445 967/125/445 966/124/445
f 964/126/446 965/128/446 968/127/446 967/125/446
f 966/124/447 967/125/447 970/130/447 969/129/447
f 967/125/448 968/127/448 971/131/448 970/130/448
f 244/132/449 464/134/449 963/123/449 494/133/449
f 464/134/450 463/135/450 964/126/450 963/123/450
f 463/135/451 462/136/451 965/128/451 964/126/451
f 462/136/452 242/94/452 432/92/452 965/128/452
f 965/128/453 432/92/453 433/91/453 968/127/453
f 968/127/454 433/91/454 434/90/454 971/131/454
f 971/131/455 434/90/455 237/88/455 443/88/455
f 970/130/456 971/131/456 443/88/456 442/137/456
f 969/129/457 970/130/457 442/137/457 441/137/457
f 492/138/458 969/129/458 441/137/458 243/137/458
f 493/139/459 966/124/459 969/129/459 492/138/459
f 494/133/460 963/123/460 966/124/460 493/139/460
f 972/140/461 973/143/461 976/142/461 975/141/461
f 973/143/462 974/145/462 977/144/462 976/142/462
f 975/141/463 976/142/463 979/147/463 978/146/463
f 976/142/464 977/144/464 980/148/464 979/147/464
f 246/149/465 470/151/465 972/140/465 491/150/465
f 470/151/466 469/102/466 973/143/466 972/140/466
f 469/102/467 468/149/467 974/145/467 973/143/467
f 468/149/468 240/102/468 426/100/468 974/145/468
f 974/145/469 426/100/469 427/99/469 977/144/469
f 977/144/470 427/99/470 428/97/470 980/148/470
f 980/148/471 428/97/471 241/98/471 449/152/471
f 979/147/472 980/148/472 449/152/472 448/153/472
f 978/146/473 979/147/473 448/153/473 447/154/473
f 489/155/474 978/146/474 447/154/474 245/156/474
f 490/157/475 975/141/475 978/146/475 489/155/475
f 491/150/476 972/140/476 975/141/476 490/157/476
f 981/158/477 982/161/477 985/160/477 984/159/477
f 982/161/478 983/163/478 986/162/478 985/160/478
f 984/159/479 985/160/479 988/165/479 987/164/479
f 985/160/480 986/162/480 989/166/480 988/165/480
f 243/137/481 441/137/481 981/158/481 488/167/481
f 441/137/482 442/137/482 982/161/482 981/158/482
f 442/137/483 443/88/483 983/163/483 982/161/483
f 443/88/484 237/88/484 420/116/484 983/163/484
f 983/163/485 420/116/485 421/115/485 986/162/485
f 986/162/486 421/115/486 422/114/486 989/166/486
f 989/166/487 422/114/487 238/33/487 455/168/487
f 988/165/488 989/166/488 455/168/488 454/169/488
f 987/164/489 988/165/489 454/169/489 453/170/489
f 486/171/490 987/164/490 453/170/490 247/172/490
f 487/173/491 984/159/491 987/164/491 486/171/491
f 488/167/492 981/158/492 984/159/492 487/173/492
f 990/174/493 991/177/493 994/176/493 993/175/493
f 991/177/494 992/179/494 995/178/494 994/176/494
f 993/175/495 994/176/495 997/181/495 996/180/495
f 994/176/496 995/178/496 998/182/496 997/181/496
f 248/183/497 476/185/497 990/174/497 485/184/497
f 476/185/498 475/186/498 991/177/498 990/174/498
f 475/186/499 474/187/499 992/179/499 991/177/499
f 474/187/500 239/121/500 435/119/500 992/179/500
f 992/179/501 435/119/501 436/118/501 995/178/501
f 995/178/502 436/118/502 437/117/502 998/182/502
f 998/182/503 437/117/503 240/102/503 468/149/503
f 997/181/504 998/182/504 468/149/504 469/102/504
f 996/180/505 997/181/505 469/102/505 470/151/505
f 483/188/506 996/180/506 470/151/506 246/149/506
f 484/189/507 993/175/507 996/180/507 483/188/507
f 485/184/508 990/174/508 993/175/508 484/189/508
f 999/190/509 1000/193/509 1003/192/509 1002/191/509
f 1000/193/510 1001/195/510 1004/194/510 1003/192/510
f 1002/191/511 1003/192/511 1006/197/511 1005/196/511
f 1003/192/512 1004/194/512 1007/198/512 1006/197/512
f 245/156/513 447/154/513 999/190/513 482/199/513
f 447/154/514 448/153/514 1000/193/514 999/190/514
f 448/153/515 449/152/515 1001/195/515 1000/193/515
f 449/152/516 241/98/516 429/96/516 1001/195/516
f 1001/195/517 429/96/517 430/95/517 1004/194/517
f 1004/194/518 430/95/518 431/93/518 1007/198/518
f 1007/198/519 431/93/519 242/94/519 462/136/519
f 1006/197/520 1007/198/520 462/136/520 463/135/520
f 1005/196/521 1006/197/521 463/135/521 464/134/521
f 480/200/522 1005/196/522 464/134/522 244/132/522
f 481/201/523 1002/191/523 1005/196/523 480/200/523
f 482/199/524 999/190/524 1002/191/524 481/201/524
f 1008/202/525 1009/205/525 1012/204/525 1011/203/525
f 1009/205/526 1010/207/526 1013/206/526 1012/204/526
f 1011/203/527 1012/204/527 1015/209/527 1014/208/527
f 1012/204/528 1013/206/528 1016/210/528 1015/209/528
f 247/172/529 453/170/529 1008/202/529 479/211/529
f 453/170/530 454/169/530 1009/205/530 1008/202/530
f 454/169/531 455/168/531 1010/207/531 1009/205/531
f 455/168/532 238/33/532 423/113/532 1010/207/532
f 1010/207/533 423/113/533 424/122/533 1013/206/533
f 1013/206/534 424/122/534 425/120/534 1016/210/534
f 1016/210/535 425/120/535 239/121/535 474/187/535
f 1015/209/536 1016/210/536 474/187/536 475/186/536
f 1014/208/537 1015/209/537 475/186/537 476/185/537
f 477/212/538 1014/208/538 476/185/538 248/183/538
f 478/213/539 1011/203/539 1014/208/539 477/212/539
f 479/211/540 1008/202/540 1011/203/540 478/213/540
f 1017/214/541 1018/217/541 1021/216/541 1020/215/541
f 1018/217/542 1019/219/542 1022/218/542 1021/216/542
f 1020/215/543 1021/216/543 1024/221/543 1023/220/543
f 1021/216/544 1022/218/544 1025/222/544 1024/221/544
f 231/68/545 471/223/545 1017/214/545 402/70/545
f 471/223/546 472/224/546 1018/217/546 1017/214/546
f 472/224/547 473/225/547 1019/219/547 1018/217/547
f 473/225/548 247/172/548 479/211/548 1019/219/548
f 1019/219/549 479/211/549 478/213/549 1022/218/549
f 1022/218/550 478/213/550 477/212/550 1025/222/550
f 1025/222/551 477/212/551 248/183/551 456/226/551
f 1024/221/552 1025/222/552 456/226/552 457/227/552
f 1023/220/553 1024/221/553 457/227/553 458/228/553
f 404/72/554 1023/220/554 458/228/554 232/74/554
f 403/71/555 1020/215/555 1023/220/555 404/72/555
f 402/70/556 1017/214/556 1020/215/556 403/71/556
f 1026/229/557 1027/232/557 1030/231/557 1029/230/557
f 1027/232/558 1028/234/558 1031/233/558 1030/231/558
f 1029/230/559 1030/231/559 1033/236/559 1032/235/559
f 1030/231/560 1031/233/560 1034/237/560 1033/236/560
f 234/53/561 465/238/561 1026/229/561 408/52/561
f 465/238/562 466/239/562 1027/232/562 1026/229/562
f 466/239/563 467/240/563 1028/234/563 1027/232/563
f 467/240/564 245/156/564 482/199/564 1028/234/564
f 1028/234/565 482/199/565 481/201/565 1031/233/565
f 1031/233/566 481/201/566 480/200/566 1034/237/566
f 1034/237/567 480/200/567 244/132/567 444/241/567
f 1033/236/568 1034/237/568 444/241/568 445/242/568
f 1032/235/569 1033/236/569 445/242/569 446/243/569
f 410/55/570 1032/235/570 446/243/570 233/57/570
f 409/54/571 1029/230/571 1032/235/571 410/55/571
f 408/52/572 1026/229/572 1029/230/572 409/54/572
f 1035/244/573 1036/247/573 1039/246/573 1038/245/573
f 1036/247/574 1037/249/574 1040/248/574 1039/246/574
f 1038/245/575 1039/246/575 1042/251/575 1041/250/575
f 1039/246/576 1040/248/576 1043/252/576 1042/251/576
f 232/74/577 458/228/577 1035/244/577 414/73/577
f 458/228/578 457/227/578 1036/247/578 1035/244/578
f 457/227/579 456/226/579 1037/249/579 1036/247/579
f 456/226/580 248/183/580 485/184/580 1037/249/580
f 1037/249/581 485/184/581 484/189/581 1040/248/581
f 1040/248/582 484/189/582 483/188/582 1043/252/582
f 1043/252/583 483/188/583 246/149/583 450/253/583
f 1042/251/584 1043/252/584 450/253/584 451/254/584
f 1041/250/585 1042/251/585 451/254/585 452/255/585
f 416/76/586 1041/250/586 452/255/586 236/49/586
f 415/75/587 1038/245/587 1041/250/587 416/76/587
f 414/73/588 1035/244/588 1038/245/588 415/75/588
f 1044/256/589 1045/259/589 1048/258/589 1047/257/589
f 1045/259/590 1046/261/590 1049/260/590 1048/258/590
f 1047/257/591 1048/258/591 1051/263/591 1050/262/591
f 1048/258/592 1049/260/592 1052/264/592 1051/263/592
f 235/43/593 459/265/593 1044/256/593 399/77/593
f 459/265/594 460/266/594 1045/259/594 1044/256/594
f 460/266/595 461/267/595 1046/261/595 1045/259/595
f 461/267/596 243/137/596 488/167/596 1046/261/596
f 1046/261/597 488/167/597 487/173/597 1049/260/597
f 1049/260/598 487/173/598 486/171/598 1052/264/598
f 1052/264/599 486/171/599 247/172/599 473/225/599
f 1051/263/600 1052/264/600 473/225/600 472/224/600
f 1050/262/601 1051/263/601 472/224/601 471/223/601
f 401/69/602 1050/262/602 471/223/602 231/68/602
f 400/78/603 1047/257/603 1050/262/603 401/69/603
f 399/77/604 1044/256/604 1047/257/604 400/78/604
f 1053/268/605 1054/271/605 1057/270/605 1056/269/605
f 1054/271/606 1055/273/606 1058/272/606 1057/270/606
f 1056/269/607 1057/270/607 1060/275/607 1059/274/607
f 1057/270/608 1058/272/608 1061/276/608 1060/275/608
f 236/49/609 452/255/609 1053/268/609 405/48/609
f 452/255/610 451/254/610 1054/271/610 1053/268/610
f 451/254/611 450/253/611 1055/273/611 1054/271/611
f 450/253/612 246/149/612 491/150/612 1055/273/612
f 1055/273/613 491/150/613 490/157/613 1058/272/613
f 1058/272/614 490/157/614 489/155/614 1061/276/614
f 1061/276/615 489/155/615 245/156/615 467/240/615
f 1060/275/616 1061/276/616 467/240/616 466/239/616
f 1059/274/617 1060/275/617 466/239/617 465/238/617
f 407/51/618 1059/274/618 465/238/618 234/53/618
f 406/50/619 1056/269/619 1059/274/619 407/51/619
f 405/48/620 1053/268/620 1056/269/620 406/50/620
f 1062/277/621 1063/280/621 1066/279/621 1065/278/621
f 1063/280/622 1064/282/622 1067/281/622 1066/279/622
f 1065/278/623 1066/279/623 1069/284/623 1068/283/623
f 1066/279/624 1067/281/624 1070/285/624 1069/284/624
f 233/57/625 446/243/625 1062/277/625 411/56/625
f 446/243/626 445/242/626 1063/280/626 1062/277/626
f 445/242/627 444/241/627 1064/282/627 1063/280/627
f 444/241/628 244/132/628 494/133/628 1064/282/628
f 1064/282/629 494/133/629 493/139/629 1067/281/629
f 1067/281/630 493/139/630 492/138/630 1070/285/630
f 1070/285/631 492/138/631 243/137/631 461/267/631
f 1069/284/632 1070/285/632 461/267/632 460/266/632
f 1068/283/633 1069/284/633 460/266/633 459/265/633
f 413/44/634 1068/283/634 459/265/634 235/43/634
f 412/58/635 1065/278/635 1068/283/635 413/44/635
f 411/56/636 1062/277/636 1065/278/636 412/58/636
f 1071/34/637 1072/37/637 1075/36/637 1074/35/637
f 1072/37/638 1073/39/638 1076/38/638 1075/36/638
f 1074/35/639 1075/36/639 1078/41/639 1077/40/639
f 1075/36/640 1076/38/640 1079/42/640 1078/41/640
f 253/43/641 515/45/641 1071/34/641 509/44/641
f 515/45/642 514/46/642 1072/37/642 1071/34/642
f 514/46/643 513/47/643 1073/39/643 1072/37/643
f 513/47/644 254/49/644 501/48/644 1073/39/644
f 1073/39/645 501/48/645 502/50/645 1076/38/645
f 1076/38/646 502/50/646 503/51/646 1079/42/646
f 1079/42/647 503/51/647 252/53/647 504/52/647
f 1078/41/648 1079/42/648 504/52/648 505/54/648
f 1077/40/649 1078/41/649 505/54/649 506/55/649
f 507/56/650 1077/40/650 506/55/650 251/57/650
f 508/58/651 1074/35/651 1077/40/651 507/56/651
f 509/44/652 1071/34/652 1074/35/652 508/58/652
f 1080/59/653 1081/62/653 1084/61/653 1083/60/653
f 1081/62/654 1082/64/654 1085/63/654 1084/61/654
f 1083/60/655 1084/61/655 1087/66/655 1086/65/655
f 1084/61/656 1085/63/656 1088/67/656 1087/66/656
f 249/68/657 498/70/657 1080/59/657 497/69/657
f 498/70/658 499/71/658 1081/62/658 1080/59/658
f 499/71/659 500/72/659 1082/64/659 1081/62/659
f 500/72/660 250/74/660 510/73/660 1082/64/660
f 1082/64/661 510/73/661 511/75/661 1085/63/661
f 1085/63/662 511/75/662 512/76/662 1088/67/662
f 1088/67/663 512/76/663 254/49/663 513/47/663
f 1087/66/664 1088/67/664 513/47/664 514/46/664
f 1086/65/665 1087/66/665 514/46/665 515/45/665
f 495/77/666 1086/65/666 515/45/666 253/43/666
f 496/78/667 1083/60/667 1086/65/667 495/77/667
f 497/69/668 1080/59/668 1083/60/668 496/78/668
f 1089/79/669 1090/82/669 1093/81/669 1092/80/669
f 1090/82/670 1091/84/670 1094/83/670 1093/81/670
f 1092/80/671 1093/81/671 1096/86/671 1095/85/671
f 1093/81/672 1094/83/672 1097/87/672 1096/86/672
f 255/88/673 530/90/673 1089/79/673 536/89/673
f 530/90/674 529/91/674 1090/82/674 1089/79/674
f 529/91/675 528/92/675 1091/84/675 1090/82/675
f 528/92/676 260/94/676 527/93/676 1091/84/676
f 1091/84/677 527/93/677 526/95/677 1094/83/677
f 1094/83/678 526/95/678 525/96/678 1097/87/678
f 1097/87/679 525/96/679 259/98/679 524/97/679
f 1096/86/680 1097/87/680 524/97/680 523/99/680
f 1095/85/681 1096/86/681 523/99/681 522/100/681
f 534/101/682 1095/85/682 522/100/682 258/102/682
f 535/103/683 1092/80/683 1095/85/683 534/101/683
f 536/89/684 1089/79/684 1092/80/684 535/103/684
f 1098/104/685 1099/107/685 1102/106/685 1101/105/685
f 1099/107/686 1100/109/686 1103/108/686 1102/106/686
f 1101/105/687 1102/106/687 1105/111/687 1104/110/687
f 1102/106/688 1103/108/688 1106/112/688 1105/111/688
f 256/33/689 518/114/689 1098/104/689 519/113/689
f 518/114/690 517/115/690 1099/107/690 1098/104/690
f 517/115/691 516/116/691 1100/109/691 1099/107/691
f 516/116/692 255/88/692 536/89/692 1100/109/692
f 1100/109/693 536/89/693 535/103/693 1103/108/693
f 1103/108/694 535/103/694 534/101/694 1106/112/694
f 1106/112/695 534/101/695 258/102/695 533/117/695
f 1105/111/696 1106/112/696 533/117/696 532/118/696
f 1104/110/697 1105/111/697 532/118/697 531/119/697
f 521/120/698 1104/110/698 531/119/698 257/121/698
f 520/122/699 1101/105/699 1104/110/699 521/120/699
f 519/113/700 1098/104/700 1101/105/700 520/122/700
f 1107/123/701 1108/126/701 1111/125/701 1110/124/701
f 1108/126/702 1109/128/702 1112/127/702 1111/125/702
f 1110/124/703 1111/125/703 1114/130/703 1113/129/703
f 1111/125/704 1112/127/704 1115/131/704 1114/130/704
f 262/132/705 560/134/705 1107/123/705 590/133/705
f 560/134/706 559/135/706 1108/126/706 1107/123/706
f 559/135/707 558/136/707 1109/128/707 1108/126/707
f 558/136/708 260/94/708 528/92/708 1109/128/708
f 1109/128/709 528/92/709 529/91/709 1112/127/709
f 1112/127/710 529/91/710 530/90/710 1115/131/710
f 1115/131/711 530/90/711 255/88/711 539/88/711
f 1114/130/712 1115/131/712 539/88/712 538/137/712
f 1113/129/713 1114/130/713 538/137/713 537/137/713
f 588/138/714 1113/129/714 537/137/714 261/137/714
f 589/139/715 1110/124/715 1113/129/715 588/138/715
f 590/133/716 1107/123/716 1110/124/716 589/139/716
f 1116/140/717 1117/143/717 1120/142/717 1119/141/717
f 1117/143/718 1118/145/718 1121/144/718 1120/142/718
f 1119/141/719 1120/142/719 1123/147/719 1122/146/719
f 1120/142/720 1121/144/720 1124/148/720 1123/147/720
f 264/149/721 566/151/721 1116/140/721 587/150/721
f 566/151/722 565/102/722 1117/143/722 1116/140/722
f 565/102/723 564/149/723 1118/145/723 1117/143/723
f 564/149/724 258/102/724 522/100/724 1118/145/724
f 1118/145/725 522/100/725 523/99/725 1121/144/725
f 1121/144/726 523/99/726 524/97/726 1124/148/726
f 1124/148/727 524/97/727 259/98/727 545/152/727
f 1123/147/728 1124/148/728 545/152/728 544/153/728
f 1122/146/729 1123/147/729 544/153/729 543/154/729
f 585/155/730 1122/146/730 543/154/730 263/156/730
f 586/157/731 1119/141/731 1122/146/731 585/155/731
f 587/150/732 1116/140/732 1119/141/732 586/157/732
f 1125/158/733 1126/161/733 1129/160/733 1128/159/733
f 1126/161/734 1127/163/734 1130/162/734 1129/160/734
f 1128/159/735 1129/160/735 1132/165/735 1131/164/735
f 1129/160/736 1130/162/736 1133/166/736 1132/165/736
f 261/137/737 537/137/737 1125/158/737 584/167/737
f 537/137/738 538/137/738 1126/161/738 1125/158/738
f 538/137/739 539/88/739 1127/163/739 1126/161/739
f 539/88/740 255/88/740 516/116/740 1127/163/740
f 1127/163/741 516/116/741 517/115/741 1130/162/741
f 1130/162/742 517/115/742 518/114/742 1133/166/742
f 1133/166/743 518/114/743 256/33/743 551/168/743
f 1132/165/744 1133/166/744 551/168/744 550/169/744
f 1131/164/745 1132/165/745 550/169/745 549/170/745
f 582/171/746 1131/164/746 549/170/746 265/172/746
f 583/173/747 1128/159/747 1131/164/747 582/171/747
f 584/167/748 1125/158/748 1128/159/748 583/173/748
f 1134/174/749 1135/177/749 1138/176/749 1137/175/749
f 1135/177/750 1136/179/750 1139/178/750 1138/176/750
f 1137/175/751 1138/176/751 1141/181/751 1140/180/751
f 1138/176/752 1139/178/752 1142/182/752 1141/181/752
f 266/183/753 572/185/753 1134/174/753 581/184/753
f 572/185/754 571/186/754 1135/177/754 1134/174/754
f 571/186/755 570/187/755 1136/179/755 1135/177/755
f 570/187/756 257/121/756 531/119/756 1136/179/756
f 1136/179/757 531/119/757 532/118/757 1139/178/757
f 1139/178/758 532/118/758 533/117/758 1142/182/758
f 1142/182/759 533/117/759 258/102/759 564/149/759
f 1141/181/760 1142/182/760 564/149/760 565/102/760
f 1140/180/761 1141/181/761 565/102/761 566/151/761
f 579/188/762 1140/180/762 566/151/762 264/149/762
f 580/189/763 1137/175/763 1140/180/763 579/188/763
f 581/184/764 1134/174/764 1137/175/764 580/189/764
f 1143/190/765 1144/193/765 1147/192/765 1146/191/765
f 1144/193/766 1145/195/766 1148/194/766 1147/192/766
f 1146/191/767 1147/192/767 1150/197/767 1149/196/767
f 1147/192/768 1148/194/768 1151/198/768 1150/197/768
f 263/156/769 543/154/769 1143/190/769 578/199/769
f 543/154/770 544/153/770 1144/193/770 1143/190/770
f 544/153/771 545/152/771 1145/195/771 1144/193/771
f 545/152/772 259/98/772 525/96/772 1145/195/772
f 1145/195/773 525/96/773 526/95/773 1148/194/773
f 1148/194/774 526/95/774 527/93/774 1151/198/774
f 1151/198/775 527/93/775 260/94/775 558/136/775
f 1150/197/776 1151/198/776 558/136/776 559/135/776
f 1149/196/777 1150/197/777 559/135/777 560/134/777
f 576/200/778 1149/196/778 560/134/778 262/132/778
f 577/201/779 1146/191/779 1149/196/779 576/200/779
f 578/199/780 1143/190/780 1146/191/780 577/201/780
f 1152/202/781 1153/205/781 1156/204/781 1155/203/781
f 1153/205/782 1154/207/782 1157/206/782 1156/204/782
f 1155/203/783 1156/204/783 1159/209/783 1158/208/783
f 1156/204/784 1157/206/784 1160/210/784 1159/209/784
f 265/172/785 549/170/785 1152/202/785 575/211/785
f 549/170/786 550/169/786 1153/205/786 1152/202/786
f 550/169/787 551/168/787 1154/207/787 1153/205/787
f 551/168/788 256/33/788 519/113/788 1154/207/788
f 1154/207/789 519/113/789 520/122/789 1157/206/789
f 1157/206/790 520/122/790 521/120/790 1160/210/790
f 1160/210/791 521/120/791 257/121/791 570/187/791
f 1159/209/792 1160/210/792 570/187/792 571/186/792
f 1158/208/793 1159/209/793 571/186/793 572/185/793
f 573/212/794 1158/208/794 572/185/794 266/183/794
f 574/213/795 1155/203/795 1158/208/795 573/212/795
f 575/211/796 1152/202/796 1155/203/796 574/213/796
f 1161/214/797 1162/217/797 1165/216/797 1164/215/797
f 1162/217/798 1163/219/798 1166/218/798 1165/216/798
f 1164/215/799 1165/216/799 1168/221/799 1167/220/799
f 1165/216/800 1166/218/800 1169/222/800 1168/221/800
f 249/68/801 567/223/801 1161/214/801 498/70/801
f 567/223/802 568/224/802 1162/217/802 1161/214/802
f 568/224/803 569/225/803 1163/219/803 1162/217/803
f 569/225/804 265/172/804 575/211/804 1163/219/804
f 1163/219/805 575/211/805 574/213/805 1166/218/805
f 1166/218/806 574/213/806 573/212/806 1169/222/806
f 1169/222/807 573/212/807 266/183/807 552/226/807
f 1168/221/808 1169/222/808 552/226/808 553/227/808
f 1167/220/809 1168/221/809 553/227/809 554/228/809
f 500/72/810 1167/220/810 554/228/810 250/74/810
f 499/71/811 1164/215/811 1167/220/811 500/72/811
f 498/70/812 1161/214/812 1164/215/812 499/71/812
f 1170/229/813 1171/232/813 1174/231/813 1173/230/813
f 1171/232/814 1172/234/814 1175/233/814 1174/231/814
f 1173/230/815 1174/231/815 1177/236/815 1176/235/815
f 1174/231/816 1175/233/816 1178/237/816 1177/236/816
f 252/53/817 561/238/817 1170/229/817 504/52/817
f 561/238/818 562/239/818 1171/232/818 1170/229/818
f 562/239/819 563/240/819 1172/234/819 1171/232/819
f 563/240/820 263/156/820 578/199/820 1172/234/820
f 1172/234/821 578/199/821 577/201/821 1175/233/821
f 1175/233/822 577/201/822 576/200/822 1178/237/822
f 1178/237/823 576/200/823 262/132/823 540/241/823
f 1177/236/824 1178/237/824 540/241/824 541/242/824
f 1176/235/825 1177/236/825 541/242/825 542/243/825
f 506/55/826 1176/235/826 542/243/826 251/57/826
f 505/54/827 1173/230/827 1176/235/827 506/55/827
f 504/52/828 1170/229/828 1173/230/828 505/54/828
f 1179/244/829 1180/247/829 1183/246/829 1182/245/829
f 1180/247/830 1181/249/830 1184/248/830 1183/246/830
f 1182/245/831 1183/246/831 1186/251/831 1185/250/831
f 1183/246/832 1184/248/832 1187/252/832 1186/251/832
f 250/74/833 554/228/833 1179/244/833 510/73/833
f 554/228/834 553/227/834 1180/247/834 1179/244/834
f 553/227/835 552/226/835 1181/249/835 1180/247/835
f 552/226/836 266/183/836 581/184/836 1181/249/836
f 1181/249/837 581/184/837 580/189/837 1184/248/837
f 1184/248/838 580/189/838 579/188/838 1187/252/838
f 1187/252/839 579/188/839 264/149/839 546/253/839
f 1186/251/840 1187/252/840 546/253/840 547/254/840
f 1185/250/841 1186/251/841 547/254/841 548/255/841
f 512/76/842 1185/250/842 548/255/842 254/49/842
f 511/75/843 1182/245/843 1185/250/843 512/76/843
f 510/73/844 1179/244/844 1182/245/844 511/75/844
f 1188/256/845 1189/259/845 1192/258/845 1191/257/845
f 1189/259/846 1190/261/846 1193/260/846 1192/258/846
f 1191/257/847 1192/258/847 1195/263/847 1194/262/847
f 1192/258/848 1193/260/848 1196/264/848 1195/263/848
f 253/43/849 555/265/849 1188/256/849 495/77/849
f 555/265/850 556/266/850 1189/259/850 1188/256/850
f 556/266/851 557/267/851 1190/261/851 1189/259/851
f 557/267/852 261/137/852 584/167/852 1190/261/852
f 1190/261/853 584/167/853 583/173/853 1193/260/853
f 1193/260/854 583/173/854 582/171/854 1196/264/854
f 1196/264/855 582/171/855 265/172/855 569/225/855
f 1195/263/856 1196/264/856 569/225/856 568/224/856
f 1194/262/857 1195/263/857 568/224/857 567/223/857
f 497/69/858 1194/262/858 567/223/858 249/68/858
f 496/78/859 1191/257/859 1194/262/859 497/69/859
f 495/77/860 1188/256/860 1191/257/860 496/78/860
f 1197/268/861 1198/271/861 1201/270/861 1200/269/861
f 1198/271/862 1199/273/862 1202/272/862 1201/270/862
f 1200/269/863 1201/270/863 1204/275/863 1203/274/863
f 1201/270/864 1202/272/864 1205/276/864 1204/275/864
f 254/49/865 548/255/865 1197/268/865 501/48/865
f 548/255/866 547/254/866 1198/271/866 1197/268/866
f 547/254/867 546/253/867 1199/273/867 1198/271/867
f 546/253/868 264/149/868 587/150/868 1199/273/868
f 1199/273/869 587/150/869 586/157/869 1202/272/869
f 1202/272/870 586/157/870 585/155/870 1205/276/870
f 1205/276/871 585/155/871 263/156/871 563/240/871
f 1204/275/872 1205/276/872 563/240/872 562/239/872
f 1203/274/873 1204/275/873 562/239/873 561/238/873
f 503/51/874 1203/274/874 561/238/874 252/53/874
f 502/50/875 1200/269/875 1203/274/875 503/51/875
f 501/48/876 1197/268/876 1200/269/876 502/50/876
f 1206/277/877 1207/280/877 1210/279/877 1209/278/877
f 1207/280/878 1208/282/878 1211/281/878 1210/279/878
f 1209/278/879 1210/279/879 1213/284/879 1212/283/879
f 1210/279/880 1211/281/880 1214/285/880 1213/284/880
f 251/57/881 542/243/881 1206/277/881 507/56/881
f 542/243/882 541/242/882 1207/280/882 1206/277/882
f 541/242/883 540/241/883 1208/282/883 1207/280/883
f 540/241/884 262/132/884 590/133/884 1208/282/884
f 1208/282/885 590/133/885 589/139/885 1211/281/885
f 1211/281/886 589/139/886 588/138/886 1214/285/886
f 1214/285/887 588/138/887 261/137/887 557/267/887
f 1213/284/888 1214/285/888 557/267/888 556/266/888
f 1212/283/889 1213/284/889 556/266/889 555/265/889
f 509/44/890 1212/283/890 555/265/890 253/43/890
f 508/58/891 1209/278/891 1212/283/891 509/44/891
f 507/56/892 1206/277/892 1209/278/892 508/58/892
f 1215/34/893 1216/37/893 1219/36/893 1218/35/893
f 1216/37/894 1217/39/894 1220/38/894 1219/36/894
f 1218/35/895 1219/36/895 1222/41/895 1221/40/895
f 1219/36/896 1220/38/896 1223/42/896 1222/41/896
f 271/43/897 611/45/897 1215/34/897 605/44/897
f 611/45/898 610/46/898 1216/37/898 1215/34/898
f 610/46/899 609/47/899 1217/39/899 1216/37/899
f 609/47/900 272/49/900 597/48/900 1217/39/900
f 1217/39/901 597/48/901 598/50/901 1220/38/901
f 1220/38/902 598/50/902 599/51/902 1223/42/902
f 1223/42/903 599/51/903 270/53/903 600/52/903
f 1222/41/904 1223/42/904 600/52/904 601/54/904
f 1221/40/905 1222/41/905 601/54/905 602/55/905
f 603/56/906 1221/40/906 602/55/906 269/57/906
f 604/58/907 1218/35/907 1221/40/907 603/56/907
f 605/44/908 1215/34/908 1218/35/908 604/58/908
f 1224/59/909 1225/62/909 1228/61/909 1227/60/909
f 1225/62/910 1226/64/910 1229/63/910 1228/61/910
f 1227/60/911 1228/61/911 1231/66/911 1230/65/911
f 1228/61/912 1229/63/912 1232/67/912 1231/66/912
f 267/68/913 594/70/913 1224/59/913 593/69/913
f 594/70/914 595/71/914 1225/62/914 1224/59/914
f 595/71/915 596/72/915 1226/64/915 1225/62/915
f 596/72/916 268/74/916 606/73/916 1226/64/916
f 1226/64/917 606/73/917 607/75/917 1229/63/917
f 1229/63/918 607/75/918 608/76/918 1232/67/918
f 1232/67/919 608/76/919 272/49/919 609/47/919
f 1231/66/920 1232/67/920 609/47/920 610/46/920
f 1230/65/921 1231/66/921 610/46/921 611/45/921
f 591/77/922 1230/65/922 611/45/922 271/43/922
f 592/78/923 1227/60/923 1230/65/923 591/77/923
f 593/69/924 1224/59/924 1227/60/924 592/78/924
f 1233/79/925 1234/82/925 1237/81/925 1236/80/925
f 1234/82/926 1235/84/926 1238/83/926 1237/81/926
f 1236/80/927 1237/81/927 1240/86/927 1239/85/927
f 1237/81/928 1238/83/928 1241/87/928 1240/86/928
f 273/88/929 626/90/929 1233/79/929 632/89/929
f 626/90/930 625/91/930 1234/82/930 1233/79/930
f 625/91/931 624/92/931 1235/84/931 1234/82/931
f 624/92/932 278/94/932 623/93/932 1235/84/932
f 1235/84/933 623/93/933 622/95/933 1238/83/933
f 1238/83/934 622/95/934 621/96/934 1241/87/934
f 1241/87/935 621/96/935 277/98/935 620/97/935
f 1240/86/936 1241/87/936 620/97/936 619/99/936
f 1239/85/937 1240/86/937 619/99/937 618/100/937
f 630/101/938 1239/85/938 618/100/938 276/102/938
f 631/103/939 1236/80/939 1239/85/939 630/101/939
f 632/89/940 1233/79/940 1236/80/940 631/103/940
f 1242/104/941 1243/107/941 1246/106/941 1245/105/941
f 1243/107/942 1244/109/942 1247/108/942 1246/106/942
f 1245/105/943 1246/106/943 1249/111/943 1248/110/943
f 1246/106/944 1247/108/944 1250/112/944 1249/111/944
f 274/33/945 614/114/945 1242/104/945 615/113/945
f 614/114/946 613/115/946 1243/107/946 1242/104/946
f 613/115/947 612/116/947 1244/109/947 1243/107/947
f 612/116/948 273/88/948 632/89/948 1244/109/948
f 1244/109/949 632/89/949 631/103/949 1247/108/949
f 1247/108/950 631/103/950 630/101/950 1250/112/950
f 1250/112/951 630/101/951 276/102/951 629/117/951
f 1249/111/952 1250/112/952 629/117/952 628/118/952
f 1248/110/953 1249/111/953 628/118/953 627/119/953
f 617/120/954 1248/110/954 627/119/954 275/121/954
f 616/122/955 1245/105/955 1248/110/955 617/120/955
f 615/113/956 1242/104/956 1245/105/956 616/122/956
f 1251/123/957 1252/126/957 1255/125/957 1254/124/957
f 1252/126/958 1253/128/958 1256/127/958 1255/125/958
f 1254/124/959 1255/125/959 1258/130/959 1257/129/959
f 1255/125/960 1256/127/960 1259/131/960 1258/130/960
f 280/132/961 656/134/961 1251/123/961 686/133/961
f 656/134/962 655/135/962 1252/126/962 1251/123/962
f 655/135/963 654/136/963 1253/128/963 1252/126/963
f 654/136/964 278/94/964 624/92/964 1253/128/964
f 1253/128/965 624/92/965 625/91/965 1256/127/965
f 1256/127/966 625/91/966 626/90/966 1259/131/966
f 1259/131/967 626/90/967 273/88/967 635/88/967
f 1258/130/968 1259/131/968 635/88/968 634/137/968
f 1257/129/969 1258/130/969 634/137/969 633/137/969
f 684/138/970 1257/129/970 633/137/970 279/137/970
f 685/139/971 1254/124/971 1257/129/971 684/138/971
f 686/133/972 1251/123/972 1254/124/972 685/139/972
f 1260/140/973 1261/143/973 1264/142/973 1263/141/973
f 1261/143/974 1262/145/974 1265/144/974 1264/142/974
f 1263/141/975 1264/142/975 1267/147/975 1266/146/975
f 1264/142/976 1265/144/976 1268/148/976 1267/147/976
f 282/149/977 662/151/977 1260/140/977 683/150/977
f 662/151/978 661/102/978 1261/143/978 1260/140/978
f 661/102/979 660/149/979 1262/145/979 1261/143/979
f 660/149/980 276/102/980 618/100/980 1262/145/980
f 1262/145/981 618/100/981 619/99/981 1265/144/981
f 1265/144/982 619/99/982 620/97/982 1268/148/982
f 1268/148/983 620/97/983 277/98/983 641/152/983
f 1267/147/984 1268/148/984 641/152/984 640/153/984
f 1266/146/985 1267/147/985 640/153/985 639/154/985
f 681/155/986 1266/146/986 639/154/986 281/156/986
f 682/157/987 1263/141/987 1266/146/987 681/155/987
f 683/150/988 1260/140/988 1263/141/988 682/157/988
f 1269/158/989 1270/161/989 1273/160/989 1272/159/989
f 1270/161/990 1271/163/990 1274/162/990 1273/160/990
f 1272/159/991 1273/160/991 1276/165/991 1275/164/991
f 1273/160/992 1274/162/992 1277/166/992 1276/165/992
f 279/137/993 633/137/993 1269/158/993 680/167/993
f 633/137/994 634/137/994 1270/161/994 1269/158/994
f 634/137/995 635/88/995 1271/163/995 1270/161/995
f 635/88/996 273/88/996 612/116/996 1271/163/996
f 1271/163/997 612/116/997 613/115/997 1274/162/997
f 1274/162/998 613/115/998 614/114/998 1277/166/998
f 1277/166/999 614/114/999 274/33/999 647/168/999
f 1276/165/1000 1277/166/1000 647/168/1000 646/169/1000
f 1275/164/1001 1276/165/1001 646/169/1001 645/170/1001
f 678/171/1002 1275/164/1002 645/170/1002 283/172/1002
f 679/173/1003 1272/159/1003 1275/164/1003 678/171/1003
f 680/167/1004 1269/158/1004 1272/159/1004 679/173/1004
f 1278/174/1005 1279/177/1005 1282/176/1005 1281/175/1005
f 1279/177/1006 1280/179/1006 1283/178/1006 1282/176/1006
f 1281/175/1007 1282/176/1007 1285/181/1007 1284/180/1007
f 1282/176/1008 1283/178/1008 1286/182/1008 1285/181/1008
f 284/183/1009 668/185/1009 1278/174/1009 677/184/1009
f 668/185/1010 667/186/1010 1279/177/1010 1278/174/1010
f 667/186/1011 666/187/1011 1280/179/1011 1279/177/1011
f 666/187/1012 275/121/1012 627/119/1012 1280/179/1012
f 1280/179/1013 627/119/1013 628/118/1013 1283/178/1013
f 1283/178/1014 628/118/1014 629/117/1014 1286/182/1014
f 1286/182/1015 629/117/1015 276/102/1015 660/149/1015
f 1285/181/1016 1286/182/1016 660/149/1016 661/102/1016
f 1284/180/1017 1285/181/1017 661/102/1017 662/151/1017
f 675/188/1018 1284/180/1018 662/151/1018 282/149/1018
f 676/189/1019 1281/175/1019 1284/180/1019 675/188/1019
f 677/184/1020 1278/174/1020 1281/175/1020 676/189/1020
f 1287/190/1021 1288/193/1021 1291/192/1021 1290/191/1021
f 1288/193/1022 1289/195/1022 1292/194/1022 1291/192/1022
f 1290/191/1023 1291/192/1023 1294/197/1023 1293/196/1023
f 1291/192/1024 1292/194/1024 1295/198/1024 1294/197/1024
f 281/156/1025 639/154/1025 1287/190/1025 674/199/1025
f 639/154/1026 640/153/1026 1288/193/1026 1287/190/1026
f 640/153/1027 641/152/1027 1289/195/1027 1288/193/1027
f 641/152/1028 277/98/1028 621/96/1028 1289/195/1028
f 1289/195/1029 621/96/1029 622/95/1029 1292/194/1029
f 1292/194/1030 622/95/1030 623/93/1030 1295/198/1030
f 1295/198/1031 623/93/1031 278/94/1031 654/136/1031
f 1294/197/1032 1295/198/1032 654/136/1032 655/135/1032
f 1293/196/1033 1294/197/1033 655/135/1033 656/134/1033
f 672/200/1034 1293/196/1034 656/134/1034 280/132/1034
f 673/201/1035 1290/191/1035 1293/196/1035 672/200/1035
f 674/199/1036 1287/190/1036 1290/191/1036 673/201/1036
f 1296/202/1037 1297/205/1037 1300/204/1037 1299/203/1037
f 1297/205/1038 1298/207/1038 1301/206/1038 1300/204/1038
f 1299/203/1039 1300/204/1039 1303/209/1039 1302/208/1039
f 1300/204/1040 1301/206/1040 1304/210/1040 1303/209/1040
f 283/172/1041 645/170/1041 1296/202/1041 671/211/1041
f 645/170/1042 646/169/1042 1297/205/1042 1296/202/1042
f 646/169/1043 647/168/1043 1298/207/1043 1297/205/1043
f 647/168/1044 274/33/1044 615/113/1044 1298/207/1044
f 1298/207/1045 615/113/1045 616/122/1045 1301/206/1045
f 1301/206/1046 616/122/1046 617/120/1046 1304/210/1046
f 1304/210/1047 617/120/1047 275/121/1047 666/187/1047
f 1303/209/1048 1304/210/1048 666/187/1048 667/186/1048
f 1302/208/1049 1303/209/1049 667/186/1049 668/185/1049
f 669/212/1050 1302/208/1050 668/185/1050 284/183/1050
f 670/213/1051 1299/203/1051 1302/208/1051 669/212/1051
f 671/211/1052 1296/202/1052 1299/203/1052 670/213/1052
f 1305/214/1053 1306/217/1053 1309/216/1053 1308/215/1053
f 1306/217/1054 1307/219/1054 1310/218/1054 1309/216/1054
f 1308/215/1055 1309/216/1055 1312/221/1055 1311/220/1055
f 1309/216/1056 1310/218/1056 1313/222/1056 1312/221/1056
f 267/68/1057 663/223/1057 1305/214/1057 594/70/1057
f 663/223/1058 664/224/1058 1306/217/1058 1305/214/1058
f 664/224/1059 665/225/1059 1307/219/1059 1306/217/1059
f 665/225/1060 283/172/1060 671/211/1060 1307/219/1060
f 1307/219/1061 671/211/1061 670/213/1061 1310/218/1061
f 1310/218/1062 670/213/1062 669/212/1062 1313/222/1062
f 1313/222/1063 669/212/1063 284/183/1063 648/226/1063
f 1312/221/1064 1313/222/1064 648/226/1064 649/227/1064
f 1311/220/1065 1312/221/1065 649/227/1065 650/228/1065
f 596/72/1066 1311/220/1066 650/228/1066 268/74/1066
f 595/71/1067 1308/215/1067 1311/220/1067 596/72/1067
f 594/70/1068 1305/214/1068 1308/215/1068 595/71/1068
f 1314/229/1069 1315/232/1069 1318/231/1069 1317/230/1069
f 1315/232/1070 1316/234/1070 1319/233/1070 1318/231/1070
f 1317/230/1071 1318/231/1071 1321/236/1071 1320/235/1071
f 1318/231/1072 1319/233/1072 1322/237/1072 1321/236/1072
f 270/53/1073 657/238/1073 1314/229/1073 600/52/1073
f 657/238/1074 658/239/1074 1315/232/1074 1314/229/1074
f 658/239/1075 659/240/1075 1316/234/1075 1315/232/1075
f 659/240/1076 281/156/1076 674/199/1076 1316/234/1076
f 1316/234/1077 674/199/1077 673/201/1077 1319/233/1077
f 1319/233/1078 673/201/1078 672/200/1078 1322/237/1078
f 1322/237/1079 672/200/1079 280/132/1079 636/241/1079
f 1321/236/1080 1322/237/1080 636/241/1080 637/242/1080
f 1320/235/1081 1321/236/1081 637/242/1081 638/243/1081
f 602/55/1082 1320/235/1082 638/243/1082 269/57/1082
f 601/54/1083 1317/230/1083 1320/235/1083 602/55/1083
f 600/52/1084 1314/229/1084 1317/230/1084 601/54/1084
f 1323/244/1085 1324/247/1085 1327/246/1085 1326/245/1085
f 1324/247/1086 1325/249/1086 1328/248/1086 1327/246/1086
f 1326/245/1087 1327/246/1087 1330/251/1087 1329/250/1087
f 1327/246/1088 1328/248/1088 1331/252/1088 1330/251/1088
f 268/74/1089 650/228/1089 1323/244/1089 606/73/1089
f 650/228/1090 649/227/1090 1324/247/1090 1323/244/1090
f 649/227/1091 648/226/1091 1325/249/1091 1324/247/1091
f 648/226/1092 284/183/1092 677/184/1092 1325/249/1092
f 1325/249/1093 677/184/1093 676/189/1093 1328/248/1093
f 1328/248/1094 676/189/1094 675/188/1094 1331/252/1094
f 1331/252/1095 675/188/1095 282/149/1095 642/253/1095
f 1330/251/1096 1331/252/1096 642/253/1096 643/254/1096
f 1329/250/1097 1330/251/1097 643/254/1097 644/255/1097
f 608/76/1098 1329/250/1098 644/255/1098 272/49/1098
f 607/75/1099 1326/245/1099 1329/250/1099 608/76/1099
f 606/73/1100 1323/244/1100 1326/245/1100 607/75/1100
f 1332/256/1101 1333/259/1101 1336/258/1101 1335/257/1101
f 1333/259/1102 1334/261/1102 1337/260/1102 1336/258/1102
f 1335/257/1103 1336/258/1103 1339/263/1103 1338/262/1103
f 1336/258/1104 1337/260/1104 1340/264/1104 1339/263/1104
f 271/43/1105 651/265/1105 1332/256/1105 591/77/1105
f 651/265/1106 652/266/1106 1333/259/1106 1332/256/1106
f 652/266/1107 653/267/1107 1334/261/1107 1333/259/1107
f 653/267/1108 279/137/1108 680/167/1108 1334/261/1108
f 1334/261/1109 680/167/1109 679/173/1109 1337/260/1109
f 1337/260/1110 679/173/1110 678/171/1110 1340/264/1110
f 1340/264/1111 678/171/1111 283/172/1111 665/225/1111
f 1339/263/1112 1340/264/1112 665/225/1112 664/224/1112
f 1338/262/1113 1339/263/1113 664/224/1113 663/223/1113
f 593/69/1114 1338/262/1114 663/223/1114 267/68/1114
f 592/78/1115 1335/257/1115 1338/262/1115 593/69/1115
f 591/77/1116 1332/256/1116 1335/257/1116 592/78/1116
f 1341/268/1117 1342/271/1117 1345/270/1117 1344/269/1117
f 1342/271/1118 1343/273/1118 1346/272/1118 1345/270/1118
f 1344/269/1119 1345/270/1119 1348/275/1119 1347/274/1119
f 1345/270/1120 1346/272/1120 1349/276/1120 1348/275/1120
f 272/49/1121 644/255/1121 1341/268/1121 597/48/1121
f 644/255/1122 643/254/1122 1342/271/1122 1341/268/1122
f 643/254/1123 642/253/1123 1343/273/1123 1342/271/1123
f 642/253/1124 282/149/1124 683/150/1124 1343/273/1124
f 1343/273/1125 683/150/1125 682/157/1125 1346/272/1125
f 1346/272/1126 682/157/1126 681/155/1126 1349/276/1126
f 1349/276/1127 681/155/1127 281/156/1127 659/240/1127
f 1348/275/1128 1349/276/1128 659/240/1128 658/239/1128
f 1347/274/1129 1348/275/1129 658/239/1129 657/238/1129
f 599/51/1130 1347/274/1130 657/238/1130 270/53/1130
f 598/50/1131 1344/269/1131 1347/274/1131 599/51/1131
f 597/48/1132 1341/268/1132 1344/269/1132 598/50/1132
f 1350/277/1133 1351/280/1133 1354/279/1133 1353/278/1133
f 1351/280/1134 1352/282/1134 1355/281/1134 1354/279/1134
f 1353/278/1135 1354/279/1135 1357/284/1135 1356/283/1135
f 1354/279/1136 1355/281/1136 1358/285/1136 1357/284/1136
f 269/57/1137 638/243/1137 1350/277/1137 603/56/1137
f 638/243/1138 637/242/1138 1351/280/1138 1350/277/1138
f 637/242/1139 636/241/1139 1352/282/1139 1351/280/1139
f 636/241/1140 280/132/1140 686/133/1140 1352/282/1140
f 1352/282/1141 686/133/1141 685/139/1141 1355/281/1141
f 1355/281/1142 685/139/1142 684/138/1142 1358/285/1142
f 1358/285/1143 684/138/1143 279/137/1143 653/267/1143
f 1357/284/1144 1358/285/1144 653/267/1144 652/266/1144
f 1356/283/1145 1357/284/1145 652/266/1145 651/265/1145
f 605/44/1146 1356/283/1146 651/265/1146 271/43/1146
f 604/58/1147 1353/278/1147 1356/283/1147 605/44/1147
f 603/56/1148 1350/277/1148 1353/278/1148 604/58/1148
f 1359/34/1149 1360/37/1149 1363/36/1149 1362/35/1149
f 1360/37/1150 1361/39/1150 1364/38/1150 1363/36/1150
f 1362/35/1151 1363/36/1151 1366/41/1151 1365/40/1151
f 1363/36/1152 1364/38/1152 1367/42/1152 1366/41/1152
f 289/43/1153 707/45/1153 1359/34/1153 701/44/1153
f 707/45/1154 706/46/1154 1360/37/1154 1359/34/1154
f 706/46/1155 705/47/1155 1361/39/1155 1360/37/1155
f 705/47/1156 290/49/1156 693/48/1156 1361/39/1156
f 1361/39/1157 693/48/1157 694/50/1157 1364/38/1157
f 1364/38/1158 694/50/1158 695/51/1158 1367/42/1158
f 1367/42/1159 695/51/1159 288/53/1159 696/52/1159
f 1366/41/1160 1367/42/1160 696/52/1160 697/54/1160
f 1365/40/1161 1366/41/1161 697/54/1161 698/55/1161
f 699/56/1162 1365/40/1162 698/55/1162 287/57/1162
f 700/58/1163 1362/35/1163 1365/40/1163 699/56/1163
f 701/44/1164 1359/34/1164 1362/35/1164 700/58/1164
f 1368/59/1165 1369/62/1165 1372/61/1165 1371/60/1165
f 1369/62/1166 1370/64/1166 1373/63/1166 1372/61/1166
f 1371/60/1167 1372/61/1167 1375/66/1167 1374/65/1167
f 1372/61/1168 1373/63/1168 1376/67/1168 1375/66/1168
f 285/68/1169 690/70/1169 1368/59/1169 689/69/1169
f 690/70/1170 691/71/1170 1369/62/1170 1368/59/1170
f 691/71/1171 692/72/1171 1370/64/1171 1369/62/1171
f 692/72/1172 286/74/1172 702/73/1172 1370/64/1172
f 1370/64/1173 702/73/1173 703/75/1173 1373/63/1173
f 1373/63/1174 703/75/1174 704/76/1174 1376/67/1174
f 1376/67/1175 704/76/1175 290/49/1175 705/47/1175
f 1375/66/1176 1376/67/1176 705/47/1176 706/46/1176
f 1374/65/1177 1375/66/1177 706/46/1177 707/45/1177
f 687/77/1178 1374/65/1178 707/45/1178 289/43/1178
f 688/78/1179 1371/60/1179 1374/65/1179 687/77/1179
f 689/69/1180 1368/59/1180 1371/60/1180 688/78/1180
f 1377/79/1181 1378/82/1181 1381/81/1181 1380/80/1181
f 1378/82/1182 1379/84/1182 1382/83/1182 1381/81/1182
f 1380/80/1183 1381/81/1183 1384/86/1183 1383/85/1183
f 1381/81/1184 1382/83/1184 1385/87/1184 1384/86/1184
f 291/88/1185 722/90/1185 1377/79/1185 728/89/1185
f 722/90/1186 721/91/1186 1378/82/1186 1377/79/1186
f 721/91/1187 720/92/1187 1379/84/1187 1378/82/1187
f 720/92/1188 296/94/1188 719/93/1188 1379/84/1188
f 1379/84/1189 719/93/1189 718/95/1189 1382/83/1189
f 1382/83/1190 718/95/1190 717/96/1190 1385/87/1190
f 1385/87/1191 717/96/1191 295/98/1191 716/97/1191
f 1384/86/1192 1385/87/1192 716/97/1192 715/99/1192
f 1383/85/1193 1384/86/1193 715/99/1193 714/100/1193
f 726/101/1194 1383/85/1194 714/100/1194 294/102/1194
f 727/103/1195 1380/80/1195 1383/85/1195 726/101/1195
f 728/89/1196 1377/79/1196 1380/80/1196 727/103/1196
f 1386/104/1197 1387/107/1197 1390/106/1197 1389/105/1197
f 1387/107/1198 1388/109/1198 1391/108/1198 1390/106/1198
f 1389/105/1199 1390/106/1199 1393/111/1199 1392/110/1199
f 1390/106/1200 1391/108/1200 1394/112/1200 1393/111/1200
f 292/33/1201 710/114/1201 1386/104/1201 711/113/1201
f 710/114/1202 709/115/1202 1387/107/1202 1386/104/1202
f 709/115/1203 708/116/1203 1388/109/1203 1387/107/1203
f 708/116/1204 291/88/1204 728/89/1204 1388/109/1204
f 1388/109/1205 728/89/1205 727/103/1205 1391/108/1205
f 1391/108/1206 727/103/1206 726/101/1206 1394/112/1206
f 1394/112/1207 726/101/1207 294/102/1207 725/117/1207
f 1393/111/1208 1394/112/1208 725/117/1208 724/118/1208
f 1392/110/1209 1393/111/1209 724/118/1209 723/119/1209
f 713/120/1210 1392/110/1210 723/119/1210 293/121/1210
f 712/122/1211 1389/105/1211 1392/110/1211 713/120/1211
f 711/113/1212 1386/104/1212 1389/105/1212 712/122/1212
f 1395/123/1213 1396/126/1213 1399/125/1213 1398/124/1213
f 1396/126/1214 1397/128/1214 1400/127/1214 1399/125/1214
f 1398/124/1215 1399/125/1215 1402/130/1215 1401/129/1215
f 1399/125/1216 1400/127/1216 1403/131/1216 1402/130/1216
f 298/132/1217 752/134/1217 1395/123/1217 782/133/1217
f 752/134/1218 751/135/1218 1396/126/1218 1395/123/1218
f 751/135/1219 750/136/1219 1397/128/1219 1396/126/1219
f 750/136/1220 296/94/1220 720/92/1220 1397/128/1220
f 1397/128/1221 720/92/1221 721/91/1221 1400/127/1221
f 1400/127/1222 721/91/1222 722/90/1222 1403/131/1222
f 1403/131/1223 722/90/1223 291/88/1223 731/88/1223
f 1402/130/1224 1403/131/1224 731/88/1224 730/137/1224
f 1401/129/1225 1402/130/1225 730/137/1225 729/137/1225
f 780/138/1226 1401/129/1226 729/137/1226 297/137/1226
f 781/139/1227 1398/124/1227 1401/129/1227 780/138/1227
f 782/133/1228 1395/123/1228 1398/124/1228 781/139/1228
f 1404/140/1229 1405/143/1229 1408/142/1229 1407/141/1229
f 1405/143/1230 1406/145/1230 1409/144/1230 1408/142/1230
f 1407/141/1231 1408/142/1231 1411/147/1231 1410/146/1231
f 1408/142/1232 1409/144/1232 1412/148/1232 1411/147/1232
f 300/149/1233 758/151/1233 1404/140/1233 779/150/1233
f 758/151/1234 757/102/1234 1405/143/1234 1404/140/1234
f 757/102/1235 756/149/1235 1406/145/1235 1405/143/1235
f 756/149/1236 294/102/1236 714/100/1236 1406/145/1236
f 1406/145/1237 714/100/1237 715/99/1237 1409/144/1237
f 1409/144/1238 715/99/1238 716/97/1238 1412/148/1238
f 1412/148/1239 716/97/1239 295/98/1239 737/152/1239
f 1411/147/1240 1412/148/1240 737/152/1240 736/153/1240
f 1410/146/1241 1411/147/1241 736/153/1241 735/154/1241
f 777/155/1242 1410/146/1242 735/154/1242 299/156/1242
f 778/157/1243 1407/141/1243 1410/146/1243 777/155/1243
f 779/150/1244 1404/140/1244 1407/141/1244 778/157/1244
f 1413/158/1245 1414/161/1245 1417/160/1245 1416/159/1245
f 1414/161/1246 1415/163/1246 1418/162/1246 1417/160/1246
f 1416/159/1247 1417/160/1247 1420/165/1247 1419/164/1247
f 1417/160/1248 1418/162/1248 1421/166/1248 1420/165/1248
f 297/137/1249 729/137/1249 1413/158/1249 776/167/1249
f 729/137/1250 730/137/1250 1414/161/1250 1413/158/1250
f 730/137/1251 731/88/1251 1415/163/1251 1414/161/1251
f 731/88/1252 291/88/1252 708/116/1252 1415/163/1252
f 1415/163/1253 708/116/1253 709/115/1253 1418/162/1253
f 1418/162/1254 709/115/1254 710/114/1254 1421/166/1254
f 1421/166/1255 710/114/1255 292/33/1255 743/168/1255
f 1420/165/1256 1421/166/1256 743/168/1256 742/169/1256
f 1419/164/1257 1420/165/1257 742/169/1257 741/170/1257
f 774/171/1258 1419/164/1258 741/170/1258 301/172/1258
f 775/173/1259 1416/159/1259 1419/164/1259 774/171/1259
f 776/167/1260 1413/158/1260 1416/159/1260 775/173/1260
f 1422/174/1261 1423/177/1261 1426/176/1261 1425/175/1261
f 1423/177/1262 1424/179/1262 1427/178/1262 1426/176/1262
f 1425/175/1263 1426/176/1263 1429/181/1263 1428/180/1263
f 1426/176/1264 1427/178/1264 1430/182/1264 1429/181/1264
f 302/183/1265 764/185/1265 1422/174/1265 773/184/1265
f 764/185/1266 763/186/1266 1423/177/1266 1422/174/1266
f 763/186/1267 762/187/1267 1424/179/1267 1423/177/1267
f 762/187/1268 293/121/1268 723/119/1268 1424/179/1268
f 1424/179/1269 723/119/1269 724/118/1269 1427/178/1269
f 1427/178/1270 724/118/1270 725/117/1270 1430/182/1270
f 1430/182/1271 725/117/1271 294/102/1271 756/149/1271
f 1429/181/1272 1430/182/1272 756/149/1272 757/102/1272
f 1428/180/1273 1429/181/1273 757/102/1273 758/151/1273
f 771/188/1274 1428/180/1274 758/151/1274 300/149/1274
f 772/189/1275 1425/175/1275 1428/180/1275 771/188/1275
f 773/184/1276 1422/174/1276 1425/175/1276 772/189/1276
f 1431/190/1277 1432/193/1277 1435/192/1277 1434/191/1277
f 1432/193/1278 1433/195/1278 1436/194/1278 1435/192/1278
f 1434/191/1279 1435/192/1279 1438/197/1279 1437/196/1279
f 1435/192/1280 1436/194/1280 1439/198/1280 1438/197/1280
f 299/156/1281 735/154/1281 1431/190/1281 770/199/1281
f 735/154/1282 736/153/1282 1432/193/1282 1431/190/1282
f 736/153/1283 737/152/1283 1433/195/1283 1432/193/1283
f 737/152/1284 295/98/1284 717/96/1284 1433/195/1284
f 1433/195/1285 717/96/1285 718/95/1285 1436/194/1285
f 1436/194/1286 718/95/1286 719/93/1286 1439/198/1286
f 1439/198/1287 719/93/1287 296/94/1287 750/136/1287
f 1438/197/1288 1439/198/1288 750/136/1288 751/135/1288
f 1437/196/1289 1438/197/1289 751/135/1289 752/134/1289
f 768/200/1290 1437/196/1290 752/134/1290 298/132/1290
f 769/201/1291 1434/191/1291 1437/196/1291 768/200/1291
f 770/199/1292 1431/190/1292 1434/191/1292 769/201/1292
f 1440/202/1293 1441/205/1293 1444/204/1293 1443/203/1293
f 1441/205/1294 1442/207/1294 1445/206/1294 1444/204/1294
f 1443/203/1295 1444/204/1295 1447/209/1295 1446/208/1295
f 1444/204/1296 1445/206/1296 1448/210/1296 1447/209/1296
f 301/172/1297 741/170/1297 1440/202/1297 767/211/1297
f 741/170/1298 742/169/1298 1441/205/1298 1440/202/1298
f 742/169/1299 743/168/1299 1442/207/1299 1441/205/1299
f 743/168/1300 292/33/1300 711/113/1300 1442/207/1300
f 1442/207/1301 711/113/1301 712/122/1301 1445/206/1301
f 1445/206/1302 712/122/1302 713/120/1302 1448/210/1302
f 1448/210/1303 713/120/1303 293/121/1303 762/187/1303
f 1447/209/1304 1448/210/1304 762/187/1304 763/186/1304
f 1446/208/1305 1447/209/1305 763/186/1305 764/185/1305
f 765/212/1306 1446/208/1306 764/185/1306 302/183/1306
f 766/213/1307 1443/203/1307 1446/208/1307 765/212/1307
f 767/211/1308 1440/202/1308 1443/203/1308 766/213/1308
f 1449/214/1309 1450/217/1309 1453/216/1309 1452/215/1309
f 1450/217/1310 1451/219/1310 1454/218/1310 1453/216/1310
f 1452/215/1311 1453/216/1311 1456/221/1311 1455/220/1311
f 1453/216/1312 1454/218/1312 1457/222/1312 1456/221/1312
f 285/68/1313 759/223/1313 1449/214/1313 690/70/1313
f 759/223/1314 760/224/1314 1450/217/1314 1449/214/1314
f 760/224/1315 761/225/1315 1451/219/1315 1450/217/1315
f 761/225/1316 301/172/1316 767/211/1316 1451/219/1316
f 1451/219/1317 767/211/1317 766/213/1317 1454/218/1317
f 1454/218/1318 766/213/1318 765/212/1318 1457/222/1318
f 1457/222/1319 765/212/1319 302/183/1319 744/226/1319
f 1456/221/1320 1457/222/1320 744/226/1320 745/227/1320
f 1455/220/1321 1456/221/1321 745/227/1321 746/228/1321
f 692/72/1322 1455/220/1322 746/228/1322 286/74/1322
f 691/71/1323 1452/215/1323 1455/220/1323 692/72/1323
f 690/70/1324 1449/214/1324 1452/215/1324 691/71/1324
f 1458/229/1325 1459/232/1325 1462/231/1325 1461/230/1325
f 1459/232/1326 1460/234/1326 1463/233/1326 1462/231/1326
f 1461/230/1327 1462/231/1327 1465/236/1327 1464/235/1327
f 1462/231/1328 1463/233/1328 1466/237/1328 1465/236/1328
f 288/53/1329 753/238/1329 1458/229/1329 696/52/1329
f 753/238/1330 754/239/1330 1459/232/1330 1458/229/1330
f 754/239/1331 755/240/1331 1460/234/1331 1459/232/1331
f 755/240/1332 299/156/1332 770/199/1332 1460/234/1332
f 1460/234/1333 770/199/1333 769/201/1333 1463/233/1333
f 1463/233/1334 769/201/1334 768/200/1334 1466/237/1334
f 1466/237/1335 768/200/1335 298/132/1335 732/241/1335
f 1465/236/1336 1466/237/1336 732/241/1336 733/242/1336
f 1464/235/1337 1465/236/1337 733/242/1337 734/243/1337
f 698/55/1338 1464/235/1338 734/243/1338 287/57/1338
f 697/54/1339 1461/230/1339 1464/235/1339 698/55/1339
f 696/52/1340 1458/229/1340 1461/230/1340 697/54/1340
f 1467/244/1341 1468/247/1341 1471/246/1341 1470/245/1341
f 1468/247/1342 1469/249/1342 1472/248/1342 1471/246/1342
f 1470/245/1343 1471/246/1343 1474/251/1343 1473/250/1343
f 1471/246/1344 1472/248/1344 1475/252/1344 1474/251/1344
f 286/74/1345 746/228/1345 1467/244/1345 702/73/1345
f 746/228/1346 745/227/1346 1468/247/1346 1467/244/1346
f 745/227/1347 744/226/1347 1469/249/1347 1468/247/1347
f 744/226/1348 302/183/1348 773/184/1348 1469/249/1348
f 1469/249/1349 773/184/1349 772/189/1349 1472/248/1349
f 1472/248/1350 772/189/1350 771/188/1350 1475/252/1350
f 1475/252/1351 771/188/1351 300/149/1351 738/253/1351
f 1474/251/1352 1475/252/1352 738/253/1352 739/254/1352
f 1473/250/1353 1474/251/1353 739/254/1353 740/255/1353
f 704/76/1354 1473/250/1354 740/255/1354 290/49/1354
f 703/75/1355 1470/245/1355 1473/250/1355 704/76/1355
f 702/73/1356 1467/244/1356 1470/245/1356 703/75/1356
f 1476/256/1357 1477/259/1357 1480/258/1357 1479/257/1357
f 1477/259/1358 1478/261/1358 1481/260/1358 1480/258/1358
f 1479/257/1359 1480/258/1359 1483/263/1359 1482/262/1359
f 1480/258/1360 1481/260/1360 1484/264/1360 1483/263/1360
f 289/43/1361 747/265/1361 1476/256/1361 687/77/1361
f 747/265/1362 748/266/1362 1477/259/1362 1476/256/1362
f 748/266/1363 749/267/1363 1478/261/1363 1477/259/1363
f 749/267/1364 297/137/1364 776/167/1364 1478/261/1364
f 1478/261/1365 776/167/1365 775/173/1365 1481/260/1365
f 1481/260/1366 775/173/1366 774/171/1366 1484/264/1366
f 1484/264/1367 774/171/1367 301/172/1367 761/225/1367
f 1483/263/1368 1484/264/1368 761/225/1368 760/224/1368
f 1482/262/1369 1483/263/1369 760/224/1369 759/223/1369
f 689/69/1370 1482/262/1370 759/223/1370 285/68/1370
f 688/78/1371 1479/257/1371 1482/262/1371 689/69/1371
f 687/77/1372 1476/256/1372 1479/257/1372 688/78/1372
f 1485/268/1373 1486/271/1373 1489/270/1373 1488/269/1373
f 1486/271/1374 1487/273/1374 1490/272/1374 1489/270/1374
f 1488/269/1375 1489/270/1375 1492/275/1375 1491/274/1375
f 1489/270/1376 1490/272/1376 1493/276/1376 1492/275/1376
f 290/49/1377 740/255/1377 1485/268/1377 693/48/1377
f 740/255/1378 739/254/1378 1486/271/1378 1485/268/1378
f 739/254/1379 738/253/1379 1487/273/1379 1486/271/1379
f 738/253/1380 300/149/1380 779/150/1380 1487/273/1380
f 1487/273/1381 779/150/1381 778/157/1381 1490/272/1381
f 1490/272/1382 778/157/1382 777/155/1382 1493/276/1382
f 1493/276/1383 777/155/1383 299/156/1383 755/240/1383
f 1492/275/1384 1493/276/1384 755/240/1384 754/239/1384
f 1491/274/1385 1492/275/1385 754/239/1385 753/238/1385
f 695/51/1386 1491/274/1386 753/238/1386 288/53/1386
f 694/50/1387 1488/269/1387 1491/274/1387 695/51/1387
f 693/48/1388 1485/268/1388 1488/269/1388 694/50/1388
f 1494/277/1389 1495/280/1389 1498/279/1389 1497/278/1389
f 1495/280/1390 1496/282/1390 1499/281/1390 1498/279/1390
f 1497/278/1391 1498/279/1391 1501/284/1391 1500/283/1391
f 1498/279/1392 1499/281/1392 1502/285/1392 1501/284/1392
f 287/57/1393 734/243/1393 1494/277/1393 699/56/1393
f 734/243/1394 733/242/1394 1495/280/1394 1494/277/1394
f 733/242/1395 732/241/1395 1496/282/1395 1495/280/1395
f 732/241/1396 298/132/1396 782/133/1396 1496/282/1396
f 1496/282/1397 782/133/1397 781/139/1397 1499/281/1397
f 1499/281/1398 781/139/1398 780/138/1398 1502/285/1398
f 1502/285/1399 780/138/1399 297/137/1399 749/267/1399
f 1501/284/1400 1502/285/1400 749/267/1400 748/266/1400
f 1500/283/1401 1501/284/1401 748/266/1401 747/265/1401
f 701/44/1402 1500/283/1402 747/265/1402 289/43/1402
f 700/58/1403 1497/278/1403 1500/283/1403 701/44/1403
f 699/56/1404 1494/277/1404 1497/278/1404 700/58/1404
f 86/33/8 1503/33/8 1504/33/8 87/33/8
f 87/33/8 1504/33/8 1505/33/8 89/33/8
f 89/33/8 1505/33/8 1506/33/8 91/33/8
f 91/33/8 1506/33/8 1507/33/8 93/33/8
f 93/33/8 1507/33/8 1508/33/8 95/33/8
f 95/33/8 1508/33/8 1509/33/8 97/33/8
f 97/33/8 1509/33/8 1510/33/8 99/33/8
f 99/33/8 1510/33/8 1511/33/8 101/33/8
f 101/33/8 1511/33/8 1512/33/8 103/33/8
f 103/33/8 1512/33/8 1513/33/8 105/33/8
f 105/33/8 1513/33/8 1514/33/8 107/33/8
f 107/33/8 1514/33/8 1515/33/8 109/33/8
f 109/33/8 1515/33/8 1516/33/8 111/33/8
f 111/33/8 1516/33/8 1517/33/8 113/33/8
f 113/33/8 1517/33/8 1518/33/8 115/33/8
f 115/33/8 1518/33/8 1519/33/8 117/33/8
f 117/33/8 1519/33/8 1520/33/8 119/33/8
f 119/33/8 1520/33/8 1521/33/8 121/33/8
f 121/33/8 1521/33/8 1522/33/8 123/33/8
f 123/33/8 1522/33/8 1523/33/8 125/33/8
f 125/33/8 1523/33/8 1524/33/8 127/33/8
f 127/33/8 1524/33/8 1525/33/8 129/33/8
f 129/33/8 1525/33/8 1526/33/8 131/33/8
f 131/33/8 1526/33/8 1527/33/8 133/33/8
f 133/33/8 1527/33/8 1528/33/8 135/33/8
f 135/33/8 1528/33/8 1529/33/8 137/33/8
f 137/33/8 1529/33/8 1530/33/8 139/33/8
f 139/33/8 1530/33/8 1531/33/8 141/33/8
f 141/33/8 1531/33/8 1532/33/8 143/33/8
f 143/33/8 1532/33/8 1533/33/8 145/33/8
f 145/33/8 1533/33/8 1534/33/8 147/33/8
f 147/33/8 1534/33/8 1503/33/8 86/33/8
f 152/33/11 1535/33/11 1536/33/11 149/33/11
f 154/33/11 1537/33/11 1535/33/11 152/33/11
f 156/33/11 1538/33/11 1537/33/11 154/33/11
f 158/33/11 1539/33/11 1538/33/11 156/33/11
f 160/33/11 1540/33/11 1539/33/11 158/33/11
f 162/33/11 1541/33/11 1540/33/11 160/33/11
f 164/33/11 1542/33/11 1541/33/11 162/33/11
f 166/33/11 1543/33/11 1542/33/11 164/33/11
f 168/33/11 1544/33/11 1543/33/11 166/33/11
f 170/33/11 1545/33/11 1544/33/11 168/33/11
f 172/33/11 1546/33/11 1545/33/11 170/33/11
f 174/33/11 1547/33/11 1546/33/11 172/33/11
f 176/33/11 1548/33/11 1547/33/11 174/33/11
f 178/33/11 1549/33/11 1548/33/11 176/33/11
f 180/33/11 1550/33/11 1549/33/11 178/33/11
f 182/33/11 1551/33/11 1550/33/11 180/33/11
f 184/33/11 1552/33/11 1551/33/11 182/33/11
f 186/33/11 1553/33/11 1552/33/11 184/33/11
f 188/33/11 1554/33/11 1553/33/11 186/33/11
f 190/33/11 1555/33/11 1554/33/11 188/33/11
f 192/33/11 1556/33/11 1555/33/11 190/33/11
f 194/33/11 1557/33/11 1556/33/11 192/33/11
f 196/33/11 1558/33/11 1557/33/11 194/33/11
f 198/33/11 1559/33/11 1558/33/11 196/33/11
f 200/33/11 1560/33/11 1559/33/11 198/33/11
f 202/33/11 1561/33/11 1560/33/11 200/33/11
f 204/33/11 1562/33/11 1561/33/11 202/33/11
f 206/33/11 1563/33/11 1562/33/11 204/33/11
f 208/33/11 1564/33/11 1563/33/11 206/33/11
f 210/33/11 1565/33/11 1564/33/11 208/33/11
f 212/33/11 1566/33/11 1565/33/11 210/33/11
f 149/33/11 1536/33/11 1566/33/11 212/33/11
f 212/33/11 210/33/11 208/33/11 1567/33/11
f 1567/33/11 208/33/11 206/33/11 1574/33/11
f 1574/33/11 206/33/11 204/33/11 1581/33/11
f 1581/33/11 204/33/11 202/33/11 1588/33/11
f 1588/33/11 202/33/11 200/33/11 1595/33/11
f 1595/33/11 200/33/11 198/33/11 1602/33/11
f 1602/33/11 198/33/11 196/33/11 1609/33/11
f 1609/33/11 196/33/11 194/33/11 192/33/11
f 149/33/11 212/33/11 1567/33/11 1568/33/11
f 1568/33/11 1567/33/11 1574/33/11 1575/33/11
f 1575/33/11 1574/33/11 1581/33/11 1582/33/11
f 1582/33/11 1581/33/11 1588/33/11 1589/33/11
f 1589/33/11 1588/33/11 1595/33/11 1596/33/11
f 1596/33/11 1595/33/11 1602/33/11 1603/33/11
f 1603/33/11 1602/33/11 1609/33/11 1610/33/11
f 1610/33/11 1609/33/11 192/33/11 190/33/11
f 152/33/11 149/33/11 1568/33/11 1569/33/11
f 1569/33/11 1568/33/11 1575/33/11 1576/33/11
f 1576/33/11 1575/33/11 1582/33/11 1583/33/11
f 1583/33/11 1582/33/11 1589/33/11 1590/33/11
f 1590/33/11 1589/33/11 1596/33/11 1597/33/11
f 1597/33/11 1596/33/11 1603/33/11 1604/33/11
f 1604/33/11 1603/33/11 1610/33/11 1611/33/11
f 1611/33/11 1610/33/11 190/33/11 188/33/11
f 154/33/11 152/33/11 1569/33/11 1570/33/11
f 1570/33/11 1569/33/11 1576/33/11 1577/33/11
f 1577/33/11 1576/33/11 1583/33/11 1584/33/11
f 1584/33/11 1583/33/11 1590/33/11 1591/33/11
f 1591/33/11 1590/33/11 1597/33/11 1598/33/11
f 1598/33/11 1597/33/11 1604/33/11 1605/33/11
f 1605/33/11 1604/33/11 1611/33/11 1612/33/11
f 1612/33/11 1611/33/11 188/33/11 186/33/11
f 156/33/11 154/33/11 1570/33/11 1571/33/11
f 1571/33/11 1570/33/11 1577/33/11 1578/33/11
f 1578/33/11 1577/33/11 1584/33/11 1585/33/11
f 1585/33/11 1584/33/11 1591/33/11 1592/33/11
f 1592/33/11 1591/33/11 1598/33/11 1599/33/11
f 1599/33/11 1598/33/11 1605/33/11 1606/33/11
f 1606/33/11 1605/33/11 1612/33/11 1613/33/11
f 1613/33/11 1612/33/11 186/33/11 184/33/11
f 158/33/11 156/33/11 1571/33/11 1572/33/11
f 1572/33/11 1571/33/11 1578/33/11 1579/33/11
f 1579/33/11 1578/33/11 1585/33/11 1586/33/11
f 1586/33/11 1585/33/11 1592/33/11 1593/33/11
f 1593/33/11 1592/33/11 1599/33/11 1600/33/11
f 1600/33/11 1599/33/11 1606/33/11 1607/33/11
f 1607/33/11 1606/33/11 1613/33/11 1614/33/11
f 1614/33/11 1613/33/11 184/33/11 182/33/11
f 160/33/11 158/33/11 1572/33/11 1573/33/11
f 1573/33/11 1572/33/11 1579/33/11 1580/33/11
f 1580/33/11 1579/33/11 1586/33/11 1587/33/11
f 1587/33/11 1586/33/11 1593/33/11 1594/33/11
f 1594/33/11 1593/33/11 1600/33/11 1601/33/11
f 1601/33/11 1600/33/11 1607/33/11 1608/33/11
f 1608/33/11 1607/33/11 1614/33/11 1615/33/11
f 1615/33/11 1614/33/11 182/33/11 180/33/11
f 162/33/11 160/33/11 1573/33/11 164/33/11
f 164/33/11 1573/33/11 1580/33/11 166/33/11
f 166/33/11 1580/33/11 1587/33/11 168/33/11
f 168/33/11 1587/33/11 1594/33/11 170/33/11
f 170/33/11 1594/33/11 1601/33/11 172/33/11
f 172/33/11 1601/33/11 1608/33/11 174/33/11
f 174/33/11 1608/33/11 1615/33/11 176/33/11
f 176/33/11 1615/33/11 180/33/11 178/33/11
f 95/33/8 97/33/8 99/33/8 1616/33/8
f 1616/33/8 99/33/8 101/33/8 1623/33/8
f 1623/33/8 101/33/8 103/33/8 1630/33/8
f 1630/33/8 103/33/8 105/33/8 1637/33/8
f 1637/33/8 105/33/8 107/33/8 1644/33/8
f 1644/33/8 107/33/8 109/33/8 1651/33/8
f 1651/33/8 109/33/8 111/33/8 1658/33/8
f 1658/33/8 111/33/8 113/33/8 115/33/8
f 93/33/8 95/33/8 1616/33/8 1617/33/8
f 1617/33/8 1616/33/8 1623/33/8 1624/33/8
f 1624/33/8 1623/33/8 1630/33/8 1631/33/8
f 1631/33/8 1630/33/8 1637/33/8 1638/33/8
f 1638/33/8 1637/33/8 1644/33/8 1645/33/8
f 1645/33/8 1644/33/8 1651/33/8 1652/33/8
f 1652/33/8 1651/33/8 1658/33/8 1659/33/8
f 1659/33/8 1658/33/8 115/33/8 117/33/8
f 91/33/8 93/33/8 1617/33/8 1618/33/8
f 1618/33/8 1617/33/8 1624/33/8 1625/33/8
f 1625/33/8 1624/33/8 1631/33/8 1632/33/8
f 1632/33/8 1631/33/8 1638/33/8 1639/33/8
f 1639/33/8 1638/33/8 1645/33/8 1646/33/8
f 1646/33/8 1645/33/8 1652/33/8 1653/33/8
f 1653/33/8 1652/33/8 1659/33/8 1660/33/8
f 1660/33/8 1659/33/8 117/33/8 119/33/8
f 89/33/8 91/33/8 1618/33/8 1619/33/8
f 1619/33/8 1618/33/8 1625/33/8 1626/33/8
f 1626/33/8 1625/33/8 1632/33/8 1633/33/8
f 1633/33/8 1632/33/8 1639/33/8 1640/33/8
f 1640/33/8 1639/33/8 1646/33/8 1647/33/8
f 1647/33/8 1646/33/8 1653/33/8 1654/33/8
f 1654/33/8 1653/33/8 1660/33/8 1661/33/8
f 1661/33/8 1660/33/8 119/33/8 121/33/8
f 87/33/8 89/33/8 1619/33/8 1620/33/8
f 1620/33/8 1619/33/8 1626/33/8 1627/33/8
f 1627/33/8 1626/33/8 1633/33/8 1634/33/8
f 1634/33/8 1633/33/8 1640/33/8 1641/33/8
f 1641/33/8 1640/33/8 1647/33/8 1648/33/8
f 1648/33/8 1647/33/8 1654/33/8 1655/33/8
f 1655/33/8 1654/33/8 1661/33/8 1662/33/8
f 1662/33/8 1661/33/8 121/33/8 123/33/8
f 86/33/8 87/33/8 1620/33/8 1621/33/8
f 1621/33/8 1620/33/8 1627/33/8 1628/33/8
f 1628/33/8 1627/33/8 1634/33/8 1635/33/8
f 1635/33/8 1634/33/8 1641/33/8 1642/33/8
f 1642/33/8 1641/33/8 1648/33/8 1649/33/8
f 1649/33/8 1648/33/8 1655/33/8 1656/33/8
f 1656/33/8 1655/33/8 1662/33/8 1663/33/8
f 1663/33/8 1662/33/8 123/33/8 125/33/8
f 147/33/8 86/33/8 1621/33/8 1622/33/8
f 1622/33/8 1621/33/8 1628/33/8 1629/33/8
f 1629/33/8 1628/33/8 1635/33/8 1636/33/8
f 1636/33/8 1635/33/8 1642/33/8 1643/33/8
f 1643/33/8 1642/33/8 1649/33/8 1650/33/8
f 1650/33/8 1649/33/8 1656/33/8 1657/33/8
f 1657/33/8 1656/33/8 1663/33/8 1664/33/8
f 1664/33/8 1663/33/8 125/33/8 127/33/8
f 145/33/8 147/33/8 1622/33/8 143/33/8
f 143/33/8 1622/33/8 1629/33/8 141/33/8
f 141/33/8 1629/33/8 1636/33/8 139/33/8
f 139/33/8 1636/33/8 1643/33/8 137/33/8
f 137/33/8 1643/33/8 1650/33/8 135/33/8
f 135/33/8 1650/33/8 1657/33/8 133/33/8
f 133/33/8 1657/33/8 1664/33/8 131/33/8
f 131/33/8 1664/33/8 127/33/8 129/33/8
f 1665/28/1 1667/21/1 1668/22/1 1666/27/1
f 1672/19/1405 1670/25/1405 1683/287/1405 1676/286/1405
f 1671/23/4 1669/29/4 1670/25/4 1672/19/4
f 1667/24/1406 1665/32/1406 1680/289/1406 1673/288/1406
f 1669/29/1407 1679/291/1407 1683/290/1407 1670/25/1407
f 1677/292/1405 1682/293/1405 1666/26/1405 1668/20/1405
f 1674/294/1408 1671/23/1408 1672/19/1408 1676/295/1408
f 1680/296/1409 1665/30/1409 1666/31/1409 1682/297/1409
f 1674/298/1406 1679/299/1406 1669/29/1406 1671/23/1406
f 1677/292/1405 1678/301/1405 1684/300/1405 1682/293/1405
f 1678/301/1405 1676/286/1405 1683/287/1405 1684/300/1405
f 1674/298/1406 1675/303/1406 1681/302/1406 1679/299/1406
f 1675/303/1406 1673/288/1406 1680/289/1406 1681/302/1406
f 1682/297/1410 1684/305/1410 1681/304/1410 1680/296/1410
f 1684/305/1411 1683/290/1411 1679/291/1411 1681/304/1411
f 1676/295/1412 1678/307/1412 1675/306/1412 1674/294/1412
f 1678/307/1413 1677/309/1413 1673/308/1413 1675/306/1413
f 1667/21/1414 1673/308/1414 1677/309/1414 1668/22/1414
f 1685/310/1415 1696/313/1415 1708/312/1415 1697/311/1415
f 1686/314/1416 1685/33/1416 1697/316/1416 1698/315/1416
f 1687/317/1417 1686/314/1417 1698/315/1417 1699/318/1417
f 1688/319/1418 1687/317/1418 1699/318/1418 1700/320/1418
f 1689/321/1419 1688/319/1419 1700/320/1419 1701/322/1419
f 1690/323/1420 1689/321/1420 1701/322/1420 1702/324/1420
f 1691/88/1421 1690/323/1421 1702/324/1421 1703/325/1421
f 1692/326/1422 1691/88/1422 1703/325/1422 1704/327/1422
f 1693/328/1423 1692/326/1423 1704/327/1423 1705/329/1423
f 1694/330/1424 1693/328/1424 1705/329/1424 1706/331/1424
f 1695/332/1425 1694/330/1425 1706/331/1425 1707/333/1425
f 1696/313/1426 1695/332/1426 1707/333/1426 1708/312/1426
f 1697/311/1427 1708/312/1427 1720/335/1427 1709/334/1427
f 1698/315/1428 1697/316/1428 1709/337/1428 1710/336/1428
f 1699/318/1429 1698/315/1429 1710/336/1429 1711/338/1429
f 1700/320/1430 1699/318/1430 1711/338/1430 1712/339/1430
f 1701/322/1431 1700/320/1431 1712/339/1431 1713/340/1431
f 1702/324/1432 1701/322/1432 1713/340/1432 1714/341/1432
f 1703/325/1433 1702/324/1433 1714/341/1433 1715/342/1433
f 1704/327/1434 1703/325/1434 1715/342/1434 1716/343/1434
f 1705/329/1435 1704/327/1435 1716/343/1435 1717/344/1435
f 1706/331/1436 1705/329/1436 1717/344/1436 1718/345/1436
f 1707/333/1437 1706/331/1437 1718/345/1437 1719/346/1437
f 1708/312/1438 1707/333/1438 1719/346/1438 1720/335/1438
f 1709/334/1439 1720/335/1439 1732/348/1439 1721/347/1439
f 1710/336/1440 1709/337/1440 1721/350/1440 1722/349/1440
f 1711/338/1441 1710/336/1441 1722/349/1441 1723/351/1441
f 1712/339/1442 1711/338/1442 1723/351/1442 1724/352/1442
f 1713/340/1443 1712/339/1443 1724/352/1443 1725/353/1443
f 1714/341/1444 1713/340/1444 1725/353/1444 1726/354/1444
f 1715/342/1445 1714/341/1445 1726/354/1445 1727/355/1445
f 1716/343/1446 1715/342/1446 1727/355/1446 1728/356/1446
f 1717/344/1447 1716/343/1447 1728/356/1447 1729/357/1447
f 1718/345/1448 1717/344/1448 1729/357/1448 1730/358/1448
f 1719/346/1449 1718/345/1449 1730/358/1449 1731/359/1449
f 1720/335/1450 1719/346/1450 1731/359/1450 1732/348/1450
f 1721/347/1451 1732/348/1451 1744/361/1451 1733/360/1451
f 1722/349/1452 1721/350/1452 1733/363/1452 1734/362/1452
f 1723/351/1453 1722/349/1453 1734/362/1453 1735/364/1453
f 1724/352/1454 1723/351/1454 1735/364/1454 1736/365/1454
f 1725/353/1455 1724/352/1455 1736/365/1455 1737/366/1455
f 1726/354/1456 1725/353/1456 1737/366/1456 1738/367/1456
f 1727/355/1457 1726/354/1457 1738/367/1457 1739/368/1457
f 1728/356/1458 1727/355/1458 1739/368/1458 1740/369/1458
f 1729/357/1459 1728/356/1459 1740/369/1459 1741/370/1459
f 1730/358/1460 1729/357/1460 1741/370/1460 1742/371/1460
f 1731/359/1461 1730/358/1461 1742/371/1461 1743/372/1461
f 1732/348/1462 1731/359/1462 1743/372/1462 1744/361/1462
f 1733/360/1463 1744/361/1463 1756/374/1463 1745/373/1463
f 1734/362/1464 1733/363/1464 1745/376/1464 1746/375/1464
f 1735/364/1465 1734/362/1465 1746/375/1465 1747/377/1465
f 1736/365/1466 1735/364/1466 1747/377/1466 1748/378/1466
f 1737/366/1467 1736/365/1467 1748/378/1467 1749/379/1467
f 1738/367/1468 1737/366/1468 1749/379/1468 1750/380/1468
f 1739/368/1469 1738/367/1469 1750/380/1469 1751/381/1469
f 1740/369/1470 1739/368/1470 1751/381/1470 1752/382/1470
f 1741/370/1471 1740/369/1471 1752/382/1471 1753/383/1471
f 1742/371/1472 1741/370/1472 1753/383/1472 1754/384/1472
f 1743/372/1473 1742/371/1473 1754/384/1473 1755/385/1473
f 1744/361/1474 1743/372/1474 1755/385/1474 1756/374/1474
f 1745/373/1475 1756/374/1475 1768/387/1475 1757/386/1475
f 1746/375/1476 1745/376/1476 1757/389/1476 1758/388/1476
f 1747/377/1477 1746/375/1477 1758/388/1477 1759/390/1477
f 1748/378/1478 1747/377/1478 1759/390/1478 1760/391/1478
f 1749/379/1479 1748/378/1479 1760/391/1479 1761/392/1479
f 1750/380/1480 1749/379/1480 1761/392/1480 1762/393/1480
f 1751/381/1481 1750/380/1481 1762/393/1481 1763/394/1481
f 1752/382/1482 1751/381/1482 1763/394/1482 1764/395/1482
f 1753/383/1483 1752/382/1483 1764/395/1483 1765/396/1483
f 1754/384/1484 1753/383/1484 1765/396/1484 1766/397/1484
f 1755/385/1485 1754/384/1485 1766/397/1485 1767/398/1485
f 1756/374/1486 1755/385/1486 1767/398/1486 1768/387/1486
f 1757/386/1487 1768/387/1487 1780/400/1487 1769/399/1487
f 1758/388/1488 1757/389/1488 1769/402/1488 1770/401/1488
f 1759/390/1489 1758/388/1489 1770/401/1489 1771/403/1489
f 1760/391/1490 1759/390/1490 1771/403/1490 1772/404/1490
f 1761/392/1491 1760/391/1491 1772/404/1491 1773/405/1491
f 1762/393/1492 1761/392/1492 1773/405/1492 1774/406/1492
f 1763/394/1493 1762/393/1493 1774/406/1493 1775/407/1493
f 1764/395/1494 1763/394/1494 1775/407/1494 1776/408/1494
f 1765/396/1495 1764/395/1495 1776/408/1495 1777/409/1495
f 1766/397/1496 1765/396/1496 1777/409/1496 1778/410/1496
f 1767/398/1497 1766/397/1497 1778/410/1497 1779/411/1497
f 1768/387/1498 1767/398/1498 1779/411/1498 1780/400/1498
f 1769/399/1499 1780/400/1499 1792/413/1499 1781/412/1499
f 1770/401/1500 1769/402/1500 1781/415/1500 1782/414/1500
f 1771/403/1501 1770/401/1501 1782/414/1501 1783/416/1501
f 1772/404/1502 1771/403/1502 1783/416/1502 1784/417/1502
f 1773/405/1503 1772/404/1503 1784/417/1503 1785/418/1503
f 1774/406/1504 1773/405/1504 1785/418/1504 1786/419/1504
f 1775/407/1505 1774/406/1505 1786/419/1505 1787/420/1505
f 1776/408/1506 1775/407/1506 1787/420/1506 1788/421/1506
f 1777/409/1507 1776/408/1507 1788/421/1507 1789/422/1507
f 1778/410/1508 1777/409/1508 1789/422/1508 1790/423/1508
f 1779/411/1509 1778/410/1509 1790/423/1509 1791/424/1509
f 1780/400/1510 1779/411/1510 1791/424/1510 1792/413/1510
f 1781/412/1511 1792/413/1511 1804/426/1511 1793/425/1511
f 1782/414/1512 1781/415/1512 1793/428/1512 1794/427/1512
f 1783/416/1513 1782/414/1513 1794/427/1513 1795/429/1513
f 1784/417/1514 1783/416/1514 1795/429/1514 1796/430/1514
f 1785/418/1515 1784/417/1515 1796/430/1515 1797/431/1515
f 1786/419/1516 1785/418/1516 1797/431/1516 1798/432/1516
f 1787/420/1517 1786/419/1517 1798/432/1517 1799/433/1517
f 1788/421/1518 1787/420/1518 1799/433/1518 1800/434/1518
f 1789/422/1519 1788/421/1519 1800/434/1519 1801/435/1519
f 1790/423/1520 1789/422/1520 1801/435/1520 1802/436/1520
f 1791/424/1521 1790/423/1521 1802/436/1521 1803/437/1521
f 1792/413/1522 1791/424/1522 1803/437/1522 1804/426/1522
f 1793/425/1523 1804/426/1523 1816/439/1523 1805/438/1523
f 1794/427/1524 1793/428/1524 1805/441/1524 1806/440/1524
f 1795/429/1525 1794/427/1525 1806/440/1525 1807/442/1525
f 1796/430/1526 1795/429/1526 1807/442/1526 1808/443/1526
f 1797/431/1527 1796/430/1527 1808/443/1527 1809/444/1527
f 1798/432/1528 1797/431/1528 1809/444/1528 1810/445/1528
f 1799/433/1529 1798/432/1529 1810/445/1529 1811/102/1529
f 1800/434/1530 1799/433/1530 1811/102/1530 1812/446/1530
f 1801/435/1531 1800/434/1531 1812/446/1531 1813/447/1531
f 1802/436/1532 1801/435/1532 1813/447/1532 1814/448/1532
f 1803/437/1533 1802/436/1533 1814/448/1533 1815/449/1533
f 1804/426/1534 1803/437/1534 1815/449/1534 1816/439/1534
f 1817/310/1535 1829/311/1535 1840/312/1535 1828/313/1535
f 1818/314/1536 1830/315/1536 1829/316/1536 1817/33/1536
f 1819/317/1537 1831/318/1537 1830/315/1537 1818/314/1537
f 1820/319/1538 1832/320/1538 1831/318/1538 1819/317/1538
f 1821/321/1539 1833/322/1539 1832/320/1539 1820/319/1539
f 1822/323/1540 1834/324/1540 1833/322/1540 1821/321/1540
f 1823/88/1541 1835/325/1541 1834/324/1541 1822/323/1541
f 1824/326/1542 1836/327/1542 1835/325/1542 1823/88/1542
f 1825/328/1543 1837/329/1543 1836/327/1543 1824/326/1543
f 1826/330/1544 1838/331/1544 1837/329/1544 1825/328/1544
f 1827/332/1545 1839/333/1545 1838/331/1545 1826/330/1545
f 1828/313/1546 1840/312/1546 1839/333/1546 1827/332/1546
f 1829/311/1547 1841/334/1547 1852/335/1547 1840/312/1547
f 1830/315/1548 1842/336/1548 1841/337/1548 1829/316/1548
f 1831/318/1549 1843/338/1549 1842/336/1549 1830/315/1549
f 1832/320/1550 1844/339/1550 1843/338/1550 1831/318/1550
f 1833/322/1551 1845/340/1551 1844/339/1551 1832/320/1551
f 1834/324/1552 1846/341/1552 1845/340/1552 1833/322/1552
f 1835/325/1553 1847/342/1553 1846/341/1553 1834/324/1553
f 1836/327/1554 1848/343/1554 1847/342/1554 1835/325/1554
f 1837/329/1555 1849/344/1555 1848/343/1555 1836/327/1555
f 1838/331/1556 1850/345/1556 1849/344/1556 1837/329/1556
f 1839/333/1557 1851/346/1557 1850/345/1557 1838/331/1557
f 1840/312/1558 1852/335/1558 1851/346/1558 1839/333/1558
f 1841/334/1559 1853/347/1559 1864/348/1559 1852/335/1559
f 1842/336/1560 1854/349/1560 1853/350/1560 1841/337/1560
f 1843/338/1561 1855/351/1561 1854/349/1561 1842/336/1561
f 1844/339/1562 1856/352/1562 1855/351/1562 1843/338/1562
f 1845/340/1563 1857/353/1563 1856/352/1563 1844/339/1563
f 1846/341/1564 1858/354/1564 1857/353/1564 1845/340/1564
f 1847/342/1565 1859/355/1565 1858/354/1565 1846/341/1565
f 1848/343/1566 1860/356/1566 1859/355/1566 1847/342/1566
f 1849/344/1567 1861/357/1567 1860/356/1567 1848/343/1567
f 1850/345/1568 1862/358/1568 1861/357/1568 1849/344/1568
f 1851/346/1569 1863/359/1569 1862/358/1569 1850/345/1569
f 1852/335/1570 1864/348/1570 1863/359/1570 1851/346/1570
f 1853/347/1571 1865/360/1571 1876/361/1571 1864/348/1571
f 1854/349/1572 1866/362/1572 1865/363/1572 1853/350/1572
f 1855/351/1573 1867/364/1573 1866/362/1573 1854/349/1573
f 1856/352/1574 1868/365/1574 1867/364/1574 1855/351/1574
f 1857/353/1575 1869/366/1575 1868/365/1575 1856/352/1575
f 1858/354/1576 1870/367/1576 1869/366/1576 1857/353/1576
f 1859/355/1577 1871/368/1577 1870/367/1577 1858/354/1577
f 1860/356/1578 1872/369/1578 1871/368/1578 1859/355/1578
f 1861/357/1579 1873/370/1579 1872/369/1579 1860/356/1579
f 1862/358/1580 1874/371/1580 1873/370/1580 1861/357/1580
f 1863/359/1581 1875/372/1581 1874/371/1581 1862/358/1581
f 1864/348/1582 1876/361/1582 1875/372/1582 1863/359/1582
f 1865/360/1583 1877/373/1583 1888/374/1583 1876/361/1583
f 1866/362/1584 1878/375/1584 1877/376/1584 1865/363/1584
f 1867/364/1585 1879/377/1585 1878/375/1585 1866/362/1585
f 1868/365/1586 1880/378/1586 1879/377/1586 1867/364/1586
f 1869/366/1587 1881/379/1587 1880/378/1587 1868/365/1587
f 1870/367/1588 1882/380/1588 1881/379/1588 1869/366/1588
f 1871/368/1589 1883/381/1589 1882/380/1589 1870/367/1589
f 1872/369/1590 1884/382/1590 1883/381/1590 1871/368/1590
f 1873/370/1591 1885/383/1591 1884/382/1591 1872/369/1591
f 1874/371/1592 1886/384/1592 1885/383/1592 1873/370/1592
f 1875/372/1593 1887/385/1593 1886/384/1593 1874/371/1593
f 1876/361/1594 1888/374/1594 1887/385/1594 1875/372/1594
f 1877/373/1595 1889/386/1595 1900/387/1595 1888/374/1595
f 1878/375/1596 1890/388/1596 1889/389/1596 1877/376/1596
f 1879/377/1597 1891/390/1597 1890/388/1597 1878/375/1597
f 1880/378/1598 1892/391/1598 1891/390/1598 1879/377/1598
f 1881/379/1599 1893/392/1599 1892/391/1599 1880/378/1599
f 1882/380/1600 1894/393/1600 1893/392/1600 1881/379/1600
f 1883/381/1601 1895/394/1601 1894/393/1601 1882/380/1601
f 1884/382/1602 1896/395/1602 1895/394/1602 1883/381/1602
f 1885/383/1603 1897/396/1603 1896/395/1603 1884/382/1603
f 1886/384/1604 1898/397/1604 1897/396/1604 1885/383/1604
f 1887/385/1605 1899/398/1605 1898/397/1605 1886/384/1605
f 1888/374/1606 1900/387/1606 1899/398/1606 1887/385/1606
f 1889/386/1607 1901/399/1607 1912/400/1607 1900/387/1607
f 1890/388/1608 1902/401/1608 1901/402/1608 1889/389/1608
f 1891/390/1609 1903/403/1609 1902/401/1609 1890/388/1609
f 1892/391/1610 1904/404/1610 1903/403/1610 1891/390/1610
f 1893/392/1611 1905/405/1611 1904/404/1611 1892/391/1611
f 1894/393/1612 1906/406/1612 1905/405/1612 1893/392/1612
f 1895/394/1613 1907/407/1613 1906/406/1613 1894/393/1613
f 1896/395/1614 1908/408/1614 1907/407/1614 1895/394/1614
f 1897/396/1615 1909/409/1615 1908/408/1615 1896/395/1615
f 1898/397/1616 1910/410/1616 1909/409/1616 1897/396/1616
f 1899/398/1617 1911/411/1617 1910/410/1617 1898/397/1617
f 1900/387/1618 1912/400/1618 1911/411/1618 1899/398/1618
f 1901/399/1619 1913/412/1619 1924/413/1619 1912/400/1619
f 1902/401/1620 1914/414/1620 1913/415/1620 1901/402/1620
f 1903/403/1621 1915/416/1621 1914/414/1621 1902/401/1621
f 1904/404/1622 1916/417/1622 1915/416/1622 1903/403/1622
f 1905/405/1623 1917/418/1623 1916/417/1623 1904/404/1623
f 1906/406/1624 1918/419/1624 1917/418/1624 1905/405/1624
f 1907/407/1625 1919/420/1625 1918/419/1625 1906/406/1625
f 1908/408/1626 1920/421/1626 1919/420/1626 1907/407/1626
f 1909/409/1627 1921/422/1627 1920/421/1627 1908/408/1627
f 1910/410/1628 1922/423/1628 1921/422/1628 1909/409/1628
f 1911/411/1629 1923/424/1629 1922/423/1629 1910/410/1629
f 1912/400/1630 1924/413/1630 1923/424/1630 1911/411/1630
f 1913/412/1631 1925/425/1631 1936/426/1631 1924/413/1631
f 1914/414/1632 1926/427/1632 1925/428/1632 1913/415/1632
f 1915/416/1633 1927/429/1633 1926/427/1633 1914/414/1633
f 1916/417/1634 1928/430/1634 1927/429/1634 1915/416/1634
f 1917/418/1635 1929/431/1635 1928/430/1635 1916/417/1635
f 1918/419/1636 1930/432/1636 1929/431/1636 1917/418/1636
f 1919/420/1637 1931/433/1637 1930/432/1637 1918/419/1637
f 1920/421/1638 1932/434/1638 1931/433/1638 1919/420/1638
f 1921/422/1639 1933/435/1639 1932/434/1639 1920/421/1639
f 1922/423/1640 1934/436/1640 1933/435/1640 1921/422/1640
f 1923/424/1641 1935/437/1641 1934/436/1641 1922/423/1641
f 1924/413/1642 1936/426/1642 1935/437/1642 1923/424/1642
f 1925/425/1643 1937/438/1643 1948/439/1643 1936/426/1643
f 1926/427/1644 1938/440/1644 1937/441/1644 1925/428/1644
f 1927/429/1645 1939/442/1645 1938/440/1645 1926/427/1645
f 1928/430/1646 1940/443/1646 1939/442/1646 1927/429/1646
f 1929/431/1647 1941/444/1647 1940/443/1647 1928/430/1647
f 1930/432/1648 1942/445/1648 1941/444/1648 1929/431/1648
f 1931/433/1649 1943/102/1649 1942/445/1649 1930/432/1649
f 1932/434/1650 1944/446/1650 1943/102/1650 1931/433/1650
f 1933/435/1651 1945/447/1651 1944/446/1651 1932/434/1651
f 1934/436/1652 1946/448/1652 1945/447/1652 1933/435/1652
f 1935/437/1653 1947/449/1653 1946/448/1653 1934/436/1653
f 1936/426/1654 1948/439/1654 1947/449/1654 1935/437/1654
f 1949/310/1655 1961/311/1655 1972/312/1655 1960/313/1655
f 1950/314/1656 1962/315/1656 1961/316/1656 1949/33/1656
f 1951/317/1657 1963/318/1657 1962/315/1657 1950/314/1657
f 1952/319/1658 1964/320/1658 1963/318/1658 1951/317/1658
f 1953/321/1659 1965/322/1659 1964/320/1659 1952/319/1659
f 1954/323/1660 1966/324/1660 1965/322/1660 1953/321/1660
f 1955/88/1661 1967/325/1661 1966/324/1661 1954/323/1661
f 1956/326/1662 1968/327/1662 1967/325/1662 1955/88/1662
f 1957/328/1663 1969/329/1663 1968/327/1663 1956/326/1663
f 1958/330/1664 1970/331/1664 1969/329/1664 1957/328/1664
f 1959/332/1665 1971/333/1665 1970/331/1665 1958/330/1665
f 1960/313/1666 1972/312/1666 1971/333/1666 1959/332/1666
f 1961/311/1667 1973/334/1667 1984/335/1667 1972/312/1667
f 1962/315/1668 1974/336/1668 1973/337/1668 1961/316/1668
f 1963/318/1669 1975/338/1669 1974/336/1669 1962/315/1669
f 1964/320/1670 1976/339/1670 1975/338/1670 1963/318/1670
f 1965/322/1671 1977/340/1671 1976/339/1671 1964/320/1671
f 1966/324/1672 1978/341/1672 1977/340/1672 1965/322/1672
f 1967/325/1673 1979/342/1673 1978/341/1673 1966/324/1673
f 1968/327/1674 1980/343/1674 1979/342/1674 1967/325/1674
f 1969/329/1675 1981/344/1675 1980/343/1675 1968/327/1675
f 1970/331/1676 1982/345/1676 1981/344/1676 1969/329/1676
f 1971/333/1677 1983/346/1677 1982/345/1677 1970/331/1677
f 1972/312/1678 1984/335/1678 1983/346/1678 1971/333/1678
f 1973/334/1679 1985/347/1679 1996/348/1679 1984/335/1679
f 1974/336/1680 1986/349/1680 1985/350/1680 1973/337/1680
f 1975/338/1681 1987/351/1681 1986/349/1681 1974/336/1681
f 1976/339/1682 1988/352/1682 1987/351/1682 1975/338/1682
f 1977/340/1683 1989/353/1683 1988/352/1683 1976/339/1683
f 1978/341/1684 1990/354/1684 1989/353/1684 1977/340/1684
f 1979/342/1685 1991/355/1685 1990/354/1685 1978/341/1685
f 1980/343/1686 1992/356/1686 1991/355/1686 1979/342/1686
f 1981/344/1687 1993/357/1687 1992/356/1687 1980/343/1687
f 1982/345/1688 1994/358/1688 1993/357/1688 1981/344/1688
f 1983/346/1689 1995/359/1689 1994/358/1689 1982/345/1689
f 1984/335/1690 1996/348/1690 1995/359/1690 1983/346/1690
f 1985/347/1691 1997/360/1691 2008/361/1691 1996/348/1691
f 1986/349/1692 1998/362/1692 1997/363/1692 1985/350/1692
f 1987/351/1693 1999/364/1693 1998/362/1693 1986/349/1693
f 1988/352/1694 2000/365/1694 1999/364/1694 1987/351/1694
f 1989/353/1695 2001/366/1695 2000/365/1695 1988/352/1695
f 1990/354/1696 2002/367/1696 2001/366/1696 1989/353/1696
f 1991/355/1697 2003/368/1697 2002/367/1697 1990/354/1697
f 1992/356/1698 2004/369/1698 2003/368/1698 1991/355/1698
f 1993/357/1699 2005/370/1699 2004/369/1699 1992/356/1699
f 1994/358/1700 2006/371/1700 2005/370/1700 1993/357/1700
f 1995/359/1701 2007/372/1701 2006/371/1701 1994/358/1701
f 1996/348/1702 2008/361/1702 2007/372/1702 1995/359/1702
f 1997/360/1703 2009/373/1703 2020/374/1703 2008/361/1703
f 1998/362/1704 2010/375/1704 2009/376/1704 1997/363/1704
f 1999/364/1705 2011/377/1705 2010/375/1705 1998/362/1705
f 2000/365/1706 2012/378/1706 2011/377/1706 1999/364/1706
f 2001/366/1707 2013/379/1707 2012/378/1707 2000/365/1707
f 2002/367/1708 2014/380/1708 2013/379/1708 2001/366/1708
f 2003/368/1709 2015/381/1709 2014/380/1709 2002/367/1709
f 2004/369/1710 2016/382/1710 2015/381/1710 2003/368/1710
f 2005/370/1711 2017/383/1711 2016/382/1711 2004/369/1711
f 2006/371/1712 2018/384/1712 2017/383/1712 2005/370/1712
f 2007/372/1713 2019/385/1713 2018/384/1713 2006/371/1713
f 2008/361/1714 2020/374/1714 2019/385/1714 2007/372/1714
f 2009/373/1715 2021/386/1715 2032/387/1715 2020/374/1715
f 2010/375/1716 2022/388/1716 2021/389/1716 2009/376/1716
f 2011/377/1717 2023/390/1717 2022/388/1717 2010/375/1717
f 2012/378/1718 2024/391/1718 2023/390/1718 2011/377/1718
f 2013/379/1719 2025/392/1719 2024/391/1719 2012/378/1719
f 2014/380/1720 2026/393/1720 2025/392/1720 2013/379/1720
f 2015/381/1721 2027/394/1721 2026/393/1721 2014/380/1721
f 2016/382/1722 2028/395/1722 2027/394/1722 2015/381/1722
f 2017/383/1723 2029/396/1723 2028/395/1723 2016/382/1723
f 2018/384/1724 2030/397/1724 2029/396/1724 2017/383/1724
f 2019/385/1725 2031/398/1725 2030/397/1725 2018/384/1725
f 2020/374/1726 2032/387/1726 2031/398/1726 2019/385/1726
f 2021/386/1727 2033/399/1727 2044/400/1727 2032/387/1727
f 2022/388/1728 2034/401/1728 2033/402/1728 2021/389/1728
f 2023/390/1729 2035/403/1729 2034/401/1729 2022/388/1729
f 2024/391/1730 2036/404/1730 2035/403/1730 2023/390/1730
f 2025/392/1731 2037/405/1731 2036/404/1731 2024/391/1731
f 2026/393/1732 2038/406/1732 2037/405/1732 2025/392/1732
f 2027/394/1733 2039/407/1733 2038/406/1733 2026/393/1733
f 2028/395/1734 2040/408/1734 2039/407/1734 2027/394/1734
f 2029/396/1735 2041/409/1735 2040/408/1735 2028/395/1735
f 2030/397/1736 2042/410/1736 2041/409/1736 2029/396/1736
f 2031/398/1737 2043/411/1737 2042/410/1737 2030/397/1737
f 2032/387/1738 2044/400/1738 2043/411/1738 2031/398/1738
f 2033/399/1739 2045/412/1739 2056/413/1739 2044/400/1739
f 2034/401/1740 2046/414/1740 2045/415/1740 2033/402/1740
f 2035/403/1741 2047/416/1741 2046/414/1741 2034/401/1741
f 2036/404/1742 2048/417/1742 2047/416/1742 2035/403/1742
f 2037/405/1743 2049/418/1743 2048/417/1743 2036/404/1743
f 2038/406/1744 2050/419/1744 2049/418/1744 2037/405/1744
f 2039/407/1745 2051/420/1745 2050/419/1745 2038/406/1745
f 2040/408/1746 2052/421/1746 2051/420/1746 2039/407/1746
f 2041/409/1747 2053/422/1747 2052/421/1747 2040/408/1747
f 2042/410/1748 2054/423/1748 2053/422/1748 2041/409/1748
f 2043/411/1749 2055/424/1749 2054/423/1749 2042/410/1749
f 2044/400/1750 2056/413/1750 2055/424/1750 2043/411/1750
f 2045/412/1751 2057/425/1751 2068/426/1751 2056/413/1751
f 2046/414/1752 2058/427/1752 2057/428/1752 2045/415/1752
f 2047/416/1753 2059/429/1753 2058/427/1753 2046/414/1753
f 2048/417/1754 2060/430/1754 2059/429/1754 2047/416/1754
f 2049/418/1755 2061/431/1755 2060/430/1755 2048/417/1755
f 2050/419/1756 2062/432/1756 2061/431/1756 2049/418/1756
f 2051/420/1757 2063/433/1757 2062/432/1757 2050/419/1757
f 2052/421/1758 2064/434/1758 2063/433/1758 2051/420/1758
f 2053/422/1759 2065/435/1759 2064/434/1759 2052/421/1759
f 2054/423/1760 2066/436/1760 2065/435/1760 2053/422/1760
f 2055/424/1761 2067/437/1761 2066/436/1761 2054/423/1761
f 2056/413/1762 2068/426/1762 2067/437/1762 2055/424/1762
f 2057/425/1763 2069/438/1763 2080/439/1763 2068/426/1763
f 2058/427/1764 2070/440/1764 2069/441/1764 2057/428/1764
f 2059/429/1765 2071/442/1765 2070/440/1765 2058/427/1765
f 2060/430/1766 2072/443/1766 2071/442/1766 2059/429/1766
f 2061/431/1767 2073/444/1767 2072/443/1767 2060/430/1767
f 2062/432/1768 2074/445/1768 2073/444/1768 2061/431/1768
f 2063/433/1769 2075/102/1769 2074/445/1769 2062/432/1769
f 2064/434/1770 2076/446/1770 2075/102/1770 2063/433/1770
f 2065/435/1771 2077/447/1771 2076/446/1771 2064/434/1771
f 2066/436/1772 2078/448/1772 2077/447/1772 2065/435/1772
f 2067/437/1773 2079/449/1773 2078/448/1773 2066/436/1773
f 2068/426/1774 2080/439/1774 2079/449/1774 2067/437/1774
f 2081/310/1775 2092/313/1775 2104/312/1775 2093/311/1775
f 2082/314/1776 2081/33/1776 2093/316/1776 2094/315/1776
f 2083/317/1777 2082/314/1777 2094/315/1777 2095/318/1777
f 2084/319/1778 2083/317/1778 2095/318/1778 2096/320/1778
f 2085/321/1779 2084/319/1779 2096/320/1779 2097/322/1779
f 2086/323/1780 2085/321/1780 2097/322/1780 2098/324/1780
f 2087/88/1781 2086/323/1781 2098/324/1781 2099/325/1781
f 2088/326/1782 2087/88/1782 2099/325/1782 2100/327/1782
f 2089/328/1783 2088/326/1783 2100/327/1783 2101/329/1783
f 2090/330/1784 2089/328/1784 2101/329/1784 2102/331/1784
f 2091/332/1785 2090/330/1785 2102/331/1785 2103/333/1785
f 2092/313/1786 2091/332/1786 2103/333/1786 2104/312/1786
f 2093/311/1787 2104/312/1787 2116/335/1787 2105/334/1787
f 2094/315/1788 2093/316/1788 2105/337/1788 2106/336/1788
f 2095/318/1789 2094/315/1789 2106/336/1789 2107/338/1789
f 2096/320/1790 2095/318/1790 2107/338/1790 2108/339/1790
f 2097/322/1791 2096/320/1791 2108/339/1791 2109/340/1791
f 2098/324/1792 2097/322/1792 2109/340/1792 2110/341/1792
f 2099/325/1793 2098/324/1793 2110/341/1793 2111/342/1793
f 2100/327/1794 2099/325/1794 2111/342/1794 2112/343/1794
f 2101/329/1795 2100/327/1795 2112/343/1795 2113/344/1795
f 2102/331/1796 2101/329/1796 2113/344/1796 2114/345/1796
f 2103/333/1797 2102/331/1797 2114/345/1797 2115/346/1797
f 2104/312/1798 2103/333/1798 2115/346/1798 2116/335/1798
f 2105/334/1799 2116/335/1799 2128/348/1799 2117/347/1799
f 2106/336/1800 2105/337/1800 2117/350/1800 2118/349/1800
f 2107/338/1801 2106/336/1801 2118/349/1801 2119/351/1801
f 2108/339/1802 2107/338/1802 2119/351/1802 2120/352/1802
f 2109/340/1803 2108/339/1803 2120/352/1803 2121/353/1803
f 2110/341/1804 2109/340/1804 2121/353/1804 2122/354/1804
f 2111/342/1805 2110/341/1805 2122/354/1805 2123/355/1805
f 2112/343/1806 2111/342/1806 2123/355/1806 2124/356/1806
f 2113/344/1807 2112/343/1807 2124/356/1807 2125/357/1807
f 2114/345/1808 2113/344/1808 2125/357/1808 2126/358/1808
f 2115/346/1809 2114/345/1809 2126/358/1809 2127/359/1809
f 2116/335/1810 2115/346/1810 2127/359/1810 2128/348/1810
f 2117/347/1811 2128/348/1811 2140/361/1811 2129/360/1811
f 2118/349/1812 2117/350/1812 2129/363/1812 2130/362/1812
f 2119/351/1813 2118/349/1813 2130/362/1813 2131/364/1813
f 2120/352/1814 2119/351/1814 2131/364/1814 2132/365/1814
f 2121/353/1815 2120/352/1815 2132/365/1815 2133/366/1815
f 2122/354/1816 2121/353/1816 2133/366/1816 2134/367/1816
f 2123/355/1817 2122/354/1817 2134/367/1817 2135/368/1817
f 2124/356/1818 2123/355/1818 2135/368/1818 2136/369/1818
f 2125/357/1819 2124/356/1819 2136/369/1819 2137/370/1819
f 2126/358/1820 2125/357/1820 2137/370/1820 2138/371/1820
f 2127/359/1821 2126/358/1821 2138/371/1821 2139/372/1821
f 2128/348/1822 2127/359/1822 2139/372/1822 2140/361/1822
f 2129/360/1823 2140/361/1823 2152/374/1823 2141/373/1823
f 2130/362/1824 2129/363/1824 2141/376/1824 2142/375/1824
f 2131/364/1825 2130/362/1825 2142/375/1825 2143/377/1825
f 2132/365/1826 2131/364/1826 2143/377/1826 2144/378/1826
f 2133/366/1827 2132/365/1827 2144/378/1827 2145/379/1827
f 2134/367/1828 2133/366/1828 2145/379/1828 2146/380/1828
f 2135/368/1829 2134/367/1829 2146/380/1829 2147/381/1829
f 2136/369/1830 2135/368/1830 2147/381/1830 2148/382/1830
f 2137/370/1831 2136/369/1831 2148/382/1831 2149/383/1831
f 2138/371/1832 2137/370/1832 2149/383/1832 2150/384/1832
f 2139/372/1833 2138/371/1833 2150/384/1833 2151/385/1833
f 2140/361/1834 2139/372/1834 2151/385/1834 2152/374/1834
f 2141/373/1835 2152/374/1835 2164/387/1835 2153/386/1835
f 2142/375/1836 2141/376/1836 2153/389/1836 2154/388/1836
f 2143/377/1837 2142/375/1837 2154/388/1837 2155/390/1837
f 2144/378/1838 2143/377/1838 2155/390/1838 2156/391/1838
f 2145/379/1839 2144/378/1839 2156/391/1839 2157/392/1839
f 2146/380/1840 2145/379/1840 2157/392/1840 2158/393/1840
f 2147/381/1841 2146/380/1841 2158/393/1841 2159/394/1841
f 2148/382/1842 2147/381/1842 2159/394/1842 2160/395/1842
f 2149/383/1843 2148/382/1843 2160/395/1843 2161/396/1843
f 2150/384/1844 2149/383/1844 2161/396/1844 2162/397/1844
f 2151/385/1845 2150/384/1845 2162/397/1845 2163/398/1845
f 2152/374/1846 2151/385/1846 2163/398/1846 2164/387/1846
f 2153/386/1847 2164/387/1847 2176/400/1847 2165/399/1847
f 2154/388/1848 2153/389/1848 2165/402/1848 2166/401/1848
f 2155/390/1849 2154/388/1849 2166/401/1849 2167/403/1849
f 2156/391/1850 2155/390/1850 2167/403/1850 2168/404/1850
f 2157/392/1851 2156/391/1851 2168/404/1851 2169/405/1851
f 2158/393/1852 2157/392/1852 2169/405/1852 2170/406/1852
f 2159/394/1853 2158/393/1853 2170/406/1853 2171/407/1853
f 2160/395/1854 2159/394/1854 2171/407/1854 2172/408/1854
f 2161/396/1855 2160/395/1855 2172/408/1855 2173/409/1855
f 2162/397/1856 2161/396/1856 2173/409/1856 2174/410/1856
f 2163/398/1857 2162/397/1857 2174/410/1857 2175/411/1857
f 2164/387/1858 2163/398/1858 2175/411/1858 2176/400/1858
f 2165/399/1859 2176/400/1859 2188/413/1859 2177/412/1859
f 2166/401/1860 2165/402/1860 2177/415/1860 2178/414/1860
f 2167/403/1861 2166/401/1861 2178/414/1861 2179/416/1861
f 2168/404/1862 2167/403/1862 2179/416/1862 2180/417/1862
f 2169/405/1863 2168/404/1863 2180/417/1863 2181/418/1863
f 2170/406/1864 2169/405/1864 2181/418/1864 2182/419/1864
f 2171/407/1865 2170/406/1865 2182/419/1865 2183/420/1865
f 2172/408/1866 2171/407/1866 2183/420/1866 2184/421/1866
f 2173/409/1867 2172/408/1867 2184/421/1867 2185/422/1867
f 2174/410/1868 2173/409/1868 2185/422/1868 2186/423/1868
f 2175/411/1869 2174/410/1869 2186/423/1869 2187/424/1869
f 2176/400/1870 2175/411/1870 2187/424/1870 2188/413/1870
f 2177/412/1871 2188/413/1871 2200/426/1871 2189/425/1871
f 2178/414/1872 2177/415/1872 2189/428/1872 2190/427/1872
f 2179/416/1873 2178/414/1873 2190/427/1873 2191/429/1873
f 2180/417/1874 2179/416/1874 2191/429/1874 2192/430/1874
f 2181/418/1875 2180/417/1875 2192/430/1875 2193/431/1875
f 2182/419/1876 2181/418/1876 2193/431/1876 2194/432/1876
f 2183/420/1877 2182/419/1877 2194/432/1877 2195/433/1877
f 2184/421/1878 2183/420/1878 2195/433/1878 2196/434/1878
f 2185/422/1879 2184/421/1879 2196/434/1879 2197/435/1879
f 2186/423/1880 2185/422/1880 2197/435/1880 2198/436/1880
f 2187/424/1881 2186/423/1881 2198/436/1881 2199/437/1881
f 2188/413/1882 2187/424/1882 2199/437/1882 2200/426/1882
f 2189/425/1883 2200/426/1883 2212/439/1883 2201/438/1883
f 2190/427/1884 2189/428/1884 2201/441/1884 2202/440/1884
f 2191/429/1885 2190/427/1885 2202/440/1885 2203/442/1885
f 2192/430/1886 2191/429/1886 2203/442/1886 2204/443/1886
f 2193/431/1887 2192/430/1887 2204/443/1887 2205/444/1887
f 2194/432/1888 2193/431/1888 2205/444/1888 2206/445/1888
f 2195/433/1889 2194/432/1889 2206/445/1889 2207/102/1889
f 2196/434/1890 2195/433/1890 2207/102/1890 2208/446/1890
f 2197/435/1891 2196/434/1891 2208/446/1891 2209/447/1891
f 2198/436/1892 2197/435/1892 2209/447/1892 2210/448/1892
f 2199/437/1893 2198/436/1893 2210/448/1893 2211/449/1893
f 2200/426/1894 2199/437/1894 2211/449/1894 2212/439/1894
f 1686/314/1895 1950/314/1895 1949/33/1895 1685/33/1895
f 1688/319/1896 1952/319/1896 1951/317/1896 1687/317/1896
f 1690/323/1897 1954/323/1897 1953/321/1897 1689/321/1897
f 1692/326/1898 1956/326/1898 1955/88/1898 1691/88/1898
f 1694/330/1899 1958/330/1899 1957/328/1899 1693/328/1899
f 1685/310/1900 1949/310/1900 1960/313/1900 1696/313/1900
f 1805/441/1901 2069/441/1901 2070/440/1901 1806/440/1901
f 1807/442/1902 2071/442/1902 2072/443/1902 1808/443/1902
f 1811/102/1903 2075/102/1903 2076/446/1903 1812/446/1903
f 1813/447/1904 2077/447/1904 2078/448/1904 1814/448/1904
f 1816/439/1905 2080/439/1905 2069/438/1905 1805/438/1905
f 1696/313/1906 1960/313/1906 1959/332/1906 1695/332/1906
f 1815/449/1907 2079/449/1907 2080/439/1907 1816/439/1907
f 1687/317/1908 1951/317/1908 1950/314/1908 1686/314/1908
f 1689/321/1909 1953/321/1909 1952/319/1909 1688/319/1909
f 1691/88/1910 1955/88/1910 1954/323/1910 1690/323/1910
f 1693/328/1911 1957/328/1911 1956/326/1911 1692/326/1911
f 1695/332/1912 1959/332/1912 1958/330/1912 1694/330/1912
f 1806/440/1913 2070/440/1913 2071/442/1913 1807/442/1913
f 1808/443/1914 2072/443/1914 2073/444/1914 1809/444/1914
f 1810/445/1915 2074/445/1915 2075/102/1915 1811/102/1915
f 1812/446/1916 2076/446/1916 2077/447/1916 1813/447/1916
f 1814/448/1917 2078/448/1917 2079/449/1917 1815/449/1917
f 1809/444/1918 2073/444/1918 2074/445/1918 1810/445/1918
f 1817/33/1919 2081/33/1919 2082/314/1919 1818/314/1919
f 1819/317/1920 2083/317/1920 2084/319/1920 1820/319/1920
f 1821/321/1921 2085/321/1921 2086/323/1921 1822/323/1921
f 1823/88/1922 2087/88/1922 2088/326/1922 1824/326/1922
f 1825/328/1923 2089/328/1923 2090/330/1923 1826/330/1923
f 1828/313/1924 2092/313/1924 2081/310/1924 1817/310/1924
f 1938/440/1925 2202/440/1925 2201/441/1925 1937/441/1925
f 1940/443/1926 2204/443/1926 2203/442/1926 1939/442/1926
f 1944/446/1927 2208/446/1927 2207/102/1927 1943/102/1927
f 1946/448/1928 2210/448/1928 2209/447/1928 1945/447/1928
f 1937/438/1929 2201/438/1929 2212/439/1929 1948/439/1929
f 1827/332/1930 2091/332/1930 2092/313/1930 1828/313/1930
f 1948/439/1931 2212/439/1931 2211/449/1931 1947/449/1931
f 1818/314/1932 2082/314/1932 2083/317/1932 1819/317/1932
f 1820/319/1933 2084/319/1933 2085/321/1933 1821/321/1933
f 1822/323/1934 2086/323/1934 2087/88/1934 1823/88/1934
f 1824/326/1935 2088/326/1935 2089/328/1935 1825/328/1935
f 1826/330/1936 2090/330/1936 2091/332/1936 1827/332/1936
f 1939/442/1937 2203/442/1937 2202/440/1937 1938/440/1937
f 1941/444/1938 2205/444/1938 2204/443/1938 1940/443/1938
f 1943/102/1939 2207/102/1939 2206/445/1939 1942/445/1939
f 1945/447/1940 2209/447/1940 2208/446/1940 1944/446/1940
f 1947/449/1941 2211/449/1941 2210/448/1941 1946/448/1941
f 1942/445/1942 2206/445/1942 2205/444/1942 1941/444/1942
f 2214/33/1943 2213/33/1943 2215/33/1943 2216/33/1943 2220/33/1943 2218/33/1943 2219/33/1943 2217/33/1943
f 2222/33/1944 2225/33/1944 2227/33/1944 2226/33/1944 2228/33/1944 2224/33/1944 2223/33/1944 2221/33/1944
f 2216/33/1945 2215/33/1945 2223/33/1945 2224/33/1945
f 2213/33/1946 2214/33/1946 2222/33/1946 2221/33/1946
f 2217/33/1947 2219/33/1947 2227/33/1947 2225/33/1947
f 2218/33/1948 2220/33/1948 2228/33/1948 2226/33/1948
f 2214/33/1949 2217/33/1949 2225/33/1949 2222/33/1949
f 2215/33/1950 2213/33/1950 2221/33/1950 2223/33/1950
f 2220/33/1951 2216/33/1951 2224/33/1951 2228/33/1951
f 2219/33/1952 2218/33/1952 2226/33/1952 2227/33/1952
f 2312/33/1953 2246/33/1953 2245/33/1953 2309/33/1953
f 2537/33/1954 2545/33/1954 2257/33/1954 2319/33/1954
f 2309/33/1955 2245/33/1955 2260/33/1955 2310/33/1955
f 2313/33/1956 2254/33/1956 2253/33/1956 2311/33/1956
f 2314/33/1957 2247/33/1957 2246/33/1957 2312/33/1957
f 2315/33/1958 2255/33/1958 2254/33/1958 2313/33/1958
f 2585/33/1954 2527/33/1954 2544/33/1954 2571/33/1954
f 2317/33/1959 2256/33/1959 2255/33/1959 2315/33/1959
f 2319/33/1960 2257/33/1960 2256/33/1960 2317/33/1960
f 2318/33/1961 2249/33/1961 2248/33/1961 2316/33/1961
f 2320/33/1962 2250/33/1962 2249/33/1962 2318/33/1962
f 2316/33/1963 2248/33/1963 2247/33/1963 2314/33/1963
f 2322/33/1964 2251/33/1964 2250/33/1964 2320/33/1964
f 2323/33/1965 2259/33/1965 2258/33/1965 2321/33/1965
f 2324/33/1966 2252/33/1966 2251/33/1966 2322/33/1966
f 2234/33/11 2385/33/11 2359/33/11 2233/33/11
f 2269/33/8 2396/33/8 2378/33/8 2271/33/8
f 2270/33/8 2347/33/8 2397/33/8 2272/33/8
f 2233/33/11 2359/33/11 2381/33/11 2232/33/11
f 2430/33/11 2433/33/11 2382/33/11 2231/33/11
f 2535/33/8 2533/33/8 2398/33/8 2273/33/8
f 2229/33/11 2358/33/11 2392/33/11 2244/33/11
f 2231/33/11 2382/33/11 2383/33/11 2230/33/11
f 2272/33/8 2397/33/8 2402/33/8 2274/33/8
f 2244/33/11 2392/33/11 2390/33/11 2243/33/11
f 2230/33/11 2383/33/11 2358/33/11 2229/33/11
f 2422/33/8 2426/33/8 2401/33/8 2275/33/8
f 2421/33/11 2425/33/11 2391/33/11 2242/33/11
f 2274/33/8 2402/33/8 2399/33/8 2276/33/8
f 2536/33/11 2534/33/11 2365/33/11 2241/33/11
f 2261/33/8 2380/33/8 2393/33/8 2262/33/8
f 2264/33/1967 2279/33/1967 2292/33/1967 2276/33/1967
f 2263/33/1968 2278/33/1968 2291/33/1968 2275/33/1968
f 2276/33/1966 2292/33/1966 2290/33/1966 2274/33/1966
f 2422/33/1965 2423/33/1965 2289/33/1965 2273/33/1965
f 2274/33/1964 2290/33/1964 2288/33/1964 2272/33/1964
f 2535/33/1954 2539/33/1954 2287/33/1954 2271/33/1954
f 2272/33/1962 2288/33/1962 2286/33/1962 2270/33/1962
f 2271/33/1960 2287/33/1960 2285/33/1960 2269/33/1960
f 2270/33/1961 2286/33/1961 2284/33/1961 2268/33/1961
f 2269/33/1959 2285/33/1959 2283/33/1959 2267/33/1959
f 2431/33/1963 2432/33/1963 2282/33/1963 2266/33/1963
f 2267/33/1958 2283/33/1958 2281/33/1958 2265/33/1958
f 2266/33/1957 2282/33/1957 2280/33/1957 2262/33/1957
f 2265/33/1956 2281/33/1956 2279/33/1956 2264/33/1956
f 2261/33/1955 2277/33/1955 2278/33/1955 2263/33/1955
f 2262/33/1953 2280/33/1953 2277/33/1953 2261/33/1953
f 2454/33/1967 2295/33/1967 2308/33/1967 2451/33/1967
f 2453/33/1968 2294/33/1968 2307/33/1968 2450/33/1968
f 2451/33/1966 2308/33/1966 2306/33/1966 2449/33/1966
f 2455/33/1965 2424/33/1965 2305/33/1965 2448/33/1965
f 2449/33/1964 2306/33/1964 2304/33/1964 2447/33/1964
f 2541/33/1954 2538/33/1954 2303/33/1954 2446/33/1954
f 2447/33/1962 2304/33/1962 2302/33/1962 2445/33/1962
f 2446/33/1960 2303/33/1960 2301/33/1960 2444/33/1960
f 2445/33/1961 2302/33/1961 2300/33/1961 2443/33/1961
f 2444/33/1959 2301/33/1959 2299/33/1959 2442/33/1959
f 2456/33/1963 2434/33/1963 2298/33/1963 2441/33/1963
f 2442/33/1958 2299/33/1958 2297/33/1958 2440/33/1958
f 2441/33/1957 2298/33/1957 2296/33/1957 2439/33/1957
f 2440/33/1956 2297/33/1956 2295/33/1956 2454/33/1956
f 2452/33/1955 2293/33/1955 2294/33/1955 2453/33/1955
f 2439/33/1953 2296/33/1953 2293/33/1953 2452/33/1953
f 2295/33/1967 2311/33/1967 2324/33/1967 2308/33/1967
f 2427/33/1969 2428/33/1969 2374/33/1969 2367/33/1969
f 2308/33/1966 2324/33/1966 2322/33/1966 2306/33/1966
f 2306/33/1964 2322/33/1964 2320/33/1964 2304/33/1964
f 2538/33/1954 2537/33/1954 2319/33/1954 2303/33/1954
f 2304/33/1962 2320/33/1962 2318/33/1962 2302/33/1962
f 2303/33/1960 2319/33/1960 2317/33/1960 2301/33/1960
f 2302/33/1961 2318/33/1961 2316/33/1961 2300/33/1961
f 2301/33/1959 2317/33/1959 2315/33/1959 2299/33/1959
f 2299/33/1958 2315/33/1958 2313/33/1958 2297/33/1958
f 2363/33/1970 2375/33/1970 2351/33/1970 2331/33/1970
f 2297/33/1956 2313/33/1956 2311/33/1956 2295/33/1956
f 2368/33/1971 2376/33/1971 2352/33/1971 2339/33/1971
f 2333/33/1967 2377/33/1967 2353/33/1967 2332/33/1967
f 2331/33/1972 2351/33/1972 2373/33/1972 2361/33/1972
f 2532/33/1954 2531/33/1954 2348/33/1954 2337/33/1954
f 2330/33/1962 2349/33/1962 2379/33/1962 2329/33/1962
f 2337/33/1960 2348/33/1960 2346/33/1960 2336/33/1960
f 2329/33/1961 2379/33/1961 2345/33/1961 2328/33/1961
f 2366/33/1973 2372/33/1973 2403/33/1973 2335/33/1973
f 2436/33/1974 2437/33/1974 2404/33/1974 2327/33/1974
f 2335/33/1975 2403/33/1975 2370/33/1975 2364/33/1975
f 2327/33/1976 2404/33/1976 2369/33/1976 2357/33/1976
f 2334/33/1956 2342/33/1956 2377/33/1956 2333/33/1956
f 2326/33/1955 2354/33/1955 2355/33/1955 2340/33/1955
f 2325/33/1953 2341/33/1953 2354/33/1953 2326/33/1953
f 2268/33/8 2395/33/8 2347/33/8 2270/33/8
f 2235/33/11 2384/33/11 2385/33/11 2234/33/11
f 2267/33/8 2344/33/8 2396/33/8 2269/33/8
f 2236/33/11 2386/33/11 2384/33/11 2235/33/11
f 2431/33/8 2435/33/8 2395/33/8 2268/33/8
f 2237/33/11 2362/33/11 2386/33/11 2236/33/11
f 2265/33/8 2394/33/8 2344/33/8 2267/33/8
f 2238/33/11 2388/33/11 2362/33/11 2237/33/11
f 2262/33/8 2393/33/8 2343/33/8 2266/33/8
f 2239/33/11 2387/33/11 2388/33/11 2238/33/11
f 2264/33/8 2356/33/8 2394/33/8 2265/33/8
f 2240/33/11 2389/33/11 2387/33/11 2239/33/11
f 2276/33/8 2399/33/8 2356/33/8 2264/33/8
f 2263/33/8 2400/33/8 2380/33/8 2261/33/8
f 2241/33/11 2365/33/11 2389/33/11 2240/33/11
f 2275/33/8 2401/33/8 2400/33/8 2263/33/8
f 2326/33/1977 2358/33/1977 2383/33/1977 2325/33/1977
f 2328/33/1978 2381/33/1978 2359/33/1978 2329/33/1978
f 2329/33/1979 2359/33/1979 2385/33/1979 2330/33/1979
f 2332/33/1980 2386/33/1980 2362/33/1980 2333/33/1980
f 2333/33/1981 2362/33/1981 2388/33/1981 2334/33/1981
f 2336/33/1982 2389/33/1982 2365/33/1982 2337/33/1982
f 2532/33/1983 2534/33/1983 2391/33/1983 2338/33/1983
f 2340/33/1984 2392/33/1984 2358/33/1984 2326/33/1984
f 2325/33/1985 2383/33/1985 2393/33/1985 2341/33/1985
f 2334/33/1986 2388/33/1986 2394/33/1986 2342/33/1986
f 2345/33/1987 2395/33/1987 2381/33/1987 2328/33/1987
f 2346/33/1988 2396/33/1988 2389/33/1988 2336/33/1988
f 2330/33/1989 2385/33/1989 2397/33/1989 2349/33/1989
f 2338/33/1990 2391/33/1990 2398/33/1990 2350/33/1990
f 2353/33/1991 2399/33/1991 2386/33/1991 2332/33/1991
f 2355/33/1992 2400/33/1992 2392/33/1992 2340/33/1992
f 2377/33/1993 2356/33/1993 2399/33/1993 2353/33/1993
f 2531/33/1994 2533/33/1994 2378/33/1994 2348/33/1994
f 2349/33/1995 2397/33/1995 2347/33/1995 2379/33/1995
f 2348/33/1996 2378/33/1996 2396/33/1996 2346/33/1996
f 2379/33/1997 2347/33/1997 2395/33/1997 2345/33/1997
f 2342/33/1998 2394/33/1998 2356/33/1998 2377/33/1998
f 2354/33/1999 2380/33/1999 2400/33/1999 2355/33/1999
f 2341/33/2000 2393/33/2000 2380/33/2000 2354/33/2000
f 2436/33/2001 2433/33/2001 2381/33/2001 2360/33/2001
f 2357/33/2002 2383/33/2002 2382/33/2002 2327/33/2002
f 2361/33/2003 2385/33/2003 2384/33/2003 2331/33/2003
f 2331/33/2004 2384/33/2004 2386/33/2004 2363/33/2004
f 2364/33/2005 2388/33/2005 2387/33/2005 2335/33/2005
f 2335/33/2006 2387/33/2006 2389/33/2006 2366/33/2006
f 2427/33/2007 2425/33/2007 2390/33/2007 2339/33/2007
f 2339/33/2008 2390/33/2008 2392/33/2008 2368/33/2008
f 2369/33/2009 2393/33/2009 2383/33/2009 2357/33/2009
f 2370/33/2010 2394/33/2010 2388/33/2010 2364/33/2010
f 2360/33/2011 2381/33/2011 2395/33/2011 2371/33/2011
f 2366/33/2012 2389/33/2012 2396/33/2012 2372/33/2012
f 2373/33/2013 2397/33/2013 2385/33/2013 2361/33/2013
f 2374/33/2014 2398/33/2014 2391/33/2014 2367/33/2014
f 2363/33/2015 2386/33/2015 2399/33/2015 2375/33/2015
f 2368/33/2016 2392/33/2016 2400/33/2016 2376/33/2016
f 2376/33/2017 2400/33/2017 2401/33/2017 2352/33/2017
f 2375/33/2018 2399/33/2018 2402/33/2018 2351/33/2018
f 2428/33/2019 2426/33/2019 2398/33/2019 2374/33/2019
f 2351/33/2020 2402/33/2020 2397/33/2020 2373/33/2020
f 2372/33/2021 2396/33/2021 2344/33/2021 2403/33/2021
f 2437/33/2022 2435/33/2022 2343/33/2022 2404/33/2022
f 2403/33/2023 2344/33/2023 2394/33/2023 2370/33/2023
f 2404/33/2024 2343/33/2024 2393/33/2024 2369/33/2024
f 2240/33/1961 2416/33/1961 2417/33/1961 2241/33/1961
f 2233/33/1954 2409/33/1954 2410/33/1954 2234/33/1954
f 2536/33/1962 2540/33/1962 2418/33/1962 2242/33/1962
f 2234/33/1965 2410/33/1965 2411/33/1965 2235/33/1965
f 2421/33/1964 2429/33/1964 2419/33/1964 2243/33/1964
f 2235/33/1968 2411/33/1968 2412/33/1968 2236/33/1968
f 2243/33/1966 2419/33/1966 2420/33/1966 2244/33/1966
f 2236/33/1955 2412/33/1955 2413/33/1955 2237/33/1955
f 2229/33/1956 2405/33/1956 2406/33/1956 2230/33/1956
f 2244/33/1967 2420/33/1967 2405/33/1967 2229/33/1967
f 2237/33/1953 2413/33/1953 2414/33/1953 2238/33/1953
f 2230/33/1958 2406/33/1958 2407/33/1958 2231/33/1958
f 2238/33/1957 2414/33/1957 2415/33/1957 2239/33/1957
f 2430/33/1959 2438/33/1959 2408/33/1959 2232/33/1959
f 2239/33/1963 2415/33/1963 2416/33/1963 2240/33/1963
f 2232/33/1960 2408/33/1960 2409/33/1960 2233/33/1960
f 2406/33/11 2405/33/11 2420/33/11 2419/33/11 2429/33/11 2418/33/11 2540/33/11 2417/33/11 2416/33/11 2415/33/11 2414/33/11 2413/33/11 2412/33/11 2411/33/11 2410/33/11 2409/33/11 2408/33/11 2438/33/11 2407/33/11
f 2242/33/1964 2418/33/1964 2429/33/1964 2421/33/1964
f 2352/33/2025 2401/33/2025 2426/33/2025 2428/33/2025
f 2367/33/2026 2391/33/2026 2425/33/2026 2427/33/2026
f 2339/33/1969 2352/33/1969 2428/33/1969 2427/33/1969
f 2450/33/1965 2307/33/1965 2424/33/1965 2455/33/1965
f 2275/33/1965 2291/33/1965 2423/33/1965 2422/33/1965
f 2243/33/11 2390/33/11 2425/33/11 2421/33/11
f 2273/33/8 2398/33/8 2426/33/8 2422/33/8
f 2231/33/1959 2407/33/1959 2438/33/1959 2430/33/1959
f 2371/33/2027 2395/33/2027 2435/33/2027 2437/33/2027
f 2327/33/2028 2382/33/2028 2433/33/2028 2436/33/2028
f 2266/33/8 2343/33/8 2435/33/8 2431/33/8
f 2360/33/1974 2371/33/1974 2437/33/1974 2436/33/1974
f 2443/33/1963 2300/33/1963 2434/33/1963 2456/33/1963
f 2268/33/1963 2284/33/1963 2432/33/1963 2431/33/1963
f 2232/33/11 2381/33/11 2433/33/11 2430/33/11
f 2321/33/1954 2258/33/1954 2545/33/1954 2537/33/1954
f 2423/33/8 2485/33/8 2476/33/8 2289/33/8
f 2447/33/11 2473/33/11 2477/33/11 2449/33/11
f 2277/33/8 2514/33/8 2513/33/8 2278/33/8
f 2279/33/8 2483/33/8 2482/33/8 2292/33/8
f 2541/33/11 2543/33/11 2524/33/11 2448/33/11
f 2281/33/8 2460/33/8 2483/33/8 2279/33/8
f 2445/33/11 2469/33/11 2473/33/11 2447/33/11
f 2282/33/8 2462/33/8 2512/33/8 2280/33/8
f 2444/33/11 2467/33/11 2471/33/11 2446/33/11
f 2283/33/8 2464/33/8 2460/33/8 2281/33/8
f 2443/33/11 2520/33/11 2469/33/11 2445/33/11
f 2284/33/8 2466/33/8 2486/33/8 2432/33/8
f 2442/33/11 2463/33/11 2467/33/11 2444/33/11
f 2285/33/8 2468/33/8 2464/33/8 2283/33/8
f 2441/33/11 2523/33/11 2519/33/11 2456/33/11
f 2286/33/8 2470/33/8 2466/33/8 2284/33/8
f 2440/33/11 2459/33/11 2463/33/11 2442/33/11
f 2287/33/8 2472/33/8 2468/33/8 2285/33/8
f 2497/33/2029 2465/33/2029 2492/33/2029 2530/33/2029
f 2504/33/2030 2479/33/2030 2521/33/2030 2529/33/2030
f 2493/33/1953 2457/33/1953 2517/33/1953 2506/33/1953
f 2506/33/1955 2517/33/1955 2489/33/1955 2507/33/1955
f 2494/33/1956 2459/33/1956 2490/33/1956 2508/33/1956
f 2525/33/1957 2523/33/1957 2518/33/1957 2511/33/1957
f 2496/33/1958 2463/33/1958 2459/33/1958 2494/33/1958
f 2530/33/2031 2492/33/2031 2461/33/2031 2495/33/2031
f 2498/33/1959 2467/33/1959 2463/33/1959 2496/33/1959
f 2499/33/1961 2469/33/1961 2520/33/1961 2526/33/1961
f 2500/33/1960 2471/33/1960 2467/33/1960 2498/33/1960
f 2501/33/1962 2473/33/1962 2469/33/1962 2499/33/1962
f 2544/33/1954 2543/33/1954 2471/33/1954 2500/33/1954
f 2503/33/1964 2477/33/1964 2473/33/1964 2501/33/1964
f 2529/33/2032 2521/33/2032 2475/33/2032 2502/33/2032
f 2505/33/1966 2481/33/1966 2477/33/1966 2503/33/1966
f 2515/33/1968 2516/33/1968 2522/33/1968 2528/33/1968
f 2508/33/1967 2490/33/1967 2481/33/1967 2505/33/1967
f 2278/33/8 2513/33/8 2480/33/8 2291/33/8
f 2456/33/11 2519/33/11 2520/33/11 2443/33/11
f 2280/33/8 2512/33/8 2514/33/8 2277/33/8
f 2448/33/11 2524/33/11 2491/33/11 2455/33/11
f 2292/33/8 2482/33/8 2478/33/8 2290/33/8
f 2455/33/11 2491/33/11 2666/33/11 2450/33/11
f 2449/33/11 2477/33/11 2481/33/11 2451/33/11
f 2291/33/8 2480/33/8 2485/33/8 2423/33/8
f 2452/33/11 2488/33/11 2518/33/11 2439/33/11
f 2450/33/11 2666/33/11 2665/33/11 2453/33/11
f 2290/33/8 2478/33/8 2474/33/8 2288/33/8
f 2453/33/11 2665/33/11 2488/33/11 2452/33/11
f 2432/33/8 2486/33/8 2462/33/8 2282/33/8
f 2451/33/11 2481/33/11 2490/33/11 2454/33/11
f 2539/33/8 2542/33/8 2472/33/8 2287/33/8
f 2454/33/11 2490/33/11 2459/33/11 2440/33/11
f 2288/33/8 2474/33/8 2470/33/8 2286/33/8
f 2439/33/11 2518/33/11 2523/33/11 2441/33/11
f 2568/33/1967 2508/33/1967 2505/33/1967 2582/33/1967
f 2513/33/11 2603/33/11 2602/33/11 2480/33/11
f 2582/33/1966 2505/33/1966 2503/33/1966 2581/33/1966
f 2564/33/2033 2612/33/2033 2611/33/2033 2586/33/2033
f 2581/33/1964 2503/33/1964 2501/33/1964 2580/33/1964
f 2571/33/1954 2544/33/1954 2500/33/1954 2579/33/1954
f 2580/33/1962 2501/33/1962 2499/33/1962 2578/33/1962
f 2579/33/1960 2500/33/1960 2498/33/1960 2577/33/1960
f 2578/33/1961 2499/33/1961 2526/33/1961 2576/33/1961
f 2577/33/1959 2498/33/1959 2496/33/1959 2575/33/1959
f 2569/33/2031 2510/33/2031 2525/33/2031 2574/33/2031
f 2575/33/1958 2496/33/1958 2494/33/1958 2573/33/1958
f 2574/33/1957 2525/33/1957 2511/33/1957 2572/33/1957
f 2573/33/1956 2494/33/1956 2508/33/1956 2568/33/1956
f 2566/33/1955 2506/33/1955 2507/33/1955 2570/33/1955
f 2583/33/1953 2493/33/1953 2506/33/1953 2566/33/1953
f 2584/33/2033 2610/33/2033 2612/33/2033 2564/33/2033
f 2576/33/2029 2526/33/2029 2510/33/2029 2569/33/2029
f 2583/33/2034 2572/33/2034 2511/33/2034 2493/33/2034
f 2484/33/2035 2513/33/2035 2514/33/2035 2487/33/2035
f 2487/33/2036 2514/33/2036 2512/33/2036 2458/33/2036
f 2489/33/2037 2665/33/2037 2664/33/2037 2507/33/2037
f 2457/33/2038 2518/33/2038 2488/33/2038 2517/33/2038
f 2517/33/2039 2488/33/2039 2665/33/2039 2489/33/2039
f 2493/33/2034 2511/33/2034 2518/33/2034 2457/33/2034
f 2562/33/2037 2558/33/2037 2513/33/2037 2484/33/2037
f 2465/33/2040 2520/33/2040 2519/33/2040 2492/33/2040
f 2479/33/2041 2666/33/2041 2491/33/2041 2521/33/2041
f 2492/33/2042 2519/33/2042 2523/33/2042 2461/33/2042
f 2521/33/2043 2491/33/2043 2524/33/2043 2475/33/2043
f 2461/33/2044 2523/33/2044 2525/33/2044 2495/33/2044
f 2497/33/2045 2526/33/2045 2520/33/2045 2465/33/2045
f 2475/33/2046 2524/33/2046 2527/33/2046 2502/33/2046
f 2504/33/2047 2667/33/2047 2666/33/2047 2479/33/2047
f 2502/33/2048 2527/33/2048 2509/33/2048 2529/33/2048
f 2495/33/2049 2525/33/2049 2510/33/2049 2530/33/2049
f 2529/33/2050 2509/33/2050 2667/33/2050 2504/33/2050
f 2530/33/2051 2510/33/2051 2526/33/2051 2497/33/2051
f 2273/33/1954 2289/33/1954 2539/33/1954 2535/33/1954
f 2448/33/1954 2305/33/1954 2538/33/1954 2541/33/1954
f 2305/33/1954 2321/33/1954 2537/33/1954 2538/33/1954
f 2527/33/1954 2524/33/1954 2543/33/1954 2544/33/1954
f 2338/33/1954 2350/33/1954 2531/33/1954 2532/33/1954
f 2337/33/1983 2365/33/1983 2534/33/1983 2532/33/1983
f 2289/33/8 2476/33/8 2542/33/8 2539/33/8
f 2350/33/1994 2398/33/1994 2533/33/1994 2531/33/1994
f 2241/33/1962 2417/33/1962 2540/33/1962 2536/33/1962
f 2446/33/11 2471/33/11 2543/33/11 2541/33/11
f 2311/33/1967 2253/33/1967 2252/33/1967 2324/33/1967
f 2242/33/11 2391/33/11 2534/33/11 2536/33/11
f 2271/33/8 2378/33/8 2533/33/8 2535/33/8
f 2310/33/1968 2260/33/1968 2259/33/1968 2323/33/1968
f 2570/33/2037 2567/33/2037 2558/33/2037 2562/33/2037
f 2458/33/2034 2512/33/2034 2546/33/2034 2561/33/2034
f 2466/33/2029 2550/33/2029 2560/33/2029 2486/33/2029
f 2667/33/2052 2609/33/2052 2610/33/2052 2584/33/2052
f 2458/33/1953 2561/33/1953 2557/33/1953 2487/33/1953
f 2487/33/1955 2557/33/1955 2562/33/1955 2484/33/1955
f 2460/33/1956 2547/33/1956 2559/33/1956 2483/33/1956
f 2462/33/1957 2548/33/1957 2546/33/1957 2512/33/1957
f 2464/33/1958 2549/33/1958 2547/33/1958 2460/33/1958
f 2486/33/2031 2560/33/2031 2548/33/2031 2462/33/2031
f 2468/33/1959 2551/33/1959 2549/33/1959 2464/33/1959
f 2470/33/1961 2552/33/1961 2550/33/1961 2466/33/1961
f 2472/33/1960 2553/33/1960 2551/33/1960 2468/33/1960
f 2474/33/1962 2554/33/1962 2552/33/1962 2470/33/1962
f 2542/33/1954 2563/33/1954 2553/33/1954 2472/33/1954
f 2478/33/1964 2555/33/1964 2554/33/1964 2474/33/1964
f 2527/33/8 2607/33/8 2608/33/8 2509/33/8
f 2482/33/1966 2556/33/1966 2555/33/1966 2478/33/1966
f 2476/33/11 2606/33/11 2605/33/11 2542/33/11
f 2483/33/1967 2559/33/1967 2556/33/1967 2482/33/1967
f 2542/33/1954 2587/33/1954 2565/33/1954 2563/33/1954
f 2567/33/1968 2664/33/1968 2667/33/1968 2584/33/1968
f 2558/33/1968 2564/33/1968 2586/33/1968 2513/33/1968
f 2509/33/8 2608/33/8 2609/33/8 2667/33/8
f 2585/33/2053 2615/33/2053 2607/33/2053 2527/33/2053
f 2558/33/1968 2567/33/1968 2584/33/1968 2564/33/1968
f 2507/33/2037 2664/33/2037 2567/33/2037 2570/33/2037
f 2561/33/2034 2546/33/2034 2572/33/2034 2583/33/2034
f 2550/33/2029 2576/33/2029 2569/33/2029 2560/33/2029
f 2561/33/1953 2583/33/1953 2566/33/1953 2557/33/1953
f 2557/33/1955 2566/33/1955 2570/33/1955 2562/33/1955
f 2547/33/1956 2573/33/1956 2568/33/1956 2559/33/1956
f 2548/33/1957 2574/33/1957 2572/33/1957 2546/33/1957
f 2549/33/1958 2575/33/1958 2573/33/1958 2547/33/1958
f 2560/33/2031 2569/33/2031 2574/33/2031 2548/33/2031
f 2551/33/1959 2577/33/1959 2575/33/1959 2549/33/1959
f 2552/33/1961 2578/33/1961 2576/33/1961 2550/33/1961
f 2553/33/1960 2579/33/1960 2577/33/1960 2551/33/1960
f 2554/33/1962 2580/33/1962 2578/33/1962 2552/33/1962
f 2563/33/1954 2571/33/1954 2579/33/1954 2553/33/1954
f 2555/33/1964 2581/33/1964 2580/33/1964 2554/33/1964
f 2556/33/1966 2582/33/1966 2581/33/1966 2555/33/1966
f 2559/33/1967 2568/33/1967 2582/33/1967 2556/33/1967
f 2565/33/1954 2585/33/1954 2571/33/1954 2563/33/1954
f 2480/33/11 2602/33/11 2604/33/11 2485/33/11
f 2542/33/2054 2605/33/2054 2613/33/2054 2587/33/2054
f 2587/33/2054 2613/33/2054 2614/33/2054 2565/33/2054
f 2586/33/2033 2611/33/2033 2603/33/2033 2513/33/2033
f 2600/33/2055 2641/33/2055 2642/33/2055 2596/33/2055
f 2590/33/2056 2631/33/2056 2630/33/2056 2589/33/2056
f 2597/33/2057 2640/33/2057 2639/33/2057 2599/33/2057
f 2595/33/2058 2637/33/2058 2638/33/2058 2598/33/2058
f 2592/33/2059 2633/33/2059 2641/33/2059 2600/33/2059
f 2593/33/2060 2636/33/2060 2637/33/2060 2595/33/2060
f 2599/33/2061 2639/33/2061 2631/33/2061 2590/33/2061
f 2594/33/2062 2635/33/2062 2636/33/2062 2593/33/2062
f 2596/33/2063 2642/33/2063 2643/33/2063 2601/33/2063
f 2591/33/2064 2632/33/2064 2634/33/2064 2588/33/2064
f 2598/33/2065 2638/33/2065 2640/33/2065 2597/33/2065
f 2588/33/2066 2634/33/2066 2633/33/2066 2592/33/2066
f 2565/33/2054 2614/33/2054 2615/33/2054 2585/33/2054
f 2485/33/11 2604/33/11 2606/33/11 2476/33/11
f 2589/33/2067 2602/33/2067 2603/33/2067 2590/33/2067
f 2591/33/2068 2604/33/2068 2602/33/2068 2589/33/2068
f 2592/33/2069 2605/33/2069 2606/33/2069 2588/33/2069
f 2588/33/2070 2606/33/2070 2604/33/2070 2591/33/2070
f 2593/33/2071 2608/33/2071 2607/33/2071 2594/33/2071
f 2595/33/2072 2609/33/2072 2608/33/2072 2593/33/2072
f 2598/33/2073 2610/33/2073 2609/33/2073 2595/33/2073
f 2599/33/2074 2611/33/2074 2612/33/2074 2597/33/2074
f 2596/33/2075 2614/33/2075 2613/33/2075 2600/33/2075
f 2594/33/2076 2607/33/2076 2615/33/2076 2601/33/2076
f 2597/33/2077 2612/33/2077 2610/33/2077 2598/33/2077
f 2601/33/2078 2615/33/2078 2614/33/2078 2596/33/2078
f 2590/33/2079 2603/33/2079 2611/33/2079 2599/33/2079
f 2600/33/2080 2613/33/2080 2605/33/2080 2592/33/2080
f 2627/33/2081 2661/33/2081 2658/33/2081 2624/33/2081
f 2618/33/2082 2649/33/2082 2652/33/2082 2620/33/2082
f 2625/33/2083 2659/33/2083 2660/33/2083 2626/33/2083
f 2619/33/2084 2650/33/2084 2649/33/2084 2618/33/2084
f 2621/33/2085 2655/33/2085 2663/33/2085 2629/33/2085
f 2623/33/2086 2657/33/2086 2645/33/2086 2616/33/2086
f 2628/33/2087 2662/33/2087 2656/33/2087 2622/33/2087
f 2616/33/2088 2645/33/2088 2661/33/2088 2627/33/2088
f 2629/33/2089 2663/33/2089 2650/33/2089 2619/33/2089
f 2617/33/2090 2647/33/2090 2657/33/2090 2623/33/2090
f 2624/33/2091 2658/33/2091 2655/33/2091 2621/33/2091
f 2626/33/2092 2660/33/2092 2647/33/2092 2617/33/2092
f 2589/33/2093 2630/33/2093 2632/33/2093 2591/33/2093
f 2601/33/2094 2643/33/2094 2635/33/2094 2594/33/2094
f 2617/33/2095 2630/33/2095 2631/33/2095 2626/33/2095
f 2623/33/2096 2632/33/2096 2630/33/2096 2617/33/2096
f 2627/33/2097 2633/33/2097 2634/33/2097 2616/33/2097
f 2616/33/2098 2634/33/2098 2632/33/2098 2623/33/2098
f 2618/33/2099 2636/33/2099 2635/33/2099 2619/33/2099
f 2620/33/2100 2637/33/2100 2636/33/2100 2618/33/2100
f 2628/33/2101 2638/33/2101 2637/33/2101 2620/33/2101
f 2625/33/2102 2639/33/2102 2640/33/2102 2622/33/2102
f 2621/33/2103 2642/33/2103 2641/33/2103 2624/33/2103
f 2619/33/2104 2635/33/2104 2643/33/2104 2629/33/2104
f 2622/33/2105 2640/33/2105 2638/33/2105 2628/33/2105
f 2629/33/2106 2643/33/2106 2642/33/2106 2621/33/2106
f 2626/33/2107 2631/33/2107 2639/33/2107 2625/33/2107
f 2624/33/2108 2641/33/2108 2633/33/2108 2627/33/2108
f 2656/33/2109 2662/33/2109 2652/33/2109 2653/33/2109
f 2648/33/2110 2649/33/2110 2650/33/2110 2651/33/2110
f 2653/33/2110 2652/33/2110 2649/33/2110 2648/33/2110
f 2646/33/2110 2653/33/2110 2648/33/2110 2654/33/2110
f 2654/33/2110 2648/33/2110 2651/33/2110 2644/33/2110
f 2659/33/2111 2656/33/2111 2653/33/2111 2646/33/2111
f 2644/33/2112 2651/33/2112 2655/33/2112 2658/33/2112
f 2651/33/2113 2650/33/2113 2663/33/2113 2655/33/2113
f 2645/33/2114 2644/33/2114 2658/33/2114 2661/33/2114
f 2660/33/2115 2659/33/2115 2646/33/2115 2647/33/2115
f 2657/33/2110 2654/33/2110 2644/33/2110 2645/33/2110
f 2647/33/2110 2646/33/2110 2654/33/2110 2657/33/2110
f 2620/33/2116 2652/33/2116 2662/33/2116 2628/33/2116
f 2622/33/2117 2656/33/2117 2659/33/2117 2625/33/2117
f 2515/33/2118 2664/33/2118 2665/33/2118 2516/33/2118
f 2516/33/2119 2665/33/2119 2666/33/2119 2522/33/2119
f 2522/33/2120 2666/33/2120 2667/33/2120 2528/33/2120
f 2528/33/2121 2667/33/2121 2664/33/2121 2515/33/2121
f 2258/33/8 2681/33/8 2684/33/8 2545/33/8
f 2259/33/8 2682/33/8 2681/33/8 2258/33/8
f 2252/33/8 2675/33/8 2674/33/8 2251/33/8
f 2260/33/8 2683/33/8 2682/33/8 2259/33/8
f 2253/33/8 2676/33/8 2675/33/8 2252/33/8
f 2246/33/8 2669/33/8 2668/33/8 2245/33/8
f 2245/33/8 2668/33/8 2683/33/8 2260/33/8
f 2254/33/8 2677/33/8 2676/33/8 2253/33/8
f 2247/33/8 2670/33/8 2669/33/8 2246/33/8
f 2255/33/8 2678/33/8 2677/33/8 2254/33/8
f 2248/33/8 2671/33/8 2670/33/8 2247/33/8
f 2256/33/8 2679/33/8 2678/33/8 2255/33/8
f 2249/33/8 2672/33/8 2671/33/8 2248/33/8
f 2257/33/8 2680/33/8 2679/33/8 2256/33/8
f 2250/33/8 2673/33/8 2672/33/8 2249/33/8
f 2545/33/8 2684/33/8 2680/33/8 2257/33/8
f 2251/33/8 2674/33/8 2673/33/8 2250/33/8
f 2669/33/1956 2685/33/1956 2686/33/1956 2668/33/1956
f 2685/33/8 2687/33/8 2688/33/8 2689/33/8 2690/33/8 2691/33/8 2692/33/8 2693/33/8 2694/33/8 2695/33/8 2696/33/8 2697/33/8 2698/33/8 2700/33/8 2699/33/8 2701/33/8 2686/33/8
f 2668/33/1967 2686/33/1967 2701/33/1967 2683/33/1967
f 2677/33/1953 2694/33/1953 2693/33/1953 2676/33/1953
f 2670/33/1958 2687/33/1958 2685/33/1958 2669/33/1958
f 2681/33/1962 2700/33/1962 2698/33/1962 2684/33/1962
f 2678/33/1957 2695/33/1957 2694/33/1957 2677/33/1957
f 2671/33/1959 2688/33/1959 2687/33/1959 2670/33/1959
f 2679/33/1963 2696/33/1963 2695/33/1963 2678/33/1963
f 2672/33/1960 2689/33/1960 2688/33/1960 2671/33/1960
f 2680/33/1961 2697/33/1961 2696/33/1961 2679/33/1961
f 2673/33/1954 2690/33/1954 2689/33/1954 2672/33/1954
f 2684/33/1962 2698/33/1962 2697/33/1962 2680/33/1962
f 2674/33/1965 2691/33/1965 2690/33/1965 2673/33/1965
f 2682/33/1964 2699/33/1964 2700/33/1964 2681/33/1964
f 2675/33/1968 2692/33/1968 2691/33/1968 2674/33/1968
f 2683/33/1966 2701/33/1966 2699/33/1966 2682/33/1966
f 2676/33/1955 2693/33/1955 2692/33/1955 2675/33/1955
f 2434/33/2122 2717/33/2122 2705/33/2122 2298/33/2122
f 2312/33/2123 2711/33/2123 2712/33/2123 2314/33/2123
f 2300/33/2122 2706/33/2122 2717/33/2122 2434/33/2122
f 2307/33/2124 2708/33/2124 2716/33/2124 2424/33/2124
f 2310/33/2125 2710/33/2125 2709/33/2125 2309/33/2125
f 2305/33/2126 2707/33/2126 2714/33/2126 2321/33/2126
f 2298/33/2127 2705/33/2127 2704/33/2127 2296/33/2127
f 2309/33/2128 2709/33/2128 2711/33/2128 2312/33/2128
f 2424/33/2124 2716/33/2124 2707/33/2124 2305/33/2124
f 2323/33/2129 2715/33/2129 2710/33/2129 2310/33/2129
f 2293/33/2130 2702/33/2130 2703/33/2130 2294/33/2130
f 2316/33/2131 2713/33/2131 2706/33/2131 2300/33/2131
f 2314/33/2132 2712/33/2132 2713/33/2132 2316/33/2132
f 2296/33/2133 2704/33/2133 2702/33/2133 2293/33/2133
f 2321/33/2134 2714/33/2134 2715/33/2134 2323/33/2134
f 2294/33/2135 2703/33/2135 2708/33/2135 2307/33/2135
f 2712/33/2136 2728/33/2136 2729/33/2136 2713/33/2136
f 2708/33/8 2724/33/8 2732/33/8 2716/33/8
f 2711/33/2137 2727/33/2137 2728/33/2137 2712/33/2137
f 2706/33/8 2722/33/8 2733/33/8 2717/33/8
f 2710/33/2138 2726/33/2138 2725/33/2138 2709/33/2138
f 2705/33/8 2721/33/8 2720/33/8 2704/33/8
f 2709/33/2139 2725/33/2139 2727/33/2139 2711/33/2139
f 2702/33/8 2718/33/8 2719/33/8 2703/33/8
f 2716/33/8 2732/33/8 2723/33/8 2707/33/8
f 2704/33/8 2720/33/8 2718/33/8 2702/33/8
f 2713/33/4 2729/33/4 2722/33/4 2706/33/4
f 2717/33/8 2733/33/8 2721/33/8 2705/33/8
f 2715/33/2140 2731/33/2140 2726/33/2140 2710/33/2140
f 2707/33/1 2723/33/1 2730/33/1 2714/33/1
f 2714/33/2141 2730/33/2141 2731/33/2141 2715/33/2141
f 2703/33/8 2719/33/8 2724/33/8 2708/33/8
f 2756/450/2142 2849/453/2142 2964/452/2142 2845/451/2142
f 2845/451/2143 2964/452/2143 2814/455/2143 2747/454/2143
f 2964/452/2144 2842/457/2144 2737/456/2144 2814/455/2144
f 2849/453/2145 2753/458/2145 2842/457/2145 2964/452/2145
f 2763/459/2146 2848/462/2146 2965/461/2146 2862/460/2146
f 2862/460/2147 2965/461/2147 2820/98/2147 2757/98/2147
f 2965/461/2148 2843/460/2148 2741/98/2148 2820/98/2148
f 2848/462/2149 2754/462/2149 2843/460/2149 2965/461/2149
f 2772/463/2150 2879/466/2150 2966/465/2150 2871/464/2150
f 2871/464/2151 2966/465/2151 2821/468/2151 2758/467/2151
f 2966/465/2152 2867/470/2152 2739/469/2152 2821/468/2152
f 2879/466/2153 2768/471/2153 2867/470/2153 2966/465/2153
f 2761/472/2154 2838/472/2154 2967/474/2154 2860/473/2154
f 2860/473/2155 2967/474/2155 2852/476/2155 2759/475/2155
f 2967/474/2156 2832/478/2156 2740/477/2156 2852/476/2156
f 2838/472/2157 2748/472/2157 2832/478/2157 2967/474/2157
f 2746/479/2158 2837/482/2158 2968/481/2158 2830/480/2158
f 2830/480/2159 2968/481/2159 2819/484/2159 2736/483/2159
f 2968/481/2160 2834/485/2160 2742/310/2160 2819/484/2160
f 2837/482/2161 2750/472/2161 2834/485/2161 2968/481/2161
f 2767/486/2162 2878/489/2162 2969/488/2162 2866/487/2162
f 2866/487/2163 2969/488/2163 2825/491/2163 2735/490/2163
f 2969/488/2164 2868/464/2164 2744/492/2164 2825/491/2164
f 2878/489/2165 2769/463/2165 2868/464/2165 2969/488/2165
f 2753/458/2166 2847/494/2166 2970/493/2166 2842/457/2166
f 2842/457/2167 2970/493/2167 2824/495/2167 2737/456/2167
f 2970/493/2168 2844/496/2168 2743/438/2168 2824/495/2168
f 2847/494/2169 2755/497/2169 2844/496/2169 2970/493/2169
f 2737/456/2170 2824/495/2170 2971/498/2170 2814/455/2170
f 2814/455/2171 2971/498/2171 2836/499/2171 2747/454/2171
f 2971/498/2172 2828/501/2172 2751/500/2172 2836/499/2172
f 2824/495/2173 2743/438/2173 2828/501/2173 2971/498/2173
f 2764/502/2174 2877/505/2174 2972/504/2174 2863/503/2174
f 2863/503/2175 2972/504/2175 2837/482/2175 2746/479/2175
f 2972/504/2176 2865/506/2176 2750/472/2176 2837/482/2176
f 2877/505/2177 2766/507/2177 2865/506/2177 2972/504/2177
f 2771/508/2178 2876/508/2178 2973/506/2178 2870/506/2178
f 2870/506/2179 2973/506/2179 2838/472/2179 2761/472/2179
f 2973/506/2180 2864/506/2180 2748/472/2180 2838/472/2180
f 2876/508/2181 2765/508/2181 2864/506/2181 2973/506/2181
f 2757/98/2182 2820/98/2182 2974/509/2182 2858/501/2182
f 2858/501/2183 2974/509/2183 2839/511/2183 2762/510/2183
f 2974/509/2184 2817/513/2184 2749/512/2184 2839/511/2184
f 2820/98/2185 2741/98/2185 2817/513/2185 2974/509/2185
f 2770/514/2186 2846/517/2186 2975/516/2186 2875/515/2186
f 2875/515/2187 2975/516/2187 2831/518/2187 2767/486/2187
f 2975/516/2187 2845/451/2187 2747/454/2187 2831/518/2187
f 2846/517/2186 2756/450/2186 2845/451/2186 2975/516/2186
f 2764/502/2188 2863/503/2188 2976/520/2188 2874/519/2188
f 2874/519/2189 2976/520/2189 2846/517/2189 2770/514/2189
f 2976/520/2189 2840/521/2189 2756/450/2189 2846/517/2189
f 2863/503/2188 2746/479/2188 2840/521/2188 2976/520/2188
f 2736/483/2190 2819/484/2190 2977/523/2190 2815/522/2190
f 2815/522/2191 2977/523/2191 2847/494/2191 2753/458/2191
f 2977/523/2192 2829/524/2192 2755/497/2192 2847/494/2192
f 2819/484/2193 2742/310/2193 2829/524/2193 2977/523/2193
f 2759/475/2194 2852/476/2194 2978/526/2194 2857/525/2194
f 2857/525/2195 2978/526/2195 2848/462/2195 2763/459/2195
f 2978/526/2196 2818/527/2196 2754/462/2196 2848/462/2196
f 2852/476/2197 2740/477/2197 2818/527/2197 2978/526/2197
f 2746/479/2198 2830/480/2198 2979/528/2198 2840/521/2198
f 2840/521/2199 2979/528/2199 2849/453/2199 2756/450/2199
f 2979/528/2200 2815/522/2200 2753/458/2200 2849/453/2200
f 2830/480/2201 2736/483/2201 2815/522/2201 2979/528/2201
f 2742/310/2202 2823/310/2202 2980/525/2202 2829/524/2202
f 2829/524/2203 2980/525/2203 2856/529/2203 2755/497/2203
f 2980/525/2203 2857/525/2203 2763/459/2203 2856/529/2203
f 2823/310/2202 2759/475/2202 2857/525/2202 2980/525/2202
f 2743/438/2204 2850/98/2204 2981/530/2204 2828/501/2204
f 2828/501/2205 2981/530/2205 2855/531/2205 2751/500/2205
f 2981/530/2205 2858/501/2205 2762/510/2205 2855/531/2205
f 2850/98/2204 2757/98/2204 2858/501/2204 2981/530/2204
f 2766/507/4 2873/507/4 2982/532/4 2865/506/4
f 2865/506/4 2982/532/4 2854/472/4 2750/472/4
f 2982/532/4 2870/506/4 2761/472/4 2854/472/4
f 2873/507/4 2771/508/4 2870/506/4 2982/532/4
f 2750/472/2206 2854/472/2206 2983/533/2206 2834/485/2206
f 2834/485/2207 2983/533/2207 2823/310/2207 2742/310/2207
f 2983/533/2207 2860/473/2207 2759/475/2207 2823/310/2207
f 2854/472/2206 2761/472/2206 2860/473/2206 2983/533/2206
f 2769/463/2208 2872/535/2208 2984/534/2208 2868/464/2208
f 2868/464/2209 2984/534/2209 2851/492/2209 2744/492/2209
f 2984/534/2209 2871/464/2209 2758/467/2209 2851/492/2209
f 2872/535/2208 2772/463/2208 2871/464/2208 2984/534/2208
f 2755/497/2210 2856/529/2210 2985/461/2210 2844/496/2210
f 2844/496/2211 2985/461/2211 2850/98/2211 2743/438/2211
f 2985/461/2211 2862/460/2211 2757/98/2211 2850/98/2211
f 2856/529/2210 2763/459/2210 2862/460/2210 2985/461/2210
f 2751/500/1 2855/531/1 2986/537/1 2835/536/1
f 2835/536/1 2986/537/1 2872/535/1 2769/463/1
f 2986/537/1 2861/536/1 2772/463/1 2872/535/1
f 2855/531/1 2762/510/1 2861/536/1 2986/537/1
f 2745/538/2212 2826/541/2212 2987/540/2212 2827/539/2212
f 2827/539/2213 2987/540/2213 2873/507/2213 2766/507/2213
f 2987/540/2213 2859/539/2213 2771/508/2213 2873/507/2213
f 2826/541/2212 2760/538/2212 2859/539/2212 2987/540/2212
f 2734/542/2214 2812/545/2214 2988/544/2214 2841/543/2214
f 2841/543/2215 2988/544/2215 2869/547/2215 2752/546/2215
f 2988/544/2216 2874/519/2216 2770/514/2216 2869/547/2216
f 2812/545/2217 2764/502/2217 2874/519/2217 2988/544/2217
f 2752/546/2218 2869/547/2218 2989/549/2218 2813/548/2218
f 2813/548/2219 2989/549/2219 2866/487/2219 2735/490/2219
f 2989/549/2220 2875/515/2220 2767/486/2220 2866/487/2220
f 2869/547/2221 2770/514/2221 2875/515/2221 2989/549/2221
f 2760/538/2222 2853/551/2222 2990/550/2222 2859/539/2222
f 2859/539/2223 2990/550/2223 2876/508/2223 2771/508/2223
f 2990/550/2224 2816/552/2224 2765/508/2224 2876/508/2224
f 2853/551/2225 2738/553/2225 2816/552/2225 2990/550/2225
f 2734/542/2226 2822/555/2226 2991/554/2226 2812/545/2226
f 2812/545/2227 2991/554/2227 2877/505/2227 2764/502/2227
f 2991/554/2228 2827/539/2228 2766/507/2228 2877/505/2228
f 2822/555/2229 2745/538/2229 2827/539/2229 2991/554/2229
f 2747/454/2230 2836/499/2230 2992/556/2230 2831/518/2230
f 2831/518/2231 2992/556/2231 2878/489/2231 2767/486/2231
f 2992/556/2232 2835/536/2232 2769/463/2232 2878/489/2232
f 2836/499/2233 2751/500/2233 2835/536/2233 2992/556/2233
f 2762/510/2234 2839/511/2234 2993/557/2234 2861/536/2234
f 2861/536/2235 2993/557/2235 2879/466/2235 2772/463/2235
f 2993/557/2236 2833/558/2236 2768/471/2236 2879/466/2236
f 2839/511/2237 2749/512/2237 2833/558/2237 2993/557/2237
f 2795/559/2238 2913/562/2238 2994/561/2238 2917/560/2238
f 2917/560/2239 2994/561/2239 2910/460/2239 2792/497/2239
f 2994/561/2240 2882/563/2240 2776/98/2240 2910/460/2240
f 2913/562/2241 2786/500/2241 2882/563/2241 2994/561/2241
f 2802/564/2242 2930/565/2242 2995/461/2242 2916/462/2242
f 2916/462/2243 2995/461/2243 2911/566/2243 2793/497/2243
f 2995/461/2244 2888/98/2244 2780/438/2244 2911/566/2244
f 2930/565/2245 2796/438/2245 2888/98/2245 2995/461/2245
f 2811/463/2223 2939/569/2223 2996/568/2223 2947/567/2223
f 2947/567/2224 2996/568/2224 2935/571/2224 2807/570/2224
f 2996/568/2225 2889/468/2225 2778/469/2225 2935/571/2225
f 2939/569/2222 2797/467/2222 2889/468/2222 2996/568/2222
f 2800/572/2246 2928/573/2246 2997/533/2246 2906/572/2246
f 2906/572/2247 2997/533/2247 2900/473/2247 2787/572/2247
f 2997/533/2248 2920/310/2248 2779/310/2248 2900/473/2248
f 2928/573/2249 2798/475/2249 2920/310/2249 2997/533/2249
f 2785/574/2250 2898/577/2250 2998/576/2250 2905/575/2250
f 2905/575/2251 2998/576/2251 2902/478/2251 2789/572/2251
f 2998/576/2252 2887/578/2252 2781/477/2252 2902/478/2252
f 2898/577/2253 2775/310/2253 2887/578/2253 2998/576/2253
f 2806/579/2254 2934/582/2254 2999/581/2254 2946/580/2254
f 2946/580/2255 2999/581/2255 2936/583/2255 2808/463/2255
f 2999/581/2256 2893/121/2256 2783/121/2256 2936/583/2256
f 2934/582/2257 2774/441/2257 2893/121/2257 2999/581/2257
f 2792/497/2258 2910/460/2258 3000/585/2258 2915/584/2258
f 2915/584/2259 3000/585/2259 2912/587/2259 2794/586/2259
f 3000/585/2260 2892/589/2260 2782/588/2260 2912/587/2260
f 2910/460/2261 2776/98/2261 2892/589/2261 3000/585/2261
f 2776/98/2262 2882/563/2262 3001/590/2262 2892/589/2262
f 2892/589/2263 3001/590/2263 2896/591/2263 2782/588/2263
f 3001/590/2264 2904/592/2264 2790/500/2264 2896/591/2264
f 2882/563/2265 2786/500/2265 2904/592/2265 3001/590/2265
f 2803/593/2266 2931/596/2266 3002/595/2266 2945/594/2266
f 2945/594/2267 3002/595/2267 2933/506/2267 2805/597/2267
f 3002/595/2268 2905/575/2268 2789/572/2268 2933/506/2268
f 2931/596/2269 2785/574/2269 2905/575/2269 3002/595/2269
f 2810/508/2270 2938/506/2270 3003/532/2270 2944/507/2270
f 2944/507/2271 3003/532/2271 2932/506/2271 2804/508/2271
f 3003/532/2272 2906/572/2272 2787/572/2272 2932/506/2272
f 2938/506/2273 2800/572/2273 2906/572/2273 3003/532/2273
f 2796/438/2274 2926/501/2274 3004/598/2274 2888/98/2274
f 2888/98/2275 3004/598/2275 2885/501/2275 2780/438/2275
f 3004/598/2276 2907/531/2276 2788/500/2276 2885/501/2276
f 2926/501/2277 2801/510/2277 2907/531/2277 3004/598/2277
f 2809/599/2278 2943/602/2278 3005/601/2278 2914/600/2278
f 2914/600/2279 3005/601/2279 2913/562/2279 2795/559/2279
f 3005/601/2280 2899/603/2280 2786/500/2280 2913/562/2280
f 2943/602/2281 2806/579/2281 2899/603/2281 3005/601/2281
f 2803/593/2282 2942/605/2282 3006/604/2282 2931/596/2282
f 2931/596/2283 3006/604/2283 2908/606/2283 2785/574/2283
f 3006/604/2284 2914/600/2284 2795/559/2284 2908/606/2284
f 2942/605/2285 2809/599/2285 2914/600/2285 3006/604/2285
f 2775/310/2286 2883/524/2286 3007/607/2286 2887/578/2286
f 2887/578/2287 3007/607/2287 2897/608/2287 2781/477/2287
f 3007/607/2288 2915/584/2288 2794/586/2288 2897/608/2288
f 2883/524/2289 2792/497/2289 2915/584/2289 3007/607/2289
f 2798/475/2290 2925/525/2290 3008/609/2290 2920/310/2290
f 2920/310/2291 3008/609/2291 2886/524/2291 2779/310/2291
f 3008/609/2292 2916/462/2292 2793/497/2292 2886/524/2292
f 2925/525/2293 2802/564/2293 2916/462/2293 3008/609/2293
f 2785/574/2294 2908/606/2294 3009/610/2294 2898/577/2294
f 2898/577/2295 3009/610/2295 2883/524/2295 2775/310/2295
f 3009/610/2296 2917/560/2296 2792/497/2296 2883/524/2296
f 2908/606/2297 2795/559/2297 2917/560/2297 3009/610/2297
f 2781/477/2298 2897/608/2298 3010/611/2298 2891/578/2298
f 2891/578/2299 3010/611/2299 2925/525/2299 2798/475/2299
f 3010/611/2300 2924/584/2300 2802/564/2300 2925/525/2300
f 2897/608/2301 2794/586/2301 2924/584/2301 3010/611/2301
f 2782/588/2302 2896/591/2302 3011/613/2302 2918/612/2302
f 2918/612/2303 3011/613/2303 2926/501/2303 2796/438/2303
f 3011/613/2304 2923/531/2304 2801/510/2304 2926/501/2304
f 2896/591/2305 2790/500/2305 2923/531/2305 3011/613/2305
f 2805/597/2306 2933/506/2306 3012/532/2306 2941/507/2306
f 2941/507/2307 3012/532/2307 2938/506/2307 2810/508/2307
f 3012/532/2308 2922/614/2308 2800/572/2308 2938/506/2308
f 2933/506/2309 2789/572/2309 2922/614/2309 3012/532/2309
f 2789/572/2310 2902/478/2310 3013/615/2310 2922/614/2310
f 2922/614/2311 3013/615/2311 2928/573/2311 2800/572/2311
f 3013/615/2312 2891/578/2312 2798/475/2312 2928/573/2312
f 2902/478/2313 2781/477/2313 2891/578/2313 3013/615/2313
f 2808/463/2213 2936/583/2213 3014/617/2213 2940/616/2213
f 2940/616/2213 3014/617/2213 2939/569/2213 2811/463/2213
f 3014/617/2212 2919/618/2212 2797/467/2212 2939/569/2212
f 2936/583/2212 2783/121/2212 2919/618/2212 3014/617/2212
f 2794/586/2314 2912/587/2314 3015/619/2314 2924/584/2314
f 2924/584/2315 3015/619/2315 2930/565/2315 2802/564/2315
f 3015/619/2316 2918/612/2316 2796/438/2316 2930/565/2316
f 2912/587/2317 2782/588/2317 2918/612/2317 3015/619/2317
f 2790/500/2318 2903/536/2318 3016/620/2318 2923/531/2318
f 2923/531/2319 3016/620/2319 2929/536/2319 2801/510/2319
f 3016/620/2320 2940/616/2320 2811/463/2320 2929/536/2320
f 2903/536/2321 2808/463/2321 2940/616/2321 3016/620/2321
f 2784/538/2209 2895/539/2209 3017/540/2209 2894/541/2209
f 2894/541/2209 3017/540/2209 2927/539/2209 2799/538/2209
f 3017/540/2208 2941/507/2208 2810/508/2208 2927/539/2208
f 2895/539/2208 2805/597/2208 2941/507/2208 3017/540/2208
f 2773/33/2322 2909/623/2322 3018/622/2322 2880/621/2322
f 2880/621/2323 3018/622/2323 2942/605/2323 2803/593/2323
f 3018/622/2324 2937/624/2324 2809/599/2324 2942/605/2324
f 2909/623/2325 2791/625/2325 2937/624/2325 3018/622/2325
f 2791/625/2326 2881/627/2326 3019/626/2326 2937/624/2326
f 2937/624/2327 3019/626/2327 2943/602/2327 2809/599/2327
f 3019/626/2328 2934/582/2328 2806/579/2328 2943/602/2328
f 2881/627/2329 2774/441/2329 2934/582/2329 3019/626/2329
f 2799/538/2151 2927/539/2151 3020/628/2151 2921/551/2151
f 2921/551/2152 3020/628/2152 2884/552/2152 2777/553/2152
f 3020/628/2153 2944/507/2153 2804/508/2153 2884/552/2153
f 2927/539/2150 2810/508/2150 2944/507/2150 3020/628/2150
f 2773/33/2330 2880/621/2330 3021/630/2330 2890/629/2330
f 2890/629/2331 3021/630/2331 2895/539/2331 2784/538/2331
f 3021/630/2332 2945/594/2332 2805/597/2332 2895/539/2332
f 2880/621/2333 2803/593/2333 2945/594/2333 3021/630/2333
f 2786/500/2334 2899/603/2334 3022/631/2334 2904/592/2334
f 2904/592/2335 3022/631/2335 2903/536/2335 2790/500/2335
f 3022/631/2336 2946/580/2336 2808/463/2336 2903/536/2336
f 2899/603/2337 2806/579/2337 2946/580/2337 3022/631/2337
f 2801/510/2338 2929/536/2338 3023/632/2338 2907/531/2338
f 2907/531/2339 3023/632/2339 2901/536/2339 2788/500/2339
f 3023/632/2340 2947/567/2340 2807/570/2340 2901/536/2340
f 2929/536/2341 2811/463/2341 2947/567/2341 3023/632/2341
f 2735/490/2342 2949/634/2342 3024/633/2342 2813/548/2342
f 2813/548/2343 3024/633/2343 2958/635/2343 2752/546/2343
f 3024/633/2344 2881/627/2344 2791/625/2344 2958/635/2344
f 2949/634/2345 2774/441/2345 2881/627/2345 3024/633/2345
f 2738/553/2346 2950/637/2346 3025/636/2346 2816/552/2346
f 2816/552/2347 3025/636/2347 2962/507/2347 2765/508/2347
f 3025/636/2348 2884/552/2348 2804/508/2348 2962/507/2348
f 2950/637/2349 2777/553/2349 2884/552/2349 3025/636/2349
f 2741/98/2350 2953/639/2350 3026/638/2350 2817/513/2350
f 2817/513/2351 3026/638/2351 2957/640/2351 2749/512/2351
f 3026/638/2352 2885/501/2352 2788/500/2352 2957/640/2352
f 2953/639/2353 2780/438/2353 2885/501/2353 3026/638/2353
f 2740/477/2354 2952/578/2354 3027/641/2354 2818/527/2354
f 2818/527/2355 3027/641/2355 2959/642/2355 2754/462/2355
f 3027/641/2356 2886/524/2356 2793/497/2356 2959/642/2356
f 2952/578/2357 2779/310/2357 2886/524/2357 3027/641/2357
f 2739/469/2358 2951/644/2358 3028/643/2358 2821/468/2358
f 2821/468/2359 3028/643/2359 2960/645/2359 2758/467/2359
f 3028/643/2360 2889/468/2360 2797/467/2360 2960/645/2360
f 2951/644/2361 2778/469/2361 2889/468/2361 3028/643/2361
f 2734/542/2362 2948/647/2362 3029/646/2362 2822/555/2362
f 2822/555/2363 3029/646/2363 2955/648/2363 2745/538/2363
f 3029/646/2364 2890/629/2364 2784/538/2364 2955/648/2364
f 2948/647/2365 2773/33/2365 2890/629/2365 3029/646/2365
f 2744/492/2366 2954/650/2366 3030/649/2366 2825/491/2366
f 2825/491/2367 3030/649/2367 2949/634/2367 2735/490/2367
f 3030/649/2368 2893/121/2368 2774/441/2368 2949/634/2368
f 2954/650/2369 2783/121/2369 2893/121/2369 3030/649/2369
f 2745/538/2370 2955/648/2370 3031/651/2370 2826/541/2370
f 2826/541/2370 3031/651/2370 2961/652/2370 2760/538/2370
f 3031/651/2371 2894/541/2371 2799/538/2371 2961/652/2371
f 2955/648/2371 2784/538/2371 2894/541/2371 3031/651/2371
f 2748/472/2372 2956/472/2372 3032/653/2372 2832/478/2372
f 2832/478/2373 3032/653/2373 2952/578/2373 2740/477/2373
f 3032/653/2374 2900/473/2374 2779/310/2374 2952/578/2374
f 2956/472/2375 2787/572/2375 2900/473/2375 3032/653/2375
f 2749/512/2376 2957/640/2376 3033/557/2376 2833/558/2376
f 2833/558/2377 3033/557/2377 2963/466/2377 2768/471/2377
f 3033/557/2378 2901/536/2378 2807/570/2378 2963/466/2378
f 2957/640/2379 2788/500/2379 2901/536/2379 3033/557/2379
f 2752/546/2380 2958/635/2380 3034/654/2380 2841/543/2380
f 2841/543/2381 3034/654/2381 2948/647/2381 2734/542/2381
f 3034/654/2382 2909/623/2382 2773/33/2382 2948/647/2382
f 2958/635/2383 2791/625/2383 2909/623/2383 3034/654/2383
f 2754/462/2384 2959/642/2384 3035/655/2384 2843/460/2384
f 2843/460/2385 3035/655/2385 2953/639/2385 2741/98/2385
f 3035/655/2386 2911/566/2386 2780/438/2386 2953/639/2386
f 2959/642/2387 2793/497/2387 2911/566/2387 3035/655/2387
f 2758/467/2371 2960/645/2371 3036/656/2371 2851/492/2371
f 2851/492/2371 3036/656/2371 2954/650/2371 2744/492/2371
f 3036/656/2370 2919/618/2370 2783/121/2370 2954/650/2370
f 2960/645/2370 2797/467/2370 2919/618/2370 3036/656/2370
f 2760/538/2360 2961/652/2360 3037/657/2360 2853/551/2360
f 2853/551/2361 3037/657/2361 2950/637/2361 2738/553/2361
f 3037/657/2358 2921/551/2358 2777/553/2358 2950/637/2358
f 2961/652/2359 2799/538/2359 2921/551/2359 3037/657/2359
f 2765/508/2388 2962/507/2388 3038/506/2388 2864/506/2388
f 2864/506/2389 3038/506/2389 2956/472/2389 2748/472/2389
f 3038/506/2390 2932/506/2390 2787/572/2390 2956/472/2390
f 2962/507/2391 2804/508/2391 2932/506/2391 3038/506/2391
f 2768/471/2348 2963/466/2348 3039/658/2348 2867/470/2348
f 2867/470/2349 3039/658/2349 2951/644/2349 2739/469/2349
f 3039/658/2346 2935/571/2346 2778/469/2346 2951/644/2346
f 2963/466/2347 2807/570/2347 2935/571/2347 3039/658/2347
f 3040/381/2392 3052/660/2392 3053/659/2392 3041/382/2392
f 3041/382/2393 3053/659/2393 3054/661/2393 3042/383/2393
f 3042/383/2394 3054/661/2394 3055/662/2394 3043/384/2394
f 3043/384/2395 3055/662/2395 3056/663/2395 3044/385/2395
f 3044/385/2396 3056/663/2396 3057/664/2396 3045/374/2396
f 3045/374/2397 3057/664/2397 3058/665/2397 3046/373/2397
f 3046/666/2398 3058/668/2398 3059/667/2398 3047/375/2398
f 3047/375/2399 3059/667/2399 3060/669/2399 3048/377/2399
f 3048/377/2400 3060/669/2400 3061/670/2400 3049/378/2400
f 3049/378/2401 3061/670/2401 3062/671/2401 3050/379/2401
f 3050/379/2402 3062/671/2402 3063/672/2402 3051/380/2402
f 3051/380/2403 3063/672/2403 3052/660/2403 3040/381/2403
f 3052/660/2404 3064/674/2404 3065/673/2404 3053/659/2404
f 3053/659/2405 3065/673/2405 3066/675/2405 3054/661/2405
f 3054/661/2406 3066/675/2406 3067/676/2406 3055/662/2406
f 3055/662/2407 3067/676/2407 3068/677/2407 3056/663/2407
f 3056/663/2408 3068/677/2408 3069/678/2408 3057/664/2408
f 3231/33/2409 3209/33/2409 3205/33/2409 3232/33/2409
f 3238/33/2410 3235/33/2410 3242/33/2410 3239/33/2410
f 3059/667/2411 3071/680/2411 3072/679/2411 3060/669/2411
f 3060/669/2412 3072/679/2412 3073/681/2412 3061/670/2412
f 3061/670/2413 3073/681/2413 3074/682/2413 3062/671/2413
f 3062/671/2414 3074/682/2414 3075/683/2414 3063/672/2414
f 3063/672/2415 3075/683/2415 3064/674/2415 3052/660/2415
f 3064/674/2416 3076/19/2416 3077/684/2416 3065/673/2416
f 3065/673/2417 3077/684/2417 3078/685/2417 3066/675/2417
f 3066/675/2418 3078/685/2418 3079/25/2418 3067/676/2418
f 3067/676/2419 3079/25/2419 3080/686/2419 3068/677/2419
f 3068/677/2420 3080/686/2420 3081/687/2420 3069/678/2420
f 3069/678/2421 3081/687/2421 3082/31/2421 3070/688/2421
f 3070/689/2422 3082/691/2422 3083/690/2422 3071/680/2422
f 3071/680/2423 3083/690/2423 3084/692/2423 3072/679/2423
f 3072/679/2424 3084/692/2424 3085/22/2424 3073/681/2424
f 3073/681/2425 3085/22/2425 3086/693/2425 3074/682/2425
f 3074/682/2426 3086/693/2426 3087/694/2426 3075/683/2426
f 3075/683/2427 3087/694/2427 3076/19/2427 3064/674/2427
f 3076/19/2428 3088/696/2428 3089/695/2428 3077/684/2428
f 3077/684/2429 3089/695/2429 3090/697/2429 3078/685/2429
f 3078/685/2430 3090/697/2430 3091/698/2430 3079/25/2430
f 3079/25/2431 3091/698/2431 3092/699/2431 3080/686/2431
f 3080/686/2432 3092/699/2432 3093/700/2432 3081/687/2432
f 3081/687/2433 3093/700/2433 3094/701/2433 3082/31/2433
f 3082/691/2434 3094/703/2434 3095/702/2434 3083/690/2434
f 3083/690/2435 3095/702/2435 3096/704/2435 3084/692/2435
f 3084/692/2436 3096/704/2436 3097/705/2436 3085/22/2436
f 3085/22/2437 3097/705/2437 3098/706/2437 3086/693/2437
f 3086/693/2438 3098/706/2438 3099/707/2438 3087/694/2438
f 3087/694/2439 3099/707/2439 3088/696/2439 3076/19/2439
f 3088/696/2440 3100/709/2440 3101/708/2440 3089/695/2440
f 3089/695/2441 3101/708/2441 3102/710/2441 3090/697/2441
f 3090/697/2442 3102/710/2442 3103/711/2442 3091/698/2442
f 3091/698/2443 3103/711/2443 3104/712/2443 3092/699/2443
f 3092/699/2444 3104/712/2444 3105/713/2444 3093/700/2444
f 3093/700/2445 3105/713/2445 3106/714/2445 3094/701/2445
f 3094/703/2446 3106/716/2446 3107/715/2446 3095/702/2446
f 3095/702/2447 3107/715/2447 3108/717/2447 3096/704/2447
f 3096/704/2448 3108/717/2448 3109/718/2448 3097/705/2448
f 3097/705/2449 3109/718/2449 3110/719/2449 3098/706/2449
f 3098/706/2450 3110/719/2450 3111/720/2450 3099/707/2450
f 3099/707/2451 3111/720/2451 3100/709/2451 3088/696/2451
f 3100/709/2452 3112/301/2452 3113/721/2452 3101/708/2452
f 3101/708/2453 3113/721/2453 3114/722/2453 3102/710/2453
f 3102/710/2454 3114/722/2454 3115/300/2454 3103/711/2454
f 3103/711/2455 3115/300/2455 3116/723/2455 3104/712/2455
f 3104/712/2456 3116/723/2456 3117/724/2456 3105/713/2456
f 3105/713/2457 3117/724/2457 3118/725/2457 3106/714/2457
f 3106/716/2458 3118/727/2458 3119/726/2458 3107/715/2458
f 3107/715/2459 3119/726/2459 3120/728/2459 3108/717/2459
f 3108/717/2460 3120/728/2460 3121/729/2460 3109/718/2460
f 3109/718/2461 3121/729/2461 3122/730/2461 3110/719/2461
f 3110/719/2462 3122/730/2462 3123/731/2462 3111/720/2462
f 3111/720/2463 3123/731/2463 3112/301/2463 3100/709/2463
f 3124/303/2464 3135/734/2464 3136/733/2464 3125/732/2464
f 3125/732/2465 3136/733/2465 3137/736/2465 3126/735/2465
f 3126/735/2466 3137/736/2466 3138/737/2466 3127/302/2466
f 3127/302/2467 3138/737/2467 3139/739/2467 3128/738/2467
f 3128/738/2468 3139/739/2468 3268/741/2468 3267/740/2468
f 3269/742/2469 3270/745/2469 3143/744/2469 3131/743/2469
f 3131/743/2470 3143/744/2470 3144/747/2470 3132/746/2470
f 3132/746/2471 3144/747/2471 3145/749/2471 3133/748/2471
f 3133/748/2472 3145/749/2472 3146/751/2472 3134/750/2472
f 3134/750/2473 3146/751/2473 3135/734/2473 3124/303/2473
f 3135/734/2474 3147/753/2474 3148/752/2474 3136/733/2474
f 3136/733/2475 3148/752/2475 3149/754/2475 3137/736/2475
f 3137/736/2476 3149/754/2476 3150/755/2476 3138/737/2476
f 3138/737/2477 3150/755/2477 3151/756/2477 3139/739/2477
f 3139/739/2478 3151/756/2478 3152/757/2478 3268/741/2478
f 3268/741/2479 3152/757/2479 3153/759/2479 3141/758/2479
f 3141/760/2480 3153/762/2480 3154/761/2480 3270/745/2480
f 3270/745/2481 3154/761/2481 3155/763/2481 3143/744/2481
f 3143/744/2482 3155/763/2482 3156/764/2482 3144/747/2482
f 3144/747/2483 3156/764/2483 3157/765/2483 3145/749/2483
f 3145/749/2484 3157/765/2484 3158/766/2484 3146/751/2484
f 3146/751/2485 3158/766/2485 3147/753/2485 3135/734/2485
f 3147/753/2486 3159/23/2486 3160/767/2486 3148/752/2486
f 3148/752/2487 3160/767/2487 3161/768/2487 3149/754/2487
f 3149/754/2488 3161/768/2488 3162/29/2488 3150/755/2488
f 3150/755/2489 3162/29/2489 3163/769/2489 3151/756/2489
f 3151/756/2490 3163/769/2490 3164/770/2490 3152/757/2490
f 3152/757/2491 3164/770/2491 3165/30/2491 3153/759/2491
f 3153/762/2492 3165/772/2492 3166/771/2492 3154/761/2492
f 3154/761/2493 3166/771/2493 3167/773/2493 3155/763/2493
f 3155/763/2494 3167/773/2494 3168/21/2494 3156/764/2494
f 3156/764/2495 3168/21/2495 3169/774/2495 3157/765/2495
f 3157/765/2496 3169/774/2496 3170/775/2496 3158/766/2496
f 3158/766/2497 3170/775/2497 3159/23/2497 3147/753/2497
f 3159/23/2498 3171/777/2498 3172/776/2498 3160/767/2498
f 3160/767/2499 3172/776/2499 3173/778/2499 3161/768/2499
f 3161/768/2500 3173/778/2500 3174/779/2500 3162/29/2500
f 3162/29/2501 3174/779/2501 3175/780/2501 3163/769/2501
f 3163/769/2502 3175/780/2502 3176/781/2502 3164/770/2502
f 3164/770/2503 3176/781/2503 3177/782/2503 3165/30/2503
f 3165/772/2504 3177/784/2504 3178/783/2504 3166/771/2504
f 3166/771/2505 3178/783/2505 3179/785/2505 3167/773/2505
f 3167/773/2506 3179/785/2506 3180/786/2506 3168/21/2506
f 3168/21/2507 3180/786/2507 3181/787/2507 3169/774/2507
f 3169/774/2508 3181/787/2508 3182/788/2508 3170/775/2508
f 3170/775/2509 3182/788/2509 3171/777/2509 3159/23/2509
f 3171/777/2510 3183/790/2510 3184/789/2510 3172/776/2510
f 3172/776/2511 3184/789/2511 3185/791/2511 3173/778/2511
f 3173/778/2512 3185/791/2512 3186/792/2512 3174/779/2512
f 3174/779/2513 3186/792/2513 3187/793/2513 3175/780/2513
f 3175/780/2514 3187/793/2514 3188/794/2514 3176/781/2514
f 3176/781/2515 3188/794/2515 3189/795/2515 3177/782/2515
f 3177/784/2516 3189/797/2516 3190/796/2516 3178/783/2516
f 3178/783/2517 3190/796/2517 3191/798/2517 3179/785/2517
f 3179/785/2518 3191/798/2518 3192/799/2518 3180/786/2518
f 3180/786/2519 3192/799/2519 3193/800/2519 3181/787/2519
f 3181/787/2520 3193/800/2520 3194/801/2520 3182/788/2520
f 3182/788/2521 3194/801/2521 3183/790/2521 3171/777/2521
f 3183/790/2522 3040/381/2522 3041/382/2522 3184/789/2522
f 3184/789/2523 3041/382/2523 3042/383/2523 3185/791/2523
f 3185/791/2524 3042/383/2524 3043/384/2524 3186/792/2524
f 3186/792/2525 3043/384/2525 3044/385/2525 3187/793/2525
f 3187/793/2526 3044/385/2526 3045/374/2526 3188/794/2526
f 3188/794/2527 3045/374/2527 3046/373/2527 3189/795/2527
f 3189/797/2528 3046/666/2528 3047/375/2528 3190/796/2528
f 3190/796/2529 3047/375/2529 3048/377/2529 3191/798/2529
f 3191/798/2530 3048/377/2530 3049/378/2530 3192/799/2530
f 3192/799/2531 3049/378/2531 3050/379/2531 3193/800/2531
f 3193/800/2532 3050/379/2532 3051/380/2532 3194/801/2532
f 3194/801/2533 3051/380/2533 3040/381/2533 3183/790/2533
f 3207/301/2534 3206/802/2534 3212/690/2534 3214/726/2534
f 3255/33/2535 3256/33/2535 3265/33/2535 3266/33/2535
f 3227/33/2536 3208/33/2536 3260/33/2536 3259/33/2536
f 3205/381/2537 3208/23/2537 3263/771/2537 3211/375/2537
f 3229/33/2538 3206/33/2538 3210/33/2538 3230/33/2538
f 3234/33/2539 3212/33/2539 3206/33/2539 3229/33/2539
f 3232/33/2540 3205/33/2540 3211/33/2540 3233/33/2540
f 3205/381/2537 3209/374/2537 3260/770/2537 3208/23/2537
f 3264/33/2541 3263/33/2541 3208/33/2541 3227/33/2541
f 3217/33/2542 3218/33/2542 3256/33/2542 3255/33/2542
f 3237/33/2543 3238/33/2543 3239/33/2543 3240/33/2543
f 3207/301/2534 3213/724/2534 3210/687/2534 3206/802/2534
f 3203/33/2544 3204/33/2544 3202/33/2544 3201/33/2544
f 3197/803/2545 3195/804/2545 3209/374/2545 3210/687/2545
f 3196/805/2546 3198/806/2546 3212/690/2546 3211/375/2546
f 3199/807/2547 3197/803/2547 3210/687/2547 3213/724/2547
f 3198/806/2546 3200/808/2546 3214/726/2546 3212/690/2546
f 3203/809/2545 3201/810/2545 3215/33/2545 3260/770/2545
f 3202/811/2546 3204/812/2546 3263/771/2546 3262/33/2546
f 3195/804/2545 3203/809/2545 3260/770/2545 3209/374/2545
f 3204/812/2546 3196/805/2546 3211/375/2546 3263/771/2546
f 3199/33/2548 3200/33/2548 3198/33/2548 3197/33/2548
f 3197/33/2410 3198/33/2410 3196/33/2410 3195/33/2410
f 3195/33/2549 3196/33/2549 3204/33/2549 3203/33/2549
f 3252/33/2550 3253/33/2550 3274/33/2550 3273/33/2550
f 3270/33/2551 3272/33/2551 3223/33/2551 3141/33/2551
f 3141/33/2552 3223/33/2552 3271/33/2552 3268/33/2552
f 3142/33/2553 3140/33/2553 3253/33/2553 3252/33/2553
f 3226/33/2554 3225/33/2554 3224/33/2554 3257/33/2554
f 3272/33/2555 3264/33/2555 3227/33/2555 3223/33/2555
f 3223/33/2556 3227/33/2556 3259/33/2556 3271/33/2556
f 3222/33/2557 3220/33/2557 3225/33/2557 3226/33/2557
f 3236/33/2558 3237/33/2558 3240/33/2558 3241/33/2558
f 3058/33/2559 3232/33/2559 3233/33/2559 3059/33/2559
f 3071/33/2560 3234/33/2560 3229/33/2560 3070/33/2560
f 3070/33/2561 3229/33/2561 3230/33/2561 3069/33/2561
f 3235/33/2562 3236/33/2562 3241/33/2562 3242/33/2562
f 3057/33/2563 3231/33/2563 3232/33/2563 3058/33/2563
f 3230/33/2564 3210/33/2564 3236/33/2564 3235/33/2564
f 3210/33/2565 3209/33/2565 3237/33/2565 3236/33/2565
f 3209/33/2566 3231/33/2566 3238/33/2566 3237/33/2566
f 3231/33/2566 3230/33/2566 3235/33/2566 3238/33/2566
f 3233/33/2567 3211/33/2567 3240/33/2567 3239/33/2567
f 3211/33/2567 3212/33/2567 3241/33/2567 3240/33/2567
f 3212/33/2567 3234/33/2567 3242/33/2567 3241/33/2567
f 3234/33/2567 3233/33/2567 3239/33/2567 3242/33/2567
f 3059/33/2567 3233/33/2567 3244/33/2567 3243/33/2567
f 3233/33/2567 3234/33/2567 3245/33/2567 3244/33/2567
f 3234/33/2567 3071/33/2567 3246/33/2567 3245/33/2567
f 3071/33/2567 3059/33/2567 3243/33/2567 3246/33/2567
f 3069/33/2566 3230/33/2566 3248/33/2566 3247/33/2566
f 3230/33/2566 3231/33/2566 3249/33/2566 3248/33/2566
f 3231/33/2566 3057/33/2566 3250/33/2566 3249/33/2566
f 3057/33/2566 3069/33/2566 3247/33/2566 3250/33/2566
f 3243/33/2543 3244/33/2543 3249/33/2543 3250/33/2543
f 3244/33/2558 3245/33/2558 3248/33/2558 3249/33/2558
f 3245/33/2562 3246/33/2562 3247/33/2562 3248/33/2562
f 3246/33/2410 3243/33/2410 3250/33/2410 3247/33/2410
f 3221/33/2568 3222/33/2568 3272/33/2568 3251/33/2568
f 3220/33/2569 3219/33/2569 3254/33/2569 3271/33/2569
f 3225/33/2570 3220/33/2570 3271/33/2570 3259/33/2570
f 3222/33/2571 3226/33/2571 3264/33/2571 3272/33/2571
f 3226/33/2572 3257/33/2572 3228/33/2572 3264/33/2572
f 3224/33/2573 3225/33/2573 3259/33/2573 3258/33/2573
f 3221/33/2574 3219/33/2574 3220/33/2574 3222/33/2574
f 3217/33/2575 3255/33/2575 3259/33/2575 3260/33/2575
f 3261/33/2576 3217/33/2576 3260/33/2576 3215/33/2576
f 3218/33/2577 3216/33/2577 3262/33/2577 3263/33/2577
f 3256/33/2578 3218/33/2578 3263/33/2578 3264/33/2578
f 3265/33/2579 3256/33/2579 3264/33/2579 3228/33/2579
f 3255/33/2580 3266/33/2580 3258/33/2580 3259/33/2580
f 3261/33/2581 3216/33/2581 3218/33/2581 3217/33/2581
f 3140/33/2582 3129/33/2582 3267/33/2582 3268/33/2582
f 3130/33/2583 3142/33/2583 3270/33/2583 3269/33/2583
f 3253/33/2584 3140/33/2584 3268/33/2584 3271/33/2584
f 3142/33/2585 3252/33/2585 3272/33/2585 3270/33/2585
f 3252/33/2586 3273/33/2586 3251/33/2586 3272/33/2586
f 3274/33/2587 3253/33/2587 3271/33/2587 3254/33/2587
f 3130/33/2588 3129/33/2588 3140/33/2588 3142/33/2588
f 3275/381/2589 3276/382/2589 3288/659/2589 3287/660/2589
f 3276/382/2590 3277/383/2590 3289/661/2590 3288/659/2590
f 3277/383/2591 3278/384/2591 3290/662/2591 3289/661/2591
f 3278/384/2592 3279/385/2592 3291/663/2592 3290/662/2592
f 3279/385/2593 3280/374/2593 3292/664/2593 3291/663/2593
f 3280/374/2594 3281/373/2594 3293/665/2594 3292/664/2594
f 3281/666/2595 3282/375/2595 3294/667/2595 3293/668/2595
f 3282/375/2596 3283/377/2596 3295/669/2596 3294/667/2596
f 3283/377/2597 3284/378/2597 3296/670/2597 3295/669/2597
f 3284/378/2598 3285/379/2598 3297/671/2598 3296/670/2598
f 3285/379/2599 3286/380/2599 3298/672/2599 3297/671/2599
f 3286/380/2600 3275/381/2600 3287/660/2600 3298/672/2600
f 3287/660/2601 3288/659/2601 3300/673/2601 3299/674/2601
f 3288/659/2602 3289/661/2602 3301/675/2602 3300/673/2602
f 3289/661/2603 3290/662/2603 3302/676/2603 3301/675/2603
f 3290/662/2604 3291/663/2604 3303/677/2604 3302/676/2604
f 3291/663/2605 3292/664/2605 3304/678/2605 3303/677/2605
f 3430/33/2606 3431/33/2606 3413/33/2606 3416/33/2606
f 3437/33/2537 3438/33/2537 3441/33/2537 3434/33/2537
f 3294/667/2607 3295/669/2607 3307/679/2607 3306/680/2607
f 3295/669/2608 3296/670/2608 3308/681/2608 3307/679/2608
f 3296/670/2609 3297/671/2609 3309/682/2609 3308/681/2609
f 3297/671/2610 3298/672/2610 3310/683/2610 3309/682/2610
f 3298/672/2611 3287/660/2611 3299/674/2611 3310/683/2611
f 3299/674/2612 3300/673/2612 3312/684/2612 3311/19/2612
f 3300/673/2613 3301/675/2613 3313/685/2613 3312/684/2613
f 3301/675/2614 3302/676/2614 3314/25/2614 3313/685/2614
f 3302/676/2615 3303/677/2615 3315/686/2615 3314/25/2615
f 3303/677/2616 3304/678/2616 3316/687/2616 3315/686/2616
f 3304/678/2617 3305/688/2617 3317/31/2617 3316/687/2617
f 3305/689/2618 3306/680/2618 3318/690/2618 3317/691/2618
f 3306/680/2619 3307/679/2619 3319/692/2619 3318/690/2619
f 3307/679/2620 3308/681/2620 3320/22/2620 3319/692/2620
f 3308/681/2621 3309/682/2621 3321/693/2621 3320/22/2621
f 3309/682/2622 3310/683/2622 3322/694/2622 3321/693/2622
f 3310/683/2623 3299/674/2623 3311/19/2623 3322/694/2623
f 3311/19/2624 3312/684/2624 3324/695/2624 3323/696/2624
f 3312/684/2625 3313/685/2625 3325/697/2625 3324/695/2625
f 3313/685/2626 3314/25/2626 3326/698/2626 3325/697/2626
f 3314/25/2627 3315/686/2627 3327/699/2627 3326/698/2627
f 3315/686/2628 3316/687/2628 3328/700/2628 3327/699/2628
f 3316/687/2629 3317/31/2629 3329/701/2629 3328/700/2629
f 3317/691/2630 3318/690/2630 3330/702/2630 3329/703/2630
f 3318/690/2631 3319/692/2631 3331/704/2631 3330/702/2631
f 3319/692/2632 3320/22/2632 3332/705/2632 3331/704/2632
f 3320/22/2633 3321/693/2633 3333/706/2633 3332/705/2633
f 3321/693/2634 3322/694/2634 3334/707/2634 3333/706/2634
f 3322/694/2635 3311/19/2635 3323/696/2635 3334/707/2635
f 3323/696/2636 3324/695/2636 3336/708/2636 3335/709/2636
f 3324/695/2637 3325/697/2637 3337/710/2637 3336/708/2637
f 3325/697/2638 3326/698/2638 3338/711/2638 3337/710/2638
f 3326/698/2639 3327/699/2639 3339/712/2639 3338/711/2639
f 3327/699/2640 3328/700/2640 3340/713/2640 3339/712/2640
f 3328/700/2641 3329/701/2641 3341/714/2641 3340/713/2641
f 3329/703/2642 3330/702/2642 3342/715/2642 3341/716/2642
f 3330/702/2643 3331/704/2643 3343/717/2643 3342/715/2643
f 3331/704/2644 3332/705/2644 3344/718/2644 3343/717/2644
f 3332/705/2645 3333/706/2645 3345/719/2645 3344/718/2645
f 3333/706/2646 3334/707/2646 3346/720/2646 3345/719/2646
f 3334/707/2647 3323/696/2647 3335/709/2647 3346/720/2647
f 3335/709/2648 3336/708/2648 3113/721/2648 3112/301/2648
f 3336/708/2649 3337/710/2649 3114/722/2649 3113/721/2649
f 3337/710/2650 3338/711/2650 3115/300/2650 3114/722/2650
f 3338/711/2651 3339/712/2651 3116/723/2651 3115/300/2651
f 3339/712/2652 3340/713/2652 3117/724/2652 3116/723/2652
f 3340/713/2653 3341/714/2653 3118/725/2653 3117/724/2653
f 3341/716/2654 3342/715/2654 3119/726/2654 3118/727/2654
f 3342/715/2655 3343/717/2655 3120/728/2655 3119/726/2655
f 3343/717/2656 3344/718/2656 3121/729/2656 3120/728/2656
f 3344/718/2657 3345/719/2657 3122/730/2657 3121/729/2657
f 3345/719/2658 3346/720/2658 3123/731/2658 3122/730/2658
f 3346/720/2659 3335/709/2659 3112/301/2659 3123/731/2659
f 3124/303/2660 3125/732/2660 3348/733/2660 3347/734/2660
f 3125/732/2661 3126/735/2661 3349/736/2661 3348/733/2661
f 3126/735/2662 3127/302/2662 3350/737/2662 3349/736/2662
f 3127/302/2663 3128/738/2663 3351/739/2663 3350/737/2663
f 3128/738/2664 3267/740/2664 3458/741/2664 3351/739/2664
f 3269/742/2665 3131/743/2665 3355/744/2665 3459/745/2665
f 3131/743/2666 3132/746/2666 3356/747/2666 3355/744/2666
f 3132/746/2667 3133/748/2667 3357/749/2667 3356/747/2667
f 3133/748/2668 3134/750/2668 3358/751/2668 3357/749/2668
f 3134/750/2669 3124/303/2669 3347/734/2669 3358/751/2669
f 3347/734/2670 3348/733/2670 3360/752/2670 3359/753/2670
f 3348/733/2671 3349/736/2671 3361/754/2671 3360/752/2671
f 3349/736/2672 3350/737/2672 3362/755/2672 3361/754/2672
f 3350/737/2673 3351/739/2673 3363/756/2673 3362/755/2673
f 3351/739/2674 3458/741/2674 3364/757/2674 3363/756/2674
f 3458/741/2675 3353/758/2675 3365/759/2675 3364/757/2675
f 3353/760/2676 3459/745/2676 3366/761/2676 3365/762/2676
f 3459/745/2677 3355/744/2677 3367/763/2677 3366/761/2677
f 3355/744/2678 3356/747/2678 3368/764/2678 3367/763/2678
f 3356/747/2679 3357/749/2679 3369/765/2679 3368/764/2679
f 3357/749/2680 3358/751/2680 3370/766/2680 3369/765/2680
f 3358/751/2681 3347/734/2681 3359/753/2681 3370/766/2681
f 3359/753/2682 3360/752/2682 3372/767/2682 3371/23/2682
f 3360/752/2683 3361/754/2683 3373/768/2683 3372/767/2683
f 3361/754/2684 3362/755/2684 3374/29/2684 3373/768/2684
f 3362/755/2685 3363/756/2685 3375/769/2685 3374/29/2685
f 3363/756/2686 3364/757/2686 3376/770/2686 3375/769/2686
f 3364/757/2687 3365/759/2687 3377/30/2687 3376/770/2687
f 3365/762/2688 3366/761/2688 3378/771/2688 3377/772/2688
f 3366/761/2689 3367/763/2689 3379/773/2689 3378/771/2689
f 3367/763/2690 3368/764/2690 3380/21/2690 3379/773/2690
f 3368/764/2691 3369/765/2691 3381/774/2691 3380/21/2691
f 3369/765/2692 3370/766/2692 3382/775/2692 3381/774/2692
f 3370/766/2693 3359/753/2693 3371/23/2693 3382/775/2693
f 3371/23/2694 3372/767/2694 3384/776/2694 3383/777/2694
f 3372/767/2695 3373/768/2695 3385/778/2695 3384/776/2695
f 3373/768/2696 3374/29/2696 3386/779/2696 3385/778/2696
f 3374/29/2697 3375/769/2697 3387/780/2697 3386/779/2697
f 3375/769/2698 3376/770/2698 3388/781/2698 3387/780/2698
f 3376/770/2699 3377/30/2699 3389/782/2699 3388/781/2699
f 3377/772/2700 3378/771/2700 3390/783/2700 3389/784/2700
f 3378/771/2701 3379/773/2701 3391/785/2701 3390/783/2701
f 3379/773/2702 3380/21/2702 3392/786/2702 3391/785/2702
f 3380/21/2703 3381/774/2703 3393/787/2703 3392/786/2703
f 3381/774/2704 3382/775/2704 3394/788/2704 3393/787/2704
f 3382/775/2705 3371/23/2705 3383/777/2705 3394/788/2705
f 3383/777/2706 3384/776/2706 3396/789/2706 3395/790/2706
f 3384/776/2707 3385/778/2707 3397/791/2707 3396/789/2707
f 3385/778/2708 3386/779/2708 3398/792/2708 3397/791/2708
f 3386/779/2709 3387/780/2709 3399/793/2709 3398/792/2709
f 3387/780/2710 3388/781/2710 3400/794/2710 3399/793/2710
f 3388/781/2711 3389/782/2711 3401/795/2711 3400/794/2711
f 3389/784/2712 3390/783/2712 3402/796/2712 3401/797/2712
f 3390/783/2713 3391/785/2713 3403/798/2713 3402/796/2713
f 3391/785/2714 3392/786/2714 3404/799/2714 3403/798/2714
f 3392/786/2715 3393/787/2715 3405/800/2715 3404/799/2715
f 3393/787/2716 3394/788/2716 3406/801/2716 3405/800/2716
f 3394/788/2717 3383/777/2717 3395/790/2717 3406/801/2717
f 3395/790/2718 3396/789/2718 3276/382/2718 3275/381/2718
f 3396/789/2719 3397/791/2719 3277/383/2719 3276/382/2719
f 3397/791/2720 3398/792/2720 3278/384/2720 3277/383/2720
f 3398/792/2721 3399/793/2721 3279/385/2721 3278/384/2721
f 3399/793/2722 3400/794/2722 3280/374/2722 3279/385/2722
f 3400/794/2723 3401/795/2723 3281/373/2723 3280/374/2723
f 3401/797/2724 3402/796/2724 3282/375/2724 3281/666/2724
f 3402/796/2725 3403/798/2725 3283/377/2725 3282/375/2725
f 3403/798/2726 3404/799/2726 3284/378/2726 3283/377/2726
f 3404/799/2727 3405/800/2727 3285/379/2727 3284/378/2727
f 3405/800/2728 3406/801/2728 3286/380/2728 3285/379/2728
f 3406/801/2729 3395/790/2729 3275/381/2729 3286/380/2729
f 3207/301/2544 3214/726/2544 3419/690/2544 3414/802/2544
f 3452/33/2730 3266/33/2730 3265/33/2730 3453/33/2730
f 3427/33/2731 3454/33/2731 3455/33/2731 3415/33/2731
f 3413/381/2410 3418/375/2410 3456/771/2410 3415/23/2410
f 3428/33/2732 3429/33/2732 3417/33/2732 3414/33/2732
f 3433/33/2733 3428/33/2733 3414/33/2733 3419/33/2733
f 3431/33/2734 3432/33/2734 3418/33/2734 3413/33/2734
f 3413/381/2410 3415/23/2410 3455/770/2410 3416/374/2410
f 3457/33/2735 3427/33/2735 3415/33/2735 3456/33/2735
f 3420/33/2736 3452/33/2736 3453/33/2736 3421/33/2736
f 3436/33/2737 3439/33/2737 3438/33/2737 3437/33/2737
f 3207/301/2544 3414/802/2544 3417/687/2544 3213/724/2544
f 3411/33/2534 3201/33/2534 3202/33/2534 3412/33/2534
f 3409/803/2547 3417/687/2547 3416/374/2547 3407/804/2547
f 3408/805/2546 3418/375/2546 3419/690/2546 3410/806/2546
f 3199/807/2547 3213/724/2547 3417/687/2547 3409/803/2547
f 3410/806/2546 3419/690/2546 3214/726/2546 3200/808/2546
f 3411/809/2545 3455/770/2545 3215/33/2545 3201/810/2545
f 3202/811/2546 3262/33/2546 3456/771/2546 3412/812/2546
f 3407/804/2545 3416/374/2545 3455/770/2545 3411/809/2545
f 3412/812/2546 3456/771/2546 3418/375/2546 3408/805/2546
f 3199/33/2581 3409/33/2581 3410/33/2581 3200/33/2581
f 3409/33/2537 3407/33/2537 3408/33/2537 3410/33/2537
f 3407/33/2558 3411/33/2558 3412/33/2558 3408/33/2558
f 3450/33/2738 3273/33/2738 3274/33/2738 3451/33/2738
f 3459/33/2739 3353/33/2739 3424/33/2739 3461/33/2739
f 3353/33/2740 3458/33/2740 3460/33/2740 3424/33/2740
f 3354/33/2741 3450/33/2741 3451/33/2741 3352/33/2741
f 3426/33/2742 3257/33/2742 3224/33/2742 3425/33/2742
f 3461/33/2743 3424/33/2743 3427/33/2743 3457/33/2743
f 3424/33/2744 3460/33/2744 3454/33/2744 3427/33/2744
f 3423/33/2745 3426/33/2745 3425/33/2745 3422/33/2745
f 3435/33/2549 3440/33/2549 3439/33/2549 3436/33/2549
f 3293/33/2746 3294/33/2746 3432/33/2746 3431/33/2746
f 3306/33/2747 3305/33/2747 3428/33/2747 3433/33/2747
f 3305/33/2748 3304/33/2748 3429/33/2748 3428/33/2748
f 3434/33/2749 3441/33/2749 3440/33/2749 3435/33/2749
f 3292/33/2750 3293/33/2750 3431/33/2750 3430/33/2750
f 3429/33/2751 3434/33/2751 3435/33/2751 3417/33/2751
f 3417/33/2752 3435/33/2752 3436/33/2752 3416/33/2752
f 3416/33/2753 3436/33/2753 3437/33/2753 3430/33/2753
f 3430/33/2753 3437/33/2753 3434/33/2753 3429/33/2753
f 3432/33/2754 3438/33/2754 3439/33/2754 3418/33/2754
f 3418/33/2754 3439/33/2754 3440/33/2754 3419/33/2754
f 3419/33/2754 3440/33/2754 3441/33/2754 3433/33/2754
f 3433/33/2754 3441/33/2754 3438/33/2754 3432/33/2754
f 3294/33/2754 3442/33/2754 3443/33/2754 3432/33/2754
f 3432/33/2754 3443/33/2754 3444/33/2754 3433/33/2754
f 3433/33/2754 3444/33/2754 3445/33/2754 3306/33/2754
f 3306/33/2754 3445/33/2754 3442/33/2754 3294/33/2754
f 3304/33/2753 3446/33/2753 3447/33/2753 3429/33/2753
f 3429/33/2753 3447/33/2753 3448/33/2753 3430/33/2753
f 3430/33/2753 3448/33/2753 3449/33/2753 3292/33/2753
f 3292/33/2753 3449/33/2753 3446/33/2753 3304/33/2753
f 3442/33/2737 3449/33/2737 3448/33/2737 3443/33/2737
f 3443/33/2549 3448/33/2549 3447/33/2549 3444/33/2549
f 3444/33/2749 3447/33/2749 3446/33/2749 3445/33/2749
f 3445/33/2537 3446/33/2537 3449/33/2537 3442/33/2537
f 3221/33/2755 3251/33/2755 3461/33/2755 3423/33/2755
f 3422/33/2756 3460/33/2756 3254/33/2756 3219/33/2756
f 3425/33/2757 3454/33/2757 3460/33/2757 3422/33/2757
f 3423/33/2758 3461/33/2758 3457/33/2758 3426/33/2758
f 3426/33/2759 3457/33/2759 3228/33/2759 3257/33/2759
f 3224/33/2760 3258/33/2760 3454/33/2760 3425/33/2760
f 3221/33/2761 3423/33/2761 3422/33/2761 3219/33/2761
f 3420/33/2762 3455/33/2762 3454/33/2762 3452/33/2762
f 3261/33/2763 3215/33/2763 3455/33/2763 3420/33/2763
f 3421/33/2764 3456/33/2764 3262/33/2764 3216/33/2764
f 3453/33/2765 3457/33/2765 3456/33/2765 3421/33/2765
f 3265/33/2766 3228/33/2766 3457/33/2766 3453/33/2766
f 3452/33/2767 3454/33/2767 3258/33/2767 3266/33/2767
f 3261/33/2548 3420/33/2548 3421/33/2548 3216/33/2548
f 3352/33/2768 3458/33/2768 3267/33/2768 3129/33/2768
f 3130/33/2769 3269/33/2769 3459/33/2769 3354/33/2769
f 3451/33/2770 3460/33/2770 3458/33/2770 3352/33/2770
f 3354/33/2771 3459/33/2771 3461/33/2771 3450/33/2771
f 3450/33/2772 3461/33/2772 3251/33/2772 3273/33/2772
f 3274/33/2773 3254/33/2773 3460/33/2773 3451/33/2773
f 3130/33/2774 3354/33/2774 3352/33/2774 3129/33/2774
f 3462/102/2775 3464/20/2775 3465/813/2775 3463/438/2775
f 3464/20/2776 3466/301/2776 3467/725/2776 3465/813/2776
f 3466/301/2777 3468/19/2777 3469/31/2777 3467/725/2777
f 3468/19/2778 3470/381/2778 3471/373/2778 3469/31/2778
f 3470/381/2779 3472/23/2779 3473/30/2779 3471/373/2779
f 3472/23/2780 3474/303/2780 3475/814/2780 3473/30/2780
f 3483/815/2781 3492/815/2781 3493/816/2781 3484/816/2781
f 3474/303/2782 3476/24/2782 3477/817/2782 3475/814/2782
f 3476/24/2783 3462/88/2783 3463/310/2783 3477/817/2783
f 3465/818/8 3478/821/8 3479/820/8 3463/819/8
f 3463/819/8 3479/820/8 3480/823/8 3477/822/8
f 3477/822/8 3480/823/8 3481/825/8 3475/824/8
f 3475/824/8 3481/825/8 3482/827/8 3473/826/8
f 3473/826/8 3482/827/8 3483/815/8 3471/828/8
f 3471/828/8 3483/815/8 3484/816/8 3469/829/8
f 3469/829/8 3484/816/8 3485/831/8 3467/830/8
f 3467/830/8 3485/831/8 3478/821/8 3465/818/8
f 3489/823/8 3487/820/8 3494/746/8 3490/825/8
f 3481/825/2784 3490/825/2784 3491/827/2784 3482/827/2784
f 3479/820/2785 3487/820/2785 3489/823/2785 3480/823/2785
f 3478/821/2786 3486/821/2786 3487/820/2786 3479/820/2786
f 3484/816/2787 3493/816/2787 3488/831/2787 3485/831/2787
f 3482/827/2788 3491/827/2788 3492/815/2788 3483/815/2788
f 3480/823/2789 3489/823/2789 3490/825/2789 3481/825/2789
f 3485/831/2790 3488/831/2790 3486/821/2790 3478/821/2790
f 3490/825/8 3494/746/8 3492/815/8 3491/827/8
f 3487/820/8 3486/821/8 3488/831/8 3494/746/8
f 3494/746/8 3488/831/8 3493/816/8 3492/815/8
f 3495/102/2775 3497/20/2775 3498/813/2775 3496/438/2775
f 3497/20/2776 3499/301/2776 3500/725/2776 3498/813/2776
f 3499/301/2777 3501/19/2777 3502/31/2777 3500/725/2777
f 3501/19/2778 3503/381/2778 3504/373/2778 3502/31/2778
f 3503/381/2779 3505/23/2779 3506/30/2779 3504/373/2779
f 3505/23/2780 3507/303/2780 3508/814/2780 3506/30/2780
f 3516/815/2781 3525/815/2781 3526/816/2781 3517/816/2781
f 3507/303/2782 3509/24/2782 3510/817/2782 3508/814/2782
f 3509/24/2783 3495/88/2783 3496/310/2783 3510/817/2783
f 3498/818/8 3511/821/8 3512/820/8 3496/819/8
f 3496/819/8 3512/820/8 3513/823/8 3510/822/8
f 3510/822/8 3513/823/8 3514/825/8 3508/824/8
f 3508/824/8 3514/825/8 3515/827/8 3506/826/8
f 3506/826/8 3515/827/8 3516/815/8 3504/828/8
f 3504/828/8 3516/815/8 3517/816/8 3502/829/8
f 3502/829/8 3517/816/8 3518/831/8 3500/830/8
f 3500/830/8 3518/831/8 3511/821/8 3498/818/8
f 3522/823/8 3520/820/8 3527/746/8 3523/825/8
f 3514/825/2784 3523/825/2784 3524/827/2784 3515/827/2784
f 3512/820/2785 3520/820/2785 3522/823/2785 3513/823/2785
f 3511/821/2786 3519/821/2786 3520/820/2786 3512/820/2786
f 3517/816/2787 3526/816/2787 3521/831/2787 3518/831/2787
f 3515/827/2788 3524/827/2788 3525/815/2788 3516/815/2788
f 3513/823/2789 3522/823/2789 3523/825/2789 3514/825/2789
f 3518/831/2790 3521/831/2790 3519/821/2790 3511/821/2790
f 3523/825/8 3527/746/8 3525/815/8 3524/827/8
f 3520/820/8 3519/821/8 3521/831/8 3527/746/8
f 3527/746/8 3521/831/8 3526/816/8 3525/815/8
f 3529/33/1967 3531/33/1967 3530/33/1967 3528/33/1967
f 3531/33/1966 3534/33/1966 3532/33/1966 3530/33/1966
f 3534/33/1964 3535/33/1964 3533/33/1964 3532/33/1964
f 3541/33/2791 3538/33/2791 3539/33/2791 3540/33/2791
f 3543/33/2792 3541/33/2792 3540/33/2792 3542/33/2792
f 3545/33/1967 3543/33/1967 3542/33/1967 3544/33/1967
f 3535/33/2793 3537/33/2793 3536/33/2793 3533/33/2793
f 3537/33/2794 3539/33/2794 3538/33/2794 3536/33/2794
f 3546/33/2795 3564/33/2795 3567/33/2795 3549/33/2795
f 3549/33/1968 3567/33/1968 3569/33/1968 3552/33/1968
f 3570/33/2796 3551/33/2796 3563/33/2796 3580/33/2796
f 3580/33/2797 3563/33/2797 3554/33/2797 3573/33/2797
f 3579/33/2798 3561/33/2798 3559/33/2798 3577/33/2798
f 3562/33/2799 3578/33/2799 3576/33/2799 3560/33/2799
f 3553/33/2800 3571/33/2800 3581/33/2800 3556/33/2800
f 3560/33/2801 3576/33/2801 3574/33/2801 3558/33/2801
f 3535/33/11 3553/33/11 3556/33/11 3537/33/11
f 3532/33/8 3550/33/8 3548/33/8 3530/33/8
f 3545/33/2802 3562/33/2802 3560/33/2802 3543/33/2802
f 3537/33/2803 3556/33/2803 3555/33/2803 3539/33/2803
f 3533/33/8 3551/33/8 3550/33/8 3532/33/8
f 3543/33/2804 3560/33/2804 3558/33/2804 3541/33/2804
f 3539/33/2805 3555/33/2805 3557/33/2805 3540/33/2805
f 3541/33/2806 3558/33/2806 3554/33/2806 3538/33/2806
f 3534/33/11 3552/33/11 3553/33/11 3535/33/11
f 3538/33/2807 3554/33/2807 3563/33/2807 3536/33/2807
f 3540/33/2808 3557/33/2808 3559/33/2808 3542/33/2808
f 3531/33/11 3549/33/11 3552/33/11 3534/33/11
f 3536/33/8 3563/33/8 3551/33/8 3533/33/8
f 3529/33/11 3546/33/11 3549/33/11 3531/33/11
f 3530/33/8 3548/33/8 3547/33/8 3528/33/8
f 3542/33/2809 3559/33/2809 3561/33/2809 3544/33/2809
f 3558/33/2810 3574/33/2810 3573/33/2810 3554/33/2810
f 3556/33/2811 3581/33/2811 3572/33/2811 3555/33/2811
f 3577/33/2812 3559/33/2812 3557/33/2812 3575/33/2812
f 3575/33/2813 3557/33/2813 3555/33/2813 3572/33/2813
f 3568/33/2814 3550/33/2814 3551/33/2814 3570/33/2814
f 3552/33/2814 3569/33/2814 3571/33/2814 3553/33/2814
f 3566/33/1968 3548/33/1968 3550/33/1968 3568/33/1968
f 3580/33/2815 3584/33/2815 3586/33/2815 3570/33/2815
f 3569/33/2816 3595/33/2816 3587/33/2816 3571/33/2816
f 3581/33/2817 3585/33/2817 3582/33/2817 3572/33/2817
f 3578/33/2818 3591/33/2818 3588/33/2818 3576/33/2818
f 3564/33/2819 3599/33/2819 3597/33/2819 3567/33/2819
f 3570/33/2820 3586/33/2820 3594/33/2820 3568/33/2820
f 3573/33/2821 3583/33/2821 3584/33/2821 3580/33/2821
f 3577/33/2822 3589/33/2822 3590/33/2822 3579/33/2822
f 3565/33/2795 3547/33/2795 3548/33/2795 3566/33/2795
f 3583/33/2823 3582/33/2823 3585/33/2823 3584/33/2823
f 3584/33/2824 3585/33/2824 3587/33/2824 3586/33/2824
f 3589/33/2825 3588/33/2825 3591/33/2825 3590/33/2825
f 3593/33/2826 3592/33/2826 3588/33/2826 3589/33/2826
f 3582/33/2827 3583/33/2827 3592/33/2827 3593/33/2827
f 3586/33/2828 3587/33/2828 3595/33/2828 3594/33/2828
f 3594/33/2829 3595/33/2829 3597/33/2829 3596/33/2829
f 3596/33/2830 3597/33/2830 3599/33/2830 3598/33/2830
f 3568/33/2831 3594/33/2831 3596/33/2831 3566/33/2831
f 3575/33/2832 3593/33/2832 3589/33/2832 3577/33/2832
f 3576/33/2833 3588/33/2833 3592/33/2833 3574/33/2833
f 3571/33/2834 3587/33/2834 3585/33/2834 3581/33/2834
f 3567/33/2835 3597/33/2835 3595/33/2835 3569/33/2835
f 3572/33/2836 3582/33/2836 3593/33/2836 3575/33/2836
f 3566/33/2837 3596/33/2837 3598/33/2837 3565/33/2837
f 3574/33/2838 3592/33/2838 3583/33/2838 3573/33/2838
f 3529/33/1956 3528/33/1956 3600/33/1956 3601/33/1956
f 3601/33/1958 3600/33/1958 3602/33/1958 3604/33/1958
f 3604/33/1959 3602/33/1959 3603/33/1959 3605/33/1959
f 3611/33/2839 3610/33/2839 3609/33/2839 3608/33/2839
f 3613/33/2840 3612/33/2840 3610/33/2840 3611/33/2840
f 3545/33/1956 3544/33/1956 3612/33/1956 3613/33/1956
f 3605/33/2841 3603/33/2841 3606/33/2841 3607/33/2841
f 3607/33/2842 3606/33/2842 3608/33/2842 3609/33/2842
f 3546/33/2843 3615/33/2843 3629/33/2843 3564/33/2843
f 3615/33/1957 3618/33/1957 3631/33/1957 3629/33/1957
f 3632/33/2844 3640/33/2844 3627/33/2844 3617/33/2844
f 3640/33/2845 3635/33/2845 3620/33/2845 3627/33/2845
f 3579/33/2846 3639/33/2846 3625/33/2846 3561/33/2846
f 3562/33/2847 3626/33/2847 3638/33/2847 3578/33/2847
f 3619/33/2848 3622/33/2848 3641/33/2848 3633/33/2848
f 3626/33/2849 3624/33/2849 3636/33/2849 3638/33/2849
f 3605/33/11 3607/33/11 3622/33/11 3619/33/11
f 3602/33/8 3600/33/8 3614/33/8 3616/33/8
f 3545/33/2850 3613/33/2850 3626/33/2850 3562/33/2850
f 3607/33/2851 3609/33/2851 3621/33/2851 3622/33/2851
f 3603/33/8 3602/33/8 3616/33/8 3617/33/8
f 3613/33/2852 3611/33/2852 3624/33/2852 3626/33/2852
f 3609/33/2853 3610/33/2853 3623/33/2853 3621/33/2853
f 3611/33/2854 3608/33/2854 3620/33/2854 3624/33/2854
f 3604/33/11 3605/33/11 3619/33/11 3618/33/11
f 3608/33/2855 3606/33/2855 3627/33/2855 3620/33/2855
f 3610/33/2856 3612/33/2856 3625/33/2856 3623/33/2856
f 3601/33/11 3604/33/11 3618/33/11 3615/33/11
f 3606/33/8 3603/33/8 3617/33/8 3627/33/8
f 3529/33/11 3601/33/11 3615/33/11 3546/33/11
f 3600/33/8 3528/33/8 3547/33/8 3614/33/8
f 3612/33/2857 3544/33/2857 3561/33/2857 3625/33/2857
f 3624/33/2858 3620/33/2858 3635/33/2858 3636/33/2858
f 3622/33/2859 3621/33/2859 3634/33/2859 3641/33/2859
f 3639/33/2860 3637/33/2860 3623/33/2860 3625/33/2860
f 3637/33/2861 3634/33/2861 3621/33/2861 3623/33/2861
f 3630/33/2862 3632/33/2862 3617/33/2862 3616/33/2862
f 3618/33/2862 3619/33/2862 3633/33/2862 3631/33/2862
f 3628/33/1957 3630/33/1957 3616/33/1957 3614/33/1957
f 3640/33/2863 3632/33/2863 3646/33/2863 3644/33/2863
f 3631/33/2864 3633/33/2864 3647/33/2864 3653/33/2864
f 3641/33/2865 3634/33/2865 3642/33/2865 3645/33/2865
f 3578/33/2866 3638/33/2866 3648/33/2866 3591/33/2866
f 3564/33/2066 3629/33/2066 3655/33/2066 3599/33/2066
f 3632/33/2867 3630/33/2867 3652/33/2867 3646/33/2867
f 3635/33/2868 3640/33/2868 3644/33/2868 3643/33/2868
f 3639/33/2869 3579/33/2869 3590/33/2869 3649/33/2869
f 3565/33/2843 3628/33/2843 3614/33/2843 3547/33/2843
f 3643/33/2870 3644/33/2870 3645/33/2870 3642/33/2870
f 3644/33/2871 3646/33/2871 3647/33/2871 3645/33/2871
f 3649/33/2872 3590/33/2872 3591/33/2872 3648/33/2872
f 3651/33/2873 3649/33/2873 3648/33/2873 3650/33/2873
f 3642/33/2874 3651/33/2874 3650/33/2874 3643/33/2874
f 3646/33/2875 3652/33/2875 3653/33/2875 3647/33/2875
f 3652/33/2876 3654/33/2876 3655/33/2876 3653/33/2876
f 3654/33/2877 3598/33/2877 3599/33/2877 3655/33/2877
f 3630/33/2878 3628/33/2878 3654/33/2878 3652/33/2878
f 3637/33/2879 3639/33/2879 3649/33/2879 3651/33/2879
f 3638/33/2880 3636/33/2880 3650/33/2880 3648/33/2880
f 3633/33/2881 3641/33/2881 3645/33/2881 3647/33/2881
f 3629/33/2882 3631/33/2882 3653/33/2882 3655/33/2882
f 3634/33/2883 3637/33/2883 3651/33/2883 3642/33/2883
f 3628/33/2884 3565/33/2884 3598/33/2884 3654/33/2884
f 3636/33/2885 3635/33/2885 3643/33/2885 3650/33/2885
f 3660/376/1 3657/441/1 3659/438/1 3661/373/1
f 3656/33/1 3660/376/1 3661/373/1 3658/310/1
f 3666/376/4 3667/373/4 3665/438/4 3663/441/4
f 3662/33/4 3664/310/4 3667/373/4 3666/376/4
f 3656/33/2886 3662/33/2886 3666/376/2886 3660/376/2886
f 3657/441/2887 3663/441/2887 3665/438/2887 3659/438/2887
f 3658/310/2888 3664/310/2888 3662/33/2888 3656/33/2888
f 3659/438/2889 3665/438/2889 3667/373/2889 3661/373/2889
f 3661/373/2890 3667/373/2890 3664/310/2890 3658/310/2890
f 3660/376/2886 3666/376/2886 3663/441/2886 3657/441/2886
f 3668/102/2891 3670/834/2891 3671/833/2891 3669/832/2891
f 3670/834/4 3672/836/4 3673/835/4 3671/833/4
f 3672/836/2892 3674/838/2892 3675/837/2892 3673/835/2892
f 3674/838/2893 3676/840/2893 3677/839/2893 3675/837/2893
f 3676/840/1 3678/842/1 3679/841/1 3677/839/1
f 3678/842/2894 3668/844/2894 3669/843/2894 3679/841/2894
f 3681/33/2895 3684/33/2895 3683/33/2895 3680/33/2895
f 3680/33/2896 3683/33/2896 3685/33/2896 3682/33/2896
f 3682/33/2897 3685/33/2897 3686/33/2897 3688/33/2897
f 3688/33/2898 3686/33/2898 3687/33/2898 3689/33/2898
f 3689/33/2899 3687/33/2899 3692/33/2899 3690/33/2899
f 3690/33/2900 3692/33/2900 3693/33/2900 3691/33/2900
f 3691/33/2901 3693/33/2901 3694/33/2901 3696/33/2901
f 3696/33/2902 3694/33/2902 3695/33/2902 3697/33/2902
f 3697/33/2903 3695/33/2903 3700/33/2903 3698/33/2903
f 3698/33/2904 3700/33/2904 3701/33/2904 3699/33/2904
f 3699/33/2905 3701/33/2905 3702/33/2905 3704/33/2905
f 3704/33/2906 3702/33/2906 3703/33/2906 3705/33/2906
f 3705/33/2907 3703/33/2907 3708/33/2907 3706/33/2907
f 3706/33/2908 3708/33/2908 3709/33/2908 3707/33/2908
f 3707/33/2909 3709/33/2909 3710/33/2909 3711/33/2909
f 3711/33/2910 3710/33/2910 3684/33/2910 3681/33/2910
f 3713/33/2911 3712/33/2911 3715/33/2911 3716/33/2911
f 3712/33/2912 3714/33/2912 3717/33/2912 3715/33/2912
f 3714/33/2913 3720/33/2913 3718/33/2913 3717/33/2913
f 3720/33/2914 3721/33/2914 3719/33/2914 3718/33/2914
f 3721/33/2915 3722/33/2915 3724/33/2915 3719/33/2915
f 3722/33/2916 3723/33/2916 3725/33/2916 3724/33/2916
f 3723/33/2917 3728/33/2917 3726/33/2917 3725/33/2917
f 3728/33/2918 3729/33/2918 3727/33/2918 3726/33/2918
f 3729/33/2919 3730/33/2919 3732/33/2919 3727/33/2919
f 3730/33/2920 3731/33/2920 3733/33/2920 3732/33/2920
f 3731/33/2921 3736/33/2921 3734/33/2921 3733/33/2921
f 3736/33/2922 3737/33/2922 3735/33/2922 3734/33/2922
f 3737/33/2923 3738/33/2923 3740/33/2923 3735/33/2923
f 3738/33/2924 3739/33/2924 3741/33/2924 3740/33/2924
f 3739/33/2925 3743/33/2925 3742/33/2925 3741/33/2925
f 3743/33/2926 3713/33/2926 3716/33/2926 3742/33/2926
f 3748/5/2 3749/6/2 3745/2/2 3744/1/2
f 3744/1/4 3745/2/4 3759/3/4 3747/4/4
f 3750/9/3 3748/5/3 3744/1/3 3746/7/3
f 3746/7/4 3744/1/4 3747/4/4 3754/8/4
f 3748/10/1 3751/11/1 3752/12/1 3749/13/1
f 3750/14/1 3753/15/1 3751/11/1 3748/10/1
f 3747/4/6 3759/3/6 3752/18/6 3751/16/6
f 3754/8/5 3747/4/5 3751/16/5 3753/17/5
f 3757/19/2927 3754/8/2927 3753/17/2927 3755/20/2927
f 3756/21/1 3755/22/1 3753/15/1 3750/14/1
f 3756/21/8 3758/23/8 3757/19/8 3755/22/8
f 3758/23/4 3746/7/4 3754/8/4 3757/19/4
f 3756/24/2928 3750/9/2928 3746/7/2928 3758/23/2928
f 3759/3/2929 3762/25/2929 3760/26/2929 3752/18/2929
f 3749/13/1 3752/12/1 3760/27/1 3761/28/1
f 3763/29/11 3761/30/11 3760/31/11 3762/25/11
f 3745/2/4 3763/29/4 3762/25/4 3759/3/4
f 3749/6/2930 3761/32/2930 3763/29/2930 3745/2/2930
f 3768/5/2 3764/1/2 3765/2/2 3769/6/2
f 3764/1/1 3767/4/1 3779/3/1 3765/2/1
f 3770/9/3 3766/7/3 3764/1/3 3768/5/3
f 3766/7/1 3774/8/1 3767/4/1 3764/1/1
f 3768/10/4 3769/13/4 3772/12/4 3771/11/4
f 3770/14/4 3768/10/4 3771/11/4 3773/15/4
f 3767/4/6 3771/16/6 3772/18/6 3779/3/6
f 3774/8/5 3773/17/5 3771/16/5 3767/4/5
f 3777/19/2927 3775/20/2927 3773/17/2927 3774/8/2927
f 3776/21/4 3770/14/4 3773/15/4 3775/22/4
f 3776/21/8 3775/22/8 3777/19/8 3778/23/8
f 3778/23/1 3777/19/1 3774/8/1 3766/7/1
f 3776/24/2928 3778/23/2928 3766/7/2928 3770/9/2928
f 3779/3/2929 3772/18/2929 3780/26/2929 3782/25/2929
f 3769/13/4 3781/28/4 3780/27/4 3772/12/4
f 3783/29/11 3782/25/11 3780/31/11 3781/30/11
f 3765/2/1 3779/3/1 3782/25/1 3783/29/1
f 3769/6/2930 3765/2/2930 3783/29/2930 3781/32/2930
f 3784/845/2931 3787/860/2931 3788/859/2931 3844/858/2931 3845/857/2931 3835/856/2931 3833/855/2931 3831/854/2931 3846/853/2931 3820/852/2931 3818/851/2931 3816/850/2931 3847/849/2931 3805/848/2931 3803/847/2931 3785/846/2931
f 3784/102/2932 3785/862/2932 3801/861/2932 3786/438/2932
f 3787/863/2933 3784/88/2933 3786/310/2933 3789/864/2933
f 3788/24/2934 3787/863/2934 3789/864/2934 3790/817/2934
f 3789/864/2931 3791/864/2931 3792/817/2931 3790/817/2931
f 3786/310/2931 3793/310/2931 3791/864/2931 3789/864/2931
f 3791/864/2934 3794/864/2934 3795/817/2934 3792/817/2934
f 3793/310/2933 3796/310/2933 3794/864/2933 3791/864/2933
f 3797/861/2935 3798/813/2935 3809/870/2935 3810/725/2935 3811/869/2935 3812/31/2935 3824/868/2935 3825/373/2935 3826/867/2935 3827/30/2935 3839/866/2935 3840/814/2935 3841/865/2935 3795/817/2935 3794/864/2935 3796/310/2935
f 3799/861/2932 3797/861/2932 3796/438/2932 3793/438/2932
f 3800/813/2936 3798/813/2936 3797/861/2936 3799/861/2936
f 3801/861/2931 3799/861/2931 3793/438/2931 3786/438/2931
f 3802/813/2931 3800/813/2931 3799/861/2931 3801/861/2931
f 3785/862/2936 3803/20/2936 3802/813/2936 3801/861/2936
f 3803/20/2937 3805/871/2937 3804/870/2937 3802/813/2937
f 3804/870/2931 3807/870/2931 3800/813/2931 3802/813/2931
f 3805/871/2938 3847/301/2938 3806/725/2938 3804/870/2938
f 3806/725/2931 3808/725/2931 3807/870/2931 3804/870/2931
f 3807/870/2937 3809/870/2937 3798/813/2937 3800/813/2937
f 3808/725/2938 3810/725/2938 3809/870/2938 3807/870/2938
f 3813/869/2939 3811/869/2939 3810/725/2939 3808/725/2939
f 3814/31/2940 3812/31/2940 3811/869/2940 3813/869/2940
f 3815/869/2931 3813/869/2931 3808/725/2931 3806/725/2931
f 3817/31/2931 3814/31/2931 3813/869/2931 3815/869/2931
f 3847/301/2939 3816/872/2939 3815/869/2939 3806/725/2939
f 3816/872/2940 3818/19/2940 3817/31/2940 3815/869/2940
f 3818/19/2941 3820/873/2941 3819/868/2941 3817/31/2941
f 3819/868/2931 3822/868/2931 3814/31/2931 3817/31/2931
f 3820/873/2942 3846/381/2942 3821/373/2942 3819/868/2942
f 3821/373/2931 3823/373/2931 3822/868/2931 3819/868/2931
f 3822/868/2941 3824/868/2941 3812/31/2941 3814/31/2941
f 3823/373/2942 3825/373/2942 3824/868/2942 3822/868/2942
f 3828/867/2943 3826/867/2943 3825/373/2943 3823/373/2943
f 3829/30/2944 3827/30/2944 3826/867/2944 3828/867/2944
f 3830/867/2931 3828/867/2931 3823/373/2931 3821/373/2931
f 3832/30/2931 3829/30/2931 3828/867/2931 3830/867/2931
f 3846/381/2943 3831/874/2943 3830/867/2943 3821/373/2943
f 3831/874/2944 3833/23/2944 3832/30/2944 3830/867/2944
f 3833/23/2945 3835/875/2945 3834/866/2945 3832/30/2945
f 3834/866/2931 3837/866/2931 3829/30/2931 3832/30/2931
f 3835/875/2946 3845/303/2946 3836/814/2946 3834/866/2946
f 3836/814/2931 3838/814/2931 3837/866/2931 3834/866/2931
f 3837/866/2945 3839/866/2945 3827/30/2945 3829/30/2945
f 3838/814/2946 3840/814/2946 3839/866/2946 3837/866/2946
f 3842/865/2947 3841/865/2947 3840/814/2947 3838/814/2947
f 3792/817/2948 3795/817/2948 3841/865/2948 3842/865/2948
f 3843/865/2931 3842/865/2931 3838/814/2931 3836/814/2931
f 3790/817/2931 3792/817/2931 3842/865/2931 3843/865/2931
f 3845/303/2947 3844/876/2947 3843/865/2947 3836/814/2947
f 3844/876/2948 3788/24/2948 3790/817/2948 3843/865/2948
f 3848/845/2949 3849/846/2949 3867/847/2949 3869/848/2949 3911/849/2949 3880/850/2949 3882/851/2949 3884/852/2949 3910/853/2949 3895/854/2949 3897/855/2949 3899/856/2949 3909/857/2949 3908/858/2949 3852/859/2949 3851/860/2949
f 3848/102/2950 3850/438/2950 3865/861/2950 3849/862/2950
f 3851/863/2951 3853/864/2951 3850/310/2951 3848/88/2951
f 3852/24/2952 3854/817/2952 3853/864/2952 3851/863/2952
f 3853/864/2949 3854/817/2949 3856/817/2949 3855/864/2949
f 3850/310/2949 3853/864/2949 3855/864/2949 3857/310/2949
f 3855/864/2952 3856/817/2952 3859/817/2952 3858/864/2952
f 3857/310/2951 3855/864/2951 3858/864/2951 3860/310/2951
f 3861/861/2953 3860/310/2953 3858/864/2953 3859/817/2953 3905/865/2953 3904/814/2953 3903/866/2953 3891/30/2953 3890/867/2953 3889/373/2953 3888/868/2953 3876/31/2953 3875/869/2953 3874/725/2953 3873/870/2953 3862/813/2953
f 3863/861/2950 3857/438/2950 3860/438/2950 3861/861/2950
f 3864/813/2954 3863/861/2954 3861/861/2954 3862/813/2954
f 3865/861/2949 3850/438/2949 3857/438/2949 3863/861/2949
f 3866/813/2949 3865/861/2949 3863/861/2949 3864/813/2949
f 3849/862/2954 3865/861/2954 3866/813/2954 3867/20/2954
f 3867/20/2955 3866/813/2955 3868/870/2955 3869/871/2955
f 3868/870/2949 3866/813/2949 3864/813/2949 3871/870/2949
f 3869/871/2956 3868/870/2956 3870/725/2956 3911/301/2956
f 3870/725/2949 3868/870/2949 3871/870/2949 3872/725/2949
f 3871/870/2955 3864/813/2955 3862/813/2955 3873/870/2955
f 3872/725/2956 3871/870/2956 3873/870/2956 3874/725/2956
f 3877/869/2957 3872/725/2957 3874/725/2957 3875/869/2957
f 3878/31/2958 3877/869/2958 3875/869/2958 3876/31/2958
f 3879/869/2949 3870/725/2949 3872/725/2949 3877/869/2949
f 3881/31/2949 3879/869/2949 3877/869/2949 3878/31/2949
f 3911/301/2957 3870/725/2957 3879/869/2957 3880/872/2957
f 3880/872/2958 3879/869/2958 3881/31/2958 3882/19/2958
f 3882/19/2959 3881/31/2959 3883/868/2959 3884/873/2959
f 3883/868/2949 3881/31/2949 3878/31/2949 3886/868/2949
f 3884/873/2960 3883/868/2960 3885/373/2960 3910/381/2960
f 3885/373/2949 3883/868/2949 3886/868/2949 3887/373/2949
f 3886/868/2961 3878/31/2961 3876/31/2961 3888/868/2961
f 3887/373/2960 3886/868/2960 3888/868/2960 3889/373/2960
f 3892/867/2962 3887/373/2962 3889/373/2962 3890/867/2962
f 3893/30/2963 3892/867/2963 3890/867/2963 3891/30/2963
f 3894/867/2949 3885/373/2949 3887/373/2949 3892/867/2949
f 3896/30/2949 3894/867/2949 3892/867/2949 3893/30/2949
f 3910/381/2962 3885/373/2962 3894/867/2962 3895/874/2962
f 3895/874/2964 3894/867/2964 3896/30/2964 3897/23/2964
f 3897/23/2965 3896/30/2965 3898/866/2965 3899/875/2965
f 3898/866/2949 3896/30/2949 3893/30/2949 3901/866/2949
f 3899/875/2966 3898/866/2966 3900/814/2966 3909/303/2966
f 3900/814/2949 3898/866/2949 3901/866/2949 3902/814/2949
f 3901/866/2965 3893/30/2965 3891/30/2965 3903/866/2965
f 3902/814/2966 3901/866/2966 3903/866/2966 3904/814/2966
f 3906/865/2967 3902/814/2967 3904/814/2967 3905/865/2967
f 3856/817/2968 3906/865/2968 3905/865/2968 3859/817/2968
f 3907/865/2949 3900/814/2949 3902/814/2949 3906/865/2949
f 3854/817/2949 3907/865/2949 3906/865/2949 3856/817/2949
f 3909/303/2967 3900/814/2967 3907/865/2967 3908/876/2967
f 3908/876/2968 3907/865/2968 3854/817/2968 3852/24/2968
f 3912/845/2931 3915/860/2931 3916/859/2931 3972/858/2931 3973/857/2931 3963/856/2931 3961/855/2931 3959/854/2931 3974/853/2931 3948/852/2931 3946/851/2931 3944/850/2931 3975/849/2931 3933/848/2931 3931/847/2931 3913/846/2931
f 3912/102/2932 3913/862/2932 3929/861/2932 3914/438/2932
f 3915/863/2933 3912/88/2933 3914/310/2933 3917/864/2933
f 3916/24/2934 3915/863/2934 3917/864/2934 3918/817/2934
f 3917/864/2931 3919/864/2931 3920/817/2931 3918/817/2931
f 3914/310/2931 3921/310/2931 3919/864/2931 3917/864/2931
f 3919/864/2934 3922/864/2934 3923/817/2934 3920/817/2934
f 3921/310/2933 3924/310/2933 3922/864/2933 3919/864/2933
f 3925/861/2935 3926/813/2935 3937/870/2935 3938/725/2935 3939/869/2935 3940/31/2935 3952/868/2935 3953/373/2935 3954/867/2935 3955/30/2935 3967/866/2935 3968/814/2935 3969/865/2935 3923/817/2935 3922/864/2935 3924/310/2935
f 3927/861/2932 3925/861/2932 3924/438/2932 3921/438/2932
f 3928/813/2936 3926/813/2936 3925/861/2936 3927/861/2936
f 3929/861/2931 3927/861/2931 3921/438/2931 3914/438/2931
f 3930/813/2931 3928/813/2931 3927/861/2931 3929/861/2931
f 3913/862/2936 3931/20/2936 3930/813/2936 3929/861/2936
f 3931/20/2937 3933/871/2937 3932/870/2937 3930/813/2937
f 3932/870/2931 3935/870/2931 3928/813/2931 3930/813/2931
f 3933/871/2938 3975/301/2938 3934/725/2938 3932/870/2938
f 3934/725/2931 3936/725/2931 3935/870/2931 3932/870/2931
f 3935/870/2937 3937/870/2937 3926/813/2937 3928/813/2937
f 3936/725/2938 3938/725/2938 3937/870/2938 3935/870/2938
f 3941/869/2939 3939/869/2939 3938/725/2939 3936/725/2939
f 3942/31/2940 3940/31/2940 3939/869/2940 3941/869/2940
f 3943/869/2931 3941/869/2931 3936/725/2931 3934/725/2931
f 3945/31/2931 3942/31/2931 3941/869/2931 3943/869/2931
f 3975/301/2939 3944/872/2939 3943/869/2939 3934/725/2939
f 3944/872/2940 3946/19/2940 3945/31/2940 3943/869/2940
f 3946/19/2941 3948/873/2941 3947/868/2941 3945/31/2941
f 3947/868/2931 3950/868/2931 3942/31/2931 3945/31/2931
f 3948/873/2942 3974/381/2942 3949/373/2942 3947/868/2942
f 3949/373/2931 3951/373/2931 3950/868/2931 3947/868/2931
f 3950/868/2941 3952/868/2941 3940/31/2941 3942/31/2941
f 3951/373/2942 3953/373/2942 3952/868/2942 3950/868/2942
f 3956/867/2943 3954/867/2943 3953/373/2943 3951/373/2943
f 3957/30/2944 3955/30/2944 3954/867/2944 3956/867/2944
f 3958/867/2931 3956/867/2931 3951/373/2931 3949/373/2931
f 3960/30/2931 3957/30/2931 3956/867/2931 3958/867/2931
f 3974/381/2943 3959/874/2943 3958/867/2943 3949/373/2943
f 3959/874/2944 3961/23/2944 3960/30/2944 3958/867/2944
f 3961/23/2945 3963/875/2945 3962/866/2945 3960/30/2945
f 3962/866/2931 3965/866/2931 3957/30/2931 3960/30/2931
f 3963/875/2946 3973/303/2946 3964/814/2946 3962/866/2946
f 3964/814/2931 3966/814/2931 3965/866/2931 3962/866/2931
f 3965/866/2945 3967/866/2945 3955/30/2945 3957/30/2945
f 3966/814/2946 3968/814/2946 3967/866/2946 3965/866/2946
f 3970/865/2947 3969/865/2947 3968/814/2947 3966/814/2947
f 3920/817/2948 3923/817/2948 3969/865/2948 3970/865/2948
f 3971/865/2931 3970/865/2931 3966/814/2931 3964/814/2931
f 3918/817/2931 3920/817/2931 3970/865/2931 3971/865/2931
f 3973/303/2947 3972/876/2947 3971/865/2947 3964/814/2947
f 3972/876/2948 3916/24/2948 3918/817/2948 3971/865/2948
f 3976/845/2949 3977/846/2949 3995/847/2949 3997/848/2949 4039/849/2949 4008/850/2949 4010/851/2949 4012/852/2949 4038/853/2949 4023/854/2949 4025/855/2949 4027/856/2949 4037/857/2949 4036/858/2949 3980/859/2949 3979/860/2949
f 3976/102/2950 3978/438/2950 3993/861/2950 3977/862/2950
f 3979/863/2951 3981/864/2951 3978/310/2951 3976/88/2951
f 3980/24/2952 3982/817/2952 3981/864/2952 3979/863/2952
f 3981/864/2949 3982/817/2949 3984/817/2949 3983/864/2949
f 3978/310/2949 3981/864/2949 3983/864/2949 3985/310/2949
f 3983/864/2952 3984/817/2952 3987/817/2952 3986/864/2952
f 3985/310/2951 3983/864/2951 3986/864/2951 3988/310/2951
f 3989/861/2953 3988/310/2953 3986/864/2953 3987/817/2953 4033/865/2953 4032/814/2953 4031/866/2953 4019/30/2953 4018/867/2953 4017/373/2953 4016/868/2953 4004/31/2953 4003/869/2953 4002/725/2953 4001/870/2953 3990/813/2953
f 3991/861/2950 3985/438/2950 3988/438/2950 3989/861/2950
f 3992/813/2954 3991/861/2954 3989/861/2954 3990/813/2954
f 3993/861/2949 3978/438/2949 3985/438/2949 3991/861/2949
f 3994/813/2949 3993/861/2949 3991/861/2949 3992/813/2949
f 3977/862/2954 3993/861/2954 3994/813/2954 3995/20/2954
f 3995/20/2955 3994/813/2955 3996/870/2955 3997/871/2955
f 3996/870/2949 3994/813/2949 3992/813/2949 3999/870/2949
f 3997/871/2956 3996/870/2956 3998/725/2956 4039/301/2956
f 3998/725/2949 3996/870/2949 3999/870/2949 4000/725/2949
f 3999/870/2955 3992/813/2955 3990/813/2955 4001/870/2955
f 4000/725/2956 3999/870/2956 4001/870/2956 4002/725/2956
f 4005/869/2957 4000/725/2957 4002/725/2957 4003/869/2957
f 4006/31/2958 4005/869/2958 4003/869/2958 4004/31/2958
f 4007/869/2949 3998/725/2949 4000/725/2949 4005/869/2949
f 4009/31/2949 4007/869/2949 4005/869/2949 4006/31/2949
f 4039/301/2957 3998/725/2957 4007/869/2957 4008/872/2957
f 4008/872/2958 4007/869/2958 4009/31/2958 4010/19/2958
f 4010/19/2961 4009/31/2961 4011/868/2961 4012/873/2961
f 4011/868/2949 4009/31/2949 4006/31/2949 4014/868/2949
f 4012/873/2960 4011/868/2960 4013/373/2960 4038/381/2960
f 4013/373/2949 4011/868/2949 4014/868/2949 4015/373/2949
f 4014/868/2961 4006/31/2961 4004/31/2961 4016/868/2961
f 4015/373/2960 4014/868/2960 4016/868/2960 4017/373/2960
f 4020/867/2962 4015/373/2962 4017/373/2962 4018/867/2962
f 4021/30/2963 4020/867/2963 4018/867/2963 4019/30/2963
f 4022/867/2949 4013/373/2949 4015/373/2949 4020/867/2949
f 4024/30/2949 4022/867/2949 4020/867/2949 4021/30/2949
f 4038/381/2962 4013/373/2962 4022/867/2962 4023/874/2962
f 4023/874/2963 4022/867/2963 4024/30/2963 4025/23/2963
f 4025/23/2965 4024/30/2965 4026/866/2965 4027/875/2965
f 4026/866/2949 4024/30/2949 4021/30/2949 4029/866/2949
f 4027/875/2966 4026/866/2966 4028/814/2966 4037/303/2966
f 4028/814/2949 4026/866/2949 4029/866/2949 4030/814/2949
f 4029/866/2965 4021/30/2965 4019/30/2965 4031/866/2965
f 4030/814/2966 4029/866/2966 4031/866/2966 4032/814/2966
f 4034/865/2967 4030/814/2967 4032/814/2967 4033/865/2967
f 3984/817/2968 4034/865/2968 4033/865/2968 3987/817/2968
f 4035/865/2949 4028/814/2949 4030/814/2949 4034/865/2949
f 3982/817/2949 4035/865/2949 4034/865/2949 3984/817/2949
f 4037/303/2967 4028/814/2967 4035/865/2967 4036/876/2967
f 4036/876/2968 4035/865/2968 3982/817/2968 3980/24/2968
f 4041/877/4 4040/878/4 4042/846/4 4044/847/4
f 4042/862/28 4043/861/28 4045/813/28 4044/20/28
f 4044/20/27 4045/813/27 4047/870/27 4046/871/27
f 4049/879/4 4041/877/4 4044/847/4 4046/848/4
f 4046/871/26 4047/870/26 4065/725/26 4048/301/26
f 4050/880/4 4049/879/4 4046/848/4 4048/849/4
f 4051/881/4 4050/880/4 4048/849/4 4053/850/4
f 4052/882/4 4051/881/4 4053/850/4 4055/851/4
f 4048/301/25 4065/725/25 4054/869/25 4053/872/25
f 4053/872/24 4054/869/24 4056/31/24 4055/19/24
f 4055/19/23 4056/31/23 4058/868/23 4057/873/23
f 4059/883/4 4052/882/4 4055/851/4 4057/852/4
f 4061/884/1 4060/886/1 4058/885/1 4056/829/1
f 4062/887/1 4061/884/1 4056/829/1 4054/888/1
f 4063/889/1 4062/887/1 4054/888/1 4065/830/1
f 4064/890/1 4063/889/1 4065/830/1 4047/891/1
f 4066/892/1 4064/890/1 4047/891/1 4045/818/1
f 4067/893/1 4066/892/1 4045/818/1 4043/894/1
f 4042/862/2969 4040/878/2969 4067/893/2969 4043/861/2969
f 4040/878/20 4041/877/20 4066/892/20 4067/893/20
f 4041/877/19 4049/879/19 4064/890/19 4066/892/19
f 4049/879/18 4050/880/18 4063/889/18 4064/890/18
f 4050/880/17 4051/881/17 4062/887/17 4063/889/17
f 4051/881/16 4052/882/16 4061/884/16 4062/887/16
f 4052/882/15 4059/883/15 4060/886/15 4061/884/15
f 4058/885/2970 4060/886/2970 4059/883/2970 4057/852/2970
f 4069/877/1 4072/847/1 4070/846/1 4068/878/1
f 4070/862/28 4072/20/28 4073/813/28 4071/861/28
f 4072/20/27 4074/871/27 4075/870/27 4073/813/27
f 4077/879/1 4074/848/1 4072/847/1 4069/877/1
f 4074/871/26 4076/301/26 4093/725/26 4075/870/26
f 4078/880/1 4076/849/1 4074/848/1 4077/879/1
f 4079/881/1 4081/850/1 4076/849/1 4078/880/1
f 4080/882/1 4083/851/1 4081/850/1 4079/881/1
f 4076/301/25 4081/872/25 4082/869/25 4093/725/25
f 4081/872/24 4083/19/24 4084/31/24 4082/869/24
f 4083/19/23 4085/873/23 4086/868/23 4084/31/23
f 4087/883/1 4085/852/1 4083/851/1 4080/882/1
f 4089/884/4 4084/829/4 4086/885/4 4088/886/4
f 4090/887/4 4082/888/4 4084/829/4 4089/884/4
f 4091/889/4 4093/830/4 4082/888/4 4090/887/4
f 4092/890/4 4075/891/4 4093/830/4 4091/889/4
f 4094/892/4 4073/818/4 4075/891/4 4092/890/4
f 4095/893/4 4071/894/4 4073/818/4 4094/892/4
f 4070/862/2969 4071/861/2969 4095/893/2969 4068/878/2969
f 4068/878/20 4095/893/20 4094/892/20 4069/877/20
f 4069/877/19 4094/892/19 4092/890/19 4077/879/19
f 4077/879/18 4092/890/18 4091/889/18 4078/880/18
f 4078/880/17 4091/889/17 4090/887/17 4079/881/17
f 4079/881/16 4090/887/16 4089/884/16 4080/882/16
f 4080/882/15 4089/884/15 4088/886/15 4087/883/15
f 4086/885/2970 4085/852/2970 4087/883/2970 4088/886/2970
f 4097/33/21 4103/33/21 4100/33/21 4096/33/21
f 4097/878/4 4096/895/4 4099/845/4 4206/846/4
f 4096/33/22 4100/33/22 4102/33/22 4098/33/22
f 4096/895/4 4098/896/4 4202/860/4 4099/845/4
f 4102/33/1 4100/33/1 4101/33/1 4338/33/1
f 4100/33/1 4103/33/1 4104/33/1 4101/33/1
f 4103/33/1 4105/33/1 4108/33/1 4104/33/1
f 4107/33/20 4105/33/20 4103/33/20 4097/33/20
f 4105/33/1 4106/33/1 4110/33/1 4108/33/1
f 4118/33/19 4106/33/19 4105/33/19 4107/33/19
f 4111/33/19 4109/33/19 4108/33/19 4110/33/19
f 4109/33/20 4339/33/20 4104/33/20 4108/33/20
f 4113/33/18 4111/33/18 4110/33/18 4112/33/18
f 4106/33/1 4115/33/1 4112/33/1 4110/33/1
f 4351/33/17 4113/33/17 4112/33/17 4114/33/17
f 4115/33/1 4116/33/1 4114/33/1 4112/33/1
f 4117/33/18 4115/33/18 4106/33/18 4118/33/18
f 4119/33/17 4116/33/17 4115/33/17 4117/33/17
f 4117/880/4 4118/879/4 4121/848/4 4120/849/4
f 4119/881/4 4117/880/4 4120/849/4 4122/850/4
f 4121/871/26 4125/898/26 4123/897/26 4120/301/26
f 4120/301/25 4123/897/25 4124/899/25 4122/872/25
f 4124/899/1 4123/897/1 4126/897/1 4129/899/1
f 4123/897/1 4125/898/1 4128/898/1 4126/897/1
f 4211/900/26 4127/901/26 4126/897/26 4128/898/26
f 4127/901/25 4130/902/25 4129/899/25 4126/897/25
f 4130/902/24 4132/904/24 4131/903/24 4129/899/24
f 4134/903/1 4124/899/1 4129/899/1 4131/903/1
f 4132/904/23 4350/906/23 4133/905/23 4131/903/23
f 4135/905/1 4134/903/1 4131/903/1 4133/905/1
f 4136/19/23 4134/903/23 4135/905/23 4137/873/23
f 4122/872/24 4124/899/24 4134/903/24 4136/19/24
f 4138/882/4 4119/881/4 4122/850/4 4136/851/4
f 4139/883/4 4138/882/4 4136/851/4 4137/852/4
f 4138/33/16 4140/33/16 4116/33/16 4119/33/16
f 4139/33/15 4141/33/15 4140/33/15 4138/33/15
f 4116/33/1 4140/33/1 4142/33/1 4114/33/1
f 4140/33/1 4141/33/1 4144/33/1 4142/33/1
f 4145/33/15 4143/33/15 4142/33/15 4144/33/15
f 4143/33/16 4351/33/16 4114/33/16 4142/33/16
f 4147/33/14 4145/33/14 4144/33/14 4146/33/14
f 4141/33/1 4149/33/1 4146/33/1 4144/33/1
f 4349/33/13 4147/33/13 4146/33/13 4148/33/13
f 4149/33/1 4150/33/1 4148/33/1 4146/33/1
f 4151/33/14 4149/33/14 4141/33/14 4139/33/14
f 4152/33/13 4150/33/13 4149/33/13 4151/33/13
f 4151/907/4 4139/883/4 4137/852/4 4153/853/4
f 4152/908/4 4151/907/4 4153/853/4 4154/854/4
f 4137/873/22 4135/905/22 4155/909/22 4153/381/22
f 4153/381/21 4155/909/21 4156/910/21 4154/874/21
f 4156/910/1 4155/909/1 4157/909/1 4159/910/1
f 4155/909/1 4135/905/1 4133/905/1 4157/909/1
f 4350/906/22 4158/911/22 4157/909/22 4133/905/22
f 4158/911/21 4160/912/21 4159/910/21 4157/909/21
f 4160/912/20 4162/914/20 4161/913/20 4159/910/20
f 4164/913/1 4156/910/1 4159/910/1 4161/913/1
f 4162/914/19 4318/916/19 4163/915/19 4161/913/19
f 4165/915/1 4164/913/1 4161/913/1 4163/915/1
f 4166/23/19 4164/913/19 4165/915/19 4167/875/19
f 4154/874/20 4156/910/20 4164/913/20 4166/23/20
f 4168/917/4 4152/908/4 4154/854/4 4166/855/4
f 4169/918/4 4168/917/4 4166/855/4 4167/856/4
f 4168/33/28 4170/33/28 4150/33/28 4152/33/28
f 4169/33/27 4172/33/27 4170/33/27 4168/33/27
f 4150/33/1 4170/33/1 4171/33/1 4148/33/1
f 4170/33/1 4172/33/1 4174/33/1 4171/33/1
f 4172/33/1 4173/33/1 4176/33/1 4174/33/1
f 4184/33/26 4173/33/26 4172/33/26 4169/33/26
f 4177/33/26 4175/33/26 4174/33/26 4176/33/26
f 4175/33/27 4299/33/27 4171/33/27 4174/33/27
f 4180/33/25 4177/33/25 4176/33/25 4178/33/25
f 4173/33/1 4181/33/1 4178/33/1 4176/33/1
f 4181/33/1 4182/33/1 4179/33/1 4178/33/1
f 4335/33/24 4180/33/24 4178/33/24 4179/33/24
f 4183/33/25 4181/33/25 4173/33/25 4184/33/25
f 4185/33/24 4182/33/24 4181/33/24 4183/33/24
f 4183/919/4 4184/920/4 4187/857/4 4186/858/4
f 4185/921/4 4183/919/4 4186/858/4 4188/859/4
f 4187/303/17 4191/923/17 4189/922/17 4186/876/17
f 4186/876/16 4189/922/16 4190/924/16 4188/24/16
f 4190/924/1 4189/922/1 4192/922/1 4195/924/1
f 4189/922/1 4191/923/1 4194/923/1 4192/922/1
f 4317/925/17 4193/926/17 4192/922/17 4194/923/17
f 4193/926/16 4196/927/16 4195/924/16 4192/922/16
f 4196/927/15 4199/929/15 4197/928/15 4195/924/15
f 4200/928/1 4190/924/1 4195/924/1 4197/928/1
f 4201/930/1 4200/928/1 4197/928/1 4198/930/1
f 4199/929/14 4348/931/14 4198/930/14 4197/928/14
f 4202/863/14 4200/928/14 4201/930/14 4099/88/14
f 4188/24/15 4190/924/15 4200/928/15 4202/863/15
f 4098/896/4 4185/921/4 4188/859/4 4202/860/4
f 4203/932/1 4201/933/1 4198/933/1 4205/932/1
f 4099/102/13 4201/933/13 4203/932/13 4206/862/13
f 4204/934/1 4203/932/1 4205/932/1 4209/934/1
f 4206/862/28 4203/932/28 4204/934/28 4207/20/28
f 4107/877/4 4097/878/4 4206/846/4 4207/847/4
f 4118/879/4 4107/877/4 4207/847/4 4121/848/4
f 4207/20/27 4204/934/27 4125/898/27 4121/871/27
f 4348/935/13 4208/936/13 4205/932/13 4198/933/13
f 4208/936/28 4210/937/28 4209/934/28 4205/932/28
f 4210/937/27 4211/900/27 4128/898/27 4209/934/27
f 4125/898/1 4204/934/1 4209/934/1 4128/898/1
f 4214/936/4 4212/937/4 4210/937/4 4208/936/4
f 4212/937/4 4213/900/4 4211/900/4 4210/937/4
f 4212/937/27 4215/813/27 4217/870/27 4213/900/27
f 4214/936/28 4216/861/28 4215/813/28 4212/937/28
f 4220/938/1 4218/939/1 4215/818/1 4216/894/1
f 4218/939/1 4219/940/1 4217/891/1 4215/818/1
f 4219/940/19 4218/939/19 4221/939/19 4223/940/19
f 4218/939/20 4220/938/20 4222/938/20 4221/939/20
f 4221/939/1 4222/938/1 4226/942/1 4224/941/1
f 4223/940/1 4221/939/1 4224/941/1 4225/943/1
f 4227/944/27 4228/943/27 4225/943/27 4224/941/27
f 4229/942/28 4227/944/28 4224/941/28 4226/942/28
f 4230/892/1 4232/890/1 4228/943/1 4227/944/1
f 4231/893/1 4230/892/1 4227/944/1 4229/942/1
f 4233/33/20 4230/33/20 4231/33/20 4234/33/20
f 4235/33/19 4232/33/19 4230/33/19 4233/33/19
f 4233/33/4 4234/33/4 4339/33/4 4109/33/4
f 4235/33/4 4233/33/4 4109/33/4 4111/33/4
f 4236/33/4 4235/33/4 4111/33/4 4113/33/4
f 4236/33/18 4238/33/18 4232/33/18 4235/33/18
f 4237/33/4 4236/33/4 4113/33/4 4351/33/4
f 4237/33/17 4239/33/17 4238/33/17 4236/33/17
f 4232/890/1 4238/889/1 4240/945/1 4228/943/1
f 4238/889/1 4239/887/1 4241/946/1 4240/945/1
f 4240/945/25 4241/946/25 4243/946/25 4242/947/25
f 4228/943/26 4240/945/26 4242/947/26 4225/943/26
f 4244/948/1 4223/940/1 4225/943/1 4242/947/1
f 4245/949/1 4244/948/1 4242/947/1 4243/946/1
f 4246/948/18 4219/940/18 4223/940/18 4244/948/18
f 4247/949/17 4246/948/17 4244/948/17 4245/949/17
f 4246/948/1 4247/949/1 4249/888/1 4248/830/1
f 4219/940/1 4246/948/1 4248/830/1 4217/891/1
f 4213/900/26 4217/870/26 4248/725/26 4250/901/26
f 4250/901/25 4248/725/25 4249/869/25 4251/902/25
f 4250/901/4 4251/902/4 4130/902/4 4127/901/4
f 4213/900/4 4250/901/4 4127/901/4 4211/900/4
f 4251/902/4 4252/904/4 4132/904/4 4130/902/4
f 4251/902/24 4249/869/24 4254/31/24 4252/904/24
f 4252/904/4 4253/906/4 4350/906/4 4132/904/4
f 4252/904/23 4254/31/23 4255/868/23 4253/906/23
f 4247/949/1 4256/950/1 4254/829/1 4249/888/1
f 4256/950/1 4257/951/1 4255/885/1 4254/829/1
f 4257/951/15 4256/950/15 4258/950/15 4259/951/15
f 4256/950/16 4247/949/16 4245/949/16 4258/950/16
f 4258/950/1 4245/949/1 4243/946/1 4260/952/1
f 4259/951/1 4258/950/1 4260/952/1 4261/953/1
f 4241/946/24 4262/952/24 4260/952/24 4243/946/24
f 4262/952/23 4263/953/23 4261/953/23 4260/952/23
f 4264/884/1 4265/886/1 4263/953/1 4262/952/1
f 4239/887/1 4264/884/1 4262/952/1 4241/946/1
f 4266/33/16 4264/33/16 4239/33/16 4237/33/16
f 4267/33/15 4265/33/15 4264/33/15 4266/33/15
f 4266/33/4 4237/33/4 4351/33/4 4143/33/4
f 4267/33/4 4266/33/4 4143/33/4 4145/33/4
f 4268/33/4 4267/33/4 4145/33/4 4147/33/4
f 4268/33/14 4270/33/14 4265/33/14 4267/33/14
f 4269/33/4 4268/33/4 4147/33/4 4349/33/4
f 4269/33/13 4271/33/13 4270/33/13 4268/33/13
f 4265/886/1 4270/955/1 4272/954/1 4263/953/1
f 4270/955/1 4271/957/1 4273/956/1 4272/954/1
f 4272/954/21 4273/956/21 4275/956/21 4274/958/21
f 4263/953/22 4272/954/22 4274/958/22 4261/953/22
f 4276/959/1 4259/951/1 4261/953/1 4274/958/1
f 4277/960/1 4276/959/1 4274/958/1 4275/956/1
f 4278/959/14 4257/951/14 4259/951/14 4276/959/14
f 4279/960/13 4278/959/13 4276/959/13 4277/960/13
f 4278/959/1 4279/960/1 4281/961/1 4280/828/1
f 4257/951/1 4278/959/1 4280/828/1 4255/885/1
f 4253/906/22 4255/868/22 4280/373/22 4282/911/22
f 4282/911/21 4280/373/21 4281/867/21 4283/912/21
f 4282/911/4 4283/912/4 4160/912/4 4158/911/4
f 4253/906/4 4282/911/4 4158/911/4 4350/906/4
f 4283/912/4 4284/914/4 4162/914/4 4160/912/4
f 4283/912/20 4281/867/20 4286/30/20 4284/914/20
f 4284/914/4 4285/916/4 4318/916/4 4162/914/4
f 4284/914/19 4286/30/19 4287/866/19 4285/916/19
f 4279/960/1 4288/962/1 4286/826/1 4281/961/1
f 4288/962/1 4289/964/1 4287/963/1 4286/826/1
f 4289/964/27 4288/962/27 4290/962/27 4291/964/27
f 4288/962/28 4279/960/28 4277/960/28 4290/962/28
f 4290/962/1 4277/960/1 4275/956/1 4292/965/1
f 4291/964/1 4290/962/1 4292/965/1 4293/966/1
f 4273/956/20 4294/965/20 4292/965/20 4275/956/20
f 4294/965/19 4295/966/19 4293/966/19 4292/965/19
f 4296/967/1 4297/968/1 4295/966/1 4294/965/1
f 4271/957/1 4296/967/1 4294/965/1 4273/956/1
f 4298/33/28 4296/33/28 4271/33/28 4269/33/28
f 4300/33/27 4297/33/27 4296/33/27 4298/33/27
f 4298/33/4 4269/33/4 4349/33/4 4299/33/4
f 4300/33/4 4298/33/4 4299/33/4 4175/33/4
f 4301/33/4 4300/33/4 4175/33/4 4177/33/4
f 4301/33/26 4303/33/26 4297/33/26 4300/33/26
f 4302/33/4 4301/33/4 4177/33/4 4180/33/4
f 4302/33/25 4304/33/25 4303/33/25 4301/33/25
f 4297/968/1 4303/970/1 4305/969/1 4295/966/1
f 4303/970/1 4304/972/1 4306/971/1 4305/969/1
f 4305/969/17 4306/971/17 4308/971/17 4307/969/17
f 4295/966/18 4305/969/18 4307/969/18 4293/966/18
f 4309/973/1 4291/964/1 4293/966/1 4307/969/1
f 4310/974/1 4309/973/1 4307/969/1 4308/971/1
f 4311/973/26 4289/964/26 4291/964/26 4309/973/26
f 4312/974/25 4311/973/25 4309/973/25 4310/974/25
f 4311/973/1 4312/974/1 4314/975/1 4313/824/1
f 4289/964/1 4311/973/1 4313/824/1 4287/963/1
f 4285/916/18 4287/866/18 4313/814/18 4315/925/18
f 4315/925/17 4313/814/17 4314/865/17 4316/926/17
f 4315/925/4 4316/926/4 4193/926/4 4317/925/4
f 4285/916/4 4315/925/4 4317/925/4 4318/916/4
f 4318/916/18 4317/925/18 4194/923/18 4163/915/18
f 4316/926/4 4319/927/4 4196/927/4 4193/926/4
f 4316/926/16 4314/865/16 4321/817/16 4319/927/16
f 4319/927/4 4320/929/4 4199/929/4 4196/927/4
f 4319/927/15 4321/817/15 4322/864/15 4320/929/15
f 4312/974/1 4323/976/1 4321/822/1 4314/975/1
f 4323/976/1 4324/978/1 4322/977/1 4321/822/1
f 4324/978/23 4323/976/23 4325/976/23 4326/978/23
f 4323/976/24 4312/974/24 4310/974/24 4325/976/24
f 4325/976/1 4310/974/1 4308/971/1 4327/979/1
f 4326/978/1 4325/976/1 4327/979/1 4328/980/1
f 4306/971/16 4329/979/16 4327/979/16 4308/971/16
f 4329/979/15 4330/980/15 4328/980/15 4327/979/15
f 4331/981/1 4332/982/1 4330/980/1 4329/979/1
f 4304/972/1 4331/981/1 4329/979/1 4306/971/1
f 4333/33/24 4331/33/24 4304/33/24 4302/33/24
f 4334/33/23 4332/33/23 4331/33/23 4333/33/23
f 4334/33/4 4333/33/4 4335/33/4 4336/33/4
f 4333/33/4 4302/33/4 4180/33/4 4335/33/4
f 4336/33/23 4335/33/23 4179/33/23 4338/33/23
f 4337/33/22 4336/33/22 4338/33/22 4101/33/22
f 4340/33/4 4334/33/4 4336/33/4 4337/33/4
f 4182/33/1 4102/33/1 4338/33/1 4179/33/1
f 4339/33/21 4337/33/21 4101/33/21 4104/33/21
f 4234/33/4 4340/33/4 4337/33/4 4339/33/4
f 4340/33/22 4341/33/22 4332/33/22 4334/33/22
f 4234/33/21 4231/33/21 4341/33/21 4340/33/21
f 4341/983/1 4231/893/1 4229/942/1 4342/984/1
f 4332/982/1 4341/983/1 4342/984/1 4330/980/1
f 4330/980/14 4342/984/14 4343/985/14 4328/980/14
f 4342/984/13 4229/942/13 4226/942/13 4343/985/13
f 4222/938/1 4344/986/1 4343/985/1 4226/942/1
f 4344/986/1 4326/978/1 4328/980/1 4343/985/1
f 4345/987/22 4324/978/22 4326/978/22 4344/986/22
f 4220/938/21 4345/987/21 4344/986/21 4222/938/21
f 4324/978/1 4345/987/1 4346/819/1 4322/977/1
f 4345/987/1 4220/938/1 4216/894/1 4346/819/1
f 4347/935/13 4346/438/13 4216/861/13 4214/936/13
f 4320/929/14 4322/864/14 4346/310/14 4347/931/14
f 4320/929/4 4347/931/4 4348/931/4 4199/929/4
f 4347/935/4 4214/936/4 4208/936/4 4348/935/4
f 4299/33/28 4349/33/28 4148/33/28 4171/33/28
f 4191/923/1 4165/915/1 4163/915/1 4194/923/1
f 4167/875/18 4165/915/18 4191/923/18 4187/303/18
f 4184/920/4 4169/918/4 4167/856/4 4187/857/4
f 4098/33/23 4102/33/23 4182/33/23 4185/33/23
f 4353/33/21 4352/33/21 4356/33/21 4359/33/21
f 4353/878/1 4462/846/1 4355/845/1 4352/895/1
f 4352/33/22 4354/33/22 4358/33/22 4356/33/22
f 4352/895/1 4355/845/1 4458/860/1 4354/896/1
f 4358/33/4 4594/33/4 4357/33/4 4356/33/4
f 4356/33/4 4357/33/4 4360/33/4 4359/33/4
f 4359/33/4 4360/33/4 4364/33/4 4361/33/4
f 4363/33/20 4353/33/20 4359/33/20 4361/33/20
f 4361/33/4 4364/33/4 4366/33/4 4362/33/4
f 4374/33/19 4363/33/19 4361/33/19 4362/33/19
f 4367/33/19 4366/33/19 4364/33/19 4365/33/19
f 4365/33/20 4364/33/20 4360/33/20 4595/33/20
f 4369/33/18 4368/33/18 4366/33/18 4367/33/18
f 4362/33/4 4366/33/4 4368/33/4 4371/33/4
f 4607/33/17 4370/33/17 4368/33/17 4369/33/17
f 4371/33/4 4368/33/4 4370/33/4 4372/33/4
f 4373/33/18 4374/33/18 4362/33/18 4371/33/18
f 4375/33/17 4373/33/17 4371/33/17 4372/33/17
f 4373/880/1 4376/849/1 4377/848/1 4374/879/1
f 4375/881/1 4378/850/1 4376/849/1 4373/880/1
f 4377/871/26 4376/301/26 4379/897/26 4381/898/26
f 4376/301/25 4378/872/25 4380/899/25 4379/897/25
f 4380/899/4 4385/899/4 4382/897/4 4379/897/4
f 4379/897/4 4382/897/4 4384/898/4 4381/898/4
f 4467/900/26 4384/898/26 4382/897/26 4383/901/26
f 4383/901/25 4382/897/25 4385/899/25 4386/902/25
f 4386/902/24 4385/899/24 4387/903/24 4388/904/24
f 4390/903/4 4387/903/4 4385/899/4 4380/899/4
f 4388/904/23 4387/903/23 4389/905/23 4606/906/23
f 4391/905/4 4389/905/4 4387/903/4 4390/903/4
f 4392/19/23 4393/873/23 4391/905/23 4390/903/23
f 4378/872/24 4392/19/24 4390/903/24 4380/899/24
f 4394/882/1 4392/851/1 4378/850/1 4375/881/1
f 4395/883/1 4393/852/1 4392/851/1 4394/882/1
f 4394/33/16 4375/33/16 4372/33/16 4396/33/16
f 4395/33/15 4394/33/15 4396/33/15 4397/33/15
f 4372/33/4 4370/33/4 4398/33/4 4396/33/4
f 4396/33/4 4398/33/4 4400/33/4 4397/33/4
f 4401/33/15 4400/33/15 4398/33/15 4399/33/15
f 4399/33/16 4398/33/16 4370/33/16 4607/33/16
f 4403/33/14 4402/33/14 4400/33/14 4401/33/14
f 4397/33/4 4400/33/4 4402/33/4 4405/33/4
f 4605/33/13 4404/33/13 4402/33/13 4403/33/13
f 4405/33/4 4402/33/4 4404/33/4 4406/33/4
f 4407/33/14 4395/33/14 4397/33/14 4405/33/14
f 4408/33/13 4407/33/13 4405/33/13 4406/33/13
f 4407/907/1 4409/853/1 4393/852/1 4395/883/1
f 4408/908/1 4410/854/1 4409/853/1 4407/907/1
f 4393/873/22 4409/381/22 4411/909/22 4391/905/22
f 4409/381/21 4410/874/21 4412/910/21 4411/909/21
f 4412/910/4 4415/910/4 4413/909/4 4411/909/4
f 4411/909/4 4413/909/4 4389/905/4 4391/905/4
f 4606/906/22 4389/905/22 4413/909/22 4414/911/22
f 4414/911/21 4413/909/21 4415/910/21 4416/912/21
f 4416/912/20 4415/910/20 4417/913/20 4418/914/20
f 4420/913/4 4417/913/4 4415/910/4 4412/910/4
f 4418/914/19 4417/913/19 4419/915/19 4574/916/19
f 4421/915/4 4419/915/4 4417/913/4 4420/913/4
f 4422/23/19 4423/875/19 4421/915/19 4420/913/19
f 4410/874/20 4422/23/20 4420/913/20 4412/910/20
f 4424/917/1 4422/855/1 4410/854/1 4408/908/1
f 4425/918/1 4423/856/1 4422/855/1 4424/917/1
f 4424/33/28 4408/33/28 4406/33/28 4426/33/28
f 4425/33/27 4424/33/27 4426/33/27 4428/33/27
f 4406/33/4 4404/33/4 4427/33/4 4426/33/4
f 4426/33/4 4427/33/4 4430/33/4 4428/33/4
f 4428/33/4 4430/33/4 4432/33/4 4429/33/4
f 4440/33/26 4425/33/26 4428/33/26 4429/33/26
f 4433/33/26 4432/33/26 4430/33/26 4431/33/26
f 4431/33/27 4430/33/27 4427/33/27 4555/33/27
f 4436/33/25 4434/33/25 4432/33/25 4433/33/25
f 4429/33/4 4432/33/4 4434/33/4 4437/33/4
f 4437/33/4 4434/33/4 4435/33/4 4438/33/4
f 4591/33/24 4435/33/24 4434/33/24 4436/33/24
f 4439/33/25 4440/33/25 4429/33/25 4437/33/25
f 4441/33/24 4439/33/24 4437/33/24 4438/33/24
f 4439/919/1 4442/858/1 4443/857/1 4440/920/1
f 4441/921/1 4444/859/1 4442/858/1 4439/919/1
f 4443/303/17 4442/876/17 4445/922/17 4447/923/17
f 4442/876/16 4444/24/16 4446/924/16 4445/922/16
f 4446/924/4 4451/924/4 4448/922/4 4445/922/4
f 4445/922/4 4448/922/4 4450/923/4 4447/923/4
f 4573/925/17 4450/923/17 4448/922/17 4449/926/17
f 4449/926/16 4448/922/16 4451/924/16 4452/927/16
f 4452/927/15 4451/924/15 4453/928/15 4455/929/15
f 4456/928/4 4453/928/4 4451/924/4 4446/924/4
f 4457/930/4 4454/930/4 4453/928/4 4456/928/4
f 4455/929/14 4453/928/14 4454/930/14 4604/931/14
f 4458/863/14 4355/88/14 4457/930/14 4456/928/14
f 4444/24/15 4458/863/15 4456/928/15 4446/924/15
f 4354/896/1 4458/860/1 4444/859/1 4441/921/1
f 4459/932/4 4461/932/4 4454/933/4 4457/933/4
f 4355/102/13 4462/862/13 4459/932/13 4457/933/13
f 4460/934/4 4465/934/4 4461/932/4 4459/932/4
f 4462/862/28 4463/20/28 4460/934/28 4459/932/28
f 4363/877/1 4463/847/1 4462/846/1 4353/878/1
f 4374/879/1 4377/848/1 4463/847/1 4363/877/1
f 4463/20/27 4377/871/27 4381/898/27 4460/934/27
f 4604/935/13 4454/933/13 4461/932/13 4464/936/13
f 4464/936/28 4461/932/28 4465/934/28 4466/937/28
f 4466/937/27 4465/934/27 4384/898/27 4467/900/27
f 4381/898/4 4384/898/4 4465/934/4 4460/934/4
f 4470/936/1 4464/936/1 4466/937/1 4468/937/1
f 4468/937/1 4466/937/1 4467/900/1 4469/900/1
f 4468/937/27 4469/900/27 4473/870/27 4471/813/27
f 4470/936/28 4468/937/28 4471/813/28 4472/861/28
f 4476/938/4 4472/894/4 4471/818/4 4474/939/4
f 4474/939/4 4471/818/4 4473/891/4 4475/940/4
f 4475/940/19 4479/940/19 4477/939/19 4474/939/19
f 4474/939/20 4477/939/20 4478/938/20 4476/938/20
f 4477/939/4 4480/941/4 4482/942/4 4478/938/4
f 4479/940/4 4481/943/4 4480/941/4 4477/939/4
f 4483/944/27 4480/941/27 4481/943/27 4484/943/27
f 4485/942/28 4482/942/28 4480/941/28 4483/944/28
f 4486/892/4 4483/944/4 4484/943/4 4488/890/4
f 4487/893/4 4485/942/4 4483/944/4 4486/892/4
f 4489/33/20 4490/33/20 4487/33/20 4486/33/20
f 4491/33/19 4489/33/19 4486/33/19 4488/33/19
f 4489/33/1 4365/33/1 4595/33/1 4490/33/1
f 4491/33/1 4367/33/1 4365/33/1 4489/33/1
f 4492/33/1 4369/33/1 4367/33/1 4491/33/1
f 4492/33/18 4491/33/18 4488/33/18 4494/33/18
f 4493/33/1 4607/33/1 4369/33/1 4492/33/1
f 4493/33/17 4492/33/17 4494/33/17 4495/33/17
f 4488/890/4 4484/943/4 4496/945/4 4494/889/4
f 4494/889/4 4496/945/4 4497/946/4 4495/887/4
f 4496/945/25 4498/947/25 4499/946/25 4497/946/25
f 4484/943/26 4481/943/26 4498/947/26 4496/945/26
f 4500/948/4 4498/947/4 4481/943/4 4479/940/4
f 4501/949/4 4499/946/4 4498/947/4 4500/948/4
f 4502/948/18 4500/948/18 4479/940/18 4475/940/18
f 4503/949/17 4501/949/17 4500/948/17 4502/948/17
f 4502/948/4 4504/830/4 4505/888/4 4503/949/4
f 4475/940/4 4473/891/4 4504/830/4 4502/948/4
f 4469/900/26 4506/901/26 4504/725/26 4473/870/26
f 4506/901/25 4507/902/25 4505/869/25 4504/725/25
f 4506/901/1 4383/901/1 4386/902/1 4507/902/1
f 4469/900/1 4467/900/1 4383/901/1 4506/901/1
f 4507/902/1 4386/902/1 4388/904/1 4508/904/1
f 4507/902/24 4508/904/24 4510/31/24 4505/869/24
f 4508/904/1 4388/904/1 4606/906/1 4509/906/1
f 4508/904/23 4509/906/23 4511/868/23 4510/31/23
f 4503/949/4 4505/888/4 4510/829/4 4512/950/4
f 4512/950/4 4510/829/4 4511/885/4 4513/951/4
f 4513/951/15 4515/951/15 4514/950/15 4512/950/15
f 4512/950/16 4514/950/16 4501/949/16 4503/949/16
f 4514/950/4 4516/952/4 4499/946/4 4501/949/4
f 4515/951/4 4517/953/4 4516/952/4 4514/950/4
f 4497/946/24 4499/946/24 4516/952/24 4518/952/24
f 4518/952/23 4516/952/23 4517/953/23 4519/953/23
f 4520/884/4 4518/952/4 4519/953/4 4521/886/4
f 4495/887/4 4497/946/4 4518/952/4 4520/884/4
f 4522/33/16 4493/33/16 4495/33/16 4520/33/16
f 4523/33/15 4522/33/15 4520/33/15 4521/33/15
f 4522/33/1 4399/33/1 4607/33/1 4493/33/1
f 4523/33/1 4401/33/1 4399/33/1 4522/33/1
f 4524/33/1 4403/33/1 4401/33/1 4523/33/1
f 4524/33/14 4523/33/14 4521/33/14 4526/33/14
f 4525/33/1 4605/33/1 4403/33/1 4524/33/1
f 4525/33/13 4524/33/13 4526/33/13 4527/33/13
f 4521/886/4 4519/953/4 4528/954/4 4526/955/4
f 4526/955/4 4528/954/4 4529/956/4 4527/957/4
f 4528/954/21 4530/958/21 4531/956/21 4529/956/21
f 4519/953/22 4517/953/22 4530/958/22 4528/954/22
f 4532/959/4 4530/958/4 4517/953/4 4515/951/4
f 4533/960/4 4531/956/4 4530/958/4 4532/959/4
f 4534/959/14 4532/959/14 4515/951/14 4513/951/14
f 4535/960/13 4533/960/13 4532/959/13 4534/959/13
f 4534/959/4 4536/828/4 4537/961/4 4535/960/4
f 4513/951/4 4511/885/4 4536/828/4 4534/959/4
f 4509/906/22 4538/911/22 4536/373/22 4511/868/22
f 4538/911/21 4539/912/21 4537/867/21 4536/373/21
f 4538/911/1 4414/911/1 4416/912/1 4539/912/1
f 4509/906/1 4606/906/1 4414/911/1 4538/911/1
f 4539/912/1 4416/912/1 4418/914/1 4540/914/1
f 4539/912/20 4540/914/20 4542/30/20 4537/867/20
f 4540/914/1 4418/914/1 4574/916/1 4541/916/1
f 4540/914/19 4541/916/19 4543/866/19 4542/30/19
f 4535/960/4 4537/961/4 4542/826/4 4544/962/4
f 4544/962/4 4542/826/4 4543/963/4 4545/964/4
f 4545/964/27 4547/964/27 4546/962/27 4544/962/27
f 4544/962/28 4546/962/28 4533/960/28 4535/960/28
f 4546/962/4 4548/965/4 4531/956/4 4533/960/4
f 4547/964/4 4549/966/4 4548/965/4 4546/962/4
f 4529/956/20 4531/956/20 4548/965/20 4550/965/20
f 4550/965/19 4548/965/19 4549/966/19 4551/966/19
f 4552/967/4 4550/965/4 4551/966/4 4553/968/4
f 4527/957/4 4529/956/4 4550/965/4 4552/967/4
f 4554/33/28 4525/33/28 4527/33/28 4552/33/28
f 4556/33/27 4554/33/27 4552/33/27 4553/33/27
f 4554/33/1 4555/33/1 4605/33/1 4525/33/1
f 4556/33/1 4431/33/1 4555/33/1 4554/33/1
f 4557/33/1 4433/33/1 4431/33/1 4556/33/1
f 4557/33/26 4556/33/26 4553/33/26 4559/33/26
f 4558/33/1 4436/33/1 4433/33/1 4557/33/1
f 4558/33/25 4557/33/25 4559/33/25 4560/33/25
f 4553/968/4 4551/966/4 4561/969/4 4559/970/4
f 4559/970/4 4561/969/4 4562/971/4 4560/972/4
f 4561/969/17 4563/969/17 4564/971/17 4562/971/17
f 4551/966/18 4549/966/18 4563/969/18 4561/969/18
f 4565/973/4 4563/969/4 4549/966/4 4547/964/4
f 4566/974/4 4564/971/4 4563/969/4 4565/973/4
f 4567/973/26 4565/973/26 4547/964/26 4545/964/26
f 4568/974/25 4566/974/25 4565/973/25 4567/973/25
f 4567/973/4 4569/824/4 4570/975/4 4568/974/4
f 4545/964/4 4543/963/4 4569/824/4 4567/973/4
f 4541/916/18 4571/925/18 4569/814/18 4543/866/18
f 4571/925/17 4572/926/17 4570/865/17 4569/814/17
f 4571/925/1 4573/925/1 4449/926/1 4572/926/1
f 4541/916/1 4574/916/1 4573/925/1 4571/925/1
f 4574/916/18 4419/915/18 4450/923/18 4573/925/18
f 4572/926/1 4449/926/1 4452/927/1 4575/927/1
f 4572/926/16 4575/927/16 4577/817/16 4570/865/16
f 4575/927/1 4452/927/1 4455/929/1 4576/929/1
f 4575/927/15 4576/929/15 4578/864/15 4577/817/15
f 4568/974/4 4570/975/4 4577/822/4 4579/976/4
f 4579/976/4 4577/822/4 4578/977/4 4580/978/4
f 4580/978/23 4582/978/23 4581/976/23 4579/976/23
f 4579/976/24 4581/976/24 4566/974/24 4568/974/24
f 4581/976/4 4583/979/4 4564/971/4 4566/974/4
f 4582/978/4 4584/980/4 4583/979/4 4581/976/4
f 4562/971/16 4564/971/16 4583/979/16 4585/979/16
f 4585/979/15 4583/979/15 4584/980/15 4586/980/15
f 4587/981/4 4585/979/4 4586/980/4 4588/982/4
f 4560/972/4 4562/971/4 4585/979/4 4587/981/4
f 4589/33/24 4558/33/24 4560/33/24 4587/33/24
f 4590/33/23 4589/33/23 4587/33/23 4588/33/23
f 4590/33/1 4592/33/1 4591/33/1 4589/33/1
f 4589/33/1 4591/33/1 4436/33/1 4558/33/1
f 4592/33/23 4594/33/23 4435/33/23 4591/33/23
f 4593/33/22 4357/33/22 4594/33/22 4592/33/22
f 4596/33/1 4593/33/1 4592/33/1 4590/33/1
f 4438/33/4 4435/33/4 4594/33/4 4358/33/4
f 4595/33/21 4360/33/21 4357/33/21 4593/33/21
f 4490/33/1 4595/33/1 4593/33/1 4596/33/1
f 4596/33/22 4590/33/22 4588/33/22 4597/33/22
f 4490/33/21 4596/33/21 4597/33/21 4487/33/21
f 4597/983/4 4598/984/4 4485/942/4 4487/893/4
f 4588/982/4 4586/980/4 4598/984/4 4597/983/4
f 4586/980/14 4584/980/14 4599/985/14 4598/984/14
f 4598/984/13 4599/985/13 4482/942/13 4485/942/13
f 4478/938/4 4482/942/4 4599/985/4 4600/986/4
f 4600/986/4 4599/985/4 4584/980/4 4582/978/4
f 4601/987/22 4600/986/22 4582/978/22 4580/978/22
f 4476/938/21 4478/938/21 4600/986/21 4601/987/21
f 4580/978/4 4578/977/4 4602/819/4 4601/987/4
f 4601/987/4 4602/819/4 4472/894/4 4476/938/4
f 4603/935/13 4470/936/13 4472/861/13 4602/438/13
f 4576/929/14 4603/931/14 4602/310/14 4578/864/14
f 4576/929/1 4455/929/1 4604/931/1 4603/931/1
f 4603/935/1 4604/935/1 4464/936/1 4470/936/1
f 4555/33/28 4427/33/28 4404/33/28 4605/33/28
f 4447/923/4 4450/923/4 4419/915/4 4421/915/4
f 4423/875/18 4443/303/18 4447/923/18 4421/915/18
f 4440/920/1 4443/857/1 4423/856/1 4425/918/1
f 4354/33/23 4441/33/23 4438/33/23 4358/33/23
f 4608/102/2971 4609/862/2971 4625/861/2971 4610/438/2971
f 4608/845/2972 4611/860/2972 4612/859/2972 4668/858/2972 4669/857/2972 4659/856/2972 4657/855/2972 4655/854/2972 4670/853/2972 4644/852/2972 4642/851/2972 4640/850/2972 4671/849/2972 4629/848/2972 4627/847/2972 4609/846/2972
f 4611/863/2973 4608/88/2973 4610/310/2973 4613/864/2973
f 4612/24/2974 4611/863/2974 4613/864/2974 4614/817/2974
f 4613/864/2972 4615/864/2972 4616/817/2972 4614/817/2972
f 4610/310/2972 4617/310/2972 4615/864/2972 4613/864/2972
f 4615/864/2974 4618/864/2974 4619/817/2974 4616/817/2974
f 4617/310/2973 4620/310/2973 4618/864/2973 4615/864/2973
f 4621/861/2975 4622/813/2975 4633/870/2975 4634/725/2975 4635/869/2975 4636/31/2975 4648/868/2975 4649/373/2975 4650/867/2975 4651/30/2975 4663/866/2975 4664/814/2975 4665/865/2975 4619/817/2975 4618/864/2975 4620/310/2975
f 4623/861/2971 4621/861/2971 4620/438/2971 4617/438/2971
f 4624/813/2976 4622/813/2976 4621/861/2976 4623/861/2976
f 4625/861/2972 4623/861/2972 4617/438/2972 4610/438/2972
f 4626/813/2972 4624/813/2972 4623/861/2972 4625/861/2972
f 4609/862/2976 4627/20/2976 4626/813/2976 4625/861/2976
f 4627/20/2977 4629/871/2977 4628/870/2977 4626/813/2977
f 4628/870/2972 4631/870/2972 4624/813/2972 4626/813/2972
f 4629/871/2978 4671/301/2978 4630/725/2978 4628/870/2978
f 4630/725/2972 4632/725/2972 4631/870/2972 4628/870/2972
f 4631/870/2979 4633/870/2979 4622/813/2979 4624/813/2979
f 4632/725/2978 4634/725/2978 4633/870/2978 4631/870/2978
f 4637/869/2980 4635/869/2980 4634/725/2980 4632/725/2980
f 4638/31/2981 4636/31/2981 4635/869/2981 4637/869/2981
f 4639/869/2972 4637/869/2972 4632/725/2972 4630/725/2972
f 4641/31/2972 4638/31/2972 4637/869/2972 4639/869/2972
f 4671/301/2980 4640/872/2980 4639/869/2980 4630/725/2980
f 4640/872/2981 4642/19/2981 4641/31/2981 4639/869/2981
f 4642/19/2982 4644/873/2982 4643/868/2982 4641/31/2982
f 4643/868/2972 4646/868/2972 4638/31/2972 4641/31/2972
f 4644/873/2983 4670/381/2983 4645/373/2983 4643/868/2983
f 4645/373/2972 4647/373/2972 4646/868/2972 4643/868/2972
f 4646/868/2982 4648/868/2982 4636/31/2982 4638/31/2982
f 4647/373/2983 4649/373/2983 4648/868/2983 4646/868/2983
f 4652/867/2984 4650/867/2984 4649/373/2984 4647/373/2984
f 4653/30/2985 4651/30/2985 4650/867/2985 4652/867/2985
f 4654/867/2972 4652/867/2972 4647/373/2972 4645/373/2972
f 4656/30/2972 4653/30/2972 4652/867/2972 4654/867/2972
f 4670/381/2984 4655/874/2984 4654/867/2984 4645/373/2984
f 4655/874/2985 4657/23/2985 4656/30/2985 4654/867/2985
f 4657/23/2986 4659/875/2986 4658/866/2986 4656/30/2986
f 4658/866/2972 4661/866/2972 4653/30/2972 4656/30/2972
f 4659/875/2987 4669/303/2987 4660/814/2987 4658/866/2987
f 4660/814/2972 4662/814/2972 4661/866/2972 4658/866/2972
f 4661/866/2986 4663/866/2986 4651/30/2986 4653/30/2986
f 4662/814/2987 4664/814/2987 4663/866/2987 4661/866/2987
f 4666/865/2988 4665/865/2988 4664/814/2988 4662/814/2988
f 4616/817/2989 4619/817/2989 4665/865/2989 4666/865/2989
f 4667/865/2972 4666/865/2972 4662/814/2972 4660/814/2972
f 4614/817/2972 4616/817/2972 4666/865/2972 4667/865/2972
f 4669/303/2988 4668/876/2988 4667/865/2988 4660/814/2988
f 4668/876/2989 4612/24/2989 4614/817/2989 4667/865/2989
f 4672/102/2971 4673/862/2971 4689/861/2971 4674/438/2971
f 4672/845/2972 4675/860/2972 4676/859/2972 4732/858/2972 4733/857/2972 4723/856/2972 4721/855/2972 4719/854/2972 4734/853/2972 4708/852/2972 4706/851/2972 4704/850/2972 4735/849/2972 4693/848/2972 4691/847/2972 4673/846/2972
f 4675/863/2973 4672/88/2973 4674/310/2973 4677/864/2973
f 4676/24/2974 4675/863/2974 4677/864/2974 4678/817/2974
f 4677/864/2972 4679/864/2972 4680/817/2972 4678/817/2972
f 4674/310/2972 4681/310/2972 4679/864/2972 4677/864/2972
f 4679/864/2974 4682/864/2974 4683/817/2974 4680/817/2974
f 4681/310/2973 4684/310/2973 4682/864/2973 4679/864/2973
f 4685/861/2975 4686/813/2975 4697/870/2975 4698/725/2975 4699/869/2975 4700/31/2975 4712/868/2975 4713/373/2975 4714/867/2975 4715/30/2975 4727/866/2975 4728/814/2975 4729/865/2975 4683/817/2975 4682/864/2975 4684/310/2975
f 4687/861/2971 4685/861/2971 4684/438/2971 4681/438/2971
f 4688/813/2976 4686/813/2976 4685/861/2976 4687/861/2976
f 4689/861/2972 4687/861/2972 4681/438/2972 4674/438/2972
f 4690/813/2972 4688/813/2972 4687/861/2972 4689/861/2972
f 4673/862/2976 4691/20/2976 4690/813/2976 4689/861/2976
f 4691/20/2977 4693/871/2977 4692/870/2977 4690/813/2977
f 4692/870/2972 4695/870/2972 4688/813/2972 4690/813/2972
f 4693/871/2978 4735/301/2978 4694/725/2978 4692/870/2978
f 4694/725/2972 4696/725/2972 4695/870/2972 4692/870/2972
f 4695/870/2979 4697/870/2979 4686/813/2979 4688/813/2979
f 4696/725/2978 4698/725/2978 4697/870/2978 4695/870/2978
f 4701/869/2980 4699/869/2980 4698/725/2980 4696/725/2980
f 4702/31/2990 4700/31/2990 4699/869/2990 4701/869/2990
f 4703/869/2972 4701/869/2972 4696/725/2972 4694/725/2972
f 4705/31/2972 4702/31/2972 4701/869/2972 4703/869/2972
f 4735/301/2980 4704/872/2980 4703/869/2980 4694/725/2980
f 4704/872/2981 4706/19/2981 4705/31/2981 4703/869/2981
f 4706/19/2982 4708/873/2982 4707/868/2982 4705/31/2982
f 4707/868/2972 4710/868/2972 4702/31/2972 4705/31/2972
f 4708/873/2983 4734/381/2983 4709/373/2983 4707/868/2983
f 4709/373/2972 4711/373/2972 4710/868/2972 4707/868/2972
f 4710/868/2982 4712/868/2982 4700/31/2982 4702/31/2982
f 4711/373/2983 4713/373/2983 4712/868/2983 4710/868/2983
f 4716/867/2984 4714/867/2984 4713/373/2984 4711/373/2984
f 4717/30/2985 4715/30/2985 4714/867/2985 4716/867/2985
f 4718/867/2972 4716/867/2972 4711/373/2972 4709/373/2972
f 4720/30/2972 4717/30/2972 4716/867/2972 4718/867/2972
f 4734/381/2984 4719/874/2984 4718/867/2984 4709/373/2984
f 4719/874/2985 4721/23/2985 4720/30/2985 4718/867/2985
f 4721/23/2986 4723/875/2986 4722/866/2986 4720/30/2986
f 4722/866/2972 4725/866/2972 4717/30/2972 4720/30/2972
f 4723/875/2987 4733/303/2987 4724/814/2987 4722/866/2987
f 4724/814/2972 4726/814/2972 4725/866/2972 4722/866/2972
f 4725/866/2991 4727/866/2991 4715/30/2991 4717/30/2991
f 4726/814/2987 4728/814/2987 4727/866/2987 4725/866/2987
f 4730/865/2988 4729/865/2988 4728/814/2988 4726/814/2988
f 4680/817/2992 4683/817/2992 4729/865/2992 4730/865/2992
f 4731/865/2972 4730/865/2972 4726/814/2972 4724/814/2972
f 4678/817/2972 4680/817/2972 4730/865/2972 4731/865/2972
f 4733/303/2988 4732/876/2988 4731/865/2988 4724/814/2988
f 4732/876/2989 4676/24/2989 4678/817/2989 4731/865/2989
f 4736/102/2993 4738/438/2993 4753/861/2993 4737/862/2993
f 4736/845/2994 4737/846/2994 4755/847/2994 4757/848/2994 4799/849/2994 4768/850/2994 4770/851/2994 4772/852/2994 4798/853/2994 4783/854/2994 4785/855/2994 4787/856/2994 4797/857/2994 4796/858/2994 4740/859/2994 4739/860/2994
f 4739/863/2995 4741/864/2995 4738/310/2995 4736/88/2995
f 4740/24/2996 4742/817/2996 4741/864/2996 4739/863/2996
f 4741/864/2994 4742/817/2994 4744/817/2994 4743/864/2994
f 4738/310/2994 4741/864/2994 4743/864/2994 4745/310/2994
f 4743/864/2996 4744/817/2996 4747/817/2996 4746/864/2996
f 4745/310/2995 4743/864/2995 4746/864/2995 4748/310/2995
f 4749/861/2997 4748/310/2997 4746/864/2997 4747/817/2997 4793/865/2997 4792/814/2997 4791/866/2997 4779/30/2997 4778/867/2997 4777/373/2997 4776/868/2997 4764/31/2997 4763/869/2997 4762/725/2997 4761/870/2997 4750/813/2997
f 4751/861/2993 4745/438/2993 4748/438/2993 4749/861/2993
f 4752/813/2998 4751/861/2998 4749/861/2998 4750/813/2998
f 4753/861/2994 4738/438/2994 4745/438/2994 4751/861/2994
f 4754/813/2994 4753/861/2994 4751/861/2994 4752/813/2994
f 4737/862/2998 4753/861/2998 4754/813/2998 4755/20/2998
f 4755/20/2999 4754/813/2999 4756/870/2999 4757/871/2999
f 4756/870/2994 4754/813/2994 4752/813/2994 4759/870/2994
f 4757/871/3000 4756/870/3000 4758/725/3000 4799/301/3000
f 4758/725/2994 4756/870/2994 4759/870/2994 4760/725/2994
f 4759/870/3001 4752/813/3001 4750/813/3001 4761/870/3001
f 4760/725/3000 4759/870/3000 4761/870/3000 4762/725/3000
f 4765/869/3002 4760/725/3002 4762/725/3002 4763/869/3002
f 4766/31/3003 4765/869/3003 4763/869/3003 4764/31/3003
f 4767/869/2994 4758/725/2994 4760/725/2994 4765/869/2994
f 4769/31/2994 4767/869/2994 4765/869/2994 4766/31/2994
f 4799/301/3002 4758/725/3002 4767/869/3002 4768/872/3002
f 4768/872/3004 4767/869/3004 4769/31/3004 4770/19/3004
f 4770/19/3005 4769/31/3005 4771/868/3005 4772/873/3005
f 4771/868/2994 4769/31/2994 4766/31/2994 4774/868/2994
f 4772/873/3006 4771/868/3006 4773/373/3006 4798/381/3006
f 4773/373/2994 4771/868/2994 4774/868/2994 4775/373/2994
f 4774/868/3005 4766/31/3005 4764/31/3005 4776/868/3005
f 4775/373/3006 4774/868/3006 4776/868/3006 4777/373/3006
f 4780/867/3007 4775/373/3007 4777/373/3007 4778/867/3007
f 4781/30/3008 4780/867/3008 4778/867/3008 4779/30/3008
f 4782/867/2994 4773/373/2994 4775/373/2994 4780/867/2994
f 4784/30/2994 4782/867/2994 4780/867/2994 4781/30/2994
f 4798/381/3007 4773/373/3007 4782/867/3007 4783/874/3007
f 4783/874/3008 4782/867/3008 4784/30/3008 4785/23/3008
f 4785/23/3009 4784/30/3009 4786/866/3009 4787/875/3009
f 4786/866/2994 4784/30/2994 4781/30/2994 4789/866/2994
f 4787/875/3010 4786/866/3010 4788/814/3010 4797/303/3010
f 4788/814/2994 4786/866/2994 4789/866/2994 4790/814/2994
f 4789/866/3011 4781/30/3011 4779/30/3011 4791/866/3011
f 4790/814/3010 4789/866/3010 4791/866/3010 4792/814/3010
f 4794/865/3012 4790/814/3012 4792/814/3012 4793/865/3012
f 4744/817/3013 4794/865/3013 4793/865/3013 4747/817/3013
f 4795/865/2994 4788/814/2994 4790/814/2994 4794/865/2994
f 4742/817/2994 4795/865/2994 4794/865/2994 4744/817/2994
f 4797/303/3012 4788/814/3012 4795/865/3012 4796/876/3012
f 4796/876/3014 4795/865/3014 4742/817/3014 4740/24/3014
f 4800/102/2993 4802/438/2993 4817/861/2993 4801/862/2993
f 4800/845/2994 4801/846/2994 4819/847/2994 4821/848/2994 4863/849/2994 4832/850/2994 4834/851/2994 4836/852/2994 4862/853/2994 4847/854/2994 4849/855/2994 4851/856/2994 4861/857/2994 4860/858/2994 4804/859/2994 4803/860/2994
f 4803/863/2995 4805/864/2995 4802/310/2995 4800/88/2995
f 4804/24/2996 4806/817/2996 4805/864/2996 4803/863/2996
f 4805/864/2994 4806/817/2994 4808/817/2994 4807/864/2994
f 4802/310/2994 4805/864/2994 4807/864/2994 4809/310/2994
f 4807/864/2996 4808/817/2996 4811/817/2996 4810/864/2996
f 4809/310/2995 4807/864/2995 4810/864/2995 4812/310/2995
f 4813/861/2997 4812/310/2997 4810/864/2997 4811/817/2997 4857/865/2997 4856/814/2997 4855/866/2997 4843/30/2997 4842/867/2997 4841/373/2997 4840/868/2997 4828/31/2997 4827/869/2997 4826/725/2997 4825/870/2997 4814/813/2997
f 4815/861/2993 4809/438/2993 4812/438/2993 4813/861/2993
f 4816/813/2998 4815/861/2998 4813/861/2998 4814/813/2998
f 4817/861/2994 4802/438/2994 4809/438/2994 4815/861/2994
f 4818/813/2994 4817/861/2994 4815/861/2994 4816/813/2994
f 4801/862/2998 4817/861/2998 4818/813/2998 4819/20/2998
f 4819/20/2999 4818/813/2999 4820/870/2999 4821/871/2999
f 4820/870/2994 4818/813/2994 4816/813/2994 4823/870/2994
f 4821/871/3000 4820/870/3000 4822/725/3000 4863/301/3000
f 4822/725/2994 4820/870/2994 4823/870/2994 4824/725/2994
f 4823/870/3001 4816/813/3001 4814/813/3001 4825/870/3001
f 4824/725/3000 4823/870/3000 4825/870/3000 4826/725/3000
f 4829/869/3002 4824/725/3002 4826/725/3002 4827/869/3002
f 4830/31/3003 4829/869/3003 4827/869/3003 4828/31/3003
f 4831/869/2994 4822/725/2994 4824/725/2994 4829/869/2994
f 4833/31/2994 4831/869/2994 4829/869/2994 4830/31/2994
f 4863/301/3002 4822/725/3002 4831/869/3002 4832/872/3002
f 4832/872/3004 4831/869/3004 4833/31/3004 4834/19/3004
f 4834/19/3005 4833/31/3005 4835/868/3005 4836/873/3005
f 4835/868/2994 4833/31/2994 4830/31/2994 4838/868/2994
f 4836/873/3006 4835/868/3006 4837/373/3006 4862/381/3006
f 4837/373/2994 4835/868/2994 4838/868/2994 4839/373/2994
f 4838/868/3005 4830/31/3005 4828/31/3005 4840/868/3005
f 4839/373/3006 4838/868/3006 4840/868/3006 4841/373/3006
f 4844/867/3007 4839/373/3007 4841/373/3007 4842/867/3007
f 4845/30/3008 4844/867/3008 4842/867/3008 4843/30/3008
f 4846/867/2994 4837/373/2994 4839/373/2994 4844/867/2994
f 4848/30/2994 4846/867/2994 4844/867/2994 4845/30/2994
f 4862/381/3007 4837/373/3007 4846/867/3007 4847/874/3007
f 4847/874/3008 4846/867/3008 4848/30/3008 4849/23/3008
f 4849/23/3011 4848/30/3011 4850/866/3011 4851/875/3011
f 4850/866/2994 4848/30/2994 4845/30/2994 4853/866/2994
f 4851/875/3010 4850/866/3010 4852/814/3010 4861/303/3010
f 4852/814/2994 4850/866/2994 4853/866/2994 4854/814/2994
f 4853/866/3011 4845/30/3011 4843/30/3011 4855/866/3011
f 4854/814/3010 4853/866/3010 4855/866/3010 4856/814/3010
f 4858/865/3012 4854/814/3012 4856/814/3012 4857/865/3012
f 4808/817/3013 4858/865/3013 4857/865/3013 4811/817/3013
f 4859/865/2994 4852/814/2994 4854/814/2994 4858/865/2994
f 4806/817/2994 4859/865/2994 4858/865/2994 4808/817/2994
f 4861/303/3012 4852/814/3012 4859/865/3012 4860/876/3012
f 4860/876/3013 4859/865/3013 4806/817/3013 4804/24/3013
f 4864/1/4 4865/2/4 4879/3/4 4867/4/4
f 4868/5/2 4869/6/2 4865/2/2 4864/1/2
f 4866/7/4 4864/1/4 4867/4/4 4874/8/4
f 4870/9/3 4868/5/3 4864/1/3 4866/7/3
f 4868/10/1 4871/11/1 4872/12/1 4869/13/1
f 4870/14/1 4873/15/1 4871/11/1 4868/10/1
f 4874/8/5 4867/4/5 4871/16/5 4873/17/5
f 4867/4/6 4879/3/6 4872/18/6 4871/16/6
f 4877/19/7 4874/8/7 4873/17/7 4875/20/7
f 4876/21/1 4875/22/1 4873/15/1 4870/14/1
f 4876/21/8 4878/23/8 4877/19/8 4875/22/8
f 4878/23/4 4866/7/4 4874/8/4 4877/19/4
f 4876/24/9 4870/9/9 4866/7/9 4878/23/9
f 4879/3/10 4882/25/10 4880/26/10 4872/18/10
f 4869/13/1 4872/12/1 4880/27/1 4881/28/1
f 4883/29/11 4881/30/11 4880/31/11 4882/25/11
f 4865/2/4 4883/29/4 4882/25/4 4879/3/4
f 4869/6/12 4881/32/12 4883/29/12 4865/2/12
