# Blender 4.1.1
# www.blender.org
mtllib R_del_DER.mtl
o Cylinder.018
v -0.818570 0.525984 1.427906
v -0.818570 0.533743 1.388899
v -0.818570 0.503889 1.460974
v -0.807825 0.526524 1.428129
v -0.833619 0.525984 1.427906
v -0.833619 0.533743 1.388899
v -0.833619 0.503889 1.460974
v -0.837417 0.539128 1.433350
v -0.837417 0.547969 1.388899
v -0.837417 0.513948 1.471033
v -0.822351 0.539128 1.433350
v -0.822351 0.547969 1.388899
v -0.822351 0.513948 1.471033
v -0.853827 0.737176 1.515384
v -0.797627 0.539706 1.433589
v -0.797627 0.548595 1.388899
v -0.797627 0.514391 1.471476
v -0.770756 0.539706 1.433589
v -0.823132 0.737863 1.515669
v -0.823132 0.666054 1.623139
v -0.823132 0.763079 1.388899
v -0.803507 0.737818 1.515650
v -0.699888 0.737818 1.515650
v -0.803507 0.666019 1.623104
v -0.803507 0.763030 1.388899
v -0.699888 0.763030 1.388899
v -0.803507 0.737818 1.262148
v -0.699888 0.737818 1.262148
v -0.803507 0.666019 1.154694
v -0.823132 0.737863 1.262129
v -0.797627 0.539706 1.344209
v -0.823132 0.666054 1.154659
v -0.853827 0.737176 1.262414
v -0.822351 0.539128 1.344448
v -0.853827 0.665528 1.155185
v -0.853827 0.762336 1.388899
v -0.921116 0.736462 1.262709
v -0.921396 0.752666 1.255998
v -0.921116 0.664982 1.155731
v -0.921116 0.761563 1.388899
v -0.921396 0.779102 1.388899
v -0.921116 0.736462 1.515089
v -0.921396 0.752666 1.521801
v -0.921116 0.664982 1.622067
v -0.921396 0.677384 1.634469
v -0.921116 0.558003 1.693547
v -0.853827 0.665528 1.622613
v -0.853827 0.558299 1.694261
v -0.822351 0.476265 1.496213
v -0.853827 0.431814 1.719421
v -0.921116 0.431814 1.718648
v -0.822351 0.431814 1.505054
v -0.853827 0.305329 1.694261
v -0.823132 0.431814 1.720164
v -0.803507 0.431814 1.720115
v -0.797627 0.431814 1.505680
v -0.823132 0.305044 1.694948
v -0.823132 0.558584 1.694948
v -0.803507 0.558565 1.694903
v -0.797627 0.476504 1.496791
v -0.770756 0.476504 1.496791
v -0.770756 0.514391 1.471476
v -0.770756 0.431814 1.505680
v -0.764103 0.467827 1.475841
v -0.780252 0.467827 1.475841
v -0.764103 0.498357 1.455442
v -0.764103 0.431814 1.483005
v -0.780252 0.431814 1.483005
v -0.764103 0.395801 1.475841
v -0.780252 0.395801 1.475841
v -0.764103 0.365271 1.455442
v -0.770756 0.387124 1.496791
v -0.797627 0.387124 1.496791
v -0.770756 0.349237 1.471476
v -0.770756 0.323922 1.433589
v -0.797627 0.349237 1.471476
v -0.797627 0.323922 1.433589
v -0.823132 0.197574 1.623139
v -0.803507 0.197609 1.623104
v -0.823132 0.125765 1.515669
v -0.823132 0.100549 1.388899
v -0.853827 0.126452 1.515384
v -0.803507 0.125810 1.515650
v -0.699888 0.125810 1.515650
v -0.803507 0.100598 1.388899
v -0.699888 0.100598 1.388899
v -0.803507 0.125810 1.262148
v -0.699888 0.125810 1.262148
v -0.803507 0.197609 1.154694
v -0.823132 0.125765 1.262129
v -0.797627 0.323922 1.344209
v -0.823132 0.197574 1.154659
v -0.853827 0.126452 1.262414
v -0.822351 0.324500 1.344448
v -0.853827 0.198100 1.155185
v -0.853827 0.101292 1.388899
v -0.921116 0.127165 1.262709
v -0.921396 0.110961 1.255998
v -0.921116 0.198646 1.155731
v -0.921116 0.102065 1.388899
v -0.921396 0.084526 1.388899
v -0.921116 0.127165 1.515089
v -0.921396 0.110961 1.521801
v -0.921116 0.198646 1.622067
v -0.853827 0.198100 1.622613
v -0.921396 0.186244 1.634469
v -0.921116 0.305624 1.693547
v -0.921396 0.298912 1.709751
v -0.854107 0.298617 1.710465
v -0.921396 0.431814 1.736187
v -0.854107 0.431814 1.736960
v -0.921396 0.564715 1.709751
v -0.854107 0.565011 1.710465
v -0.854107 0.677930 1.635015
v -0.823114 0.565285 1.711126
v -0.823114 0.678436 1.635521
v -0.823115 0.431814 1.737675
v -0.803489 0.565266 1.711081
v -0.803489 0.678401 1.635486
v -0.803489 0.431814 1.737626
v -0.699870 0.565266 1.711081
v -0.699870 0.678401 1.635486
v -0.699870 0.431814 1.737626
v -0.699888 0.558565 1.694903
v -0.699888 0.431814 1.720115
v -0.699888 0.666019 1.623104
v -0.699888 0.305063 1.694903
v -0.699870 0.298362 1.711081
v -0.699888 0.197609 1.623104
v -0.803507 0.305063 1.694903
v -0.699870 0.185227 1.635486
v -0.699870 0.109632 1.522351
v -0.803489 0.185227 1.635486
v -0.803489 0.298362 1.711081
v -0.803489 0.109632 1.522351
v -0.823115 0.185192 1.635521
v -0.823115 0.298343 1.711126
v -0.823114 0.109587 1.522370
v -0.854107 0.185698 1.635015
v -0.854107 0.110248 1.522096
v -0.854107 0.083753 1.388899
v -0.854107 0.110248 1.255702
v -0.823115 0.083038 1.388899
v -0.823114 0.109587 1.255428
v -0.803489 0.083087 1.388899
v -0.803489 0.109632 1.255447
v -0.699870 0.083087 1.388899
v -0.699870 0.109632 1.255447
v -0.699870 0.185227 1.142312
v -0.803489 0.185227 1.142312
v -0.699870 0.298362 1.066717
v -0.699888 0.197609 1.154694
v -0.699888 0.305063 1.082895
v -0.699888 0.431814 1.057683
v -0.803507 0.305063 1.082895
v -0.803507 0.431814 1.057683
v -0.823132 0.305044 1.082850
v -0.797627 0.387124 1.281007
v -0.823132 0.431814 1.057634
v -0.853827 0.305329 1.083537
v -0.822351 0.387363 1.281585
v -0.853827 0.431814 1.058377
v -0.921116 0.305624 1.084250
v -0.921396 0.298912 1.068046
v -0.921116 0.431814 1.059150
v -0.921396 0.431814 1.041611
v -0.921116 0.558003 1.084250
v -0.853827 0.558299 1.083537
v -0.921396 0.564715 1.068046
v -0.921396 0.677384 1.143329
v -0.854107 0.565011 1.067333
v -0.854107 0.431814 1.040838
v -0.854107 0.677930 1.142783
v -0.823114 0.565285 1.066672
v -0.823114 0.431814 1.040123
v -0.823114 0.678436 1.142277
v -0.803489 0.565266 1.066717
v -0.803489 0.431814 1.040172
v -0.803489 0.678401 1.142312
v -0.699870 0.565266 1.066717
v -0.699870 0.431814 1.040172
v -0.699870 0.678401 1.142312
v -0.699888 0.558565 1.082895
v -0.803507 0.558565 1.082895
v -0.699888 0.666019 1.154694
v -0.823132 0.558584 1.082850
v -0.797627 0.476504 1.281007
v -0.797627 0.431814 1.272118
v -0.797627 0.514391 1.306322
v -0.770756 0.476504 1.281007
v -0.770756 0.431814 1.272118
v -0.770756 0.514391 1.306322
v -0.764103 0.467827 1.301957
v -0.764103 0.431814 1.294793
v -0.764103 0.498357 1.322356
v -0.780252 0.467827 1.301957
v -0.780252 0.431814 1.294793
v -0.780252 0.498357 1.322356
v -0.780252 0.461037 1.318349
v -0.780252 0.485811 1.334902
v -0.780252 0.431814 1.312536
v -0.780252 0.471851 1.350718
v -0.780252 0.502364 1.359676
v -0.780252 0.431814 1.347572
v -0.780252 0.475648 1.388899
v -0.780252 0.508177 1.388899
v -0.780252 0.431814 1.388899
v -0.780252 0.471851 1.427080
v -0.780252 0.502364 1.418122
v -0.780252 0.431814 1.430226
v -0.780252 0.461037 1.459449
v -0.780252 0.431814 1.465262
v -0.780252 0.485811 1.442896
v -0.780252 0.498357 1.455442
v -0.780252 0.518756 1.424912
v -0.780252 0.525920 1.388899
v -0.764103 0.518756 1.424912
v -0.764103 0.525920 1.388899
v -0.764103 0.518756 1.352886
v -0.770756 0.548595 1.388899
v -0.770756 0.539706 1.344209
v -0.780252 0.518756 1.352886
v -0.780252 0.402591 1.459449
v -0.780252 0.377817 1.442896
v -0.780252 0.391777 1.427080
v -0.780252 0.387980 1.388899
v -0.780252 0.361264 1.418122
v -0.780252 0.344872 1.424912
v -0.780252 0.355451 1.388899
v -0.780252 0.337708 1.388899
v -0.780252 0.361264 1.359676
v -0.780252 0.344872 1.352886
v -0.780252 0.377817 1.334902
v -0.780252 0.391777 1.350718
v -0.780252 0.402591 1.318349
v -0.780252 0.395801 1.301957
v -0.780252 0.365271 1.322356
v -0.764103 0.395801 1.301957
v -0.764103 0.365271 1.322356
v -0.770756 0.387124 1.281007
v -0.770756 0.349237 1.306322
v -0.770756 0.323922 1.344209
v -0.797627 0.349237 1.306322
v -0.770756 0.315033 1.388899
v -0.764103 0.344872 1.352886
v -0.764103 0.337708 1.388899
v -0.764103 0.344872 1.424912
v -0.797627 0.315033 1.388899
v -0.822351 0.315658 1.388899
v -0.822351 0.324500 1.433350
v -0.837417 0.315658 1.388899
v -0.837417 0.324500 1.433350
v -0.837417 0.324500 1.344448
v -0.833619 0.329885 1.388899
v -0.818570 0.329885 1.388899
v -0.833619 0.337644 1.427906
v -0.833619 0.337644 1.349892
v -0.833619 0.359739 1.316824
v -0.818570 0.337644 1.349892
v -0.818570 0.359739 1.316824
v -0.807825 0.337104 1.349669
v -0.807825 0.329301 1.388899
v -0.807825 0.359326 1.316411
v -0.803459 0.373603 1.364787
v -0.803459 0.387261 1.344347
v -0.803459 0.368807 1.388899
v -0.819187 0.373603 1.364787
v -0.819187 0.387261 1.344347
v -0.819187 0.368807 1.388899
v -0.819187 0.377537 1.366417
v -0.819187 0.390272 1.347357
v -0.819187 0.373065 1.388899
v -0.819187 0.401012 1.359524
v -0.819187 0.409332 1.334622
v -0.819187 0.431814 1.357104
v -0.819187 0.398091 1.388899
v -0.819187 0.431814 1.388899
v -0.819187 0.401012 1.418273
v -0.819187 0.431814 1.420694
v -0.819187 0.377537 1.411381
v -0.819187 0.409332 1.443176
v -0.819187 0.390272 1.430441
v -0.819187 0.431814 1.447648
v -0.819187 0.407702 1.447110
v -0.819187 0.387261 1.433451
v -0.819187 0.431814 1.451906
v -0.803459 0.407702 1.447110
v -0.803459 0.387261 1.433451
v -0.803459 0.431814 1.451906
v -0.807825 0.392584 1.483609
v -0.807825 0.431814 1.491412
v -0.807825 0.359326 1.461387
v -0.818570 0.392807 1.483069
v -0.818570 0.431814 1.490828
v -0.818570 0.359739 1.460974
v -0.833619 0.392807 1.483069
v -0.833619 0.431814 1.490828
v -0.833619 0.359739 1.460974
v -0.837417 0.387363 1.496213
v -0.837417 0.431814 1.505054
v -0.837417 0.349680 1.471033
v -0.822351 0.387363 1.496213
v -0.822351 0.349680 1.471033
v -0.837417 0.476265 1.496213
v -0.833619 0.470821 1.483069
v -0.818570 0.470821 1.483069
v -0.807825 0.471044 1.483609
v -0.807825 0.504302 1.461387
v -0.803459 0.455926 1.447110
v -0.803459 0.476366 1.433451
v -0.819187 0.455926 1.447110
v -0.819187 0.476366 1.433451
v -0.819187 0.454296 1.443176
v -0.819187 0.473356 1.430441
v -0.819187 0.462616 1.418273
v -0.819187 0.465537 1.388899
v -0.819187 0.486091 1.411381
v -0.819187 0.490563 1.388899
v -0.819187 0.490025 1.413011
v -0.819187 0.494821 1.388899
v -0.803459 0.490025 1.413011
v -0.803459 0.494821 1.388899
v -0.803459 0.490024 1.364787
v -0.807825 0.534327 1.388899
v -0.807825 0.526524 1.349669
v -0.807825 0.504302 1.316411
v -0.818570 0.525984 1.349892
v -0.818570 0.503889 1.316824
v -0.833619 0.525984 1.349892
v -0.833619 0.503889 1.316824
v -0.837417 0.539128 1.344448
v -0.837417 0.513948 1.306765
v -0.837417 0.476265 1.281585
v -0.822351 0.513948 1.306765
v -0.822351 0.476265 1.281585
v -0.822351 0.431814 1.272744
v -0.837417 0.431814 1.272744
v -0.837417 0.387363 1.281585
v -0.833619 0.431814 1.286970
v -0.833619 0.392807 1.294729
v -0.833619 0.470821 1.294729
v -0.818570 0.431814 1.286970
v -0.818570 0.392807 1.294729
v -0.818570 0.470821 1.294729
v -0.807825 0.431814 1.286386
v -0.807825 0.392584 1.294189
v -0.807825 0.471044 1.294189
v -0.803459 0.431814 1.325892
v -0.803459 0.455926 1.330688
v -0.803459 0.407702 1.330688
v -0.819187 0.431814 1.325892
v -0.819187 0.455926 1.330688
v -0.819187 0.407702 1.330688
v -0.819187 0.431814 1.330150
v -0.819187 0.454296 1.334622
v -0.819187 0.473356 1.347357
v -0.819187 0.462616 1.359524
v -0.819187 0.486091 1.366417
v -0.819187 0.490024 1.364787
v -0.819187 0.476366 1.344347
v -0.803459 0.476366 1.344347
v -0.837417 0.349680 1.306765
v -0.822351 0.349680 1.306765
v -0.818570 0.337644 1.427906
v -0.807825 0.337104 1.428129
v -0.803459 0.373603 1.413011
v -0.819187 0.373603 1.413011
v -0.780252 0.365271 1.455442
v -0.699870 0.753996 1.255447
v -0.699870 0.780541 1.388899
v -0.803489 0.753996 1.255447
v -0.823114 0.754041 1.255428
v -0.803489 0.780541 1.388899
v -0.823114 0.780590 1.388899
v -0.803489 0.753996 1.522351
v -0.699870 0.753996 1.522351
v -0.823114 0.754041 1.522370
v -0.854107 0.753380 1.522096
v -0.854107 0.779875 1.388899
v -0.854107 0.753380 1.255702
v -0.803489 0.298362 1.066717
v -0.823114 0.298343 1.066672
v -0.823114 0.185192 1.142277
v -0.854107 0.298617 1.067333
v -0.854107 0.185698 1.142783
v -0.921395 0.186244 1.143329
v -0.743542 0.497714 1.387103
v -0.743542 0.492689 1.361839
v -0.743542 0.492689 1.412367
v -0.743542 0.673780 1.387103
v -0.734081 0.497714 1.387103
v -0.734081 0.510176 1.387103
v -0.734081 0.492689 1.412367
v -0.734081 0.492689 1.361839
v -0.734081 0.504202 1.357070
v -0.734081 0.478378 1.340422
v -0.734081 0.456960 1.326111
v -0.743542 0.478378 1.340422
v -0.734081 0.487190 1.331610
v -0.726482 0.487190 1.331610
v -0.734081 0.461729 1.314597
v -0.726482 0.461729 1.314597
v -0.734081 0.431697 1.308624
v -0.726482 0.431697 1.308624
v -0.734081 0.401664 1.314597
v -0.734081 0.431697 1.321085
v -0.734081 0.406433 1.326111
v -0.743542 0.431697 1.321085
v -0.743542 0.456960 1.326111
v -0.743542 0.406433 1.326111
v -0.743542 0.431697 1.145020
v -0.743542 0.524338 1.163447
v -0.743542 0.339056 1.163447
v -0.734081 0.431697 1.145020
v -0.734081 0.339056 1.163447
v -0.734081 0.524338 1.163447
v -0.734081 0.431697 1.157482
v -0.726482 0.431697 1.157482
v -0.734081 0.519569 1.174961
v -0.734081 0.343824 1.174961
v -0.726482 0.343824 1.174961
v -0.734081 0.269330 1.224736
v -0.726482 0.269330 1.224736
v -0.734081 0.219554 1.299231
v -0.734081 0.260518 1.215924
v -0.734081 0.208041 1.294462
v -0.743542 0.260518 1.215924
v -0.743542 0.208041 1.294462
v -0.743542 0.385015 1.340422
v -0.743542 0.370705 1.361839
v -0.734081 0.385015 1.340422
v -0.734081 0.370705 1.361839
v -0.734081 0.376203 1.331610
v -0.726482 0.376203 1.331610
v -0.734081 0.359191 1.357070
v -0.726482 0.359191 1.357070
v -0.734081 0.353217 1.387103
v -0.726482 0.353217 1.387103
v -0.734081 0.359191 1.417136
v -0.734081 0.365679 1.387103
v -0.734081 0.370705 1.412367
v -0.743542 0.365679 1.387103
v -0.743542 0.370705 1.412367
v -0.743542 0.189614 1.387103
v -0.743542 0.208041 1.479744
v -0.734081 0.189614 1.387103
v -0.734081 0.208041 1.479744
v -0.734081 0.202075 1.387103
v -0.726482 0.202075 1.387103
v -0.734081 0.219554 1.474975
v -0.726482 0.219554 1.474975
v -0.734081 0.269330 1.549470
v -0.726482 0.269330 1.549470
v -0.734081 0.343824 1.599245
v -0.734081 0.260518 1.558282
v -0.734081 0.339055 1.610759
v -0.743542 0.260518 1.558282
v -0.743542 0.339055 1.610759
v -0.743542 0.385015 1.433784
v -0.743542 0.406433 1.448095
v -0.734081 0.385015 1.433784
v -0.734081 0.376203 1.442596
v -0.734081 0.406433 1.448095
v -0.734081 0.431697 1.453120
v -0.734081 0.401664 1.459608
v -0.726482 0.401664 1.459608
v -0.734081 0.431697 1.465582
v -0.726482 0.431697 1.465582
v -0.734081 0.461729 1.459608
v -0.734081 0.487190 1.442596
v -0.726482 0.461729 1.459608
v -0.734081 0.456960 1.448095
v -0.734081 0.478378 1.433784
v -0.743542 0.456960 1.448095
v -0.743542 0.431697 1.453120
v -0.743542 0.478378 1.433784
v -0.743542 0.524338 1.610759
v -0.743542 0.431697 1.629186
v -0.743542 0.602875 1.558282
v -0.734081 0.524338 1.610759
v -0.734081 0.602875 1.558282
v -0.734081 0.431697 1.629186
v -0.734081 0.519569 1.599245
v -0.726482 0.519569 1.599245
v -0.734081 0.431697 1.616724
v -0.734081 0.594063 1.549470
v -0.726482 0.594063 1.549470
v -0.734081 0.643839 1.474975
v -0.734081 0.661318 1.387103
v -0.726482 0.643839 1.474975
v -0.734081 0.655352 1.479744
v -0.734081 0.673780 1.387103
v -0.743542 0.655352 1.479744
v -0.734081 0.655352 1.294462
v -0.734081 0.602875 1.215924
v -0.734081 0.643839 1.299231
v -0.743542 0.655352 1.294462
v -0.743542 0.602875 1.215924
v -0.726482 0.643839 1.299231
v -0.734081 0.594064 1.224736
v -0.726482 0.594064 1.224736
v -0.726482 0.519569 1.174961
v -0.726482 0.602875 1.215924
v -0.726482 0.524338 1.163447
v -0.726482 0.655352 1.294462
v -0.717021 0.602875 1.215924
v -0.717021 0.655352 1.294462
v -0.717021 0.524338 1.163447
v -0.717021 0.566732 1.252067
v -0.717021 0.504777 1.210670
v -0.717021 0.608129 1.314022
v -0.718710 0.566732 1.252067
v -0.718710 0.608129 1.314022
v -0.718710 0.504777 1.210670
v -0.718710 0.531062 1.287737
v -0.718710 0.485473 1.257276
v -0.718710 0.561524 1.333327
v -0.717021 0.531062 1.287737
v -0.717021 0.485473 1.257276
v -0.717021 0.561524 1.333327
v -0.717021 0.478378 1.340422
v -0.717021 0.492689 1.361839
v -0.717021 0.456960 1.326111
v -0.726482 0.478378 1.340422
v -0.726482 0.492689 1.361839
v -0.726482 0.456960 1.326111
v -0.726482 0.431697 1.321085
v -0.726482 0.406433 1.326111
v -0.717021 0.431697 1.321085
v -0.717021 0.406433 1.326111
v -0.717021 0.431697 1.246579
v -0.717021 0.377921 1.257276
v -0.718710 0.431697 1.246579
v -0.718710 0.377921 1.257276
v -0.718710 0.431697 1.196134
v -0.718710 0.358616 1.210670
v -0.717021 0.431697 1.196134
v -0.717021 0.358616 1.210670
v -0.717021 0.431697 1.145020
v -0.717021 0.339056 1.163447
v -0.726482 0.431697 1.145020
v -0.726482 0.339056 1.163447
v -0.726482 0.260518 1.215924
v -0.726482 0.208041 1.294462
v -0.717021 0.260518 1.215924
v -0.717021 0.208041 1.294462
v -0.717021 0.296661 1.252067
v -0.717021 0.255264 1.314022
v -0.718710 0.296661 1.252067
v -0.718710 0.255264 1.314022
v -0.718710 0.332331 1.287737
v -0.718710 0.301869 1.333327
v -0.717021 0.332331 1.287737
v -0.717021 0.301869 1.333327
v -0.717021 0.385015 1.340422
v -0.717021 0.370705 1.361839
v -0.726482 0.385015 1.340422
v -0.726482 0.370705 1.361839
v -0.726482 0.365679 1.387103
v -0.726482 0.370705 1.412367
v -0.717021 0.365679 1.387103
v -0.717021 0.370705 1.412367
v -0.717021 0.291173 1.387103
v -0.717021 0.301869 1.440879
v -0.718710 0.291173 1.387103
v -0.718710 0.301869 1.440879
v -0.718710 0.240728 1.387103
v -0.718710 0.255264 1.460184
v -0.717021 0.240728 1.387103
v -0.717021 0.255264 1.460184
v -0.717021 0.189614 1.387103
v -0.717021 0.208041 1.479744
v -0.726482 0.189614 1.387103
v -0.726482 0.208041 1.479744
v -0.726482 0.260518 1.558282
v -0.726482 0.339055 1.610759
v -0.717021 0.260518 1.558282
v -0.717021 0.339055 1.610759
v -0.717021 0.296661 1.522138
v -0.717021 0.358616 1.563535
v -0.718710 0.296661 1.522138
v -0.718710 0.358616 1.563535
v -0.718710 0.332331 1.486468
v -0.718710 0.377920 1.516930
v -0.717021 0.332331 1.486468
v -0.717021 0.377920 1.516930
v -0.717021 0.385015 1.433784
v -0.717021 0.406433 1.448095
v -0.726482 0.385015 1.433784
v -0.726482 0.376203 1.442596
v -0.726482 0.406433 1.448095
v -0.726482 0.431697 1.453120
v -0.726482 0.456960 1.448095
v -0.717021 0.431697 1.453120
v -0.717021 0.456960 1.448095
v -0.717021 0.431697 1.527627
v -0.717021 0.485473 1.516930
v -0.718710 0.431697 1.527627
v -0.718710 0.485473 1.516930
v -0.718710 0.431697 1.578072
v -0.718710 0.504777 1.563535
v -0.717021 0.431697 1.578072
v -0.717021 0.504777 1.563535
v -0.717021 0.431697 1.629186
v -0.717021 0.524338 1.610759
v -0.726482 0.431697 1.629186
v -0.726482 0.524338 1.610759
v -0.726482 0.431697 1.616724
v -0.726482 0.343824 1.599245
v -0.726482 0.602875 1.558282
v -0.726482 0.655352 1.479744
v -0.717021 0.602875 1.558282
v -0.717021 0.655352 1.479744
v -0.717021 0.566732 1.522139
v -0.717021 0.608129 1.460184
v -0.718710 0.566732 1.522139
v -0.718710 0.608129 1.460184
v -0.718710 0.531062 1.486468
v -0.718710 0.561524 1.440879
v -0.717021 0.531062 1.486468
v -0.717021 0.561524 1.440879
v -0.717021 0.478378 1.433784
v -0.717021 0.492689 1.412367
v -0.726482 0.478378 1.433784
v -0.726482 0.492689 1.412367
v -0.726482 0.487190 1.442596
v -0.726482 0.504202 1.417136
v -0.726482 0.510176 1.387103
v -0.734081 0.504202 1.417136
v -0.726482 0.504202 1.357070
v -0.726482 0.497714 1.387103
v -0.717021 0.497714 1.387103
v -0.717021 0.572221 1.387103
v -0.718710 0.572221 1.387103
v -0.718710 0.622666 1.387103
v -0.717021 0.622666 1.387103
v -0.717021 0.673780 1.387103
v -0.726482 0.673780 1.387103
v -0.726482 0.661318 1.387103
v -0.726482 0.359191 1.417136
v -0.726482 0.219554 1.299231
v -0.726482 0.401664 1.314597
v -0.946997 0.827780 1.388899
v -0.946997 0.797639 1.540429
v -0.946997 0.797639 1.237369
v -0.946997 0.926230 1.388899
v -0.916782 0.773372 1.388899
v -0.916782 0.747372 1.519608
v -0.916782 0.747372 1.258190
v -0.810281 0.773372 1.388899
v -0.810281 0.747372 1.519608
v -0.810281 0.747372 1.258190
v -0.703781 0.773372 1.388899
v -0.703781 0.747372 1.519608
v -0.703781 0.747372 1.258190
v -0.673566 0.827780 1.388899
v -0.673566 0.797639 1.540429
v -0.673566 0.797639 1.237369
v -0.673566 0.926230 1.388899
v -0.673566 0.888595 1.578104
v -0.673566 0.888595 1.199694
v -0.810281 0.923513 1.440670
v -0.681366 0.924407 1.398068
v -0.681366 0.924407 1.379730
v -0.681366 0.890419 1.208863
v -0.810281 0.922659 1.431360
v -0.681366 0.947297 1.375177
v -0.681366 0.913309 1.204310
v -0.810281 0.945900 1.429229
v -0.686846 0.946340 1.368571
v -0.686846 0.914916 1.215400
v -0.804801 0.944293 1.418139
v -0.804801 0.930948 1.262348
v -0.810281 0.929991 1.255742
v -0.939197 0.913309 1.204310
v -0.810281 0.906750 1.257874
v -0.815762 0.930948 1.262348
v -0.815762 0.944293 1.418139
v -0.933716 0.914916 1.215400
v -0.933716 0.946340 1.368571
v -0.939197 0.947297 1.375177
v -0.939197 0.924407 1.379730
v -0.939197 0.890419 1.208863
v -0.946997 0.888595 1.199694
v -0.946997 0.781419 1.039294
v -0.939197 0.883401 1.191921
v -0.810281 0.905896 1.248564
v -0.810281 0.901545 1.240290
v -0.810281 0.922201 1.229427
v -0.681366 0.883401 1.191921
v -0.681366 0.786613 1.047067
v -0.681366 0.902807 1.178954
v -0.681366 0.806019 1.034100
v -0.686846 0.899395 1.173218
v -0.686846 0.811747 1.043731
v -0.804801 0.916472 1.219796
v -0.804801 0.844525 1.080971
v -0.810281 0.841113 1.075234
v -0.939197 0.806019 1.034100
v -0.810281 0.820456 1.086097
v -0.815762 0.844525 1.080971
v -0.815762 0.916472 1.219796
v -0.933716 0.811747 1.043731
v -0.933716 0.899395 1.173218
v -0.939197 0.902807 1.178954
v -0.939197 0.786613 1.047067
v -0.810281 0.816105 1.077823
v -0.810281 0.808918 1.071844
v -0.673566 0.781419 1.039294
v -0.673566 0.621019 0.932117
v -0.673566 0.711805 1.108908
v -0.681366 0.773646 1.034100
v -0.681366 0.628792 0.937311
v -0.681366 0.786612 1.014694
v -0.681366 0.641758 0.917906
v -0.810281 0.823845 1.053903
v -0.686846 0.781265 1.010700
v -0.686846 0.650736 0.924611
v -0.804801 0.814867 1.047197
v -0.804801 0.695270 0.946473
v -0.810281 0.689922 0.942479
v -0.939197 0.641758 0.917906
v -0.810281 0.674995 0.960420
v -0.815762 0.695270 0.946473
v -0.815762 0.814867 1.047197
v -0.933716 0.650736 0.924611
v -0.933716 0.781265 1.010700
v -0.939197 0.786612 1.014694
v -0.939197 0.773646 1.034100
v -0.939197 0.628792 0.937311
v -0.946997 0.621019 0.932117
v -0.946997 0.431814 0.894482
v -0.946997 0.583344 1.023074
v -0.939197 0.611850 0.930294
v -0.810281 0.667809 0.954440
v -0.810281 0.658881 0.951666
v -0.810281 0.665806 0.929379
v -0.681366 0.611850 0.930294
v -0.681366 0.440983 0.896306
v -0.681366 0.616403 0.907403
v -0.681366 0.445536 0.873416
v -0.686846 0.609934 0.905760
v -0.686846 0.456397 0.876175
v -0.804801 0.654945 0.926619
v -0.804801 0.505906 0.879330
v -0.810281 0.499437 0.877687
v -0.939197 0.445536 0.873416
v -0.810281 0.492512 0.899974
v -0.815762 0.505906 0.879330
v -0.815762 0.654945 0.926619
v -0.933716 0.456397 0.876175
v -0.933716 0.609934 0.905760
v -0.939197 0.616403 0.907403
v -0.939197 0.440983 0.896306
v -0.810281 0.483585 0.897200
v -0.810281 0.474275 0.898054
v -0.673566 0.431814 0.894482
v -0.673566 0.242609 0.932117
v -0.673566 0.431814 0.992932
v -0.681366 0.422645 0.896306
v -0.681366 0.251778 0.930294
v -0.681366 0.418092 0.873416
v -0.681366 0.247225 0.907403
v -0.810281 0.472144 0.874813
v -0.686846 0.411486 0.874373
v -0.686846 0.258315 0.905796
v -0.804801 0.461054 0.876420
v -0.804801 0.305263 0.889765
v -0.810281 0.298657 0.890722
v -0.939197 0.247225 0.907403
v -0.810281 0.300789 0.913963
v -0.815762 0.305263 0.889765
v -0.815762 0.461054 0.876420
v -0.933716 0.258315 0.905796
v -0.933716 0.411486 0.874373
v -0.939197 0.418092 0.873416
v -0.939197 0.422645 0.896306
v -0.939197 0.251778 0.930294
v -0.946997 0.242609 0.932117
v -0.946997 0.082209 1.039294
v -0.946997 0.280284 1.023074
v -0.939197 0.234836 0.937311
v -0.810281 0.291479 0.914817
v -0.810281 0.283205 0.919168
v -0.810281 0.272342 0.898512
v -0.681366 0.234836 0.937311
v -0.681366 0.089982 1.034100
v -0.681366 0.221869 0.917906
v -0.681366 0.077016 1.014694
v -0.686846 0.216133 0.921318
v -0.686846 0.086646 1.008966
v -0.804801 0.262711 0.904240
v -0.804801 0.123886 0.976188
v -0.810281 0.118149 0.979600
v -0.939197 0.077016 1.014694
v -0.810281 0.129012 1.000257
v -0.815762 0.123886 0.976188
v -0.815762 0.262711 0.904240
v -0.933716 0.086646 1.008966
v -0.933716 0.216133 0.921318
v -0.939197 0.221869 0.917906
v -0.939197 0.089982 1.034100
v -0.810281 0.120738 1.004608
v -0.810281 0.114759 1.011795
v -0.673566 0.082209 1.039294
v -0.673566 -0.024967 1.199694
v -0.673566 0.151823 1.108908
v -0.681366 0.077015 1.047067
v -0.681366 -0.019774 1.191921
v -0.681366 0.057609 1.034100
v -0.681366 -0.039179 1.178954
v -0.810281 0.096818 0.996868
v -0.686846 0.053615 1.039448
v -0.686846 -0.032473 1.169976
v -0.804801 0.090112 1.005846
v -0.804801 -0.010612 1.125443
v -0.810281 -0.014606 1.130790
v -0.939197 -0.039179 1.178954
v -0.810281 0.003335 1.145717
v -0.815762 -0.010612 1.125443
v -0.815762 0.090112 1.005846
v -0.933716 -0.032473 1.169976
v -0.933716 0.053615 1.039448
v -0.939197 0.057609 1.034100
v -0.939197 0.077015 1.047067
v -0.939197 -0.019774 1.191921
v -0.946997 -0.024967 1.199694
v -0.946997 -0.062603 1.388899
v -0.946997 0.065989 1.237369
v -0.939197 -0.026791 1.208863
v -0.810281 -0.002645 1.152904
v -0.810281 -0.005419 1.161832
v -0.810281 -0.027706 1.154907
v -0.681366 -0.026791 1.208863
v -0.681366 -0.060779 1.379730
v -0.681366 -0.049682 1.204310
v -0.681366 -0.083669 1.375177
v -0.686846 -0.051325 1.210779
v -0.686846 -0.080910 1.364316
v -0.804801 -0.030465 1.165767
v -0.804801 -0.077755 1.314806
v -0.810281 -0.079398 1.321275
v -0.939197 -0.083669 1.375177
v -0.810281 -0.057111 1.328200
v -0.815762 -0.077755 1.314806
v -0.815762 -0.030465 1.165767
v -0.933716 -0.080910 1.364316
v -0.933716 -0.051325 1.210779
v -0.939197 -0.049682 1.204310
v -0.939197 -0.060779 1.379730
v -0.810281 -0.059885 1.337128
v -0.810281 -0.059031 1.346438
v -0.673566 -0.062603 1.388899
v -0.673566 -0.024967 1.578104
v -0.673566 0.035848 1.388899
v -0.681366 -0.060779 1.398068
v -0.681366 -0.026791 1.568935
v -0.681366 -0.083669 1.402621
v -0.681366 -0.049682 1.573488
v -0.810281 -0.082272 1.348569
v -0.686846 -0.082712 1.409227
v -0.686846 -0.051288 1.562398
v -0.804801 -0.080665 1.359659
v -0.804801 -0.067320 1.515450
v -0.810281 -0.066363 1.522055
v -0.939197 -0.049682 1.573488
v -0.810281 -0.043122 1.519924
v -0.815762 -0.067320 1.515450
v -0.815762 -0.080665 1.359659
v -0.933717 -0.051288 1.562398
v -0.933717 -0.082712 1.409227
v -0.939197 -0.083669 1.402621
v -0.939197 -0.060779 1.398068
v -0.939197 -0.026791 1.568935
v -0.946997 -0.024967 1.578104
v -0.946997 0.082209 1.738504
v -0.946997 0.065989 1.540429
v -0.939197 -0.019774 1.585877
v -0.810281 -0.042268 1.529234
v -0.810281 -0.037917 1.537508
v -0.810281 -0.058573 1.548371
v -0.681366 -0.019774 1.585877
v -0.681366 0.077015 1.730731
v -0.681366 -0.039179 1.598843
v -0.681366 0.057609 1.743697
v -0.686846 -0.035767 1.604580
v -0.686846 0.051881 1.734066
v -0.804801 -0.052845 1.558002
v -0.804801 0.019103 1.696827
v -0.810281 0.022515 1.702564
v -0.939197 0.057609 1.743697
v -0.810281 0.043172 1.691700
v -0.815762 0.019103 1.696827
v -0.815762 -0.052845 1.558002
v -0.933717 0.051881 1.734066
v -0.933717 -0.035767 1.604580
v -0.939197 -0.039179 1.598843
v -0.939197 0.077015 1.730731
v -0.810281 0.047523 1.699975
v -0.810281 0.054710 1.705954
v -0.673566 0.082209 1.738504
v -0.673566 0.242609 1.845680
v -0.673566 0.151823 1.668889
v -0.681366 0.089982 1.743698
v -0.681366 0.234836 1.840486
v -0.681366 0.077016 1.763103
v -0.681366 0.221869 1.859892
v -0.810281 0.039783 1.723895
v -0.686846 0.082363 1.767097
v -0.686846 0.212891 1.853186
v -0.804801 0.048761 1.730601
v -0.804801 0.168358 1.831325
v -0.810281 0.173705 1.835319
v -0.939197 0.221869 1.859892
v -0.810281 0.188632 1.817378
v -0.815762 0.168358 1.831325
v -0.815762 0.048761 1.730601
v -0.933717 0.212891 1.853186
v -0.933717 0.082363 1.767097
v -0.939197 0.077016 1.763103
v -0.939197 0.089982 1.743698
v -0.939197 0.234836 1.840486
v -0.946997 0.242609 1.845680
v -0.946997 0.431814 1.883316
v -0.946997 0.280284 1.754724
v -0.939197 0.251778 1.847504
v -0.810281 0.195819 1.823357
v -0.810281 0.204747 1.826131
v -0.810281 0.197822 1.848419
v -0.681366 0.251778 1.847504
v -0.681366 0.422645 1.881492
v -0.681366 0.247225 1.870394
v -0.681366 0.418092 1.904382
v -0.686846 0.253694 1.872038
v -0.686846 0.407231 1.901623
v -0.804801 0.208682 1.851178
v -0.804801 0.357721 1.898468
v -0.810281 0.364190 1.900111
v -0.939197 0.418092 1.904382
v -0.810281 0.371115 1.877824
v -0.815762 0.357721 1.898468
v -0.815762 0.208682 1.851178
v -0.933717 0.407231 1.901623
v -0.933717 0.253694 1.872038
v -0.939197 0.247225 1.870394
v -0.939197 0.422645 1.881492
v -0.810281 0.380043 1.880598
v -0.810281 0.389353 1.879744
v -0.673566 0.431814 1.883316
v -0.673566 0.621019 1.845680
v -0.673566 0.431814 1.784865
v -0.681366 0.440983 1.881492
v -0.681366 0.611850 1.847504
v -0.681366 0.445536 1.904382
v -0.681366 0.616403 1.870394
v -0.810281 0.391484 1.902985
v -0.686846 0.452142 1.903425
v -0.686846 0.605313 1.872001
v -0.804801 0.402574 1.901378
v -0.804801 0.558365 1.888033
v -0.810281 0.564970 1.887076
v -0.939197 0.616403 1.870394
v -0.810281 0.562839 1.863835
v -0.815762 0.558365 1.888033
v -0.815762 0.402574 1.901378
v -0.933716 0.605313 1.872001
v -0.933716 0.452142 1.903425
v -0.939197 0.445536 1.904382
v -0.939197 0.440983 1.881492
v -0.939197 0.611850 1.847504
v -0.946997 0.621019 1.845680
v -0.946997 0.781419 1.738504
v -0.946997 0.583344 1.754724
v -0.939197 0.628792 1.840486
v -0.810281 0.572149 1.862981
v -0.810281 0.580423 1.858630
v -0.810281 0.591286 1.879286
v -0.681366 0.628792 1.840486
v -0.681366 0.773646 1.743698
v -0.681366 0.641758 1.859892
v -0.681366 0.786612 1.763103
v -0.686846 0.647495 1.856480
v -0.686846 0.776981 1.768832
v -0.804801 0.600917 1.873557
v -0.804801 0.739742 1.801610
v -0.810281 0.745479 1.798198
v -0.939197 0.786612 1.763103
v -0.810281 0.734616 1.777541
v -0.815762 0.739742 1.801610
v -0.815762 0.600917 1.873557
v -0.933716 0.776981 1.768832
v -0.933716 0.647495 1.856480
v -0.939197 0.641758 1.859892
v -0.939197 0.773646 1.743698
v -0.810281 0.742890 1.773190
v -0.810281 0.748869 1.766003
v -0.673566 0.781419 1.738504
v -0.673566 0.711804 1.668889
v -0.681366 0.786613 1.730731
v -0.681366 0.883401 1.585877
v -0.681366 0.806019 1.743697
v -0.681366 0.902807 1.598843
v -0.810281 0.766810 1.780930
v -0.686846 0.810013 1.738350
v -0.686846 0.896101 1.607821
v -0.804801 0.773516 1.771952
v -0.804801 0.874240 1.652355
v -0.810281 0.878234 1.647007
v -0.939197 0.902807 1.598843
v -0.810281 0.860293 1.632080
v -0.815762 0.874240 1.652355
v -0.815762 0.773516 1.771952
v -0.933716 0.896101 1.607821
v -0.933716 0.810013 1.738350
v -0.939197 0.806019 1.743697
v -0.939197 0.786613 1.730731
v -0.939197 0.883401 1.585877
v -0.946997 0.888595 1.578104
v -0.939197 0.890419 1.568935
v -0.810281 0.866272 1.624894
v -0.810281 0.869046 1.615966
v -0.810281 0.891334 1.622891
v -0.681366 0.890419 1.568935
v -0.681366 0.913309 1.573488
v -0.681366 0.947297 1.402621
v -0.686846 0.914953 1.567019
v -0.686846 0.944538 1.413482
v -0.804801 0.894093 1.612030
v -0.804801 0.941383 1.462991
v -0.810281 0.943026 1.456522
v -0.939197 0.947297 1.402621
v -0.810281 0.920739 1.449597
v -0.815762 0.941383 1.462991
v -0.815762 0.894093 1.612030
v -0.933716 0.944538 1.413482
v -0.933716 0.914953 1.567019
v -0.939197 0.913309 1.573488
v -0.939197 0.924407 1.398068
v -0.673566 0.583344 1.754724
v -0.703781 0.673332 1.630417
v -0.703781 0.562523 1.704457
v -0.810281 0.673332 1.630417
v -0.810281 0.562523 1.704457
v -0.916782 0.673332 1.630417
v -0.916782 0.562523 1.704457
v -0.946997 0.711804 1.668889
v -0.916782 0.431814 1.730457
v -0.916782 0.301105 1.704457
v -0.946997 0.431814 1.784865
v -0.810281 0.431814 1.730457
v -0.810281 0.301105 1.704457
v -0.703781 0.431814 1.730457
v -0.703781 0.301105 1.704457
v -0.703781 0.190296 1.630417
v -0.673566 0.280284 1.754724
v -0.703781 0.116255 1.519608
v -0.810281 0.190296 1.630417
v -0.810281 0.116255 1.519608
v -0.916782 0.190296 1.630417
v -0.916782 0.116255 1.519608
v -0.946997 0.151823 1.668889
v -0.916782 0.090256 1.388899
v -0.916782 0.116255 1.258190
v -0.946997 0.035848 1.388899
v -0.810281 0.090256 1.388899
v -0.810281 0.116255 1.258190
v -0.703781 0.090256 1.388899
v -0.703781 0.116255 1.258190
v -0.703781 0.190296 1.147381
v -0.673566 0.065989 1.237369
v -0.703781 0.301105 1.073340
v -0.810281 0.190296 1.147381
v -0.810281 0.301105 1.073340
v -0.916782 0.190296 1.147381
v -0.916782 0.301105 1.073340
v -0.946997 0.151823 1.108908
v -0.916782 0.431814 1.047341
v -0.916782 0.562523 1.073340
v -0.946997 0.431814 0.992932
v -0.810281 0.431814 1.047341
v -0.810281 0.562523 1.073340
v -0.703781 0.431814 1.047341
v -0.703781 0.562523 1.073340
v -0.703781 0.673332 1.147381
v -0.673566 0.583344 1.023074
v -0.810281 0.673332 1.147381
v -0.916782 0.673332 1.147381
v -0.946997 0.711805 1.108908
v -0.673566 0.280284 1.023074
v -0.673566 0.065989 1.540429
vn 0.0272 -0.9996 -0.0000
vn 0.0272 -0.9235 -0.3825
vn -0.6484 -0.7033 -0.2913
vn -0.6484 -0.7613 -0.0000
vn 0.0543 -0.9985 -0.0000
vn 0.0543 -0.9225 -0.3821
vn 0.0272 -0.7068 -0.7068
vn -0.6484 -0.5383 -0.5383
vn 0.0543 -0.7061 -0.7061
vn -0.9662 -0.2383 -0.0987
vn -0.9662 -0.2579 -0.0000
vn -0.9662 -0.1824 -0.1824
vn -0.0084 0.8965 0.4431
vn -0.0000 1.0000 -0.0000
vn -0.0000 0.9239 0.3827
vn -0.0084 0.7524 0.6587
vn -0.0000 0.7071 0.7071
vn -0.9894 -0.1453 -0.0000
vn -0.9890 -0.1452 -0.0289
vn -0.2578 -0.8708 -0.4186
vn -0.6116 -0.7912 -0.0000
vn -0.0084 0.7522 0.6589
vn -0.0084 0.8966 0.4428
vn -0.0000 -0.3827 0.9239
vn 0.9927 0.1180 0.0235
vn 0.9930 0.1181 -0.0000
vn 0.5660 0.7617 0.3155
vn 0.5660 0.8244 -0.0000
vn 0.5660 0.5829 0.5829
vn -0.2578 -0.7200 -0.6443
vn 0.0064 -0.8966 -0.4428
vn 0.0064 -0.7522 -0.6589
vn -0.0012 -0.9239 -0.3827
vn -0.0012 -0.7071 -0.7071
vn -0.0025 -1.0000 -0.0000
vn -0.0012 -1.0000 -0.0000
vn -0.0000 -0.9239 -0.3827
vn -0.0000 -0.7071 -0.7071
vn -0.0000 -1.0000 -0.0000
vn -0.0012 -0.9239 0.3827
vn -0.0000 -0.9239 0.3827
vn 0.0064 -0.8966 0.4428
vn -0.0012 -0.7071 0.7071
vn -0.0000 -0.7071 0.7071
vn 0.0064 -0.7522 0.6589
vn -0.0000 -0.3827 -0.9239
vn 0.9927 0.1180 -0.0235
vn -0.2578 -0.8708 0.4186
vn -0.2578 -0.7200 0.6443
vn -0.9890 -0.1452 0.0289
vn 0.0115 -0.9238 0.3827
vn 0.0115 -0.7071 0.7071
vn 0.0115 -0.9999 -0.0000
vn -0.9999 -0.0113 0.0113
vn -0.9999 -0.0147 0.0061
vn -0.9999 -0.0160 -0.0000
vn -0.9999 -0.0147 -0.0061
vn 0.0115 -0.9238 -0.3827
vn -0.9999 -0.0113 -0.0113
vn 0.0115 -0.7071 -0.7071
vn -0.9999 -0.0061 -0.0147
vn -0.6116 -0.3028 -0.7309
vn 0.0115 -0.3827 -0.9238
vn -0.0000 0.7071 -0.7071
vn -0.9890 -0.0823 -0.1231
vn -0.9894 -0.0556 -0.1342
vn -0.9890 -0.0289 -0.1452
vn -0.2578 0.0535 -0.9647
vn 0.0115 -0.0000 -0.9999
vn -0.2578 0.3197 -0.9118
vn 0.0115 0.3827 -0.9238
vn 0.0064 0.0660 -0.9978
vn 0.0064 0.3208 -0.9471
vn -0.0012 -0.0000 -1.0000
vn -0.0012 0.3827 -0.9239
vn -0.0025 -0.3827 -0.9239
vn -0.0012 -0.3827 -0.9239
vn 0.9927 0.0235 0.1181
vn 0.9930 0.0452 0.1091
vn 0.9927 0.0669 0.1001
vn -0.0000 0.3827 0.9239
vn 0.5660 0.3155 0.7617
vn -0.0084 -0.0660 0.9978
vn 0.5660 -0.0000 0.8244
vn 0.9595 0.1077 0.2601
vn 0.9595 0.1991 0.1991
vn 0.9595 -0.0000 0.2815
vn -0.0000 -0.0000 -1.0000
vn -0.0000 0.3827 -0.9239
vn 0.5660 -0.3155 0.7617
vn 0.9595 -0.1077 0.2601
vn 0.5660 -0.5829 0.5829
vn 0.9595 -0.1991 0.1991
vn -0.0084 -0.3209 0.9471
vn -0.0084 -0.9471 0.3209
vn 0.5660 -0.7617 0.3155
vn 0.9595 -0.2601 0.1077
vn 0.9930 -0.0835 0.0835
vn 0.9927 -0.0669 0.1001
vn 0.9927 -0.1001 0.0669
vn 0.0064 0.9471 -0.3208
vn -0.0025 0.7071 -0.7071
vn -0.0012 0.7071 -0.7071
vn -0.0012 0.9239 -0.3827
vn 0.0108 0.9999 -0.0000
vn -0.0012 1.0000 -0.0000
vn 0.0179 0.9998 -0.0000
vn -0.2578 0.9118 -0.3197
vn -0.0000 0.9239 -0.3827
vn -0.0012 0.9239 0.3827
vn 0.0064 0.9471 0.3208
vn -0.0012 0.7071 0.7071
vn -0.0025 0.7071 0.7071
vn 0.9930 -0.0835 -0.0835
vn 0.9927 -0.1001 -0.0669
vn -0.2578 0.9118 0.3197
vn -0.9890 0.1231 0.0823
vn -0.9894 0.1027 0.1027
vn -0.6116 0.5594 0.5594
vn 0.0115 0.7071 0.7071
vn 0.0115 0.9238 0.3827
vn 0.0115 0.9999 -0.0000
vn -0.9999 0.0147 0.0061
vn -0.9999 0.0113 0.0113
vn -0.9999 0.0160 -0.0000
vn 0.0115 0.9238 -0.3827
vn -0.9999 0.0147 -0.0061
vn -0.6116 0.5594 -0.5594
vn 0.0115 0.7071 -0.7071
vn -0.9999 0.0113 -0.0113
vn -0.9999 0.0061 -0.0147
vn -0.9999 -0.0000 -0.0160
vn -0.0173 -0.3826 0.9237
vn -0.0173 -0.0000 0.9999
vn -0.0115 -0.0000 0.9999
vn -0.0115 -0.3827 0.9238
vn -0.0173 -0.7070 0.7070
vn -0.0115 -0.7071 0.7071
vn -0.0173 0.3826 0.9237
vn -0.0115 0.3827 0.9238
vn -0.0173 0.7070 0.7070
vn -0.0115 0.7071 0.7071
vn -0.0103 0.3827 0.9238
vn -0.0103 0.7071 0.7071
vn -0.0103 -0.0000 0.9999
vn 0.0012 0.3827 0.9239
vn 0.0012 0.7071 0.7071
vn 0.0012 -0.0000 1.0000
vn -0.0000 -0.0000 1.0000
vn 1.0000 -0.0004 -0.0009
vn 1.0000 -0.0007 -0.0007
vn 1.0000 -0.0000 -0.0010
vn 1.0000 -0.0009 -0.0004
vn 1.0000 0.0004 -0.0009
vn 1.0000 0.0007 -0.0007
vn 1.0000 0.0009 -0.0004
vn 0.0012 -0.3827 0.9239
vn 0.0012 -0.7071 0.7071
vn 0.0012 -0.9239 0.3827
vn -0.0103 -0.3827 0.9238
vn -0.0103 -0.7071 0.7071
vn -0.0103 -0.9238 0.3827
vn -0.0173 -0.9237 0.3826
vn -0.0115 -0.9238 0.3827
vn -0.0173 -0.9999 -0.0000
vn -0.0115 -0.9999 -0.0000
vn -0.0103 -0.9999 -0.0000
vn -0.0173 -0.9237 -0.3826
vn -0.0103 -0.9238 -0.3827
vn -0.0115 -0.9238 -0.3827
vn 0.0012 -1.0000 -0.0000
vn 0.0012 -0.9239 -0.3827
vn 1.0000 0.0010 -0.0000
vn 1.0000 0.0009 0.0004
vn 0.0012 -0.7071 -0.7071
vn 1.0000 0.0007 0.0007
vn 0.0012 -0.3827 -0.9239
vn 1.0000 0.0004 0.0009
vn -0.0012 0.3827 0.9239
vn 1.0000 -0.0000 0.0010
vn -0.0012 -0.0000 1.0000
vn 0.0064 0.3208 0.9471
vn 0.0064 0.0660 0.9978
vn 0.9927 -0.0669 -0.1001
vn -0.2578 0.0535 0.9647
vn -0.2578 0.3197 0.9118
vn -0.9890 0.0823 0.1231
vn 0.0115 0.3827 0.9238
vn 0.0115 -0.0000 0.9999
vn -0.9999 0.0061 0.0147
vn -0.9999 -0.0000 0.0160
vn -0.6116 -0.3028 0.7309
vn 0.0115 -0.3827 0.9238
vn -0.9999 -0.0061 0.0147
vn -0.0173 0.3826 -0.9237
vn -0.0173 -0.0000 -0.9999
vn -0.0115 -0.0000 -0.9999
vn -0.0115 0.3827 -0.9238
vn -0.0173 0.7070 -0.7070
vn -0.0115 0.7071 -0.7071
vn -0.0103 0.3827 -0.9238
vn -0.0103 -0.0000 -0.9999
vn -0.0103 0.7071 -0.7071
vn 0.0012 0.3827 -0.9239
vn 0.0012 -0.0000 -1.0000
vn 0.0012 0.7071 -0.7071
vn 1.0000 -0.0004 0.0009
vn 1.0000 -0.0007 0.0007
vn -0.0012 -0.3827 0.9239
vn 1.0000 -0.0009 0.0004
vn -0.0025 -0.3827 0.9239
vn 0.9930 0.0452 -0.1091
vn 0.9927 0.0235 -0.1181
vn 0.9927 0.0669 -0.1001
vn -0.0084 -0.0660 -0.9978
vn 0.5660 0.3155 -0.7617
vn 0.5660 -0.0000 -0.8244
vn -0.0084 0.7522 -0.6589
vn 0.5660 0.5829 -0.5829
vn 0.9595 0.1077 -0.2601
vn 0.9595 -0.0000 -0.2815
vn 0.9595 0.1991 -0.1991
vn 1.0000 -0.0000 -0.0000
vn 0.9595 0.2601 0.1077
vn 0.9595 0.2815 -0.0000
vn 0.5660 0.7617 -0.3155
vn 0.9595 0.2601 -0.1077
vn -0.0084 0.8966 -0.4428
vn 0.5660 -0.5829 -0.5829
vn 0.5660 -0.3155 -0.7617
vn 0.9595 -0.1077 -0.2601
vn 0.9595 -0.1991 -0.1991
vn -0.0084 -0.3209 -0.9471
vn -0.0084 -0.9471 -0.3209
vn 0.5660 -0.7617 -0.3155
vn 0.9595 -0.2601 -0.1077
vn -0.0126 -0.9999 -0.0000
vn 0.5660 -0.8244 -0.0000
vn 0.9595 -0.2815 -0.0000
vn -0.0084 -0.9472 0.3206
vn -0.0127 -0.9999 -0.0000
vn -0.0084 -0.9472 -0.3206
vn -0.6484 0.7033 -0.2913
vn -0.6484 0.7613 -0.0000
vn -0.9662 0.2579 -0.0000
vn -0.9662 0.2383 -0.0987
vn -0.6484 0.7033 0.2913
vn -0.9662 0.2383 0.0987
vn 0.0272 0.9235 -0.3825
vn 0.0272 0.9996 -0.0000
vn 0.0272 0.9235 0.3825
vn 0.0272 0.7068 0.7068
vn -0.6484 0.5383 0.5383
vn -0.9662 0.1824 0.1824
vn 0.0543 0.9985 -0.0000
vn 0.0543 0.9225 0.3821
vn 0.0543 0.7061 0.7061
vn -0.9939 0.1015 0.0420
vn -0.9939 0.1099 -0.0000
vn -0.9939 0.0777 0.0777
vn -1.0000 -0.0000 -0.0000
vn -0.9939 0.0777 -0.0777
vn -0.9939 0.0420 -0.1015
vn -0.9939 -0.0000 -0.1099
vn 0.0272 0.3825 -0.9235
vn 0.0272 -0.0000 -0.9996
vn 0.0543 -0.0000 -0.9985
vn 0.0543 0.3821 -0.9225
vn 0.0272 0.7068 -0.7068
vn 0.0543 0.7061 -0.7061
vn -0.6484 0.2913 -0.7033
vn -0.6484 -0.0000 -0.7613
vn -0.6484 0.5383 -0.5383
vn -0.9662 0.0987 -0.2383
vn -0.9662 -0.0000 -0.2579
vn -0.9662 0.1824 -0.1824
vn -0.0084 -0.3206 0.9472
vn -0.0084 -0.0663 0.9978
vn -0.9890 0.0823 -0.1231
vn -0.9894 0.1027 -0.1027
vn -0.9890 0.1231 -0.0823
vn -0.6484 -0.2913 -0.7033
vn -0.9662 -0.0987 -0.2383
vn 0.0272 -0.3825 -0.9235
vn 0.0543 -0.3821 -0.9225
vn -0.9939 -0.0420 -0.1015
vn -0.9939 -0.0777 -0.0777
vn -0.9939 -0.1015 -0.0420
vn -0.9939 -0.1099 -0.0000
vn -0.9939 -0.1015 0.0420
vn 0.0272 -0.9235 0.3825
vn 0.0543 -0.9225 0.3821
vn -0.9939 -0.0777 0.0777
vn 0.0272 -0.7068 0.7068
vn 0.0543 -0.7061 0.7061
vn -0.6484 -0.7033 0.2913
vn -0.6484 -0.5383 0.5383
vn -0.9662 -0.2383 0.0987
vn -0.9662 -0.1824 0.1824
vn -0.0084 0.8965 -0.4431
vn -0.0084 0.7524 -0.6587
vn -0.6484 -0.2913 0.7033
vn -0.9662 -0.0987 0.2383
vn -0.9894 -0.0556 0.1342
vn -0.9890 -0.0823 0.1231
vn -0.9890 -0.0289 0.1452
vn -0.0084 -0.0663 -0.9978
vn -0.0084 -0.3206 -0.9472
vn -0.6484 0.2913 0.7033
vn -0.6484 -0.0000 0.7613
vn -0.9662 -0.0000 0.2579
vn -0.9662 0.0987 0.2383
vn 0.0272 0.3825 0.9235
vn 0.0272 -0.0000 0.9996
vn 0.0272 -0.3825 0.9235
vn 0.0543 0.3821 0.9225
vn 0.0543 -0.0000 0.9985
vn 0.0543 -0.3821 0.9225
vn -0.9939 -0.0000 0.1099
vn -0.9939 0.0420 0.1015
vn -0.9939 -0.0420 0.1015
vn 0.0543 0.9225 -0.3821
vn -0.9939 0.1015 -0.0420
vn 0.0012 0.9239 -0.3827
vn 1.0000 -0.0010 -0.0000
vn 0.0012 1.0000 -0.0000
vn -0.0103 0.9238 -0.3827
vn -0.0103 0.9999 -0.0000
vn -0.0103 0.9238 0.3827
vn 0.0012 0.9239 0.3827
vn -0.0173 0.9999 -0.0000
vn -0.0173 0.9237 0.3826
vn -0.0115 0.9999 -0.0000
vn -0.0115 0.9238 0.3827
vn -0.0173 0.9237 -0.3826
vn -0.0115 0.9238 -0.3827
vn -0.0103 -0.3827 -0.9238
vn -0.0103 -0.7071 -0.7071
vn -0.0173 -0.7070 -0.7070
vn -0.0173 -0.3826 -0.9237
vn -0.0115 -0.7071 -0.7071
vn -0.0115 -0.3827 -0.9238
vn -0.8742 -0.4485 -0.1858
vn -0.8742 -0.4855 -0.0000
vn -0.5368 -0.8437 -0.0000
vn -0.5368 -0.7795 -0.3229
vn -0.8742 -0.4485 0.1858
vn -0.5368 -0.7795 0.3229
vn 0.5368 -0.7795 -0.3229
vn 0.5368 -0.8437 -0.0000
vn 0.5368 -0.7795 0.3229
vn 0.8742 -0.4485 -0.1858
vn 0.8742 -0.4855 -0.0000
vn 0.8742 -0.4485 0.1858
vn -0.0104 0.9999 0.0003
vn 0.0447 0.9698 0.2396
vn -0.0272 0.9732 0.2285
vn -0.0104 0.9237 0.3830
vn -0.0104 0.9240 -0.3823
vn 0.0447 0.9877 -0.1498
vn -0.0272 0.9865 -0.1614
vn -0.0000 0.9931 -0.1175
vn -0.0000 0.9916 0.1291
vn -0.0000 0.9597 0.2810
vn 0.3745 0.1330 0.9176
vn -0.0000 0.1434 0.9897
vn 0.0365 0.9857 -0.1644
vn 0.0187 0.9858 -0.1668
vn -0.0309 0.9859 -0.1647
vn -0.0560 0.9851 -0.1623
vn -0.0187 0.9926 -0.1199
vn -0.0000 0.9925 -0.1222
vn 0.0309 0.9921 -0.1219
vn -0.0000 0.9923 -0.1242
vn -0.0365 0.9857 -0.1644
vn -0.0187 0.9858 -0.1668
vn -0.0309 0.9921 -0.1219
vn -0.0000 -0.1434 -0.9897
vn 0.3745 -0.1330 -0.9176
vn -0.3745 -0.1330 -0.9176
vn 0.0187 0.9926 -0.1199
vn 0.0309 0.9859 -0.1647
vn 0.0560 0.9851 -0.1623
vn -0.3745 0.1330 0.9176
vn 0.0104 0.9240 -0.3823
vn 0.0104 0.9999 0.0003
vn 0.0272 0.9865 -0.1614
vn -0.0447 0.9877 -0.1498
vn -0.0000 0.9656 -0.2602
vn -0.0000 0.9942 -0.1077
vn 0.0104 0.7073 -0.7068
vn 0.0272 0.8497 -0.5266
vn -0.0447 0.8552 -0.5164
vn -0.0000 0.8725 -0.4886
vn -0.0272 0.8497 -0.5266
vn -0.3745 0.4740 0.7969
vn -0.0000 0.5112 0.8595
vn 0.3745 0.4740 0.7969
vn -0.0104 0.7073 -0.7068
vn 0.0447 0.8552 -0.5164
vn 0.0365 0.8478 -0.5291
vn 0.0187 0.8470 -0.5313
vn -0.0309 0.8478 -0.5294
vn -0.0560 0.8480 -0.5270
vn -0.0187 0.8712 -0.4906
vn -0.0000 0.8702 -0.4927
vn 0.0309 0.8699 -0.4923
vn -0.0000 0.8692 -0.4944
vn -0.0365 0.8478 -0.5291
vn -0.0187 0.8470 -0.5313
vn -0.0309 0.8699 -0.4923
vn -0.0000 -0.5112 -0.8595
vn 0.3745 -0.4740 -0.7969
vn -0.3745 -0.4740 -0.7969
vn 0.0187 0.8712 -0.4906
vn 0.0309 0.8478 -0.5294
vn 0.0560 0.8480 -0.5270
vn -0.0000 0.7925 -0.6099
vn -0.0000 0.8773 -0.4799
vn -0.0000 0.6191 -0.7853
vn 0.0272 0.5835 -0.8117
vn -0.0272 0.5835 -0.8117
vn -0.0104 0.3830 -0.9237
vn 0.0447 0.5925 -0.8043
vn 0.3745 0.7429 0.5548
vn -0.0000 0.8012 0.5984
vn 0.0365 0.5807 -0.8133
vn 0.0187 0.5792 -0.8150
vn -0.0309 0.5807 -0.8136
vn -0.0560 0.5818 -0.8114
vn -0.0187 0.6171 -0.7867
vn -0.0000 0.6154 -0.7882
vn 0.0309 0.6153 -0.7877
vn -0.0000 0.6138 -0.7894
vn -0.0365 0.5807 -0.8133
vn -0.0187 0.5792 -0.8150
vn -0.0309 0.6153 -0.7877
vn -0.0000 -0.8012 -0.5984
vn 0.3745 -0.7429 -0.5548
vn -0.3745 -0.7429 -0.5548
vn 0.0187 0.6171 -0.7867
vn 0.0309 0.5807 -0.8136
vn 0.0560 0.5818 -0.8114
vn -0.3745 0.7429 0.5548
vn 0.0104 0.3830 -0.9237
vn -0.0447 0.5925 -0.8043
vn -0.0000 0.4988 -0.8667
vn -0.0000 0.6269 -0.7791
vn 0.0104 0.0003 -0.9999
vn 0.0272 0.2284 -0.9732
vn -0.0447 0.2396 -0.9698
vn -0.0000 0.2714 -0.9625
vn -0.0272 0.2284 -0.9732
vn -0.3745 0.8987 0.2283
vn -0.0000 0.9692 0.2462
vn 0.3745 0.8987 0.2283
vn -0.0104 0.0003 -0.9999
vn 0.0447 0.2396 -0.9698
vn 0.0365 0.2253 -0.9736
vn 0.0187 0.2232 -0.9746
vn -0.0309 0.2251 -0.9738
vn -0.0560 0.2270 -0.9723
vn -0.0187 0.2691 -0.9629
vn -0.0000 0.2669 -0.9637
vn 0.0309 0.2670 -0.9632
vn -0.0000 0.2650 -0.9642
vn -0.0365 0.2253 -0.9736
vn -0.0187 0.2232 -0.9746
vn -0.0309 0.2670 -0.9632
vn -0.0000 -0.9692 -0.2462
vn 0.3745 -0.8987 -0.2283
vn -0.3745 -0.8987 -0.2283
vn 0.0187 0.2691 -0.9629
vn 0.0309 0.2251 -0.9738
vn 0.0560 0.2270 -0.9723
vn -0.0000 0.1291 -0.9916
vn -0.0000 0.2810 -0.9597
vn -0.0000 -0.1175 -0.9931
vn 0.0272 -0.1614 -0.9865
vn -0.0272 -0.1614 -0.9865
vn -0.0104 -0.3823 -0.9240
vn 0.0447 -0.1498 -0.9877
vn 0.3745 0.9176 -0.1330
vn -0.0000 0.9897 -0.1434
vn 0.0365 -0.1644 -0.9857
vn 0.0187 -0.1667 -0.9858
vn -0.0309 -0.1647 -0.9859
vn -0.0560 -0.1623 -0.9851
vn -0.0187 -0.1199 -0.9926
vn -0.0000 -0.1222 -0.9925
vn 0.0309 -0.1219 -0.9921
vn -0.0000 -0.1242 -0.9923
vn -0.0365 -0.1644 -0.9857
vn -0.0187 -0.1667 -0.9858
vn -0.0309 -0.1219 -0.9921
vn -0.0000 -0.9897 0.1434
vn 0.3745 -0.9176 0.1330
vn -0.3745 -0.9176 0.1330
vn 0.0187 -0.1199 -0.9926
vn 0.0309 -0.1647 -0.9859
vn 0.0560 -0.1623 -0.9851
vn -0.3745 0.9176 -0.1330
vn 0.0104 -0.3823 -0.9240
vn -0.0447 -0.1498 -0.9877
vn -0.0000 -0.2602 -0.9656
vn -0.0000 -0.1077 -0.9942
vn 0.0104 -0.7068 -0.7073
vn 0.0272 -0.5266 -0.8497
vn -0.0447 -0.5164 -0.8552
vn -0.0000 -0.4886 -0.8725
vn -0.0272 -0.5266 -0.8497
vn -0.3745 0.7969 -0.4740
vn -0.0000 0.8595 -0.5112
vn 0.3745 0.7969 -0.4740
vn -0.0104 -0.7068 -0.7073
vn 0.0447 -0.5164 -0.8552
vn 0.0365 -0.5291 -0.8478
vn 0.0187 -0.5313 -0.8470
vn -0.0309 -0.5294 -0.8478
vn -0.0560 -0.5270 -0.8480
vn -0.0187 -0.4906 -0.8712
vn -0.0000 -0.4927 -0.8702
vn 0.0309 -0.4923 -0.8699
vn -0.0000 -0.4944 -0.8692
vn -0.0365 -0.5291 -0.8478
vn -0.0187 -0.5313 -0.8470
vn -0.0309 -0.4923 -0.8699
vn -0.0000 -0.8595 0.5112
vn 0.3745 -0.7969 0.4740
vn -0.3745 -0.7969 0.4740
vn 0.0187 -0.4906 -0.8712
vn 0.0309 -0.5294 -0.8478
vn 0.0560 -0.5270 -0.8480
vn -0.0000 -0.6099 -0.7925
vn -0.0000 -0.4799 -0.8773
vn -0.0000 -0.7853 -0.6191
vn 0.0272 -0.8117 -0.5835
vn -0.0272 -0.8117 -0.5835
vn -0.0104 -0.9237 -0.3830
vn 0.0447 -0.8043 -0.5925
vn 0.3745 0.5548 -0.7429
vn -0.0000 0.5984 -0.8012
vn 0.0365 -0.8133 -0.5807
vn 0.0187 -0.8150 -0.5792
vn -0.0309 -0.8136 -0.5807
vn -0.0560 -0.8114 -0.5818
vn -0.0187 -0.7867 -0.6171
vn -0.0000 -0.7882 -0.6154
vn 0.0309 -0.7877 -0.6153
vn -0.0000 -0.7894 -0.6138
vn -0.0365 -0.8133 -0.5807
vn -0.0187 -0.8150 -0.5792
vn -0.0309 -0.7877 -0.6153
vn -0.0000 -0.5984 0.8012
vn 0.3745 -0.5548 0.7429
vn -0.3745 -0.5548 0.7429
vn 0.0187 -0.7867 -0.6171
vn 0.0309 -0.8136 -0.5807
vn 0.0560 -0.8114 -0.5818
vn -0.3745 0.5548 -0.7429
vn 0.0104 -0.9237 -0.3830
vn -0.0447 -0.8043 -0.5925
vn -0.0000 -0.8667 -0.4988
vn -0.0000 -0.7791 -0.6269
vn 0.0104 -0.9999 -0.0003
vn 0.0272 -0.9732 -0.2285
vn -0.0447 -0.9698 -0.2396
vn -0.0000 -0.9625 -0.2714
vn -0.0272 -0.9732 -0.2285
vn -0.3745 0.2283 -0.8987
vn -0.0000 0.2462 -0.9692
vn 0.3745 0.2283 -0.8987
vn -0.0104 -0.9999 -0.0003
vn 0.0447 -0.9698 -0.2396
vn 0.0365 -0.9736 -0.2253
vn 0.0187 -0.9746 -0.2232
vn -0.0309 -0.9738 -0.2251
vn -0.0560 -0.9723 -0.2270
vn -0.0187 -0.9629 -0.2691
vn -0.0000 -0.9637 -0.2669
vn 0.0309 -0.9632 -0.2670
vn -0.0000 -0.9642 -0.2650
vn -0.0365 -0.9736 -0.2253
vn -0.0187 -0.9746 -0.2232
vn -0.0309 -0.9632 -0.2670
vn -0.0000 -0.2462 0.9692
vn 0.3745 -0.2283 0.8987
vn -0.3745 -0.2283 0.8987
vn 0.0187 -0.9629 -0.2691
vn 0.0309 -0.9738 -0.2251
vn 0.0560 -0.9723 -0.2270
vn -0.0000 -0.9916 -0.1291
vn -0.0000 -0.9597 -0.2810
vn -0.0000 -0.9931 0.1175
vn 0.0272 -0.9865 0.1614
vn -0.0272 -0.9865 0.1614
vn -0.0104 -0.9240 0.3823
vn 0.0447 -0.9877 0.1498
vn 0.0365 -0.9857 0.1644
vn 0.0187 -0.9858 0.1668
vn -0.0309 -0.9859 0.1647
vn -0.0560 -0.9851 0.1623
vn -0.0187 -0.9926 0.1199
vn -0.0000 -0.9925 0.1222
vn 0.0309 -0.9921 0.1219
vn -0.0000 -0.9923 0.1242
vn -0.0365 -0.9857 0.1644
vn -0.0187 -0.9858 0.1668
vn -0.0309 -0.9921 0.1219
vn 0.0187 -0.9926 0.1199
vn 0.0309 -0.9859 0.1647
vn 0.0560 -0.9851 0.1623
vn 0.0104 -0.9240 0.3823
vn -0.0447 -0.9877 0.1498
vn -0.0000 -0.9656 0.2602
vn -0.0000 -0.9942 0.1077
vn 0.0104 -0.7073 0.7068
vn 0.0272 -0.8497 0.5266
vn -0.0447 -0.8552 0.5164
vn -0.0000 -0.8725 0.4886
vn -0.0272 -0.8497 0.5266
vn -0.0104 -0.7073 0.7068
vn 0.0447 -0.8552 0.5164
vn 0.0365 -0.8478 0.5291
vn 0.0187 -0.8470 0.5313
vn -0.0309 -0.8478 0.5294
vn -0.0560 -0.8480 0.5270
vn -0.0187 -0.8712 0.4906
vn -0.0000 -0.8702 0.4927
vn 0.0309 -0.8699 0.4923
vn -0.0000 -0.8692 0.4944
vn -0.0365 -0.8478 0.5291
vn -0.0187 -0.8470 0.5313
vn -0.0309 -0.8699 0.4923
vn 0.0187 -0.8712 0.4906
vn 0.0309 -0.8478 0.5294
vn 0.0560 -0.8480 0.5270
vn -0.0000 -0.7925 0.6099
vn -0.0000 -0.8773 0.4799
vn -0.0000 -0.6191 0.7853
vn 0.0272 -0.5835 0.8117
vn -0.0272 -0.5835 0.8117
vn -0.0104 -0.3830 0.9237
vn 0.0447 -0.5925 0.8043
vn 0.0365 -0.5807 0.8133
vn 0.0187 -0.5792 0.8150
vn -0.0309 -0.5807 0.8136
vn -0.0560 -0.5818 0.8114
vn -0.0187 -0.6171 0.7867
vn -0.0000 -0.6154 0.7882
vn 0.0309 -0.6153 0.7877
vn -0.0000 -0.6138 0.7894
vn -0.0365 -0.5807 0.8133
vn -0.0187 -0.5792 0.8150
vn -0.0309 -0.6153 0.7877
vn 0.0187 -0.6171 0.7867
vn 0.0309 -0.5807 0.8136
vn 0.0560 -0.5818 0.8114
vn 0.0104 -0.3830 0.9237
vn -0.0447 -0.5925 0.8043
vn -0.0000 -0.4988 0.8667
vn -0.0000 -0.6269 0.7791
vn 0.0104 -0.0003 0.9999
vn 0.0272 -0.2285 0.9732
vn -0.0447 -0.2396 0.9698
vn -0.0000 -0.2714 0.9625
vn -0.0272 -0.2284 0.9732
vn -0.0104 -0.0003 0.9999
vn 0.0447 -0.2396 0.9698
vn 0.0365 -0.2253 0.9736
vn 0.0187 -0.2232 0.9746
vn -0.0309 -0.2251 0.9738
vn -0.0560 -0.2270 0.9723
vn -0.0187 -0.2691 0.9629
vn -0.0000 -0.2669 0.9637
vn 0.0309 -0.2670 0.9632
vn -0.0000 -0.2650 0.9642
vn -0.0365 -0.2253 0.9736
vn -0.0187 -0.2232 0.9746
vn -0.0309 -0.2670 0.9632
vn 0.0187 -0.2691 0.9629
vn 0.0309 -0.2251 0.9738
vn 0.0560 -0.2270 0.9723
vn -0.0000 -0.1291 0.9916
vn -0.0000 -0.2810 0.9597
vn -0.0000 0.1175 0.9931
vn 0.0272 0.1614 0.9865
vn -0.0272 0.1614 0.9865
vn -0.0104 0.3823 0.9240
vn 0.0447 0.1498 0.9877
vn 0.0365 0.1644 0.9857
vn 0.0187 0.1668 0.9858
vn -0.0309 0.1647 0.9859
vn -0.0560 0.1623 0.9851
vn -0.0187 0.1199 0.9926
vn -0.0000 0.1222 0.9925
vn 0.0309 0.1219 0.9921
vn -0.0000 0.1242 0.9923
vn -0.0365 0.1644 0.9857
vn -0.0187 0.1668 0.9858
vn -0.0309 0.1219 0.9921
vn 0.0187 0.1199 0.9926
vn 0.0309 0.1647 0.9859
vn 0.0560 0.1623 0.9851
vn 0.0104 0.3823 0.9240
vn -0.0447 0.1498 0.9877
vn -0.0000 0.2602 0.9656
vn -0.0000 0.1077 0.9942
vn 0.0104 0.7068 0.7073
vn 0.0272 0.5266 0.8497
vn -0.0447 0.5164 0.8552
vn -0.0000 0.4886 0.8725
vn -0.0272 0.5266 0.8497
vn -0.0104 0.7068 0.7073
vn 0.0447 0.5164 0.8552
vn 0.0365 0.5291 0.8478
vn 0.0187 0.5313 0.8470
vn -0.0309 0.5294 0.8478
vn -0.0560 0.5270 0.8480
vn -0.0187 0.4906 0.8712
vn -0.0000 0.4927 0.8702
vn 0.0309 0.4923 0.8699
vn -0.0000 0.4944 0.8692
vn -0.0365 0.5291 0.8478
vn -0.0187 0.5313 0.8470
vn -0.0309 0.4923 0.8699
vn 0.0187 0.4906 0.8712
vn 0.0309 0.5294 0.8478
vn 0.0560 0.5270 0.8480
vn -0.0000 0.6099 0.7925
vn -0.0000 0.4799 0.8773
vn -0.0000 0.7853 0.6191
vn 0.0272 0.8117 0.5835
vn -0.0272 0.8117 0.5835
vn 0.0447 0.8043 0.5925
vn 0.0365 0.8133 0.5807
vn 0.0187 0.8150 0.5792
vn -0.0309 0.8136 0.5807
vn -0.0560 0.8114 0.5818
vn -0.0187 0.7867 0.6171
vn -0.0000 0.7882 0.6154
vn 0.0309 0.7877 0.6153
vn -0.0000 0.7894 0.6138
vn -0.0365 0.8133 0.5807
vn -0.0187 0.8150 0.5792
vn -0.0309 0.7877 0.6153
vn 0.0187 0.7867 0.6171
vn 0.0309 0.8136 0.5807
vn 0.0560 0.8114 0.5818
vn 0.0104 0.9237 0.3830
vn -0.0447 0.8043 0.5925
vn -0.0000 0.8667 0.4988
vn -0.0000 0.7791 0.6269
vn 0.0272 0.9732 0.2285
vn -0.0447 0.9698 0.2396
vn -0.0000 0.9625 0.2714
vn 0.0365 0.9736 0.2253
vn 0.0187 0.9746 0.2232
vn -0.0309 0.9738 0.2251
vn -0.0560 0.9723 0.2270
vn -0.0187 0.9629 0.2691
vn -0.0000 0.9637 0.2669
vn 0.0309 0.9632 0.2670
vn -0.0000 0.9642 0.2650
vn -0.0365 0.9736 0.2253
vn -0.0187 0.9746 0.2232
vn -0.0309 0.9632 0.2670
vn 0.0187 0.9629 0.2691
vn 0.0309 0.9738 0.2251
vn 0.0560 0.9723 0.2270
vn 0.8742 -0.3433 -0.3433
vn 0.5368 -0.5966 -0.5966
vn 0.8742 -0.1858 -0.4485
vn 0.5368 -0.3229 -0.7795
vn -0.5368 -0.5966 -0.5966
vn -0.5368 -0.3229 -0.7795
vn -0.8742 -0.3433 -0.3433
vn -0.8742 -0.1858 -0.4485
vn -0.5368 -0.0000 -0.8437
vn -0.8742 -0.0000 -0.4855
vn -0.5368 0.3229 -0.7795
vn -0.8742 0.1858 -0.4485
vn 0.5368 0.3229 -0.7795
vn 0.5368 -0.0000 -0.8437
vn 0.8742 0.1858 -0.4485
vn 0.8742 -0.0000 -0.4855
vn 0.5368 0.5966 -0.5966
vn 0.8742 0.3433 -0.3433
vn 0.5368 0.7795 -0.3229
vn 0.8742 0.4485 -0.1858
vn -0.5368 0.7795 -0.3229
vn -0.5368 0.5966 -0.5966
vn -0.8742 0.4485 -0.1858
vn -0.8742 0.3433 -0.3433
vn -0.5368 0.8437 -0.0000
vn -0.8742 0.4855 -0.0000
vn -0.5368 0.7795 0.3229
vn -0.8742 0.4485 0.1858
vn 0.5368 0.7795 0.3229
vn 0.5368 0.8437 -0.0000
vn 0.8742 0.4485 0.1858
vn 0.8742 0.4855 -0.0000
vn 0.5368 0.5966 0.5966
vn 0.8742 0.3433 0.3433
vn 0.5368 0.3229 0.7795
vn 0.8742 0.1858 0.4485
vn -0.5368 0.3229 0.7795
vn -0.5368 0.5966 0.5966
vn -0.8742 0.1858 0.4485
vn -0.8742 0.3433 0.3433
vn -0.5368 -0.0000 0.8437
vn -0.8742 -0.0000 0.4855
vn -0.5368 -0.3229 0.7795
vn -0.8742 -0.1858 0.4485
vn 0.5368 -0.3229 0.7795
vn 0.5368 -0.0000 0.8437
vn 0.8742 -0.1858 0.4485
vn 0.8742 -0.0000 0.4855
vn 0.5368 -0.5966 0.5966
vn 0.8742 -0.3433 0.3433
vn -0.5368 -0.5966 0.5966
vn -0.8742 -0.3433 0.3433
vt 0.660172 0.936424
vt 0.660174 0.949725
vt 0.655140 0.949726
vt 0.655139 0.936425
vt 0.663766 0.936384
vt 0.663767 0.949761
vt 0.660172 0.962055
vt 0.655139 0.962056
vt 0.663766 0.962162
vt 0.879389 0.670824
vt 0.879389 0.684125
vt 0.874705 0.685053
vt 0.874705 0.669896
vt 0.884479 0.696414
vt 0.880505 0.699057
vt 0.519320 0.359056
vt 0.519335 0.343901
vt 0.524374 0.343905
vt 0.524358 0.359060
vt 0.519335 0.373169
vt 0.524374 0.373174
vt 0.460010 0.899120
vt 0.454210 0.885116
vt 0.513958 0.845232
vt 0.530463 0.885081
vt 0.511065 0.373274
vt 0.511050 0.359085
vt 0.387194 0.640363
vt 0.397416 0.639374
vt 0.395428 0.710760
vt 0.387194 0.711547
vt 0.151872 0.838323
vt 0.154845 0.823377
vt 0.226582 0.823377
vt 0.218149 0.865775
vt 0.511065 0.343848
vt 0.502063 0.359077
vt 0.502078 0.343840
vt 0.502078 0.373266
vt 0.398359 0.834925
vt 0.398364 0.794943
vt 0.408630 0.794988
vt 0.408625 0.835060
vt 0.415194 0.794984
vt 0.415189 0.835050
vt 0.408625 0.751761
vt 0.415189 0.751763
vt 0.449849 0.794981
vt 0.449844 0.835047
vt 0.449844 0.751760
vt 0.415176 0.711968
vt 0.449831 0.711964
vt 0.408612 0.711959
vt 0.262492 0.711973
vt 0.262475 0.743259
vt 0.227819 0.743263
vt 0.227837 0.711978
vt 0.269056 0.711959
vt 0.269038 0.743249
vt 0.933050 0.200256
vt 0.938718 0.259909
vt 0.930451 0.259680
vt 0.922787 0.199962
vt 0.151872 0.808430
vt 0.218149 0.780979
vt 0.279322 0.712161
vt 0.279304 0.743381
vt 0.460010 0.914277
vt 0.530463 0.928212
vt 0.301827 0.712370
vt 0.301809 0.743516
vt 0.398346 0.712100
vt 0.398359 0.751812
vt 0.375855 0.751867
vt 0.375841 0.712248
vt 0.052644 0.575362
vt 0.022220 0.605789
vt 0.017341 0.602530
vt 0.049384 0.570484
vt 0.005754 0.645544
vt 0.000000 0.644400
vt 0.005754 0.688575
vt 0.000000 0.689720
vt 0.375859 0.794896
vt 0.022219 0.728331
vt 0.017341 0.731590
vt 0.375855 0.834785
vt 0.052644 0.758758
vt 0.049384 0.763635
vt 0.398346 0.865671
vt 0.375841 0.865460
vt 0.589414 0.331111
vt 0.589414 0.391689
vt 0.581202 0.390702
vt 0.579220 0.329876
vt 0.929798 0.430691
vt 0.923998 0.444694
vt 0.853624 0.430572
vt 0.870130 0.390726
vt 0.923998 0.459851
vt 0.853624 0.473700
vt 0.324331 0.712100
vt 0.324350 0.751808
vt 0.301845 0.751864
vt 0.301827 0.712249
vt 0.324356 0.794938
vt 0.301852 0.794893
vt 0.439741 0.710149
vt 0.429521 0.711144
vt 0.431508 0.640188
vt 0.439741 0.639395
vt 0.334616 0.751756
vt 0.334623 0.794983
vt 0.341180 0.751759
vt 0.341186 0.794979
vt 0.334598 0.711959
vt 0.341161 0.711967
vt 0.848078 0.342107
vt 0.851051 0.327160
vt 0.922787 0.327157
vt 0.914353 0.369555
vt 0.408612 0.865876
vt 0.415176 0.865862
vt 0.848078 0.312213
vt 0.914353 0.284759
vt 0.511109 0.384256
vt 0.502122 0.384248
vt 0.533404 0.329876
vt 0.533411 0.343812
vt 0.524424 0.343813
vt 0.524418 0.329877
vt 0.870232 0.479532
vt 0.884311 0.473700
vt 0.885792 0.481138
vt 0.874446 0.485837
vt 0.899551 0.473700
vt 0.898072 0.481138
vt 0.674587 0.959038
vt 0.679988 0.959037
vt 0.679984 0.967792
vt 0.674583 0.967792
vt 0.669175 0.924068
vt 0.674576 0.924067
vt 0.674581 0.935373
vt 0.669180 0.935373
vt 0.674583 0.947653
vt 0.669182 0.947653
vt 0.913630 0.479532
vt 0.909418 0.485837
vt 0.674581 0.959037
vt 0.669180 0.959038
vt 0.924406 0.490308
vt 0.918101 0.494521
vt 0.533413 0.359047
vt 0.524426 0.359048
vt 0.533411 0.373262
vt 0.524424 0.373263
vt 0.533404 0.384292
vt 0.524418 0.384293
vt 0.930238 0.504387
vt 0.922801 0.505867
vt 0.640840 0.881672
vt 0.637866 0.866725
vt 0.704138 0.839271
vt 0.712571 0.881669
vt 0.637866 0.896618
vt 0.704138 0.924067
vt 0.334598 0.865883
vt 0.334616 0.835060
vt 0.341180 0.835050
vt 0.341161 0.865869
vt 0.599605 0.389788
vt 0.589414 0.391041
vt 0.591395 0.330878
vt 0.599605 0.329876
vt 0.820813 0.505373
vt 0.820687 0.544984
vt 0.814124 0.544969
vt 0.814249 0.505364
vt 0.831077 0.505330
vt 0.830952 0.544852
vt 0.375835 0.835045
vt 0.375816 0.865864
vt 0.779469 0.544937
vt 0.779594 0.505332
vt 0.814293 0.462150
vt 0.779638 0.462118
vt 0.820857 0.462153
vt 0.814249 0.421905
vt 0.779594 0.421874
vt 0.820813 0.421903
vt 0.618132 0.881749
vt 0.621105 0.896696
vt 0.554833 0.924144
vt 0.546400 0.881746
vt 0.398859 0.710577
vt 0.398859 0.639395
vt 0.407093 0.640180
vt 0.409081 0.711563
vt 0.831121 0.462206
vt 0.381642 0.934932
vt 0.381642 0.919774
vt 0.451811 0.905723
vt 0.451811 0.948854
vt 0.831077 0.422046
vt 0.853580 0.422206
vt 0.853624 0.462272
vt 0.853580 0.505295
vt 0.222062 0.645545
vt 0.205597 0.605789
vt 0.210472 0.602530
vt 0.227813 0.644400
vt 0.222062 0.688575
vt 0.227813 0.689720
vt 0.853456 0.544725
vt 0.205596 0.728331
vt 0.210472 0.731590
vt 0.324350 0.834925
vt 0.324331 0.865679
vt 0.301827 0.865469
vt 0.301845 0.834786
vt 0.175172 0.758758
vt 0.178429 0.763635
vt 0.135421 0.775225
vt 0.136564 0.780979
vt 0.092395 0.775225
vt 0.091249 0.780979
vt 0.780938 0.640220
vt 0.780931 0.594813
vt 0.803436 0.594867
vt 0.803442 0.640173
vt 0.780931 0.682587
vt 0.803436 0.682446
vt 0.780913 0.553278
vt 0.803417 0.553424
vt 0.756964 0.552955
vt 0.756832 0.520223
vt 0.779338 0.520104
vt 0.779469 0.552763
vt 0.746597 0.553141
vt 0.746466 0.520342
vt 0.770566 0.594762
vt 0.770547 0.553141
vt 0.740034 0.553122
vt 0.739902 0.520328
vt 0.764002 0.594766
vt 0.763984 0.553152
vt 0.705379 0.553090
vt 0.705247 0.520296
vt 0.729347 0.594771
vt 0.729328 0.553156
vt 0.092779 0.330104
vt 0.052847 0.346645
vt 0.049594 0.341775
vt 0.091637 0.324360
vt 0.136002 0.330104
vt 0.137144 0.324360
vt 0.375816 0.711962
vt 0.375835 0.751754
vt 0.449831 0.865858
vt 0.022284 0.377207
vt 0.017415 0.373954
vt 0.175934 0.346645
vt 0.179188 0.341775
vt 0.375841 0.794974
vt 0.206497 0.377207
vt 0.211366 0.373954
vt 0.223037 0.417140
vt 0.228781 0.415997
vt 0.764009 0.640261
vt 0.764002 0.682709
vt 0.729347 0.682713
vt 0.729353 0.640265
vt 0.763984 0.715648
vt 0.729328 0.715652
vt 0.770572 0.640263
vt 0.770566 0.682717
vt 0.770547 0.715660
vt 0.780913 0.715464
vt 0.803417 0.715249
vt 0.796480 0.320062
vt 0.796494 0.361882
vt 0.773989 0.361739
vt 0.773975 0.320012
vt 0.806845 0.320110
vt 0.806859 0.362016
vt 0.796475 0.274643
vt 0.806840 0.274598
vt 0.773971 0.274694
vt 0.813409 0.320106
vt 0.813423 0.362006
vt 0.813404 0.274600
vt 0.848064 0.320102
vt 0.848078 0.362002
vt 0.848059 0.274597
vt 0.223037 0.460362
vt 0.228781 0.461504
vt 0.206497 0.500294
vt 0.211366 0.503548
vt 0.813409 0.232416
vt 0.848064 0.232412
vt 0.175934 0.530857
vt 0.179188 0.535726
vt 0.813423 0.199975
vt 0.848078 0.199972
vt 0.136002 0.547397
vt 0.137144 0.553141
vt 0.814124 0.390758
vt 0.779469 0.390726
vt 0.092779 0.547397
vt 0.091637 0.553141
vt 0.262475 0.826785
vt 0.262492 0.866310
vt 0.227837 0.866314
vt 0.227819 0.826789
vt 0.820687 0.390750
vt 0.269038 0.826788
vt 0.269056 0.866319
vt 0.621105 0.866802
vt 0.554833 0.839348
vt 0.599605 0.390691
vt 0.599605 0.331182
vt 0.609789 0.329876
vt 0.607809 0.389646
vt 0.279304 0.826732
vt 0.279322 0.866174
vt 0.375841 0.905771
vt 0.435307 0.865876
vt 0.830952 0.390964
vt 0.853456 0.391196
vt 0.301809 0.826673
vt 0.301827 0.866023
vt 0.175172 0.575362
vt 0.178430 0.570484
vt 0.135421 0.558895
vt 0.136564 0.553141
vt 0.279298 0.783613
vt 0.301803 0.783654
vt 0.092395 0.558895
vt 0.091249 0.553141
vt 0.762765 0.074694
vt 0.762771 0.120113
vt 0.740267 0.120064
vt 0.740260 0.074746
vt 0.762771 0.032586
vt 0.740267 0.032731
vt 0.773130 0.074648
vt 0.773137 0.120160
vt 0.773137 0.032453
vt 0.779694 0.074650
vt 0.779700 0.120156
vt 0.779700 0.032461
vt 0.814349 0.074645
vt 0.814356 0.120151
vt 0.814356 0.032456
vt 0.052847 0.530857
vt 0.049593 0.535726
vt 0.022284 0.500294
vt 0.017415 0.503548
vt 0.262468 0.783575
vt 0.227813 0.783579
vt 0.005744 0.460362
vt -0.000000 0.461504
vt 0.269032 0.783571
vt 0.919814 0.242364
vt 0.922787 0.257311
vt 0.856512 0.284759
vt 0.848078 0.242361
vt 0.922787 0.227417
vt 0.856512 0.199963
vt 0.936750 0.300094
vt 0.937491 0.284873
vt 0.946467 0.285310
vt 0.945727 0.300531
vt 0.938182 0.270762
vt 0.947158 0.271199
vt 0.884311 0.550314
vt 0.870232 0.544482
vt 0.874446 0.538176
vt 0.885792 0.542876
vt 0.859456 0.533706
vt 0.865762 0.529493
vt 0.669170 0.956688
vt 0.663769 0.956688
vt 0.663767 0.944411
vt 0.669168 0.944411
vt 0.663769 0.932957
vt 0.669170 0.932956
vt 0.300727 0.343259
vt 0.309410 0.334575
vt 0.312707 0.339509
vt 0.305661 0.346556
vt 0.320756 0.329876
vt 0.321914 0.335696
vt 0.331879 0.335696
vt 0.323718 0.342517
vt 0.315404 0.353066
vt 0.341085 0.339509
vt 0.335041 0.348555
vt 0.326896 0.360745
vt 0.348132 0.346556
vt 0.344953 0.356706
vt 0.338389 0.368424
vt 0.351945 0.355762
vt 0.351945 0.365727
vt 0.348132 0.374934
vt 0.357765 0.354605
vt 0.357765 0.366885
vt 0.353066 0.378231
vt 0.353066 0.343259
vt 0.674588 0.947654
vt 0.679989 0.947654
vt 0.344382 0.334575
vt 0.674587 0.935374
vt 0.679988 0.935374
vt 0.853624 0.504387
vt 0.859456 0.490308
vt 0.865762 0.494521
vt 0.861063 0.505867
vt 0.853624 0.519626
vt 0.861063 0.518147
vt 0.674583 0.924068
vt 0.679984 0.924067
vt 0.511109 0.329884
vt 0.502122 0.329876
vt 0.947694 0.260346
vt 0.663774 0.924068
vt 0.669175 0.924067
vt 0.333036 0.329876
vt 0.344382 0.386914
vt 0.341085 0.381980
vt 0.330075 0.378973
vt 0.333036 0.391614
vt 0.331879 0.385794
vt 0.321914 0.385794
vt 0.318751 0.372934
vt 0.312707 0.381980
vt 0.320756 0.391614
vt 0.309410 0.386914
vt 0.300727 0.378231
vt 0.305661 0.374934
vt 0.308839 0.364784
vt 0.296027 0.366885
vt 0.301848 0.365727
vt 0.301847 0.355762
vt 0.296027 0.354605
vt 0.627809 0.761973
vt 0.622408 0.761968
vt 0.622372 0.753118
vt 0.627773 0.753123
vt 0.669175 0.967918
vt 0.663774 0.967918
vt 0.913630 0.544482
vt 0.899551 0.550314
vt 0.898072 0.542876
vt 0.909418 0.538176
vt 0.560030 0.340740
vt 0.560034 0.329877
vt 0.569021 0.329876
vt 0.569017 0.340739
vt 0.936073 0.314107
vt 0.945049 0.314544
vt 0.560028 0.354867
vt 0.569015 0.354866
vt 0.924406 0.533706
vt 0.918101 0.529493
vt 0.560030 0.370106
vt 0.569017 0.370105
vt 0.930238 0.519626
vt 0.922801 0.518147
vt 0.627809 0.785685
vt 0.622408 0.785680
vt 0.622420 0.773402
vt 0.627821 0.773407
vt 0.627773 0.796938
vt 0.622372 0.796933
vt 0.674576 0.967794
vt 0.669175 0.967795
vt 0.560034 0.384137
vt 0.569021 0.384136
vt 0.551765 0.384020
vt 0.551761 0.370064
vt 0.551759 0.354907
vt 0.546727 0.384021
vt 0.546722 0.370065
vt 0.546720 0.354907
vt 0.941163 0.696414
vt 0.946253 0.684125
vt 0.950900 0.685053
vt 0.945100 0.699057
vt 0.946253 0.670824
vt 0.950900 0.669896
vt 0.965053 0.531851
vt 0.965091 0.519663
vt 0.970124 0.519668
vt 0.970086 0.531856
vt 0.965105 0.506364
vt 0.970138 0.506369
vt 0.965091 0.493979
vt 0.970124 0.493984
vt 0.941163 0.658535
vt 0.945100 0.655892
vt 0.961499 0.519701
vt 0.961512 0.506326
vt 0.961499 0.493871
vt 0.296027 0.351298
vt 0.296027 0.364676
vt 0.283091 0.362098
vt 0.283091 0.353876
vt 0.290909 0.338939
vt 0.279945 0.346280
vt 0.761344 0.167922
vt 0.761343 0.175544
vt 0.756083 0.175544
vt 0.756084 0.167923
vt 0.761344 0.183766
vt 0.756084 0.183766
vt 0.500666 0.346710
vt 0.497733 0.339627
vt 0.498917 0.338836
vt 0.502063 0.346433
vt 0.500666 0.354377
vt 0.502063 0.354655
vt 0.492312 0.334206
vt 0.493417 0.342918
vt 0.492458 0.352744
vt 0.485230 0.331273
vt 0.483472 0.340114
vt 0.481397 0.350544
vt 0.489584 0.362189
vt 0.479323 0.360973
vt 0.497733 0.361460
vt 0.485230 0.369815
vt 0.477565 0.369815
vt 0.492312 0.366881
vt 0.493103 0.368065
vt 0.485508 0.371211
vt 0.477287 0.371211
vt 0.745556 0.185469
vt 0.745557 0.177800
vt 0.750818 0.177799
vt 0.750817 0.185469
vt 0.745556 0.169580
vt 0.750817 0.169580
vt 0.281450 0.386494
vt 0.269092 0.391614
vt 0.266536 0.378655
vt 0.274132 0.375508
vt 0.255716 0.391614
vt 0.258315 0.378655
vt 0.651541 0.949724
vt 0.651539 0.936423
vt 0.655133 0.936383
vt 0.655135 0.949760
vt 0.651539 0.962055
vt 0.655133 0.962162
vt 0.646508 0.949724
vt 0.646506 0.936424
vt 0.646506 0.962056
vt 0.906171 0.710910
vt 0.919471 0.710910
vt 0.920381 0.715576
vt 0.905224 0.715576
vt 0.931758 0.705820
vt 0.934383 0.709776
vt 0.541682 0.359010
vt 0.541680 0.343856
vt 0.546718 0.343856
vt 0.546720 0.359009
vt 0.541680 0.373149
vt 0.546718 0.373148
vt 0.948008 0.838575
vt 0.942208 0.852578
vt 0.872004 0.838477
vt 0.888509 0.798632
vt 0.409081 0.710529
vt 0.409081 0.639395
vt 0.417314 0.640190
vt 0.419301 0.711527
vt 0.942208 0.867735
vt 0.872004 0.881606
vt 0.541673 0.384120
vt 0.546712 0.384120
vt 0.541673 0.329995
vt 0.546712 0.329995
vt 0.893883 0.705820
vt 0.891222 0.709776
vt 0.519379 0.384092
vt 0.524418 0.384097
vt 0.660168 0.971537
vt 0.655135 0.971538
vt 0.651534 0.924177
vt 0.646500 0.924178
vt 0.663762 0.971698
vt 0.655127 0.924067
vt 0.243358 0.386494
vt 0.233900 0.377035
vt 0.244906 0.369694
vt 0.250719 0.375508
vt 0.745553 0.162062
vt 0.750813 0.162061
vt 0.740292 0.191396
vt 0.740269 0.185471
vt 0.745529 0.185476
vt 0.745553 0.191401
vt 0.470482 0.366881
vt 0.469691 0.368065
vt 0.465062 0.361460
vt 0.463878 0.362251
vt 0.469378 0.358169
vt 0.462128 0.354377
vt 0.470337 0.348343
vt 0.462128 0.346710
vt 0.460732 0.354655
vt 0.460732 0.346433
vt 0.740260 0.177816
vt 0.740269 0.169595
vt 0.745529 0.169600
vt 0.745521 0.177820
vt 0.228781 0.364676
vt 0.228781 0.351298
vt 0.241760 0.353876
vt 0.241760 0.362098
vt 0.740292 0.162061
vt 0.745553 0.162066
vt 0.233900 0.338939
vt 0.244906 0.346280
vt 0.660168 0.924177
vt 0.663762 0.924067
vt 0.243358 0.329480
vt 0.250719 0.340466
vt 0.641467 0.924226
vt 0.641462 0.933854
vt 0.637868 0.933750
vt 0.637874 0.924067
vt 0.646501 0.924226
vt 0.646495 0.933854
vt 0.655135 0.924178
vt 0.893884 0.649130
vt 0.884479 0.658535
vt 0.880505 0.655892
vt 0.891222 0.645174
vt 0.929917 0.270475
vt 0.924884 0.270230
vt 0.925418 0.259435
vt 0.519379 0.330011
vt 0.524418 0.330016
vt 0.906171 0.644040
vt 0.905225 0.639373
vt 0.929230 0.284510
vt 0.924197 0.284265
vt 0.877804 0.769643
vt 0.872004 0.755641
vt 0.931617 0.715660
vt 0.948123 0.755505
vt 0.577237 0.391091
vt 0.569021 0.392047
vt 0.569021 0.331071
vt 0.579220 0.329876
vt 0.877804 0.784799
vt 0.948123 0.798632
vt 0.928493 0.299650
vt 0.923460 0.299405
vt 0.927819 0.313588
vt 0.922787 0.313343
vt 0.429521 0.640392
vt 0.429521 0.711148
vt 0.421288 0.710354
vt 0.419301 0.639395
vt 0.931759 0.649130
vt 0.919471 0.644040
vt 0.920381 0.639373
vt 0.934383 0.645174
vt 0.641467 0.971722
vt 0.641462 0.959559
vt 0.646495 0.959558
vt 0.646501 0.971722
vt 0.641460 0.946261
vt 0.646493 0.946261
vt 0.637874 0.971835
vt 0.637868 0.959602
vt 0.637866 0.946228
vt 0.269092 0.324360
vt 0.281450 0.329480
vt 0.274132 0.340466
vt 0.266536 0.337319
vt 0.255716 0.324360
vt 0.258315 0.337319
vt 0.756078 0.175546
vt 0.756079 0.183768
vt 0.750819 0.183769
vt 0.750818 0.175547
vt 0.756083 0.191337
vt 0.750823 0.191338
vt 0.477565 0.331273
vt 0.477287 0.329876
vt 0.485508 0.329876
vt 0.493103 0.333022
vt 0.473211 0.338898
vt 0.470482 0.334206
vt 0.465062 0.339627
vt 0.469691 0.333022
vt 0.463878 0.338836
vt 0.756083 0.162061
vt 0.756079 0.167924
vt 0.750819 0.167924
vt 0.750823 0.162062
vt 0.761347 0.162061
vt 0.756086 0.162062
vt 0.965053 0.484394
vt 0.961460 0.484230
vt 0.970086 0.484398
vt 0.551766 0.330051
vt 0.551761 0.340856
vt 0.546722 0.340857
vt 0.546727 0.330051
vt 0.651534 0.971539
vt 0.646500 0.971540
vt 0.655127 0.971700
vt 0.961460 0.531959
vt 0.290909 0.377035
vt 0.279945 0.369694
vt 0.761347 0.191336
vt 0.756086 0.191337
vt 0.745553 0.191421
vt 0.750813 0.191420
vt 0.498917 0.362251
vt 0.779720 0.000013
vt 0.814375 0.000008
vt 0.005744 0.417140
vt -0.000000 0.415997
vt 0.740034 0.390758
vt 0.739902 0.432457
vt 0.705247 0.432425
vt 0.705379 0.390726
vt 0.773156 -0.000000
vt 0.746597 0.390754
vt 0.746466 0.432459
vt 0.746419 0.477965
vt 0.739856 0.477956
vt 0.705201 0.477924
vt 0.756832 0.432520
vt 0.756786 0.477932
vt 0.779338 0.432596
vt 0.779292 0.477907
vt 0.756964 0.390901
vt 0.779469 0.391069
vt 0.762791 0.000199
vt 0.740286 0.000416
vt 0.779720 0.162051
vt 0.814375 0.162046
vt 0.773156 0.162061
vt 0.806845 0.232407
vt 0.806859 0.199963
vt 0.796480 0.232540
vt 0.796494 0.200161
vt 0.762791 0.161928
vt 0.773976 0.232684
vt 0.773989 0.200377
vt 0.740286 0.161786
vt 0.448643 0.461466
vt 0.445346 0.469425
vt 0.387599 0.457937
vt 0.399687 0.428751
vt 0.780419 0.162063
vt 0.783583 0.162063
vt 0.783585 0.169995
vt 0.780421 0.169995
vt 0.445346 0.478040
vt 0.387599 0.489528
vt 0.783586 0.178609
vt 0.780422 0.178610
vt 0.361853 0.351311
vt 0.361853 0.359926
vt 0.357765 0.360740
vt 0.357765 0.350498
vt 0.365150 0.343352
vt 0.361684 0.341037
vt 0.365150 0.367886
vt 0.361684 0.370201
vt 0.770908 0.168298
vt 0.767744 0.168299
vt 0.767747 0.162063
vt 0.770911 0.162063
vt 0.770907 0.176334
vt 0.767742 0.176335
vt 0.371241 0.373977
vt 0.368926 0.377443
vt 0.789337 0.169476
vt 0.789341 0.162063
vt 0.791883 0.162063
vt 0.791879 0.169475
vt 0.789336 0.179028
vt 0.791877 0.179028
vt 0.789337 0.189267
vt 0.791879 0.189266
vt 0.379201 0.377274
vt 0.378388 0.381362
vt 0.789341 0.198632
vt 0.791883 0.198632
vt 0.387816 0.377274
vt 0.388629 0.381362
vt 0.770908 0.184947
vt 0.767744 0.184947
vt 0.770911 0.192825
vt 0.767747 0.192825
vt 0.471306 0.452077
vt 0.462692 0.452077
vt 0.451206 0.394324
vt 0.482793 0.394324
vt 0.479265 0.455374
vt 0.511976 0.406413
vt 0.069378 0.919023
vt 0.072542 0.919023
vt 0.072546 0.950612
vt 0.069382 0.950613
vt 0.072560 0.979695
vt 0.069396 0.979696
vt 0.292395 0.553141
vt 0.263208 0.541052
vt 0.265524 0.537587
vt 0.293208 0.549053
vt 0.240870 0.518714
vt 0.244336 0.516398
vt 0.930921 0.960715
vt 0.930934 0.988301
vt 0.928392 0.988301
vt 0.928380 0.960715
vt 0.930917 0.930751
vt 0.928375 0.930752
vt 0.992526 0.884865
vt 0.992517 0.906226
vt 0.989976 0.906226
vt 0.989985 0.884865
vt 0.323985 0.553141
vt 0.323172 0.549053
vt 0.992514 0.934002
vt 0.989972 0.934002
vt 0.353172 0.541052
vt 0.350856 0.537587
vt 0.989973 0.409984
vt 0.993137 0.409984
vt 0.993134 0.439268
vt 0.989969 0.439268
vt 0.989982 0.387465
vt 0.993146 0.387464
vt 0.485356 0.461466
vt 0.534312 0.428751
vt 0.488652 0.469425
vt 0.546400 0.457937
vt 0.767734 0.168274
vt 0.764570 0.168271
vt 0.764545 0.162063
vt 0.767709 0.162066
vt 0.767742 0.176295
vt 0.764578 0.176292
vt 0.395775 0.373977
vt 0.398090 0.377443
vt 0.401867 0.367886
vt 0.405332 0.370201
vt 0.786784 0.169443
vt 0.786754 0.162063
vt 0.789296 0.162065
vt 0.789325 0.169445
vt 0.786794 0.178978
vt 0.789336 0.178981
vt 0.786784 0.189218
vt 0.789325 0.189220
vt 0.405163 0.359926
vt 0.409251 0.360740
vt 0.786754 0.198602
vt 0.789296 0.198604
vt 0.405163 0.351311
vt 0.409251 0.350498
vt 0.767734 0.184909
vt 0.764570 0.184906
vt 0.767709 0.192803
vt 0.764545 0.192800
vt 0.488652 0.478040
vt 0.546400 0.489528
vt 0.485356 0.485999
vt 0.534312 0.518714
vt 0.993137 0.470858
vt 0.989973 0.470858
vt 0.993146 0.499944
vt 0.989982 0.499944
vt 0.387599 0.489528
vt 0.375510 0.518714
vt 0.372044 0.516398
vt 0.383511 0.488715
vt 0.992517 0.963966
vt 0.992526 0.991555
vt 0.989985 0.991555
vt 0.989976 0.963966
vt 0.298852 0.973315
vt 0.298864 0.951626
vt 0.301406 0.951626
vt 0.301393 0.973315
vt 0.387599 0.457937
vt 0.383511 0.458750
vt 0.298868 0.923676
vt 0.301410 0.923676
vt 0.375510 0.428751
vt 0.372044 0.431066
vt 0.226578 0.955712
vt 0.223414 0.955712
vt 0.223418 0.926245
vt 0.226582 0.926245
vt 0.226565 0.978578
vt 0.223401 0.978578
vt 0.479265 0.492091
vt 0.511976 0.541052
vt 0.471306 0.495388
vt 0.482793 0.553141
vt 0.774084 0.186596
vt 0.777248 0.186595
vt 0.777244 0.192738
vt 0.774080 0.192738
vt 0.774085 0.178609
vt 0.777249 0.178608
vt 0.401867 0.343352
vt 0.395775 0.337261
vt 0.398090 0.333795
vt 0.405332 0.341037
vt 0.774084 0.169994
vt 0.777248 0.169994
vt 0.387816 0.333964
vt 0.388629 0.329876
vt 0.794430 0.181732
vt 0.794429 0.191226
vt 0.791887 0.191226
vt 0.791889 0.181732
vt 0.794429 0.171491
vt 0.791887 0.171491
vt 0.794425 0.162063
vt 0.791883 0.162063
vt 0.379201 0.333964
vt 0.378388 0.329876
vt 0.796975 0.191226
vt 0.796972 0.198527
vt 0.794431 0.198527
vt 0.794434 0.191226
vt 0.371241 0.337261
vt 0.368926 0.333795
vt 0.774080 0.162063
vt 0.777244 0.162063
vt 0.780421 0.186596
vt 0.783585 0.186595
vt 0.783583 0.192737
vt 0.780419 0.192737
vt 0.454734 0.492091
vt 0.462692 0.495388
vt 0.451206 0.553141
vt 0.422023 0.541052
vt 0.448643 0.485999
vt 0.399687 0.518714
vt 0.226578 0.894663
vt 0.223414 0.894664
vt 0.223401 0.865775
vt 0.226565 0.865775
vt 0.454933 0.752110
vt 0.451768 0.752107
vt 0.451677 0.729341
vt 0.454841 0.729344
vt 0.292395 0.394323
vt 0.323985 0.394323
vt 0.323172 0.398411
vt 0.293208 0.398411
vt 0.353172 0.406413
vt 0.350856 0.409878
vt 0.373190 0.972793
vt 0.373103 0.951200
vt 0.375645 0.951202
vt 0.375731 0.972795
vt 0.298864 0.893720
vt 0.298852 0.866319
vt 0.301393 0.866319
vt 0.301406 0.893720
vt 0.373072 0.923299
vt 0.375614 0.923302
vt 0.263208 0.406413
vt 0.265524 0.409878
vt 0.373103 0.893340
vt 0.375645 0.893343
vt 0.240870 0.428751
vt 0.244336 0.431066
vt 0.454809 0.699930
vt 0.451645 0.699927
vt 0.451677 0.668342
vt 0.454841 0.668345
vt 0.451768 0.639395
vt 0.454933 0.639398
vt 0.228781 0.457937
vt 0.232869 0.458750
vt 0.069396 0.867210
vt 0.072560 0.867210
vt 0.072546 0.889736
vt 0.069382 0.889736
vt 0.228781 0.489528
vt 0.232869 0.488715
vt 0.454734 0.455374
vt 0.422023 0.406413
vt 0.373190 0.865884
vt 0.375731 0.865886
vt 0.930934 0.881606
vt 0.930921 0.902972
vt 0.928380 0.902972
vt 0.928392 0.881606
vt 0.558488 0.428751
vt 0.580824 0.406413
vt 0.583139 0.409878
vt 0.561953 0.431067
vt 0.610007 0.394323
vt 0.610820 0.398411
vt 0.148694 0.889736
vt 0.151858 0.889736
vt 0.151853 0.919023
vt 0.148689 0.919023
vt 0.148707 0.867210
vt 0.151872 0.867210
vt 0.342706 0.579445
vt 0.319682 0.569908
vt 0.323018 0.553141
vt 0.352204 0.565231
vt 0.294762 0.569908
vt 0.291427 0.553141
vt 0.227234 0.822262
vt 0.227238 0.799017
vt 0.227803 0.799017
vt 0.227799 0.822262
vt 0.227248 0.780979
vt 0.227813 0.780979
vt 0.658223 0.298089
vt 0.648686 0.275065
vt 0.665233 0.271774
vt 0.672251 0.288716
vt 0.675844 0.315710
vt 0.685218 0.301682
vt 0.449028 0.652471
vt 0.449026 0.669471
vt 0.448461 0.669471
vt 0.448463 0.652471
vt 0.449036 0.639395
vt 0.448471 0.639395
vt 0.481946 0.811403
vt 0.488038 0.817495
vt 0.474194 0.838214
vt 0.461227 0.825247
vt 0.478650 0.803444
vt 0.454210 0.808305
vt 0.774077 0.168298
vt 0.770913 0.168299
vt 0.770916 0.162063
vt 0.774080 0.162063
vt 0.774076 0.176334
vt 0.770911 0.176335
vt 0.430685 0.333964
vt 0.422726 0.337261
vt 0.420411 0.333795
vt 0.429871 0.329876
vt 0.416635 0.343352
vt 0.413170 0.341037
vt 0.774077 0.184947
vt 0.770913 0.184947
vt 0.439299 0.333964
vt 0.440112 0.329876
vt 0.774080 0.192825
vt 0.770916 0.192825
vt 0.447257 0.337260
vt 0.449572 0.333795
vt 0.495997 0.820792
vt 0.491136 0.845232
vt 0.504612 0.820792
vt 0.509474 0.845232
vt 0.449028 0.687808
vt 0.449036 0.704691
vt 0.448471 0.704691
vt 0.448463 0.687808
vt 0.698868 0.325247
vt 0.702160 0.308700
vt 0.723789 0.325247
vt 0.720497 0.308700
vt 0.227238 0.847176
vt 0.227803 0.847175
vt 0.227248 0.869964
vt 0.227813 0.869964
vt 0.271738 0.579445
vt 0.254117 0.597066
vt 0.239902 0.587569
vt 0.262241 0.565231
vt 0.151858 0.950612
vt 0.148694 0.950613
vt 0.151872 0.979695
vt 0.148707 0.979696
vt 0.641594 0.394323
vt 0.670777 0.406413
vt 0.668462 0.409878
vt 0.640781 0.398411
vt 0.145258 0.867210
vt 0.148422 0.867210
vt 0.148412 0.889730
vt 0.145248 0.889730
vt 0.693113 0.428751
vt 0.689648 0.431066
vt 0.705201 0.457937
vt 0.701114 0.458750
vt 0.148409 0.919014
vt 0.145245 0.919014
vt 0.244580 0.620090
vt 0.227813 0.616755
vt 0.244580 0.645011
vt 0.227813 0.648346
vt 0.449946 0.753122
vt 0.449921 0.729918
vt 0.450486 0.729918
vt 0.450511 0.753122
vt 0.449849 0.711959
vt 0.450414 0.711960
vt 0.746812 0.315710
vt 0.737439 0.301682
vt 0.764434 0.298089
vt 0.750406 0.288716
vt 0.448120 0.639395
vt 0.448114 0.652467
vt 0.447549 0.652468
vt 0.447555 0.639395
vt 0.448112 0.669466
vt 0.447547 0.669466
vt 0.512572 0.817495
vt 0.518663 0.811403
vt 0.539382 0.825247
vt 0.526416 0.838214
vt 0.764536 0.168274
vt 0.761372 0.168271
vt 0.761347 0.162063
vt 0.764511 0.162066
vt 0.764545 0.176295
vt 0.761380 0.176292
vt 0.453348 0.343352
vt 0.456813 0.341037
vt 0.456645 0.351311
vt 0.460732 0.350498
vt 0.456645 0.359926
vt 0.460732 0.360739
vt 0.764536 0.184909
vt 0.761372 0.184906
vt 0.453348 0.367886
vt 0.456813 0.370201
vt 0.764511 0.192803
vt 0.761347 0.192800
vt 0.521960 0.803444
vt 0.546400 0.808305
vt 0.521960 0.794829
vt 0.546400 0.789968
vt 0.448114 0.687803
vt 0.448120 0.704687
vt 0.447555 0.704687
vt 0.447549 0.687803
vt 0.773971 0.275065
vt 0.757424 0.271774
vt 0.773971 0.250145
vt 0.757424 0.253436
vt 0.449921 0.778038
vt 0.450486 0.778038
vt 0.449849 0.800873
vt 0.450414 0.800873
vt 0.254117 0.668034
vt 0.271738 0.685656
vt 0.262241 0.699870
vt 0.239902 0.677532
vt 0.148412 0.950604
vt 0.145248 0.950604
vt 0.148422 0.979690
vt 0.145258 0.979690
vt 0.705201 0.489528
vt 0.693113 0.518714
vt 0.689648 0.516398
vt 0.701114 0.488715
vt 0.075919 0.980013
vt 0.072755 0.980014
vt 0.072768 0.957148
vt 0.075932 0.957147
vt 0.670777 0.541052
vt 0.668462 0.537586
vt 0.072772 0.927681
vt 0.075936 0.927680
vt 0.641594 0.553141
vt 0.640781 0.549053
vt 0.294762 0.695193
vt 0.291427 0.711959
vt 0.319682 0.695193
vt 0.323018 0.711959
vt 0.227234 0.828841
vt 0.227231 0.851944
vt 0.226666 0.851944
vt 0.226670 0.828841
vt 0.227220 0.869714
vt 0.226655 0.869714
vt 0.764434 0.227121
vt 0.750406 0.236494
vt 0.746812 0.209499
vt 0.737439 0.223527
vt 0.398052 0.704855
vt 0.398060 0.691581
vt 0.398625 0.691581
vt 0.398617 0.704854
vt 0.398062 0.674476
vt 0.398627 0.674476
vt 0.518663 0.786870
vt 0.512572 0.780778
vt 0.526416 0.760059
vt 0.539382 0.773026
vt 0.777253 0.186596
vt 0.780417 0.186595
vt 0.780413 0.192738
vt 0.777249 0.192739
vt 0.777254 0.178609
vt 0.780418 0.178608
vt 0.439299 0.377274
vt 0.447257 0.373977
vt 0.449572 0.377443
vt 0.440112 0.381362
vt 0.777253 0.169994
vt 0.780417 0.169994
vt 0.430685 0.377274
vt 0.429871 0.381362
vt 0.777249 0.162063
vt 0.780413 0.162063
vt 0.422726 0.373977
vt 0.420411 0.377443
vt 0.504612 0.777481
vt 0.509474 0.753041
vt 0.495997 0.777481
vt 0.491136 0.753041
vt 0.398060 0.656144
vt 0.398052 0.639375
vt 0.398617 0.639375
vt 0.398625 0.656144
vt 0.723789 0.199963
vt 0.720497 0.216510
vt 0.698868 0.199963
vt 0.702160 0.216510
vt 0.227231 0.803921
vt 0.226666 0.803921
vt 0.227220 0.780979
vt 0.226655 0.780979
vt 0.342706 0.685656
vt 0.360328 0.668034
vt 0.374542 0.677532
vt 0.352204 0.699870
vt 0.072768 0.896099
vt 0.075932 0.896099
vt 0.072755 0.867210
vt 0.075919 0.867210
vt 0.610007 0.553141
vt 0.580824 0.541052
vt 0.583139 0.537587
vt 0.610820 0.549054
vt 0.454210 0.865756
vt 0.451046 0.865753
vt 0.450954 0.842988
vt 0.454118 0.842990
vt 0.558488 0.518714
vt 0.561953 0.516398
vt 0.450922 0.813573
vt 0.454086 0.813576
vt 0.546400 0.489528
vt 0.550487 0.488715
vt 0.369864 0.645011
vt 0.386631 0.648346
vt 0.369864 0.620090
vt 0.386631 0.616755
vt 0.227230 0.917579
vt 0.227228 0.940679
vt 0.226663 0.940679
vt 0.226665 0.917579
vt 0.227220 0.958444
vt 0.226655 0.958444
vt 0.675844 0.209499
vt 0.685218 0.223527
vt 0.658223 0.227121
vt 0.672251 0.236494
vt 0.397487 0.704801
vt 0.397434 0.691586
vt 0.397999 0.691587
vt 0.398052 0.704802
vt 0.397416 0.674512
vt 0.397981 0.674513
vt 0.488038 0.780778
vt 0.481946 0.786870
vt 0.461227 0.773026
vt 0.474194 0.760059
vt 0.783589 0.186596
vt 0.786753 0.186595
vt 0.786750 0.192737
vt 0.783586 0.192737
vt 0.783590 0.178610
vt 0.786754 0.178609
vt 0.413339 0.359926
vt 0.416635 0.367886
vt 0.413170 0.370201
vt 0.409251 0.360740
vt 0.796976 0.181733
vt 0.794435 0.181733
vt 0.413339 0.351311
vt 0.409251 0.350498
vt 0.796975 0.171492
vt 0.794434 0.171492
vt 0.796972 0.162063
vt 0.794431 0.162063
vt 0.783589 0.169995
vt 0.786753 0.169995
vt 0.783586 0.162063
vt 0.786750 0.162063
vt 0.478650 0.794829
vt 0.454210 0.789968
vt 0.397434 0.656178
vt 0.397999 0.656178
vt 0.397487 0.639375
vt 0.398052 0.639375
vt 0.648686 0.250145
vt 0.665233 0.253436
vt 0.227228 0.892659
vt 0.226663 0.892659
vt 0.227220 0.869714
vt 0.226655 0.869714
vt 0.360328 0.597066
vt 0.374542 0.587569
vt 0.454118 0.781991
vt 0.450954 0.781988
vt 0.451046 0.753041
vt 0.454210 0.753044
vt 0.546400 0.457937
vt 0.550487 0.458750
vt 0.794425 0.198529
vt 0.791883 0.198529
vt 0.356651 0.188016
vt 0.356651 0.136344
vt 0.374643 0.139896
vt 0.374643 0.184467
vt 0.324360 0.194440
vt 0.324360 0.129921
vt 0.376423 0.088606
vt 0.391698 0.098716
vt 0.349048 0.070313
vt 0.814394 0.085616
vt 0.814389 0.041046
vt 0.850008 0.041042
vt 0.850013 0.085612
vt 0.814375 0.000007
vt 0.849994 0.000004
vt 0.885632 0.085609
vt 0.885627 0.041038
vt 0.885613 -0.000000
vt 0.292066 0.136344
vt 0.274223 0.139892
vt 0.257166 0.098713
vt 0.272292 0.088606
vt 0.225649 0.067196
vt 0.235755 0.052068
vt 0.299670 0.070312
vt 0.324360 0.129920
vt 0.254048 0.024690
vt 0.648686 0.061297
vt 0.651295 0.064422
vt 0.651295 0.122677
vt 0.648686 0.125804
vt 0.648813 0.002177
vt 0.651415 0.005041
vt 0.651301 0.058431
vt 0.694402 0.075420
vt 0.694397 0.078400
vt 0.694399 0.081515
vt 0.617595 0.388142
vt 0.609789 0.388142
vt 0.617595 0.329876
vt 0.979338 0.387466
vt 0.986475 0.387464
vt 0.989970 0.430593
vt 0.982540 0.430595
vt 0.372879 0.865884
vt 0.369375 0.867718
vt 0.321583 0.867716
vt 0.319489 0.865884
vt 0.305331 0.907187
vt 0.301827 0.909021
vt 0.355273 0.907154
vt 0.357366 0.908987
vt 0.373072 0.952114
vt 0.369560 0.950282
vt 0.355281 0.910820
vt 0.963189 0.129361
vt 0.954508 0.086234
vt 0.961694 0.086231
vt 0.970655 0.129359
vt 0.961694 0.172463
vt 0.954508 0.172465
vt 0.305339 0.910853
vt 0.321768 0.950280
vt 0.319682 0.952114
vt 0.726873 0.388141
vt 0.726873 0.329876
vt 0.734678 0.329876
vt 0.734678 0.388141
vt 0.979338 0.473698
vt 0.986475 0.473696
vt 0.740260 0.002168
vt 0.740134 0.061287
vt 0.737531 0.058423
vt 0.737646 0.005033
vt 0.694491 0.016900
vt 0.694487 0.019880
vt 0.679989 0.970072
vt 0.679989 0.924067
vt 0.682598 0.926295
vt 0.682598 0.967841
vt 0.412956 0.052068
vt 0.394665 0.024691
vt 0.694501 0.014508
vt 0.737663 0.000000
vt 0.651433 0.000009
vt 0.530996 0.931467
vt 0.540452 0.888362
vt 0.546400 0.888358
vt 0.536382 0.931463
vt 0.530996 0.845236
vt 0.536382 0.845232
vt 0.648817 0.388142
vt 0.641012 0.388142
vt 0.641012 0.329876
vt 0.648817 0.329876
vt 0.685206 0.970072
vt 0.682598 0.967844
vt 0.682598 0.926298
vt 0.685206 0.924067
vt 0.872004 0.915924
vt 0.870171 0.913394
vt 0.870171 0.875887
vt 0.872004 0.874378
vt 0.744430 0.874752
vt 0.746060 0.876593
vt 0.732065 0.915996
vt 0.729328 0.917816
vt 0.782090 0.876787
vt 0.772270 0.916168
vt 0.773900 0.918009
vt 0.784826 0.874968
vt 0.784826 0.961198
vt 0.782090 0.959352
vt 0.772270 0.919834
vt 0.961431 0.243090
vt 0.947694 0.199967
vt 0.953167 0.199963
vt 0.967457 0.243087
vt 0.953167 0.286194
vt 0.947694 0.286198
vt 0.732065 0.919662
vt 0.746060 0.959157
vt 0.452376 0.907302
vt 0.452376 0.865756
vt 0.454209 0.867262
vt 0.454210 0.904770
vt 0.744430 0.960983
vt 0.742483 0.388139
vt 0.742483 0.329876
vt 0.750288 0.329877
vt 0.750288 0.388140
vt 0.969232 0.433116
vt 0.979337 0.478912
vt 0.977170 0.476292
vt 0.966841 0.433105
vt 0.977170 0.390061
vt 0.979337 0.387464
vt 0.454951 0.567120
vt 0.500683 0.553141
vt 0.500682 0.555901
vt 0.457559 0.570018
vt 0.546400 0.567120
vt 0.543790 0.570019
vt 0.546381 0.626934
vt 0.543774 0.624036
vt 0.136344 0.032294
vt 0.129920 0.000000
vt 0.194440 0.000000
vt 0.188016 0.032294
vt 0.726873 0.388142
vt 0.719067 0.388142
vt 0.719067 0.329876
vt 0.726873 0.329876
vt 0.940741 0.881621
vt 0.948008 0.881606
vt 0.937864 0.924644
vt 0.930934 0.924663
vt 0.885658 0.086231
vt 0.889053 0.084399
vt 0.937651 0.084398
vt 0.939675 0.086231
vt 0.951125 0.044952
vt 0.954520 0.043119
vt 0.905111 0.044947
vt 0.903088 0.043114
vt 0.885632 0.000000
vt 0.889028 0.001833
vt 0.905110 0.041281
vt 0.398859 0.596250
vt 0.394430 0.639374
vt 0.387194 0.639373
vt 0.391970 0.596248
vt 0.387194 0.553141
vt 0.394430 0.553143
vt 0.951124 0.041286
vt 0.937626 0.001833
vt 0.939648 0.000000
vt 0.930238 0.531960
vt 0.930238 0.473700
vt 0.938043 0.473700
vt 0.938043 0.531961
vt 0.940741 0.967851
vt 0.948008 0.967836
vt 0.454933 0.626934
vt 0.457542 0.624035
vt 0.500660 0.610094
vt 0.500661 0.607334
vt 0.454933 0.691451
vt 0.457541 0.630060
vt 0.457541 0.688324
vt 0.512356 0.032294
vt 0.460690 0.032294
vt 0.454267 0.000000
vt 0.518779 -0.000000
vt 0.500660 0.613206
vt 0.543773 0.630061
vt 0.958137 0.086230
vt 0.954520 0.043028
vt 0.962297 0.043025
vt 0.965941 0.086231
vt 0.958137 0.000000
vt 0.965941 0.000001
vt 0.656623 0.388142
vt 0.648817 0.388142
vt 0.648817 0.329876
vt 0.656623 0.329876
vt 0.546381 0.691451
vt 0.543773 0.688325
vt 0.000000 0.867210
vt 0.003744 0.865377
vt 0.056034 0.865377
vt 0.058264 0.867210
vt 0.072192 0.825930
vt 0.075936 0.824097
vt 0.020171 0.825926
vt 0.017941 0.824093
vt 0.000001 0.780979
vt 0.003745 0.782812
vt 0.020171 0.822260
vt 0.997701 0.682479
vt 1.000000 0.725604
vt 0.992195 0.725604
vt 0.989932 0.682479
vt 0.992195 0.639373
vt 1.000000 0.639373
vt 0.072192 0.822264
vt 0.056034 0.782811
vt 0.058264 0.780979
vt 0.953654 0.531960
vt 0.953654 0.473700
vt 0.961460 0.473700
vt 0.961460 0.531960
vt 0.500655 0.674313
vt 0.500655 0.671201
vt 0.500656 0.677304
vt 0.457542 0.694329
vt 0.543774 0.694330
vt 0.546400 0.750849
vt 0.543790 0.747971
vt 0.052068 0.088606
vt 0.024690 0.070312
vt 0.070312 0.024690
vt 0.088605 0.052068
vt 0.672234 0.388142
vt 0.664428 0.388142
vt 0.664428 0.329876
vt 0.672234 0.329876
vt 0.979408 0.884865
vt 0.986560 0.884881
vt 0.989972 0.927905
vt 0.982532 0.927893
vt 0.223321 0.865775
vt 0.219798 0.867607
vt 0.171778 0.867608
vt 0.169680 0.865775
vt 0.155394 0.907054
vt 0.151872 0.908887
vt 0.205502 0.907059
vt 0.207600 0.908892
vt 0.223293 0.952006
vt 0.219772 0.950173
vt 0.205501 0.910725
vt 0.955475 0.927973
vt 0.964152 0.971096
vt 0.956965 0.971098
vt 0.948009 0.927974
vt 0.956965 0.884867
vt 0.964152 0.884865
vt 0.155393 0.910720
vt 0.171751 0.950173
vt 0.169653 0.952006
vt 0.938043 0.531961
vt 0.945849 0.473700
vt 0.945849 0.531960
vt 0.979408 0.971095
vt 0.986560 0.971111
vt 0.454951 0.750849
vt 0.457559 0.747970
vt 0.500669 0.736022
vt 0.500668 0.733032
vt 0.687815 0.970060
vt 0.687815 0.924067
vt 0.690423 0.926295
vt 0.690423 0.967830
vt 0.596624 0.088605
vt 0.560090 0.052068
vt 0.578381 0.024690
vt 0.623998 0.070312
vt 0.500670 0.738436
vt 0.457562 0.753041
vt 0.543793 0.753041
vt 0.785380 0.960983
vt 0.794769 0.917793
vt 0.800740 0.917819
vt 0.790792 0.961011
vt 0.785380 0.874752
vt 0.790792 0.874781
vt 0.687815 0.970060
vt 0.685206 0.967833
vt 0.685206 0.926297
vt 0.664428 0.388142
vt 0.656623 0.388142
vt 0.656623 0.329876
vt 0.664428 0.329876
vt 0.872004 0.957459
vt 0.870171 0.954930
vt 0.870171 0.917432
vt 0.872004 0.915924
vt 0.841592 0.960609
vt 0.839945 0.958777
vt 0.854036 0.919321
vt 0.856800 0.917486
vt 0.803504 0.958806
vt 0.813469 0.919346
vt 0.811823 0.917514
vt 0.800740 0.960641
vt 0.800740 0.874409
vt 0.803504 0.876240
vt 0.813469 0.915680
vt 0.953721 0.329308
vt 0.967455 0.372430
vt 0.961981 0.372433
vt 0.947694 0.329311
vt 0.961981 0.286201
vt 0.967455 0.286198
vt 0.854036 0.915655
vt 0.839945 0.876212
vt 0.452376 0.948838
vt 0.452376 0.907302
vt 0.454209 0.908808
vt 0.454210 0.946306
vt 0.841592 0.874378
vt 0.734678 0.388139
vt 0.734678 0.329877
vt 0.742483 0.329876
vt 0.742483 0.388139
vt 0.976236 0.593638
vt 0.965978 0.547924
vt 0.968171 0.550531
vt 0.978650 0.593637
vt 0.968171 0.636763
vt 0.965978 0.639373
vt 0.637880 0.567117
vt 0.683610 0.553141
vt 0.683609 0.555901
vt 0.640488 0.570016
vt 0.729328 0.567118
vt 0.726719 0.570016
vt 0.729315 0.626925
vt 0.726707 0.624027
vt 0.032294 0.188016
vt 0.000000 0.194440
vt -0.000000 0.129920
vt 0.032294 0.136344
vt 0.719067 0.388142
vt 0.711262 0.388142
vt 0.711262 0.329876
vt 0.719067 0.329876
vt 0.956880 0.473698
vt 0.949643 0.473696
vt 0.959950 0.430569
vt 0.966841 0.430572
vt 0.954489 0.086231
vt 0.951094 0.088064
vt 0.902501 0.088064
vt 0.900478 0.086231
vt 0.889027 0.127512
vt 0.885632 0.129345
vt 0.935034 0.127515
vt 0.937057 0.129348
vt 0.954508 0.172463
vt 0.951112 0.170630
vt 0.935035 0.131181
vt 0.990096 0.591030
vt 0.985931 0.634158
vt 0.978650 0.634156
vt 0.983150 0.591027
vt 0.978650 0.547924
vt 0.985931 0.547926
vt 0.889028 0.131178
vt 0.902519 0.170630
vt 0.900497 0.172463
vt 0.930592 0.372810
vt 0.930592 0.314545
vt 0.938396 0.314544
vt 0.938396 0.372809
vt 0.956880 0.387466
vt 0.949643 0.387464
vt 0.637866 0.626925
vt 0.640476 0.624027
vt 0.683593 0.610086
vt 0.683594 0.607327
vt 0.637866 0.691442
vt 0.640475 0.630052
vt 0.640475 0.688315
vt 0.616396 0.188016
vt 0.616396 0.136344
vt 0.648686 0.129920
vt 0.648686 0.194440
vt 0.683593 0.613198
vt 0.726707 0.630052
vt 0.975727 0.639373
vt 0.979527 0.682476
vt 0.971758 0.682475
vt 0.967922 0.639373
vt 0.975727 0.725604
vt 0.967922 0.725604
vt 0.687845 0.388142
vt 0.680040 0.388142
vt 0.680040 0.329876
vt 0.687845 0.329876
vt 0.729315 0.691442
vt 0.726707 0.688316
vt 0.151872 0.780979
vt 0.148127 0.782811
vt 0.095838 0.782812
vt 0.093608 0.780979
vt 0.079680 0.822259
vt 0.075936 0.824092
vt 0.131700 0.822262
vt 0.133930 0.824095
vt 0.151871 0.867210
vt 0.148127 0.865377
vt 0.131700 0.825928
vt 0.988242 0.841734
vt 0.990811 0.884862
vt 0.983007 0.884862
vt 0.980462 0.841733
vt 0.983007 0.798631
vt 0.990811 0.798630
vt 0.079680 0.825925
vt 0.095837 0.865377
vt 0.093607 0.867210
vt 0.955928 0.798632
vt 0.955928 0.740366
vt 0.963732 0.740366
vt 0.963732 0.798632
vt 0.683589 0.674304
vt 0.683590 0.671192
vt 0.683590 0.677294
vt 0.640476 0.694321
vt 0.726707 0.694321
vt 0.729328 0.750847
vt 0.726719 0.747968
vt 0.088606 0.272292
vt 0.070312 0.299670
vt 0.024690 0.254048
vt 0.052068 0.235755
vt 0.633206 0.329876
vt 0.641011 0.329876
vt 0.641011 0.388142
vt 0.633206 0.388142
vt 0.989932 0.725604
vt 0.982746 0.725607
vt 0.979527 0.682478
vt 0.986993 0.682476
vt 0.946157 0.553141
vt 0.942634 0.554974
vt 0.894608 0.554974
vt 0.892511 0.553141
vt 0.878228 0.594422
vt 0.874705 0.596255
vt 0.928340 0.594425
vt 0.930438 0.596258
vt 0.946138 0.639373
vt 0.942616 0.637540
vt 0.928339 0.598091
vt 0.720001 0.882376
vt 0.728912 0.925502
vt 0.721774 0.925505
vt 0.712571 0.882378
vt 0.721774 0.839273
vt 0.728912 0.839271
vt 0.878227 0.598088
vt 0.894590 0.637540
vt 0.892491 0.639373
vt 0.637867 0.753119
vt 0.637867 0.811384
vt 0.630062 0.811383
vt 0.630062 0.753118
vt 0.989932 0.639373
vt 0.982746 0.639375
vt 0.637880 0.750846
vt 0.640488 0.747968
vt 0.683599 0.736018
vt 0.683599 0.733027
vt 0.451645 0.639395
vt 0.451645 0.686096
vt 0.449036 0.683834
vt 0.449036 0.641660
vt 0.560090 0.272292
vt 0.596624 0.235755
vt 0.623998 0.254048
vt 0.578381 0.299670
vt 0.683600 0.738432
vt 0.640489 0.753039
vt 0.726721 0.753040
vt 0.979408 0.884865
vt 0.970177 0.927970
vt 0.964152 0.927973
vt 0.973935 0.884869
vt 0.979408 0.971096
vt 0.973935 0.971101
vt 0.695651 0.329876
vt 0.703456 0.329876
vt 0.703456 0.388142
vt 0.695651 0.388142
vt 0.725456 0.753039
vt 0.728064 0.755301
vt 0.728064 0.797475
vt 0.725456 0.799740
vt 0.627821 0.795292
vt 0.629654 0.797864
vt 0.629654 0.835932
vt 0.627821 0.837466
vt 0.414070 0.553164
vt 0.415717 0.554996
vt 0.401624 0.594450
vt 0.398859 0.596285
vt 0.452168 0.554976
vt 0.442199 0.594433
vt 0.443846 0.596265
vt 0.454933 0.553141
vt 0.454933 0.639373
vt 0.452168 0.637541
vt 0.442199 0.598099
vt 0.935746 0.430573
vt 0.949643 0.473696
vt 0.944258 0.473700
vt 0.929798 0.430576
vt 0.944258 0.387468
vt 0.401624 0.598116
vt 0.415717 0.637561
vt 0.629654 0.753118
vt 0.629654 0.795292
vt 0.627821 0.793761
vt 0.627821 0.755693
vt 0.414070 0.639395
vt 0.773704 0.329877
vt 0.773704 0.388140
vt 0.765899 0.388139
vt 0.765899 0.329876
vt 0.859214 0.920109
vt 0.869476 0.965826
vt 0.867283 0.963219
vt 0.856800 0.920111
vt 0.867283 0.876987
vt 0.869476 0.874378
vt 0.637849 0.738983
vt 0.592117 0.753118
vt 0.592118 0.750336
vt 0.635241 0.736067
vt 0.546400 0.738981
vt 0.549009 0.736065
vt 0.546418 0.678800
vt 0.549026 0.681716
vt 0.188016 0.292066
vt 0.194440 0.324360
vt 0.129920 0.324360
vt 0.136344 0.292066
vt 0.439742 0.639395
vt 0.447547 0.639395
vt 0.447547 0.697661
vt 0.439742 0.697661
vt 0.957973 0.798632
vt 0.965208 0.798633
vt 0.954898 0.841757
vt 0.948008 0.841755
vt 0.069353 0.867210
vt 0.065934 0.869043
vt 0.017042 0.869043
vt 0.015005 0.867210
vt 0.003420 0.908490
vt 0.000000 0.910323
vt 0.049813 0.908494
vt 0.051851 0.910327
vt 0.069378 0.953442
vt 0.065957 0.951608
vt 0.049814 0.912160
vt 0.982165 0.129433
vt 0.977923 0.172462
vt 0.970655 0.172476
vt 0.975236 0.129451
vt 0.970655 0.086246
vt 0.977923 0.086231
vt 0.003421 0.912156
vt 0.017066 0.951609
vt 0.015029 0.953442
vt 0.946202 0.314545
vt 0.946202 0.372805
vt 0.938397 0.372805
vt 0.938397 0.314544
vt 0.957973 0.884863
vt 0.965208 0.884865
vt 0.637866 0.678801
vt 0.635257 0.681718
vt 0.592139 0.695703
vt 0.592138 0.698485
vt 0.637866 0.614301
vt 0.635258 0.675676
vt 0.635258 0.617426
vt 0.460690 0.292066
vt 0.512356 0.292066
vt 0.518779 0.324360
vt 0.454267 0.324360
vt 0.592139 0.692586
vt 0.549026 0.675674
vt 0.717650 0.839271
vt 0.713846 0.796164
vt 0.721615 0.796165
vt 0.725456 0.839271
vt 0.717650 0.753039
vt 0.725456 0.753039
vt 0.546418 0.614299
vt 0.549026 0.617425
vt 0.687845 0.329876
vt 0.695651 0.329876
vt 0.695651 0.388142
vt 0.687845 0.388142
vt 0.713846 0.753040
vt 0.710100 0.754872
vt 0.657828 0.754873
vt 0.655597 0.753040
vt 0.641613 0.794320
vt 0.637866 0.796152
vt 0.693710 0.794324
vt 0.695941 0.796157
vt 0.713844 0.839271
vt 0.710098 0.837438
vt 0.693710 0.797990
vt 0.973718 0.043204
vt 0.976208 0.086231
vt 0.968404 0.086230
vt 0.965941 0.043207
vt 0.968404 -0.000000
vt 0.976208 0.000001
vt 0.641613 0.797985
vt 0.657827 0.837438
vt 0.655595 0.839271
vt 0.953654 0.473700
vt 0.953654 0.531960
vt 0.945849 0.531959
vt 0.945849 0.473700
vt 0.592144 0.631395
vt 0.592144 0.634511
vt 0.592143 0.628419
vt 0.635257 0.611441
vt 0.549026 0.611440
vt 0.546400 0.555299
vt 0.549009 0.558158
vt 0.272292 0.235755
vt 0.299670 0.254048
vt 0.254048 0.299670
vt 0.235755 0.272292
vt 0.617595 0.329876
vt 0.625400 0.329876
vt 0.625400 0.388142
vt 0.979879 0.199964
vt 0.987066 0.199963
vt 0.990280 0.243088
vt 0.982814 0.243089
vt 0.227813 0.952550
vt 0.231316 0.950717
vt 0.279010 0.950717
vt 0.281095 0.952550
vt 0.295349 0.911270
vt 0.298852 0.909437
vt 0.245479 0.911266
vt 0.243394 0.909433
vt 0.227841 0.866319
vt 0.231342 0.868152
vt 0.245480 0.907600
vt 0.628545 0.882556
vt 0.637388 0.925595
vt 0.630235 0.925579
vt 0.621104 0.882544
vt 0.630235 0.839348
vt 0.637388 0.839365
vt 0.295350 0.907604
vt 0.279036 0.868151
vt 0.281123 0.866319
vt 0.758094 0.329876
vt 0.758094 0.388137
vt 0.750288 0.388137
vt 0.750288 0.329877
vt 0.979879 0.286196
vt 0.987066 0.286194
vt 0.637849 0.555300
vt 0.635241 0.558160
vt 0.592131 0.569985
vt 0.592131 0.572961
vt 0.966341 0.740366
vt 0.966341 0.786861
vt 0.963732 0.784595
vt 0.963732 0.742606
vt 0.376423 0.235755
vt 0.412956 0.272292
vt 0.394665 0.299670
vt 0.349048 0.254048
vt 0.592129 0.567602
vt 0.635238 0.553143
vt 0.549007 0.553141
vt 0.965208 0.884866
vt 0.974436 0.841758
vt 0.980462 0.841756
vt 0.970683 0.884863
vt 0.965208 0.798635
vt 0.970683 0.798632
vt 0.672234 0.329876
vt 0.680039 0.388142
vt 0.672234 0.388142
vt 0.966341 0.740366
vt 0.968949 0.742632
vt 0.968949 0.784621
vt 0.966341 0.786861
vt 0.622372 0.796938
vt 0.624206 0.799508
vt 0.624204 0.837411
vt 0.622372 0.838927
vt 0.887059 0.881636
vt 0.888682 0.883468
vt 0.874728 0.922925
vt 0.872004 0.924759
vt 0.924537 0.883441
vt 0.914779 0.922900
vt 0.916402 0.924732
vt 0.927262 0.881606
vt 0.927262 0.967837
vt 0.924537 0.966006
vt 0.914779 0.926566
vt 0.952128 0.596311
vt 0.965978 0.639373
vt 0.960567 0.639344
vt 0.946157 0.596285
vt 0.960567 0.553114
vt 0.965978 0.553143
vt 0.874729 0.926591
vt 0.888682 0.966034
vt 0.626040 0.796938
vt 0.626040 0.838927
vt 0.624206 0.837392
vt 0.624209 0.799490
vt 0.887059 0.967868
vt 0.765899 0.329876
vt 0.765899 0.388139
vt 0.758094 0.388139
vt 0.758094 0.329877
vt 0.969839 0.245697
vt 0.979879 0.291411
vt 0.977722 0.288804
vt 0.967457 0.245699
vt 0.977722 0.202573
vt 0.979879 0.199963
vt 0.740260 0.185869
vt 0.694590 0.199963
vt 0.694582 0.197187
vt 0.737646 0.182958
vt 0.648813 0.185878
vt 0.651415 0.182966
vt 0.651301 0.128715
vt 0.324360 0.194440
vt 0.292066 0.188016
vt 0.703456 0.329876
vt 0.711262 0.329876
vt 0.711262 0.388142
vt 0.703456 0.388142
vt 0.960641 0.639373
vt 0.967922 0.639375
vt 0.957846 0.682502
vt 0.950900 0.682499
vt 0.145245 0.867210
vt 0.141828 0.869044
vt 0.093023 0.869042
vt 0.090993 0.867210
vt 0.079353 0.908513
vt 0.075936 0.910347
vt 0.125635 0.908481
vt 0.127664 0.910314
vt 0.145071 0.953440
vt 0.141662 0.951608
vt 0.125627 0.912147
vt 0.967457 0.334540
vt 0.971881 0.291411
vt 0.979118 0.291413
vt 0.974347 0.334542
vt 0.979118 0.377645
vt 0.971881 0.377643
vt 0.079346 0.912179
vt 0.092857 0.951607
vt 0.090820 0.953440
vt 0.930592 0.314544
vt 0.930592 0.372809
vt 0.922787 0.372810
vt 0.922787 0.314545
vt 0.960641 0.725604
vt 0.967922 0.725606
vt 0.740134 0.125795
vt 0.737531 0.128706
vt 0.694432 0.142683
vt 0.694439 0.145459
vt 0.737525 0.122669
vt 0.737525 0.064414
vt 0.694430 0.139568
vt 0.982656 0.377643
vt 0.979118 0.334539
vt 0.986898 0.334540
vt 0.990460 0.377643
vt 0.982656 0.291411
vt 0.990460 0.291411
vt 0.625400 0.329876
vt 0.625400 0.388142
vt 0.622364 0.753118
vt 0.618618 0.754952
vt 0.566340 0.754950
vt 0.564108 0.753118
vt 0.550145 0.794420
vt 0.546400 0.796254
vt 0.602221 0.794390
vt 0.604453 0.796222
vt 0.622372 0.839348
vt 0.618626 0.837517
vt 0.602222 0.798056
vt 0.984469 0.129360
vt 0.982165 0.086232
vt 0.989971 0.086231
vt 0.992238 0.129361
vt 0.989971 0.172463
vt 0.982165 0.172463
vt 0.550146 0.798086
vt 0.566348 0.837515
vt 0.564117 0.839348
vt 0.955928 0.740366
vt 0.955928 0.798632
vt 0.948123 0.798632
vt 0.948123 0.740366
vt 0.274223 0.184464
vt 0.257166 0.225643
vt 0.885627 0.126926
vt 0.850008 0.126929
vt 0.885613 0.158699
vt 0.849994 0.158703
vt 0.814389 0.126933
vt 0.814375 0.158707
vt 0.391698 0.225646
vt 0.423212 0.257163
vt 0.800759 0.756704
vt 0.800740 0.715671
vt 0.836359 0.715665
vt 0.836378 0.756699
vt 0.464387 0.274220
vt 0.800766 0.801275
vt 0.836385 0.801269
vt 0.508954 0.274220
vt 0.872004 0.801264
vt 0.871997 0.756694
vt 0.871978 0.715660
vt 0.184470 0.274217
vt 0.225649 0.257160
vt 0.871997 0.842586
vt 0.836378 0.842591
vt 0.139898 0.274217
vt 0.871978 0.874367
vt 0.836359 0.874372
vt 0.098719 0.257160
vt 0.800740 0.874378
vt 0.800759 0.842596
vt 0.550129 0.257163
vt 0.581642 0.225646
vt 0.800695 0.833910
vt 0.800565 0.874752
vt 0.764947 0.874720
vt 0.765076 0.833878
vt 0.598697 0.184467
vt 0.800740 0.789347
vt 0.765121 0.789314
vt 0.598697 0.139895
vt 0.729503 0.789281
vt 0.729457 0.833845
vt 0.729328 0.874687
vt 0.050145 0.184464
vt 0.067202 0.225643
vt 0.729457 0.747781
vt 0.765076 0.747813
vt 0.050145 0.139892
vt 0.729328 0.715660
vt 0.764947 0.715693
vt 0.067202 0.098713
vt 0.800565 0.715726
vt 0.800695 0.747846
vt 0.581642 0.098716
vt 0.550129 0.067199
vt 0.874687 0.671538
vt 0.874705 0.712297
vt 0.839086 0.712302
vt 0.839068 0.671542
vt 0.508954 0.050142
vt 0.874680 0.626979
vt 0.839061 0.626983
vt 0.464387 0.050142
vt 0.803442 0.626988
vt 0.803449 0.671547
vt 0.803467 0.712306
vt 0.139898 0.050139
vt 0.098719 0.067196
vt 0.803449 0.585412
vt 0.839068 0.585408
vt 0.184469 0.050139
vt 0.803467 0.553150
vt 0.839086 0.553146
vt 0.874705 0.553141
vt 0.874687 0.585403
vt 0.423212 0.067199
s 1
f 2/1/1 1/2/2 5/3/3 6/4/4
f 1/2/2 2/1/1 324/5/5 4/6/6
f 1/2/2 3/7/7 7/8/8 5/3/3
f 3/7/7 1/2/2 4/6/6 308/9/9
f 6/10/4 5/11/3 8/12/10 9/13/11
f 5/11/3 7/14/8 10/15/12 8/12/10
f 11/16/13 12/17/14 9/18/14 8/19/15
f 13/20/16 11/16/13 8/19/15 10/21/17
f 12/22/18 11/23/19 14/24/20 36/25/21
f 11/16/13 13/20/16 17/26/22 15/27/23
f 19/28/24 14/29/24 11/30/24 15/31/24
f 15/32/25 16/33/26 21/34/26 19/35/25
f 16/36/14 15/27/23 18/37/27 220/38/28
f 15/27/23 17/26/22 62/39/29 18/37/27
f 47/40/30 14/41/20 19/42/31 20/43/32
f 20/43/32 19/42/31 22/44/33 24/45/34
f 19/42/31 21/46/35 25/47/36 22/44/33
f 24/45/34 22/44/33 23/48/37 126/49/38
f 22/44/33 25/47/36 26/50/39 23/48/37
f 25/47/36 27/51/40 28/52/41 26/50/39
f 21/46/35 30/53/42 27/51/40 25/47/36
f 27/54/40 29/55/43 185/56/44 28/57/41
f 30/58/42 32/59/45 29/55/43 27/54/40
f 30/60/46 31/61/46 34/62/46 33/63/46
f 16/33/26 31/64/47 30/65/47 21/34/26
f 32/59/45 30/58/42 33/66/48 35/67/49
f 34/68/50 12/22/18 36/25/21 33/69/48
f 35/67/49 33/66/48 37/70/51 39/71/52
f 33/72/48 36/73/21 40/74/53 37/75/51
f 39/76/54 37/77/55 38/78/55 170/79/54
f 37/77/55 40/80/56 41/81/56 38/78/55
f 40/80/56 42/82/57 43/83/57 41/81/56
f 36/73/21 14/41/20 42/84/58 40/74/53
f 42/82/57 44/85/59 45/86/59 43/83/57
f 14/41/20 47/40/30 44/87/60 42/84/58
f 44/85/59 46/88/61 112/89/61 45/86/59
f 47/40/30 48/90/62 46/91/63 44/87/60
f 20/92/64 17/93/64 13/94/64 47/95/64
f 13/96/65 49/97/66 48/98/62 47/99/30
f 49/97/66 52/100/67 50/101/68 48/98/62
f 48/102/62 50/103/68 51/104/69 46/105/63
f 50/103/68 53/106/70 107/107/71 51/104/69
f 54/108/39 50/109/39 52/110/39 56/111/39
f 53/106/70 50/103/68 54/112/72 57/113/73
f 57/113/73 54/112/72 55/114/74 130/115/75
f 54/112/72 58/116/76 59/117/77 55/114/74
f 56/118/78 60/119/79 58/120/79 54/121/78
f 58/122/76 20/43/32 24/45/34 59/123/77
f 60/119/79 17/124/80 20/125/80 58/120/79
f 17/26/22 60/126/81 61/127/82 62/39/29
f 60/128/81 56/129/83 63/130/84 61/131/82
f 62/132/29 61/133/82 64/134/85 66/135/86
f 61/133/82 63/136/84 67/137/87 64/134/85
f 214/138/38 66/139/38 64/140/46 65/141/46
f 65/142/46 64/143/46 67/144/88 68/145/88
f 68/145/88 67/144/88 69/146/89 70/147/89
f 63/136/84 72/148/90 69/149/91 67/137/87
f 70/147/89 69/146/89 71/150/64 368/151/64
f 72/148/90 74/152/92 71/153/93 69/149/91
f 56/129/83 73/154/94 72/155/90 63/130/84
f 73/154/94 76/156/44 74/157/92 72/155/90
f 76/156/44 77/158/95 75/159/96 74/157/92
f 74/152/92 75/160/96 247/161/97 71/153/93
f 76/162/98 73/163/99 57/164/99 78/165/98
f 77/166/100 76/162/98 78/165/98 80/167/100
f 80/168/101 78/169/102 79/170/103 83/171/104
f 78/169/102 57/113/73 130/115/75 79/170/103
f 80/172/46 82/173/46 250/174/46 77/175/46
f 81/176/105 80/177/101 83/178/104 85/179/106
f 96/180/107 82/181/108 80/177/101 81/176/105
f 83/171/104 79/170/103 129/182/64 84/183/109
f 85/179/106 83/178/104 84/184/109 86/185/14
f 87/186/110 85/179/106 86/185/14 88/187/15
f 90/188/111 81/176/105 85/179/106 87/186/110
f 89/189/112 87/186/110 88/187/15 152/190/17
f 92/191/113 90/188/111 87/186/110 89/189/112
f 243/192/114 91/193/115 90/194/115 92/195/114
f 90/196/24 91/197/24 94/198/24 93/199/24
f 93/200/116 96/180/107 81/176/105 90/188/111
f 94/201/117 363/202/118 95/203/119 93/204/116
f 93/200/116 95/205/119 99/206/120 97/207/121
f 96/180/107 93/200/116 97/207/121 100/208/122
f 97/209/123 99/210/124 386/211/124 98/212/123
f 100/213/125 97/209/123 98/212/123 101/214/125
f 82/181/108 96/180/107 100/208/122 102/215/126
f 102/216/127 100/213/125 101/214/125 103/217/127
f 105/218/128 82/219/108 102/220/126 104/221/129
f 104/222/130 102/216/127 103/217/127 106/223/130
f 53/106/70 105/218/128 104/221/129 107/107/71
f 107/224/131 104/222/130 106/223/130 108/225/131
f 51/226/132 107/224/131 108/225/131 110/227/132
f 109/228/133 111/229/134 110/230/135 108/231/136
f 139/232/137 109/228/133 108/231/136 106/233/138
f 111/229/134 113/234/139 112/235/140 110/230/135
f 46/88/61 51/226/132 110/227/132 112/89/61
f 113/236/139 114/237/141 45/238/142 112/239/140
f 114/237/141 113/236/139 115/240/143 116/241/144
f 113/234/139 111/229/134 117/242/145 115/243/143
f 116/241/144 115/240/143 118/244/146 119/245/147
f 115/243/143 117/242/145 120/246/148 118/247/146
f 119/245/147 118/244/146 121/248/81 122/249/17
f 118/247/146 120/246/148 123/250/149 121/251/81
f 124/252/150 126/253/151 122/254/151 121/255/150
f 125/256/152 124/252/150 121/255/150 123/257/152
f 55/114/74 59/117/77 124/258/46 125/259/88
f 59/123/77 24/45/34 126/49/38 124/260/46
f 126/253/151 23/261/153 376/262/153 122/254/151
f 127/263/154 125/256/152 123/257/152 128/264/154
f 130/115/75 55/114/74 125/259/88 127/265/89
f 129/266/155 127/263/154 128/264/154 131/267/155
f 79/170/103 130/115/75 127/265/89 129/182/64
f 84/268/156 129/266/155 131/267/155 132/269/156
f 134/270/157 133/271/158 131/272/44 128/273/24
f 133/271/158 135/274/159 132/275/41 131/272/44
f 137/276/160 136/277/161 133/271/158 134/270/157
f 136/277/161 138/278/162 135/274/159 133/271/158
f 109/228/133 139/232/137 136/277/161 137/276/160
f 139/232/137 140/279/163 138/278/162 136/277/161
f 140/279/163 139/232/137 106/233/138 103/280/164
f 141/281/165 140/282/163 103/283/164 101/284/166
f 140/282/163 141/281/165 143/285/167 138/286/162
f 141/281/165 142/287/168 144/288/169 143/285/167
f 142/287/168 141/281/165 101/284/166 98/289/170
f 138/286/162 143/285/167 145/290/171 135/291/159
f 143/285/167 144/288/169 146/292/172 145/290/171
f 135/291/159 145/290/171 147/293/39 132/294/41
f 145/290/171 146/292/172 148/295/37 147/293/39
f 86/296/173 84/268/156 132/269/156 147/297/173
f 88/298/174 86/296/173 147/297/173 148/299/174
f 146/292/172 150/300/175 149/301/38 148/295/37
f 152/302/176 88/298/174 148/299/174 149/303/176
f 150/300/175 381/304/177 151/305/46 149/301/38
f 153/306/178 152/302/176 149/303/176 151/307/178
f 155/308/179 89/189/112 152/190/17 153/309/81
f 154/310/180 153/306/178 151/307/178 181/311/180
f 156/312/181 155/313/179 153/314/81 154/315/149
f 157/316/182 92/191/113 89/189/112 155/308/179
f 159/317/183 157/318/182 155/313/179 156/312/181
f 158/319/184 243/192/114 92/195/114 157/320/184
f 158/321/109 157/322/109 160/323/109 161/324/109
f 162/325/185 160/326/186 157/318/182 159/317/183
f 363/202/118 161/327/187 160/328/186 95/203/119
f 95/205/119 160/329/186 163/330/188 99/206/120
f 160/326/186 162/325/185 165/331/189 163/332/188
f 99/210/124 163/333/190 164/334/190 386/211/124
f 163/333/190 165/335/191 166/336/191 164/334/190
f 162/325/185 168/337/192 167/338/193 165/331/189
f 165/335/191 167/339/194 169/340/194 166/336/191
f 168/337/192 35/67/49 39/71/52 167/338/193
f 167/339/194 39/76/54 170/79/54 169/340/194
f 171/341/195 172/342/196 166/343/197 169/344/198
f 173/345/199 171/341/195 169/344/198 170/346/200
f 172/342/196 171/341/195 174/347/201 175/348/202
f 171/341/195 173/345/199 176/349/203 174/347/201
f 175/348/202 174/347/201 177/350/204 178/351/205
f 174/347/201 176/349/203 179/352/206 177/350/204
f 178/351/205 177/350/204 180/353/89 181/354/88
f 177/350/204 179/352/206 182/355/64 180/353/89
f 183/356/207 154/310/180 181/311/180 180/357/207
f 185/358/208 183/356/207 180/357/207 182/359/208
f 184/360/209 156/312/181 154/315/149 183/361/24
f 29/55/43 184/360/209 183/361/24 185/56/44
f 28/362/210 185/358/208 182/359/208 369/363/210
f 32/59/45 186/364/211 184/360/209 29/55/43
f 186/364/211 159/317/183 156/312/181 184/360/209
f 187/365/212 188/366/213 159/367/213 186/368/212
f 189/369/214 187/365/212 186/368/212 32/370/214
f 188/371/215 187/372/89 190/373/216 191/374/217
f 187/372/89 189/375/218 192/376/219 190/373/216
f 191/377/217 190/378/216 193/379/220 194/380/221
f 190/378/216 192/381/219 195/382/222 193/379/220
f 197/383/149 194/384/149 193/385/24 196/386/24
f 196/386/24 193/385/24 195/387/44 198/388/44
f 197/389/223 196/390/223 199/391/223 201/392/223
f 196/390/223 198/393/223 200/394/223 199/391/223
f 203/395/223 202/396/223 199/391/223 200/394/223
f 202/396/223 204/397/223 201/392/223 199/391/223
f 206/398/223 205/399/223 202/396/223 203/395/223
f 205/399/223 207/400/223 204/397/223 202/396/223
f 209/401/223 208/402/223 205/399/223 206/398/223
f 208/402/223 210/403/223 207/400/223 205/399/223
f 213/404/223 211/405/223 208/402/223 209/401/223
f 211/405/223 212/406/223 210/403/223 208/402/223
f 214/407/223 65/408/223 211/405/223 213/404/223
f 65/408/223 68/409/223 212/406/223 211/405/223
f 215/410/223 214/407/223 213/404/223 209/401/223
f 215/411/37 217/412/37 66/139/38 214/138/38
f 216/413/223 215/410/223 209/401/223 206/398/223
f 216/414/39 218/415/39 217/412/37 215/411/37
f 220/416/28 18/417/27 217/418/224 218/419/225
f 18/417/27 62/132/29 66/135/86 217/418/224
f 221/420/226 220/416/28 218/419/225 219/421/227
f 222/422/41 219/423/41 218/415/39 216/414/39
f 31/424/228 16/36/14 220/38/28 221/425/226
f 189/375/218 31/61/228 221/426/226 192/376/219
f 192/381/219 221/420/226 219/421/227 195/382/222
f 198/388/44 195/387/44 219/427/41 222/428/41
f 198/393/223 222/429/223 203/395/223 200/394/223
f 222/429/223 216/413/223 206/398/223 203/395/223
f 68/409/223 70/430/223 223/431/223 212/406/223
f 212/406/223 223/431/223 225/432/223 210/403/223
f 70/430/223 368/433/223 224/434/223 223/431/223
f 223/431/223 224/434/223 227/435/223 225/432/223
f 210/403/223 225/432/223 226/436/223 207/400/223
f 225/432/223 227/435/223 229/437/223 226/436/223
f 368/433/223 228/438/223 227/435/223 224/434/223
f 228/438/223 230/439/223 229/437/223 227/435/223
f 230/439/223 232/440/223 231/441/223 229/437/223
f 226/436/223 229/437/223 231/441/223 234/442/223
f 232/440/223 237/443/223 233/444/223 231/441/223
f 234/442/223 231/441/223 233/444/223 235/445/223
f 207/400/223 226/436/223 234/442/223 204/397/223
f 204/397/223 234/442/223 235/445/223 201/392/223
f 237/443/223 236/446/223 235/445/223 233/444/223
f 236/446/223 197/389/223 201/392/223 235/445/223
f 237/447/17 239/448/17 238/449/81 236/450/81
f 236/451/81 238/452/81 194/384/149 197/383/149
f 241/453/229 240/454/230 238/455/231 239/456/232
f 240/454/230 191/377/217 194/380/221 238/455/231
f 243/457/38 158/458/233 240/459/230 241/460/229
f 158/461/233 188/371/215 191/374/217 240/462/230
f 91/463/234 243/457/38 241/460/229 242/464/235
f 242/465/235 241/453/229 239/456/232 245/466/236
f 248/467/237 91/463/234 242/464/235 244/468/238
f 244/469/238 242/465/235 245/466/236 246/470/239
f 230/471/14 246/472/14 245/473/15 232/474/15
f 232/474/15 245/473/15 239/448/17 237/447/17
f 228/475/109 247/476/109 246/472/14 230/471/14
f 75/160/96 244/469/238 246/470/239 247/161/97
f 368/151/64 71/150/64 247/477/109 228/478/109
f 77/479/95 248/467/237 244/468/238 75/480/96
f 250/481/240 249/482/241 248/467/237 77/479/95
f 249/482/241 94/483/242 91/463/234 248/467/237
f 249/482/241 250/481/240 252/484/41 251/485/39
f 94/483/242 249/482/241 251/485/39 253/486/37
f 256/487/243 254/488/244 251/489/245 252/490/246
f 254/488/244 257/491/247 253/492/248 251/489/245
f 364/493/249 255/494/250 254/495/244 256/496/243
f 255/494/250 259/497/251 257/498/247 254/495/244
f 259/497/251 260/499/252 258/500/253 257/498/247
f 257/491/247 258/501/253 362/502/254 253/492/248
f 259/497/251 255/494/250 262/503/255 261/504/256
f 260/499/252 259/497/251 261/504/256 263/505/257
f 261/506/258 262/507/259 266/508/259 264/509/258
f 263/510/260 261/506/258 264/509/258 265/511/260
f 265/512/38 264/513/37 267/514/37 268/515/38
f 264/513/37 266/516/39 269/517/39 267/514/37
f 270/518/261 271/519/261 268/520/261 267/521/261
f 272/522/261 270/518/261 267/521/261 269/523/261
f 274/524/261 271/519/261 270/518/261 273/525/261
f 273/525/261 270/518/261 272/522/261 276/526/261
f 354/527/261 274/524/261 273/525/261 275/528/261
f 275/528/261 273/525/261 276/526/261 277/529/261
f 277/529/261 276/526/261 278/530/261 279/531/261
f 276/526/261 272/522/261 280/532/261 278/530/261
f 279/531/261 278/530/261 281/533/261 283/534/261
f 278/530/261 280/532/261 282/535/261 281/533/261
f 281/533/261 282/535/261 285/536/261 284/537/261
f 283/534/261 281/533/261 284/537/261 286/538/261
f 288/539/44 287/540/24 284/541/24 285/542/44
f 287/540/24 289/543/149 286/544/149 284/541/24
f 292/545/262 290/546/263 287/547/263 288/548/262
f 290/546/263 291/549/264 289/550/264 287/547/263
f 293/551/265 294/552/266 291/553/267 290/554/268
f 295/555/269 293/551/265 290/554/268 292/556/270
f 294/552/266 293/551/265 296/557/271 297/558/272
f 293/551/265 295/555/269 298/559/273 296/557/271
f 297/560/272 296/561/271 299/562/274 300/563/275
f 296/561/271 298/564/273 301/565/276 299/562/274
f 302/566/277 52/567/278 300/568/149 299/569/24
f 303/570/44 302/566/277 299/569/24 301/571/44
f 52/567/278 302/566/277 73/154/94 56/129/83
f 302/572/279 303/573/280 105/574/128 53/575/70
f 57/576/15 73/577/15 302/578/15 53/579/15
f 303/573/280 250/580/281 82/581/108 105/574/128
f 250/582/240 303/570/44 301/571/44 252/583/41
f 298/564/273 256/487/243 252/490/246 301/565/276
f 52/567/278 49/584/81 304/585/81 300/568/149
f 305/586/282 297/560/272 300/563/275 304/587/283
f 49/588/81 13/20/16 10/21/17 304/589/81
f 7/14/8 305/586/282 304/587/283 10/15/12
f 3/7/7 306/590/284 305/591/282 7/8/8
f 306/592/284 294/552/266 297/558/272 305/593/282
f 306/590/284 3/7/7 308/9/9 307/594/285
f 294/552/266 306/592/284 307/595/285 291/553/267
f 307/596/286 308/597/287 310/598/287 309/599/286
f 291/549/264 307/596/286 309/599/286 289/550/264
f 289/543/149 309/600/81 311/601/81 286/544/149
f 309/602/81 310/603/17 312/604/17 311/605/81
f 313/606/261 283/534/261 286/538/261 311/607/261
f 314/608/261 313/606/261 311/607/261 312/609/261
f 315/610/261 279/531/261 283/534/261 313/606/261
f 317/611/261 315/610/261 313/606/261 314/608/261
f 316/612/261 277/529/261 279/531/261 315/610/261
f 318/613/261 316/612/261 315/610/261 317/611/261
f 318/613/261 317/611/261 319/614/261 320/615/261
f 317/611/261 314/608/261 312/609/261 319/614/261
f 321/616/15 322/617/14 320/618/14 319/619/15
f 310/603/17 321/616/15 319/619/15 312/604/17
f 4/620/288 324/621/289 322/622/289 321/623/288
f 308/597/287 4/620/288 321/623/288 310/598/287
f 322/617/14 323/624/109 359/625/109 320/618/14
f 324/621/289 325/626/290 323/627/290 322/622/289
f 2/1/1 327/628/291 325/629/292 324/5/5
f 325/626/290 326/630/293 361/631/293 323/627/290
f 327/632/291 328/633/294 326/634/295 325/635/292
f 328/633/294 327/632/291 329/636/296 330/637/297
f 327/628/291 2/1/1 6/4/4 329/638/296
f 330/639/297 329/640/296 331/641/298 332/642/299
f 329/640/296 6/10/4 9/13/11 331/641/298
f 34/62/300 334/643/301 332/644/64 331/645/109
f 12/17/14 34/646/300 331/647/109 9/18/14
f 341/648/302 330/639/297 332/642/299 333/649/303
f 334/643/301 335/650/89 333/651/89 332/644/64
f 335/652/304 334/653/305 35/654/49 168/655/192
f 334/643/301 34/62/300 31/61/228 189/375/218
f 334/656/17 189/657/17 32/658/17 35/659/17
f 336/660/306 335/652/304 168/655/192 162/661/185
f 335/650/89 336/662/307 337/663/88 333/651/89
f 161/664/308 336/662/307 188/371/215 158/461/233
f 336/662/307 161/664/308 338/665/46 337/663/88
f 159/666/39 188/667/39 336/668/39 162/669/39
f 340/670/309 339/671/310 337/672/311 338/673/312
f 339/671/310 341/648/302 333/649/303 337/672/311
f 343/674/313 342/675/314 339/676/310 340/677/309
f 342/675/314 344/678/315 341/679/302 339/676/310
f 342/675/314 343/674/313 346/680/316 345/681/317
f 344/678/315 342/675/314 345/681/317 347/682/318
f 345/683/319 346/684/320 350/685/320 348/686/319
f 347/687/321 345/683/319 348/686/319 349/688/321
f 349/689/89 348/690/88 351/691/88 352/692/89
f 348/690/88 350/693/46 353/694/46 351/691/88
f 354/527/261 355/695/261 352/696/261 351/697/261
f 274/524/261 354/527/261 351/697/261 353/698/261
f 355/695/261 354/527/261 275/528/261 357/699/261
f 356/700/261 355/695/261 357/699/261 358/701/261
f 355/695/261 356/700/261 360/702/261 352/696/261
f 358/701/261 357/699/261 316/612/261 318/613/261
f 357/699/261 275/528/261 277/529/261 316/612/261
f 358/701/261 318/613/261 320/615/261 359/703/261
f 356/700/261 358/701/261 359/703/261 360/702/261
f 323/704/109 361/705/64 360/706/64 359/707/109
f 361/705/64 349/689/89 352/692/89 360/706/64
f 326/630/293 347/687/321 349/688/321 361/631/293
f 271/519/261 274/524/261 353/698/261 268/520/261
f 350/708/46 265/512/38 268/515/38 353/709/46
f 346/684/320 263/510/260 265/511/260 350/685/320
f 328/633/294 344/678/315 347/682/318 326/634/295
f 343/710/313 260/499/252 263/505/257 346/711/316
f 344/678/315 328/633/294 330/637/297 341/679/302
f 260/499/252 343/710/313 340/712/309 258/500/253
f 258/501/253 340/670/309 338/673/312 362/502/254
f 161/713/308 363/714/38 362/715/38 338/716/46
f 363/714/38 94/483/242 253/486/37 362/715/38
f 295/555/269 364/717/249 256/718/243 298/559/273
f 364/717/249 295/555/269 292/556/270 365/719/322
f 255/494/250 364/493/249 365/720/322 262/503/255
f 365/721/323 292/545/262 288/548/262 366/722/323
f 262/507/259 365/721/323 366/722/323 266/508/259
f 266/516/39 366/723/41 367/724/41 269/517/39
f 366/725/41 288/539/44 285/542/44 367/726/41
f 280/532/261 272/522/261 269/523/261 367/727/261
f 282/535/261 280/532/261 367/727/261 285/536/261
f 179/352/206 371/728/324 369/729/109 182/355/64
f 26/730/325 28/362/210 369/363/210 370/731/325
f 371/732/324 373/733/326 370/734/14 369/735/109
f 176/349/203 372/736/327 371/728/324 179/352/206
f 372/737/327 374/738/328 373/733/326 371/732/324
f 374/738/328 377/739/329 375/740/330 373/733/326
f 373/733/326 375/740/330 376/741/15 370/734/14
f 375/740/330 119/245/147 122/249/17 376/741/15
f 377/739/329 116/241/144 119/245/147 375/740/330
f 379/742/331 378/743/332 377/739/329 374/738/328
f 378/743/332 114/237/141 116/241/144 377/739/329
f 378/743/332 379/742/331 41/744/333 43/745/334
f 114/237/141 378/743/332 43/745/334 45/238/142
f 379/742/331 380/746/335 38/747/336 41/744/333
f 380/746/335 379/742/331 374/738/328 372/737/327
f 380/748/335 173/345/199 170/346/200 38/749/336
f 173/345/199 380/748/335 372/736/327 176/349/203
f 23/261/153 26/730/325 370/731/325 376/262/153
f 381/750/177 178/351/205 181/354/88 151/751/46
f 382/752/337 175/348/202 178/351/205 381/750/177
f 383/753/338 382/754/337 381/304/177 150/300/175
f 385/755/339 384/756/340 382/754/337 383/753/338
f 384/757/340 172/342/196 175/348/202 382/752/337
f 384/756/340 385/755/339 386/758/341 164/759/342
f 172/342/196 384/757/340 164/760/342 166/343/197
f 385/755/339 142/287/168 98/289/170 386/758/341
f 142/287/168 385/755/339 383/753/338 144/288/169
f 144/288/169 383/753/338 150/300/175 146/292/172
f 117/242/145 137/276/160 134/270/157 120/246/148
f 111/229/134 109/228/133 137/276/160 117/242/145
f 120/246/148 134/270/157 128/273/24 123/250/149
f 388/761/261 387/762/261 390/763/261 497/764/261
f 388/765/41 394/766/41 391/767/39 387/768/39
f 387/762/261 389/769/261 493/770/261 390/763/261
f 387/768/39 391/767/39 393/771/37 389/772/37
f 391/773/223 394/774/223 395/775/223 392/776/223
f 393/777/223 391/773/223 392/776/223 629/778/223
f 394/774/223 396/779/223 399/780/223 395/775/223
f 398/781/44 396/782/44 394/783/41 388/784/41
f 409/785/24 397/786/24 396/782/44 398/781/44
f 396/779/223 397/787/223 401/788/223 399/780/223
f 400/789/44 630/790/41 395/791/41 399/792/44
f 402/793/24 400/789/44 399/792/44 401/794/24
f 404/795/149 402/793/24 401/794/24 403/796/149
f 397/787/223 406/797/223 403/798/223 401/788/223
f 642/799/81 404/795/149 403/796/149 405/800/81
f 406/797/223 407/801/223 405/802/223 403/798/223
f 408/803/149 406/804/149 397/786/24 409/785/24
f 410/805/81 407/806/81 406/804/149 408/803/149
f 408/807/261 409/808/261 412/809/261 411/810/261
f 410/811/261 408/807/261 411/810/261 413/812/261
f 412/813/89 416/814/89 414/815/88 411/816/88
f 411/816/88 414/815/88 415/817/46 413/818/46
f 415/819/223 414/820/223 417/821/223 420/822/223
f 414/820/223 416/823/223 419/824/223 417/821/223
f 418/825/88 421/826/46 420/827/46 417/828/88
f 502/829/89 418/825/88 417/828/88 419/830/89
f 421/831/46 423/832/38 422/833/38 420/834/46
f 425/835/223 415/819/223 420/822/223 422/836/223
f 423/832/38 641/837/37 424/838/37 422/833/38
f 426/839/223 425/835/223 422/836/223 424/840/223
f 427/841/38 425/842/38 426/843/37 428/844/37
f 413/845/46 415/846/46 425/842/38 427/841/38
f 429/847/261 410/811/261 413/812/261 427/848/261
f 430/849/261 429/847/261 427/848/261 428/850/261
f 429/851/17 431/852/17 407/853/81 410/854/81
f 430/855/15 432/856/15 431/852/17 429/851/17
f 407/801/223 431/857/223 433/858/223 405/802/223
f 431/857/223 432/859/223 435/860/223 433/858/223
f 434/861/17 642/862/81 405/863/81 433/864/17
f 436/865/15 434/861/17 433/864/17 435/866/15
f 438/867/14 436/865/15 435/866/15 437/868/14
f 432/859/223 440/869/223 437/870/223 435/860/223
f 640/871/109 438/867/14 437/868/14 439/872/109
f 440/869/223 441/873/223 439/874/223 437/870/223
f 442/875/14 440/876/14 432/856/15 430/855/15
f 443/877/109 441/878/109 440/876/14 442/875/14
f 442/879/261 430/849/261 428/850/261 444/880/261
f 443/881/261 442/879/261 444/880/261 445/882/261
f 428/844/37 426/843/37 446/883/39 444/884/39
f 444/884/39 446/883/39 447/885/41 445/886/41
f 447/887/223 446/888/223 448/889/223 450/890/223
f 446/888/223 426/839/223 424/840/223 448/889/223
f 449/891/39 451/892/41 450/893/41 448/894/39
f 641/837/37 449/891/39 448/894/39 424/838/37
f 451/895/41 453/896/44 452/897/44 450/898/41
f 455/899/223 447/887/223 450/890/223 452/900/223
f 453/896/44 609/901/24 454/902/24 452/897/44
f 456/903/223 455/899/223 452/900/223 454/904/223
f 457/905/44 455/906/44 456/907/24 458/908/24
f 445/909/41 447/910/41 455/906/44 457/905/44
f 459/911/261 443/881/261 445/882/261 457/912/261
f 460/913/261 459/911/261 457/912/261 458/914/261
f 459/915/64 461/916/64 441/917/109 443/918/109
f 460/919/89 463/920/89 461/916/64 459/915/64
f 461/921/223 463/922/223 465/923/223 462/924/223
f 441/873/223 461/921/223 462/924/223 439/874/223
f 475/925/88 464/926/88 463/920/89 460/919/89
f 463/922/223 464/927/223 467/928/223 465/923/223
f 466/929/89 590/930/64 462/931/64 465/932/89
f 468/933/88 466/929/89 465/932/89 467/934/88
f 471/935/46 468/933/88 467/934/88 469/936/46
f 464/927/223 472/937/223 469/938/223 467/928/223
f 626/939/38 471/940/46 469/941/46 470/942/38
f 472/937/223 473/943/223 470/944/223 469/938/223
f 474/945/46 472/946/46 464/926/88 475/925/88
f 476/947/38 473/948/38 472/949/46 474/950/46
f 474/951/261 475/952/261 478/953/261 477/954/261
f 476/955/261 474/951/261 477/954/261 479/956/261
f 478/957/149 482/958/149 480/959/81 477/960/81
f 477/961/81 480/962/81 481/963/17 479/964/17
f 481/965/223 480/966/223 483/967/223 486/968/223
f 480/966/223 482/969/223 485/970/223 483/967/223
f 484/971/81 487/972/17 486/973/17 483/974/81
f 608/975/149 484/976/81 483/977/81 485/978/149
f 487/972/17 490/979/15 488/980/15 486/973/17
f 491/981/223 481/965/223 486/968/223 488/982/223
f 490/979/15 639/983/14 489/984/14 488/980/15
f 492/985/223 491/981/223 488/982/223 489/986/223
f 493/987/15 491/988/15 492/989/14 390/990/14
f 479/964/17 481/963/17 491/988/15 493/987/15
f 389/769/261 476/955/261 479/956/261 493/770/261
f 390/990/14 492/989/14 494/991/109 497/992/109
f 494/993/223 492/985/223 489/986/223 496/994/223
f 497/995/109 494/996/109 495/997/64 498/998/64
f 495/999/223 494/993/223 496/994/223 500/1000/223
f 398/1001/261 388/761/261 497/764/261 498/1002/261
f 498/998/64 495/997/64 416/814/89 412/813/89
f 409/808/261 398/1001/261 498/1002/261 412/809/261
f 639/983/14 499/1003/109 496/1004/109 489/984/14
f 499/1005/109 501/1006/64 500/1007/64 496/1008/109
f 501/1006/64 502/829/89 419/830/89 500/1007/64
f 416/823/223 495/999/223 500/1000/223 419/824/223
f 505/1009/261 503/1010/261 501/1011/261 499/1012/261
f 503/1010/261 504/1013/261 502/1014/261 501/1011/261
f 503/1015/64 506/1016/64 508/1017/89 504/1018/89
f 505/1019/109 507/1020/109 506/1016/64 503/1015/64
f 511/1021/223 509/1022/223 506/1023/223 507/1024/223
f 509/1022/223 510/1025/223 508/1026/223 506/1023/223
f 510/1027/24 509/1028/44 512/1029/44 514/1030/24
f 509/1028/44 511/1031/41 513/1032/41 512/1029/44
f 512/1033/223 513/1034/223 517/1035/223 515/1036/223
f 514/1037/223 512/1033/223 515/1036/223 516/1038/223
f 518/1039/64 519/1040/89 516/1041/89 515/1042/64
f 520/1043/109 518/1039/64 515/1042/64 517/1044/109
f 521/1045/223 523/1046/223 519/1047/223 518/1048/223
f 522/1049/223 521/1045/223 518/1048/223 520/1050/223
f 524/1051/44 521/1052/44 522/1053/41 525/1054/41
f 526/1055/24 523/1056/24 521/1052/44 524/1051/44
f 526/1057/261 524/1058/261 400/1059/261 402/1060/261
f 524/1058/261 525/1061/261 630/1062/261 400/1059/261
f 527/1063/149 529/1064/149 523/1056/24 526/1055/24
f 527/1065/261 526/1057/261 402/1060/261 404/1066/261
f 528/1067/81 530/1068/81 529/1064/149 527/1063/149
f 528/1069/261 527/1065/261 404/1066/261 642/1070/261
f 523/1046/223 529/1071/223 531/1072/223 519/1047/223
f 529/1071/223 530/1073/223 532/1074/223 531/1072/223
f 531/1075/88 532/1076/46 534/1077/46 533/1078/88
f 519/1040/89 531/1075/88 533/1078/88 516/1041/89
f 535/1079/223 514/1037/223 516/1038/223 533/1080/223
f 536/1081/223 535/1079/223 533/1080/223 534/1082/223
f 537/1083/149 510/1027/24 514/1030/24 535/1084/149
f 538/1085/81 537/1083/149 535/1084/149 536/1086/81
f 537/1087/223 538/1088/223 540/1089/223 539/1090/223
f 510/1025/223 537/1087/223 539/1090/223 508/1026/223
f 504/1018/89 508/1017/89 539/1091/88 541/1092/88
f 541/1092/88 539/1091/88 540/1093/46 542/1094/46
f 541/1095/261 542/1096/261 421/1097/261 418/1098/261
f 504/1013/261 541/1095/261 418/1098/261 502/1014/261
f 542/1099/46 540/1100/46 545/1101/38 543/1102/38
f 542/1096/261 543/1103/261 423/1104/261 421/1097/261
f 543/1103/261 544/1105/261 641/1106/261 423/1104/261
f 543/1102/38 545/1101/38 546/1107/37 544/1108/37
f 538/1088/223 547/1109/223 545/1110/223 540/1089/223
f 547/1109/223 548/1111/223 546/1112/223 545/1110/223
f 548/1113/15 547/1114/17 549/1115/17 550/1116/15
f 547/1114/17 538/1117/81 536/1118/81 549/1115/17
f 549/1119/223 536/1081/223 534/1082/223 551/1120/223
f 550/1121/223 549/1119/223 551/1120/223 552/1122/223
f 532/1123/46 553/1124/38 551/1125/38 534/1126/46
f 553/1124/38 554/1127/37 552/1128/37 551/1125/38
f 555/1129/223 556/1130/223 554/1131/223 553/1132/223
f 530/1073/223 555/1129/223 553/1132/223 532/1074/223
f 557/1133/17 555/1134/17 530/1135/81 528/1136/81
f 558/1137/15 556/1138/15 555/1134/17 557/1133/17
f 557/1139/261 528/1069/261 642/1070/261 434/1140/261
f 558/1141/261 557/1139/261 434/1140/261 436/1142/261
f 559/1143/261 558/1141/261 436/1142/261 438/1144/261
f 559/1145/14 561/1146/14 556/1138/15 558/1137/15
f 560/1147/261 559/1143/261 438/1144/261 640/1148/261
f 560/1149/109 562/1150/109 561/1146/14 559/1145/14
f 556/1130/223 561/1151/223 563/1152/223 554/1131/223
f 561/1151/223 562/1153/223 564/1154/223 563/1152/223
f 563/1155/39 564/1156/41 566/1157/41 565/1158/39
f 554/1127/37 563/1155/39 565/1158/39 552/1128/37
f 567/1159/223 550/1121/223 552/1122/223 565/1160/223
f 568/1161/223 567/1159/223 565/1160/223 566/1162/223
f 569/1163/14 548/1113/15 550/1116/15 567/1164/14
f 570/1165/109 569/1163/14 567/1164/14 568/1166/109
f 569/1167/223 570/1168/223 572/1169/223 571/1170/223
f 548/1111/223 569/1167/223 571/1170/223 546/1112/223
f 544/1108/37 546/1107/37 571/1171/39 573/1172/39
f 573/1172/39 571/1171/39 572/1173/41 574/1174/41
f 573/1175/261 574/1176/261 451/1177/261 449/1178/261
f 544/1105/261 573/1175/261 449/1178/261 641/1106/261
f 574/1179/41 572/1180/41 577/1181/44 575/1182/44
f 574/1176/261 575/1183/261 453/1184/261 451/1177/261
f 575/1182/44 577/1181/44 578/1185/24 576/1186/24
f 575/1183/261 576/1187/261 609/1188/261 453/1184/261
f 570/1168/223 579/1189/223 577/1190/223 572/1169/223
f 579/1189/223 580/1191/223 578/1192/223 577/1190/223
f 580/1193/89 579/1194/64 581/1195/64 582/1196/89
f 579/1194/64 570/1197/109 568/1198/109 581/1195/64
f 581/1199/223 568/1161/223 566/1162/223 583/1200/223
f 582/1201/223 581/1199/223 583/1200/223 584/1202/223
f 564/1203/41 585/1204/44 583/1205/44 566/1206/41
f 585/1204/44 586/1207/24 584/1208/24 583/1205/44
f 587/1209/223 588/1210/223 586/1211/223 585/1212/223
f 562/1153/223 587/1209/223 585/1212/223 564/1154/223
f 589/1213/64 587/1214/64 562/1215/109 560/1216/109
f 591/1217/89 588/1218/89 587/1214/64 589/1213/64
f 591/1219/261 589/1220/261 590/1221/261 466/1222/261
f 589/1220/261 560/1147/261 640/1148/261 590/1221/261
f 592/1223/88 594/1224/88 588/1218/89 591/1217/89
f 592/1225/261 591/1219/261 466/1222/261 468/1226/261
f 593/1227/46 595/1228/46 594/1224/88 592/1223/88
f 593/1229/261 592/1225/261 468/1226/261 471/1230/261
f 588/1210/223 594/1231/223 596/1232/223 586/1211/223
f 594/1231/223 595/1233/223 597/1234/223 596/1232/223
f 596/1235/149 597/1236/81 599/1237/81 598/1238/149
f 586/1207/24 596/1235/149 598/1238/149 584/1208/24
f 600/1239/223 582/1201/223 584/1202/223 598/1240/223
f 601/1241/223 600/1239/223 598/1240/223 599/1242/223
f 602/1243/88 580/1193/89 582/1196/89 600/1244/88
f 603/1245/46 602/1243/88 600/1244/88 601/1246/46
f 602/1247/223 603/1248/223 605/1249/223 604/1250/223
f 580/1191/223 602/1247/223 604/1250/223 578/1192/223
f 576/1186/24 578/1185/24 604/1251/149 606/1252/149
f 606/1252/149 604/1251/149 605/1253/81 607/1254/81
f 606/1255/261 607/1256/261 484/1257/261 608/1258/261
f 576/1187/261 606/1255/261 608/1258/261 609/1188/261
f 609/901/24 608/975/149 485/978/149 454/902/24
f 607/1259/81 605/1260/81 612/1261/17 610/1262/17
f 607/1256/261 610/1263/261 487/1264/261 484/1257/261
f 610/1262/17 612/1261/17 613/1265/15 611/1266/15
f 610/1263/261 611/1267/261 490/1268/261 487/1264/261
f 603/1248/223 614/1269/223 612/1270/223 605/1249/223
f 614/1269/223 615/1271/223 613/1272/223 612/1270/223
f 615/1273/37 614/1274/38 616/1275/38 617/1276/37
f 614/1274/38 603/1277/46 601/1278/46 616/1275/38
f 616/1279/223 601/1241/223 599/1242/223 618/1280/223
f 617/1281/223 616/1279/223 618/1280/223 619/1282/223
f 597/1283/81 620/1284/17 618/1285/17 599/1286/81
f 620/1284/17 621/1287/15 619/1288/15 618/1285/17
f 622/1289/223 623/1290/223 621/1291/223 620/1292/223
f 595/1233/223 622/1289/223 620/1292/223 597/1234/223
f 624/1293/38 622/1294/38 595/1295/46 593/1296/46
f 625/1297/37 623/1298/37 622/1294/38 624/1293/38
f 625/1299/261 624/1300/261 626/1301/261 627/1302/261
f 624/1300/261 593/1229/261 471/1230/261 626/1301/261
f 627/1303/37 626/939/38 470/942/38 629/1304/37
f 631/1305/261 625/1299/261 627/1302/261 628/1306/261
f 628/1307/39 627/1303/37 629/1304/37 392/1308/39
f 473/943/223 393/777/223 629/778/223 470/944/223
f 630/1309/41 628/1307/39 392/1308/39 395/1310/41
f 525/1061/261 631/1305/261 628/1306/261 630/1062/261
f 631/1311/39 632/1312/39 623/1298/37 625/1297/37
f 525/1313/41 522/1314/41 632/1312/39 631/1311/39
f 632/1315/223 522/1049/223 520/1050/223 633/1316/223
f 623/1290/223 632/1315/223 633/1316/223 621/1291/223
f 621/1287/15 633/1317/14 634/1318/14 619/1288/15
f 633/1317/14 520/1319/109 517/1320/109 634/1318/14
f 513/1034/223 635/1321/223 634/1322/223 517/1035/223
f 635/1321/223 617/1281/223 619/1282/223 634/1322/223
f 636/1323/39 615/1273/37 617/1276/37 635/1324/39
f 511/1325/41 636/1323/39 635/1324/39 513/1326/41
f 615/1271/223 636/1327/223 637/1328/223 613/1272/223
f 636/1327/223 511/1021/223 507/1024/223 637/1328/223
f 638/1329/14 637/1330/14 507/1331/109 505/1332/109
f 611/1266/15 613/1265/15 637/1330/14 638/1329/14
f 611/1267/261 638/1333/261 639/1334/261 490/1268/261
f 638/1333/261 505/1009/261 499/1012/261 639/1334/261
f 590/930/64 640/1335/109 439/1336/109 462/931/64
f 482/969/223 456/903/223 454/904/223 485/970/223
f 458/908/24 456/907/24 482/958/149 478/957/149
f 475/952/261 460/913/261 458/914/261 478/953/261
f 389/772/37 393/771/37 473/948/38 476/947/38
f 644/1337/343 643/1338/344 647/1339/345 648/1340/346
f 643/1338/261 644/1337/261 1018/1341/261 646/1342/261
f 643/1338/344 645/1343/347 649/1344/348 647/1339/345
f 645/1343/261 643/1338/261 646/1342/261 684/1345/261
f 648/1346/346 647/1347/345 650/1348/39 651/1349/37
f 647/1347/345 649/1350/348 652/1351/41 650/1348/39
f 654/1352/349 651/1349/37 650/1348/39 653/1353/350
f 653/1353/350 650/1348/39 652/1351/41 655/1354/351
f 657/1355/352 654/1356/349 653/1357/350 656/1358/353
f 656/1358/353 653/1357/350 655/1359/351 658/1360/354
f 656/1358/223 659/1361/223 660/1362/223 657/1355/223
f 658/1360/223 661/1363/223 659/1361/223 656/1358/223
f 659/1364/355 663/1365/356 1023/1366/357 660/1367/358
f 661/1368/359 665/1369/360 664/1370/361 659/1364/355
f 659/1364/355 664/1370/361 666/1371/362 662/1372/363
f 662/1372/363 1032/1373/364 663/1365/356 659/1364/355
f 665/1374/223 668/1375/223 667/323/223 664/1376/223
f 664/1377/365 667/1378/365 669/1379/366 666/1380/366
f 668/1381/367 671/1382/368 670/1383/369 667/1384/370
f 667/1384/370 670/1383/369 672/1385/371 669/1386/372
f 671/1382/368 673/1387/373 672/1385/371 670/1383/369
f 669/1386/372 672/1385/371 673/1387/373 674/1388/374
f 674/1388/374 673/1387/373 671/1382/368 668/1381/367
f 674/1388/374 675/1389/375 679/1390/376 677/1391/377
f 676/1392/378 683/1393/379 675/1394/379 674/1395/378
f 676/1392/378 674/1395/378 668/1396/380 665/1397/380
f 669/1386/372 674/1388/374 677/1391/377 678/1398/381
f 679/1390/376 680/1399/382 678/1398/381 677/1391/377
f 675/1389/375 681/1400/383 680/1399/382 679/1390/376
f 681/1400/383 669/1386/372 678/1398/381 680/1399/382
f 683/1401/261 682/1402/261 681/1403/261 675/1404/261
f 682/1405/384 666/1380/366 669/1379/366 681/1406/384
f 684/1407/385 646/1408/386 682/1409/387 683/1410/388
f 646/1408/386 662/1372/363 666/1371/362 682/1409/387
f 687/1411/389 684/1407/385 683/1410/388 676/1412/390
f 685/1413/391 684/1414/385 686/1415/392 706/1416/393
f 1088/1417/261 645/1343/261 684/1345/261 685/1418/261
f 684/1407/385 687/1411/389 688/1419/394 686/1420/392
f 687/1411/389 676/1412/390 665/1369/360 661/1368/359
f 661/1368/359 690/1421/395 688/1419/394 687/1411/389
f 686/1422/396 688/1423/397 689/1424/397 705/1425/396
f 690/1426/398 692/1427/398 689/1424/397 688/1423/397
f 691/1428/223 693/1429/223 692/1430/223 690/1431/223
f 709/1432/399 691/1433/400 690/1434/395 661/1435/359
f 693/1436/401 695/1437/402 694/1438/403 692/1439/404
f 692/1440/404 694/1441/403 696/1442/405 689/1443/406
f 695/1444/402 697/1445/407 696/1442/405 694/1441/403
f 689/1443/406 696/1442/405 697/1445/407 698/1446/408
f 698/1446/408 697/1445/407 695/1444/402 693/1447/401
f 698/1446/408 699/1448/409 703/1449/410 701/1450/411
f 700/1451/412 706/1452/413 699/1453/413 698/1454/412
f 700/1451/412 698/1454/412 693/1455/414 691/1456/414
f 689/1443/406 698/1446/408 701/1450/411 702/1457/415
f 703/1449/410 704/1458/416 702/1457/415 701/1450/411
f 699/1459/409 705/1460/417 704/1461/416 703/1462/410
f 705/1463/417 689/1443/406 702/1457/415 704/1458/416
f 706/1464/261 686/1465/261 705/1466/261 699/1467/261
f 707/1468/418 685/1469/391 706/1470/393 700/1471/419
f 707/1468/418 700/1471/419 691/1472/400 709/1473/399
f 685/1474/391 707/1475/418 708/1476/420 729/1477/421
f 709/1478/399 712/1479/422 708/1476/420 707/1475/418
f 710/1480/423 713/1481/424 712/1479/422 709/1478/399
f 1085/1482/223 710/1483/223 709/1484/223 711/1485/223
f 711/1485/223 709/1484/223 661/1363/223 658/1360/223
f 713/1486/223 715/1487/223 714/1488/223 712/1489/223
f 712/1490/425 714/1491/425 716/1492/426 708/1493/426
f 715/1494/427 718/1495/428 717/1496/429 714/1497/430
f 714/1497/430 717/1496/429 719/1498/431 716/1499/432
f 718/1495/428 720/1500/433 719/1498/431 717/1496/429
f 716/1499/432 719/1498/431 720/1500/433 721/1501/434
f 721/1501/434 720/1500/433 718/1495/428 715/1494/427
f 721/1501/434 722/1502/435 726/1503/436 724/1504/437
f 723/1505/438 730/1506/439 722/1507/439 721/1508/438
f 723/1505/438 721/1508/438 715/1509/440 713/1510/440
f 716/1499/432 721/1501/434 724/1504/437 725/1511/441
f 726/1503/436 727/1512/442 725/1511/441 724/1504/437
f 722/1502/435 728/1513/443 727/1512/442 726/1503/436
f 728/1513/443 716/1499/432 725/1511/441 727/1512/442
f 730/1514/261 729/1515/261 728/1516/261 722/1517/261
f 729/1518/444 708/1493/426 716/1492/426 728/1519/444
f 731/1520/445 685/1474/391 729/1477/421 730/1521/446
f 735/1522/447 731/1520/445 730/1521/446 723/1523/448
f 732/1524/449 731/1520/445 734/1525/450 754/1526/451
f 1079/1527/261 733/1528/261 731/1529/261 732/1530/261
f 733/1528/261 1088/1417/261 685/1418/261 731/1529/261
f 731/1520/445 735/1522/447 736/1531/452 734/1525/450
f 735/1522/447 723/1523/448 713/1481/424 710/1480/423
f 710/1480/423 738/1532/453 736/1531/452 735/1522/447
f 734/1533/454 736/1534/455 737/1535/455 753/1536/454
f 738/1537/456 740/1538/456 737/1535/455 736/1534/455
f 739/1539/223 741/1540/223 740/1541/223 738/1542/223
f 757/1543/457 739/1544/458 738/1532/453 710/1480/423
f 741/1545/459 743/1546/460 742/1547/461 740/1548/462
f 740/1548/462 742/1547/461 744/1549/463 737/1550/464
f 743/1546/460 745/1551/465 744/1549/463 742/1547/461
f 737/1550/464 744/1549/463 745/1551/465 746/1552/466
f 746/1552/466 745/1551/465 743/1546/460 741/1545/459
f 746/1552/466 747/1553/467 751/1554/468 749/1555/469
f 748/1556/470 754/1557/471 747/1558/471 746/1559/470
f 748/1556/470 746/1559/470 741/1560/472 739/1561/472
f 737/1550/464 746/1552/466 749/1555/469 750/1562/473
f 751/1554/468 752/1563/474 750/1562/473 749/1555/469
f 747/1553/467 753/1564/475 752/1563/474 751/1554/468
f 753/1564/475 737/1550/464 750/1562/473 752/1563/474
f 754/1565/261 734/1566/261 753/1567/261 747/1568/261
f 755/1569/476 732/1524/449 754/1526/451 748/1570/477
f 755/1569/476 748/1570/477 739/1544/458 757/1543/457
f 732/1524/449 755/1569/476 756/1571/478 777/1572/479
f 757/1543/457 760/1573/480 756/1571/478 755/1569/476
f 758/1574/481 761/1575/482 760/1573/480 757/1543/457
f 1089/1576/223 758/1577/223 757/1578/223 759/1579/223
f 759/1579/223 757/1578/223 710/1483/223 1085/1482/223
f 761/1580/223 763/1581/223 762/1582/223 760/1583/223
f 760/1584/483 762/1585/483 764/1586/484 756/1587/484
f 763/1588/485 766/1589/486 765/1590/487 762/1591/488
f 762/1591/488 765/1590/487 767/1592/489 764/1593/490
f 766/1589/486 768/1594/491 767/1592/489 765/1590/487
f 764/1593/490 767/1592/489 768/1594/491 769/1595/492
f 769/1595/492 768/1594/491 766/1589/486 763/1588/485
f 769/1595/492 770/1596/493 774/1597/494 772/1598/495
f 771/1599/496 778/1600/497 770/1601/497 769/1602/496
f 771/1599/496 769/1602/496 763/1603/498 761/1604/498
f 764/1593/490 769/1595/492 772/1598/495 773/1605/499
f 774/1597/494 775/1606/500 773/1605/499 772/1598/495
f 770/1596/493 776/1607/501 775/1606/500 774/1597/494
f 776/1607/501 764/1593/490 773/1605/499 775/1606/500
f 778/1608/261 777/1516/261 776/1609/261 770/1610/261
f 777/1611/502 756/1587/484 764/1586/484 776/1612/502
f 779/1613/503 732/1524/449 777/1572/479 778/1614/504
f 783/1615/505 779/1613/503 778/1614/504 771/1616/506
f 780/1617/507 779/1618/503 782/1619/508 802/1620/509
f 1076/1621/261 781/1622/261 779/1623/261 780/1624/261
f 781/1622/261 1079/1527/261 732/1530/261 779/1623/261
f 779/1613/503 783/1615/505 784/1625/510 782/1626/508
f 783/1615/505 771/1616/506 761/1575/482 758/1574/481
f 758/1574/481 786/1627/511 784/1625/510 783/1615/505
f 782/1628/512 784/1629/513 785/1630/513 801/1631/512
f 786/1632/514 788/1633/514 785/1630/513 784/1629/513
f 805/1634/515 787/1635/516 786/1636/511 758/1618/481
f 787/1637/223 789/1638/223 788/1639/223 786/1640/223
f 789/1641/517 791/1642/518 790/1643/519 788/1644/520
f 788/1645/520 790/1646/519 792/1647/521 785/1648/522
f 791/1649/518 793/1650/523 792/1647/521 790/1646/519
f 785/1648/522 792/1647/521 793/1650/523 794/1651/524
f 794/1651/524 793/1650/523 791/1649/518 789/1652/517
f 794/1651/524 795/1653/525 799/1654/526 797/1655/527
f 796/1656/528 802/1657/529 795/1658/529 794/1659/528
f 796/1656/528 794/1659/528 789/1660/530 787/1661/530
f 785/1648/522 794/1651/524 797/1655/527 798/1662/531
f 799/1654/526 800/1663/532 798/1662/531 797/1655/527
f 795/1664/525 801/1665/533 800/1666/532 799/1667/526
f 801/1668/533 785/1648/522 798/1662/531 800/1663/532
f 802/1669/261 782/1670/261 801/1671/261 795/1672/261
f 803/1673/534 780/1674/507 802/1675/509 796/1676/535
f 803/1673/534 796/1676/535 787/1677/516 805/1678/515
f 780/1679/507 803/1680/534 804/1681/536 825/1682/537
f 805/1683/515 808/1684/538 804/1681/536 803/1680/534
f 806/1685/539 809/1686/540 808/1684/538 805/1683/515
f 1070/1687/223 806/1688/223 805/1689/223 807/1690/223
f 807/1690/223 805/1689/223 758/1577/223 1089/1576/223
f 809/1691/223 811/1692/223 810/1693/223 808/1694/223
f 808/1695/541 810/1696/541 812/1697/542 804/1698/542
f 811/1699/543 814/1700/544 813/1701/545 810/1702/546
f 810/1702/546 813/1701/545 815/1703/547 812/1704/548
f 814/1700/544 816/1705/549 815/1703/547 813/1701/545
f 812/1704/548 815/1703/547 816/1705/549 817/1706/550
f 817/1706/550 816/1705/549 814/1700/544 811/1699/543
f 817/1706/550 818/1707/551 822/1708/552 820/1709/553
f 819/1710/554 826/1711/555 818/1712/555 817/1713/554
f 819/1710/554 817/1713/554 811/1714/556 809/1715/556
f 812/1704/548 817/1706/550 820/1709/553 821/1716/557
f 822/1708/552 823/1717/558 821/1716/557 820/1709/553
f 818/1707/551 824/1718/559 823/1717/558 822/1708/552
f 824/1718/559 812/1704/548 821/1716/557 823/1717/558
f 826/1719/261 825/1720/261 824/1721/261 818/1722/261
f 825/1723/560 804/1698/542 812/1697/542 824/1724/560
f 827/1725/561 780/1679/507 825/1682/537 826/1726/562
f 831/1727/563 827/1725/561 826/1726/562 819/1728/564
f 828/1729/565 827/1725/561 830/1730/566 850/1731/567
f 1064/1732/261 829/1733/261 827/1734/261 828/1735/261
f 829/1733/261 1076/1621/261 780/1624/261 827/1734/261
f 827/1725/561 831/1727/563 832/1736/568 830/1730/566
f 831/1727/563 819/1728/564 809/1686/540 806/1685/539
f 806/1685/539 834/1737/569 832/1736/568 831/1727/563
f 830/1738/570 832/1739/571 833/1740/571 849/1741/570
f 834/1742/572 836/1743/572 833/1740/571 832/1739/571
f 835/1744/223 837/1745/223 836/1746/223 834/1747/223
f 853/1748/573 835/1749/574 834/1737/569 806/1685/539
f 837/1750/575 839/1751/576 838/1752/577 836/1753/578
f 836/1753/578 838/1752/577 840/1754/579 833/1755/580
f 839/1751/576 841/1756/581 840/1754/579 838/1752/577
f 833/1755/580 840/1754/579 841/1756/581 842/1757/582
f 842/1757/582 841/1756/581 839/1751/576 837/1750/575
f 842/1757/582 843/1758/583 847/1759/584 845/1760/585
f 844/1761/586 850/1762/587 843/1763/587 842/1764/586
f 844/1761/586 842/1764/586 837/1765/588 835/1766/588
f 833/1755/580 842/1757/582 845/1760/585 846/1767/589
f 847/1759/584 848/1768/590 846/1767/589 845/1760/585
f 843/1758/583 849/1769/591 848/1768/590 847/1759/584
f 849/1769/591 833/1755/580 846/1767/589 848/1768/590
f 850/1770/261 830/1771/261 849/1772/261 843/1773/261
f 851/1774/592 828/1729/565 850/1731/567 844/1775/593
f 851/1774/592 844/1775/593 835/1749/574 853/1748/573
f 828/1729/565 851/1774/592 852/1776/594 873/1777/595
f 853/1748/573 856/1778/596 852/1776/594 851/1774/592
f 854/1779/597 857/1780/598 856/1778/596 853/1748/573
f 1090/1781/223 854/1782/223 853/1783/223 855/1784/223
f 855/1784/223 853/1783/223 806/1688/223 1070/1687/223
f 857/1785/223 859/1786/223 858/1787/223 856/1788/223
f 856/1789/379 858/1790/379 860/1791/378 852/1792/378
f 859/1793/599 862/1794/600 861/1795/601 858/1796/602
f 858/1796/602 861/1795/601 863/1797/603 860/1798/604
f 862/1794/600 864/1799/605 863/1797/603 861/1795/601
f 860/1798/604 863/1797/603 864/1799/605 865/1800/606
f 865/1800/606 864/1799/605 862/1794/600 859/1793/599
f 865/1800/606 866/1801/607 870/1802/608 868/1803/609
f 867/1804/366 874/1805/365 866/1806/365 865/1807/366
f 867/1804/366 865/1807/366 859/1808/384 857/1809/384
f 860/1798/604 865/1800/606 868/1803/609 869/1810/610
f 870/1802/608 871/1811/611 869/1810/610 868/1803/609
f 866/1801/607 872/1812/612 871/1811/611 870/1802/608
f 872/1812/612 860/1798/604 869/1810/610 871/1811/611
f 874/1813/261 873/1814/261 872/1815/261 866/1816/261
f 873/1817/380 852/1792/378 860/1791/378 872/1818/380
f 875/1819/613 828/1729/565 873/1777/595 874/1820/614
f 879/1821/615 875/1819/613 874/1820/614 867/1822/616
f 876/1823/617 875/1824/613 878/1825/618 898/1826/619
f 1061/1827/261 877/1828/261 875/1829/261 876/1830/261
f 877/1828/261 1064/1732/261 828/1735/261 875/1829/261
f 875/1819/613 879/1821/615 880/1831/620 878/1832/618
f 879/1821/615 867/1822/616 857/1780/598 854/1779/597
f 854/1779/597 882/1833/621 880/1831/620 879/1821/615
f 878/1834/414 880/1835/412 881/1836/412 897/1837/414
f 882/1838/413 884/1839/413 881/1836/412 880/1835/412
f 883/1840/223 885/1841/223 884/1842/223 882/1843/223
f 901/1844/622 883/1845/623 882/1846/621 854/1847/597
f 885/1848/624 887/1849/625 886/1850/626 884/1851/627
f 884/1852/627 886/1853/626 888/1854/628 881/1855/629
f 887/1856/625 889/1857/630 888/1854/628 886/1853/626
f 881/1855/629 888/1854/628 889/1857/630 890/1858/631
f 890/1858/631 889/1857/630 887/1856/625 885/1859/624
f 890/1858/631 891/1860/632 895/1861/633 893/1862/634
f 892/1863/397 898/1864/398 891/1865/398 890/1866/397
f 892/1863/397 890/1866/397 885/1867/396 883/1724/396
f 881/1855/629 890/1858/631 893/1862/634 894/1868/635
f 895/1861/633 896/1869/636 894/1868/635 893/1862/634
f 891/1870/632 897/1871/637 896/1872/636 895/1873/633
f 897/1874/637 881/1855/629 894/1868/635 896/1869/636
f 898/1875/261 878/1876/261 897/1877/261 891/1878/261
f 899/1879/638 876/1880/617 898/1881/619 892/1882/639
f 899/1879/638 892/1882/639 883/1883/623 901/1884/622
f 876/1885/617 899/1886/638 900/1887/640 921/1888/641
f 901/1889/622 904/1890/642 900/1887/640 899/1886/638
f 902/1891/643 905/1892/644 904/1890/642 901/1889/622
f 1055/1893/223 902/1894/223 901/1895/223 903/1896/223
f 903/1896/223 901/1895/223 854/1782/223 1090/1781/223
f 905/1897/223 907/1898/223 906/1899/223 904/1900/223
f 904/1901/439 906/1902/439 908/1903/438 900/1904/438
f 907/1905/645 910/1906/646 909/1907/647 906/1908/648
f 906/1908/648 909/1907/647 911/1909/649 908/1910/650
f 910/1906/646 912/1911/651 911/1909/649 909/1907/647
f 908/1910/650 911/1909/649 912/1911/651 913/1912/652
f 913/1912/652 912/1911/651 910/1906/646 907/1905/645
f 913/1912/652 914/1913/653 918/1914/654 916/1915/655
f 915/1916/426 922/1917/425 914/1918/425 913/1919/426
f 915/1916/426 913/1919/426 907/1920/444 905/1921/444
f 908/1910/650 913/1912/652 916/1915/655 917/1922/656
f 918/1914/654 919/1923/657 917/1922/656 916/1915/655
f 914/1913/653 920/1924/658 919/1923/657 918/1914/654
f 920/1924/658 908/1910/650 917/1922/656 919/1923/657
f 922/1925/261 921/1926/261 920/1927/261 914/1928/261
f 921/1929/440 900/1904/438 908/1903/438 920/1930/440
f 923/1931/659 876/1885/617 921/1888/641 922/1932/660
f 927/1933/661 923/1931/659 922/1932/660 915/1934/662
f 924/1935/663 923/1931/659 926/1936/664 946/1937/665
f 1049/1938/261 925/1939/261 923/1940/261 924/1941/261
f 925/1939/261 1061/1827/261 876/1830/261 923/1940/261
f 923/1931/659 927/1933/661 928/1942/666 926/1936/664
f 927/1933/661 915/1934/662 905/1892/644 902/1891/643
f 902/1891/643 930/1943/667 928/1942/666 927/1933/661
f 926/1944/472 928/1945/470 929/1946/470 945/1947/472
f 930/1948/471 932/1949/471 929/1946/470 928/1945/470
f 949/1950/668 931/1951/669 930/1943/667 902/1891/643
f 931/1952/223 933/1953/223 932/1954/223 930/1955/223
f 933/1956/670 935/1957/671 934/1958/672 932/1959/673
f 932/1959/673 934/1958/672 936/1960/674 929/1961/675
f 935/1957/671 937/1962/676 936/1960/674 934/1958/672
f 929/1961/675 936/1960/674 937/1962/676 938/1963/677
f 938/1963/677 937/1962/676 935/1957/671 933/1956/670
f 938/1963/677 939/1964/678 943/1965/679 941/1966/680
f 940/1967/455 946/1968/456 939/1969/456 938/1970/455
f 940/1967/455 938/1970/455 933/1971/454 931/1972/454
f 929/1961/675 938/1963/677 941/1966/680 942/1973/681
f 943/1965/679 944/1974/682 942/1973/681 941/1966/680
f 939/1964/678 945/1975/683 944/1974/682 943/1965/679
f 945/1975/683 929/1961/675 942/1973/681 944/1974/682
f 946/1976/261 926/1977/261 945/1978/261 939/1979/261
f 947/1980/684 924/1935/663 946/1937/665 940/1981/685
f 947/1980/684 940/1981/685 931/1951/669 949/1950/668
f 924/1935/663 947/1980/684 948/1982/686 969/1983/687
f 949/1950/668 952/1984/688 948/1982/686 947/1980/684
f 950/1985/689 953/1986/690 952/1984/688 949/1950/668
f 1039/1987/223 950/1988/223 949/1989/223 951/1990/223
f 951/1990/223 949/1989/223 902/1894/223 1055/1893/223
f 953/1991/223 955/1992/223 954/1993/223 952/1374/223
f 952/1994/497 954/1995/497 956/1996/496 948/1997/496
f 955/1998/691 958/1999/692 957/2000/693 954/2001/694
f 954/2001/694 957/2000/693 959/2002/695 956/2003/696
f 958/1999/692 960/2004/697 959/2002/695 957/2000/693
f 956/2003/696 959/2002/695 960/2004/697 961/2005/698
f 961/2005/698 960/2004/697 958/1999/692 955/1998/691
f 961/2005/698 962/2006/699 966/2007/700 964/2008/701
f 963/2009/484 970/2010/483 962/2011/483 961/2012/484
f 963/2009/484 961/2012/484 955/2013/502 953/2014/502
f 956/2003/696 961/2005/698 964/2008/701 965/2015/702
f 966/2007/700 967/2016/703 965/2015/702 964/2008/701
f 962/2006/699 968/2017/704 967/2016/703 966/2007/700
f 968/2017/704 956/2003/696 965/2015/702 967/2016/703
f 970/2018/261 969/2019/261 968/2020/261 962/2021/261
f 969/2022/498 948/1997/496 956/1996/496 968/2023/498
f 971/2024/705 924/1935/663 969/1983/687 970/2025/706
f 975/2026/707 971/2024/705 970/2025/706 963/2027/708
f 972/2028/709 971/2029/705 974/2030/710 994/2031/711
f 1046/2032/261 973/2033/261 971/2034/261 972/2035/261
f 973/2033/261 1049/1938/261 924/1941/261 971/2034/261
f 971/2024/705 975/2026/707 976/2036/712 974/2037/710
f 975/2026/707 963/2027/708 953/1986/690 950/1985/689
f 950/1985/689 978/2038/713 976/2036/712 975/2026/707
f 974/2039/530 976/2040/528 977/2041/528 993/2042/530
f 978/2043/529 980/2044/529 977/2041/528 976/2040/528
f 979/2045/223 981/1746/223 980/2046/223 978/2047/223
f 997/2048/714 979/2049/715 978/2050/713 950/2051/689
f 981/2052/716 983/2053/717 982/2054/718 980/2055/719
f 980/2056/719 982/2057/718 984/2058/720 977/2059/721
f 983/2060/717 985/2061/722 984/2058/720 982/2057/718
f 977/2059/721 984/2058/720 985/2061/722 986/2062/723
f 986/2062/723 985/2061/722 983/2060/717 981/2063/716
f 986/2062/723 987/2064/724 991/2065/725 989/2066/726
f 988/2067/513 994/2068/514 987/2069/514 986/2070/513
f 988/2067/513 986/2070/513 981/2071/512 979/2072/512
f 977/2059/721 986/2062/723 989/2066/726 990/2073/727
f 991/2065/725 992/2074/728 990/2073/727 989/2066/726
f 987/2075/724 993/2076/729 992/2077/728 991/2078/725
f 993/2079/729 977/2059/721 990/2073/727 992/2074/728
f 994/2080/261 974/2081/261 993/2082/261 987/2083/261
f 995/2084/730 972/2085/709 994/2086/711 988/2087/731
f 995/2084/730 988/2087/731 979/2088/715 997/2089/714
f 972/2090/709 995/2091/730 996/2092/732 1016/2093/733
f 997/2094/714 999/2095/734 996/2092/732 995/2091/730
f 660/1367/358 1000/2096/735 999/2095/734 997/2094/714
f 657/1355/223 660/1362/223 997/2097/223 998/2098/223
f 998/2098/223 997/2097/223 950/1988/223 1039/1987/223
f 1000/2099/223 1002/2100/223 1001/2101/223 999/2102/223
f 999/2103/555 1001/2104/555 1003/2105/554 996/2106/554
f 1002/2107/736 1005/2108/737 1004/2109/738 1001/2110/739
f 1001/2110/739 1004/2109/738 1006/2111/740 1003/2112/741
f 1005/2108/737 1007/2113/742 1006/2111/740 1004/2109/738
f 1003/2112/741 1006/2111/740 1007/2113/742 1008/2114/743
f 1008/2114/743 1007/2113/742 1005/2108/737 1002/2107/736
f 1008/2114/743 1009/2115/744 1013/2116/745 1011/2117/746
f 1010/2118/542 1017/2119/541 1009/2120/541 1008/2121/542
f 1010/2118/542 1008/2121/542 1002/2122/560 1000/2123/560
f 1003/2112/741 1008/2114/743 1011/2117/746 1012/2124/747
f 1013/2116/745 1014/2125/748 1012/2124/747 1011/2117/746
f 1009/2115/744 1015/2126/749 1014/2125/748 1013/2116/745
f 1015/2126/749 1003/2112/741 1012/2124/747 1014/2125/748
f 1017/2127/261 1016/2128/261 1015/2129/261 1009/2130/261
f 1016/2131/556 996/2106/554 1003/2105/554 1015/2132/556
f 1018/2133/750 972/2090/709 1016/2093/733 1017/2134/751
f 1020/2135/752 1018/2133/750 1017/2134/751 1010/2136/753
f 646/1408/386 1018/2133/750 1019/2137/754 1038/2138/755
f 644/1337/261 1046/2032/261 972/2035/261 1018/1341/261
f 1018/2133/750 1020/2135/752 1021/2139/756 1019/2137/754
f 1020/2135/752 1010/2136/753 1000/2096/735 660/1367/358
f 660/1367/358 1023/1366/357 1021/2139/756 1020/2135/752
f 1019/2140/588 1021/2141/586 1022/2142/586 1037/2143/588
f 1023/2144/587 1024/2145/587 1022/2142/586 1021/2141/586
f 663/2146/223 1025/1785/223 1024/1788/223 1023/2147/223
f 1025/2148/757 1027/2149/758 1026/2150/759 1024/2151/760
f 1024/2151/760 1026/2150/759 1028/2152/761 1022/2153/762
f 1027/2149/758 1029/2154/763 1028/2152/761 1026/2150/759
f 1022/2153/762 1028/2152/761 1029/2154/763 1030/2155/764
f 1030/2155/764 1029/2154/763 1027/2149/758 1025/2148/757
f 1030/2155/764 1031/2156/765 1035/2157/766 1033/2158/767
f 1032/2159/571 1038/2160/572 1031/2161/572 1030/2162/571
f 1032/2159/571 1030/2162/571 1025/2163/570 663/2164/570
f 1022/2153/762 1030/2155/764 1033/2158/767 1034/2165/768
f 1035/2157/766 1036/2166/769 1034/2165/768 1033/2158/767
f 1031/2156/765 1037/2167/770 1036/2166/769 1035/2157/766
f 1037/2167/770 1022/2153/762 1034/2165/768 1036/2166/769
f 1038/2168/261 1019/2169/261 1037/2170/261 1031/2171/261
f 662/1372/363 646/1408/386 1038/2138/755 1032/1373/364
f 998/2098/771 1040/2172/772 654/1356/349 657/1355/352
f 1039/1987/773 1041/2173/774 1040/2172/772 998/2098/771
f 1040/2174/772 1042/2175/38 651/1349/37 654/1352/349
f 1041/2176/774 1043/2177/46 1042/2175/38 1040/2174/772
f 1044/2178/775 648/1346/346 651/1349/37 1042/2175/38
f 1045/2179/776 1044/2178/775 1042/2175/38 1043/2177/46
f 1046/2032/777 644/1337/343 648/1340/346 1044/2180/775
f 973/2033/778 1046/2032/777 1044/2180/775 1045/2181/776
f 1047/2182/779 1045/2183/776 1043/2184/46 1050/2185/88
f 1049/1938/780 973/2033/778 1045/2181/776 1047/2186/779
f 1048/2187/781 1047/2182/779 1050/2185/88 1051/2188/89
f 925/1939/782 1049/1938/780 1047/2186/779 1048/2189/781
f 1053/2190/783 1051/2188/89 1050/2185/88 1052/2191/784
f 1052/2191/784 1050/2185/88 1043/2184/46 1041/2192/774
f 1055/1893/785 1053/2193/783 1052/2194/784 951/1990/786
f 951/1990/786 1052/2194/784 1041/2173/774 1039/1987/773
f 1054/2195/787 1057/2196/64 1051/2188/89 1053/2190/783
f 903/1896/788 1054/2197/787 1053/2193/783 1055/1893/785
f 1056/2198/789 1058/2199/109 1057/2196/64 1054/2195/787
f 1090/1781/790 1056/2200/789 1054/2197/787 903/1896/788
f 1060/2201/791 1059/2202/792 1057/2196/64 1058/2199/109
f 1059/2202/792 1048/2187/781 1051/2188/89 1057/2196/64
f 877/1828/793 1061/1827/794 1059/2203/792 1060/2204/791
f 1061/1827/794 925/1939/782 1048/2189/781 1059/2203/792
f 1062/2205/795 1060/2206/791 1058/2207/109 1065/2208/14
f 1064/1732/796 877/1828/793 1060/2204/791 1062/2209/795
f 1063/2210/797 1062/2205/795 1065/2208/14 1066/2211/15
f 829/1733/798 1064/1732/796 1062/2209/795 1063/2212/797
f 1068/2213/799 1066/2211/15 1065/2208/14 1067/2214/800
f 1067/2214/800 1065/2208/14 1058/2207/109 1056/2215/789
f 1070/1687/801 1068/2216/799 1067/2217/800 855/1784/802
f 855/1784/802 1067/2217/800 1056/2200/789 1090/1781/790
f 1069/2218/803 1072/2219/17 1066/2211/15 1068/2213/799
f 807/1690/804 1069/2220/803 1068/2216/799 1070/1687/801
f 1071/2221/805 1073/2222/81 1072/2219/17 1069/2218/803
f 1089/1576/806 1071/2223/805 1069/2220/803 807/1690/804
f 1075/2224/807 1074/2225/808 1072/2219/17 1073/2222/81
f 1074/2225/808 1063/2210/797 1066/2211/15 1072/2219/17
f 781/1622/809 1076/1621/810 1074/2226/808 1075/2227/807
f 1076/1621/810 829/1733/798 1063/2212/797 1074/2226/808
f 1077/2228/811 1075/2229/807 1073/2230/81 1080/2231/149
f 1079/1527/812 781/1622/809 1075/2227/807 1077/2232/811
f 1078/2233/813 1077/2228/811 1080/2231/149 1081/2234/24
f 733/1528/814 1079/1527/812 1077/2232/811 1078/2235/813
f 1083/2236/815 1081/2234/24 1080/2231/149 1082/2237/816
f 1082/2237/816 1080/2231/149 1073/2230/81 1071/2238/805
f 1085/1482/817 1083/2239/815 1082/2240/816 759/1579/818
f 759/1579/818 1082/2240/816 1071/2223/805 1089/1576/806
f 1084/2241/819 1086/2242/44 1081/2234/24 1083/2236/815
f 711/1485/820 1084/2243/819 1083/2239/815 1085/1482/817
f 655/2244/351 652/2245/41 1086/2242/44 1084/2241/819
f 658/1360/354 655/1359/351 1084/2243/819 711/1485/820
f 649/2246/348 1087/2247/821 1086/2242/44 652/2245/41
f 1087/2247/821 1078/2233/813 1081/2234/24 1086/2242/44
f 645/1343/347 1088/1417/822 1087/2248/821 649/1344/348
f 1088/1417/822 733/1528/814 1078/2235/813 1087/2248/821
