# This file uses centimeters as units for non-parametric coordinates.

v 39.185566 29.190317 68.356018
v 39.185566 29.561754 66.488701
v 39.185566 28.132597 69.939041
v 38.671230 29.216167 68.366699
v 39.905983 29.190317 68.356018
v 39.905983 29.561754 66.488701
v 39.905983 28.132597 69.939041
v 40.087849 29.819492 68.616631
v 40.087795 30.242773 66.488701
v 40.087795 28.614138 70.420578
v 39.366611 29.819492 68.616631
v 39.366611 30.242773 66.488701
v 39.366611 28.614138 70.420578
v 40.873417 39.300396 72.543724
v 38.182991 29.847162 68.628075
v 38.182991 30.272741 66.488701
v 38.182991 28.635296 70.441780
v 36.896683 29.847162 68.628075
v 39.403999 39.333286 72.557373
v 39.403999 35.895679 77.702126
v 39.403999 40.540417 66.488701
v 38.464520 39.331135 72.556458
v 33.504124 39.331135 72.556458
v 38.464520 35.894005 77.700439
v 38.464520 40.538071 66.488701
v 33.504124 40.538071 66.488701
v 38.464520 39.331135 60.420940
v 33.504124 39.331135 60.420940
v 38.464520 35.894005 55.276947
v 39.403999 39.333286 60.420025
v 38.182991 29.847162 64.349319
v 39.403999 35.895679 55.275276
v 40.873417 39.300396 60.433670
v 39.366611 29.819492 64.360756
v 40.873417 35.870499 55.300457
v 40.873417 40.504848 66.488701
v 44.094597 39.266216 60.447796
v 44.108002 40.041927 60.126526
v 44.094597 35.844364 55.326591
v 44.094597 40.467842 66.488701
v 44.108002 41.307461 66.488701
v 44.094597 39.266216 72.529610
v 44.108002 40.041927 72.850922
v 44.094597 35.844364 77.650803
v 44.108002 36.438065 78.244507
v 44.094597 30.723116 81.072662
v 40.873417 35.870499 77.676941
v 40.873417 30.737286 81.106834
v 39.366611 26.810194 71.625984
v 40.873417 24.682257 82.311287
v 44.094597 24.682257 82.274284
v 39.366611 24.682257 72.049210
v 40.873417 18.627228 81.106834
v 39.403999 24.682257 82.346848
v 38.464520 24.682257 82.344505
v 38.182991 24.682257 72.079178
v 39.403999 18.613585 81.139725
v 39.403999 30.750881 81.139725
v 38.464520 30.750021 81.137573
v 38.182991 26.821634 71.653648
v 36.896683 26.821634 71.653648
v 36.896683 28.635296 70.441780
v 36.896683 24.682257 72.079178
v 36.578194 26.406254 70.650742
v 37.351269 26.406254 70.650742
v 36.578194 27.867771 69.674210
v 36.578194 24.682257 70.993698
v 37.351269 24.682257 70.993698
v 36.578194 22.958261 70.650742
v 37.351269 22.958261 70.650742
v 36.578194 21.496742 69.674210
v 36.896683 22.542879 71.653648
v 38.182991 22.542879 71.653648
v 36.896683 20.729172 70.441780
v 36.896683 19.517303 68.628075
v 38.182991 20.729172 70.441780
v 38.182991 19.517303 68.628075
v 39.403999 13.468833 77.702126
v 38.464520 13.470510 77.700439
v 39.403999 10.031227 72.557373
v 39.403999 8.824100 66.488701
v 40.873417 10.064067 72.543724
v 38.464520 10.033381 72.556458
v 33.504124 10.033381 72.556458
v 38.464520 8.826446 66.488701
v 33.504124 8.826446 66.488701
v 38.464520 10.033381 60.420940
v 33.504124 10.033381 60.420940
v 38.464520 13.470510 55.276947
v 39.403999 10.031227 60.420025
v 38.182991 19.517303 64.349319
v 39.403999 13.468833 55.275276
v 40.873417 10.064067 60.433670
v 39.366611 19.544971 64.360756
v 40.873417 13.494014 55.300457
v 40.873417 8.859668 66.488701
v 44.094597 10.098248 60.447796
v 44.108002 9.322537 60.126526
v 44.094597 13.520151 55.326591
v 44.094597 8.896673 66.488701
v 44.108002 8.057006 66.488701
v 44.094597 10.098248 72.529610
v 44.108002 9.322537 72.850922
v 44.094597 13.520151 77.650803
v 40.873417 13.494014 77.676941
v 44.108002 12.926449 78.244507
v 44.094597 18.641352 81.072662
v 44.108002 18.320036 81.848366
v 40.886822 18.305914 81.882545
v 44.108002 24.682257 83.113907
v 40.886822 24.682257 83.150909
v 44.108002 31.044430 81.848366
v 40.886822 31.058601 81.882545
v 40.886822 36.464203 78.270645
v 39.403137 31.071716 81.914192
v 39.403137 36.488426 78.294868
v 39.403137 24.682257 83.185135
v 38.463661 31.070807 81.912041
v 38.463661 36.486752 78.293190
v 38.463661 24.682257 83.182785
v 33.503265 31.070807 81.912041
v 33.503265 36.486752 78.293190
v 33.503265 24.682257 83.182785
v 33.504124 30.750021 81.137573
v 33.504124 24.682257 82.344505
v 33.504124 35.894005 77.700439
v 33.504124 18.614496 81.137573
v 33.503265 18.293707 81.912041
v 33.504124 13.470510 77.700439
v 38.464520 18.614496 81.137573
v 33.503265 12.877765 78.293190
v 33.503265 9.258916 72.877251
v 38.463661 12.877765 78.293190
v 38.463661 18.293707 81.912041
v 38.463661 9.258916 72.877251
v 39.403137 12.876088 78.294868
v 39.403137 18.292799 81.914192
v 39.403137 9.256763 72.878159
v 40.886822 12.900311 78.270645
v 40.886822 9.288358 72.865044
v 40.886822 8.020049 66.488701
v 40.886822 9.288358 60.112358
v 39.403137 7.985822 66.488701
v 39.403137 9.256763 60.099239
v 38.463661 7.988167 66.488701
v 38.463661 9.258916 60.100151
v 33.503265 7.988167 66.488701
v 33.503265 9.258916 60.100151
v 33.503265 12.877765 54.684208
v 38.463661 12.877765 54.684208
v 33.503265 18.293707 51.065357
v 33.504124 13.470510 55.276947
v 33.504124 18.614496 51.839825
v 33.504124 24.682257 50.632885
v 38.464520 18.614496 51.839825
v 38.464520 24.682257 50.632885
v 39.403999 18.613585 51.837669
v 38.182991 22.542879 61.323746
v 39.403999 24.682257 50.630539
v 40.873417 18.627228 51.870556
v 39.366611 22.554319 61.351414
v 40.873417 24.682257 50.666111
v 44.094597 18.641352 51.904690
v 44.108002 18.320036 51.128979
v 44.094597 24.682257 50.703114
v 44.108002 24.682257 49.863495
v 44.094597 30.723116 51.904690
v 40.873417 30.737286 51.870556
v 44.108002 31.044430 51.128979
v 44.108002 36.438065 54.732891
v 40.886822 31.058601 51.094849
v 40.886822 24.682257 49.826488
v 40.886822 36.464203 54.706757
v 39.403137 31.071716 51.063206
v 39.403137 24.682257 49.792263
v 39.403137 36.488426 54.682529
v 38.463661 31.070807 51.065357
v 38.463661 24.682257 49.794609
v 38.463661 36.486752 54.684208
v 33.503265 31.070807 51.065357
v 33.503265 24.682257 49.794609
v 33.503265 36.486752 54.684208
v 33.504124 30.750021 51.839825
v 38.464520 30.750021 51.839825
v 33.504124 35.894005 55.276947
v 39.403999 30.750881 51.837669
v 38.182991 26.821634 61.323746
v 38.182991 24.682257 60.898212
v 38.182991 28.635296 62.535610
v 36.896683 26.821634 61.323746
v 36.896683 24.682257 60.898212
v 36.896683 28.635296 62.535610
v 36.578194 26.406254 62.326653
v 36.578194 24.682257 61.983704
v 36.578194 27.867771 63.303185
v 37.351269 26.406254 62.326653
v 37.351269 24.682257 61.983704
v 37.351269 27.867771 63.303185
v 37.351269 26.081207 63.111362
v 37.351269 27.267176 63.903786
v 37.351269 24.682257 62.833084
v 37.351269 26.598888 64.660919
v 37.351269 28.059591 65.089745
v 37.351269 24.682257 64.510307
v 37.351269 26.780657 66.488701
v 37.351269 28.337868 66.488701
v 37.351269 24.682257 66.488701
v 37.351269 26.598888 68.316483
v 37.351269 28.059591 67.887650
v 37.351269 24.682257 68.467087
v 37.351269 26.081207 69.866035
v 37.351269 24.682257 70.144318
v 37.351269 27.267176 69.073616
v 37.351269 27.867771 69.674210
v 37.351269 28.844301 68.212692
v 37.351269 29.187254 66.488701
v 36.578194 28.844301 68.212692
v 36.578194 29.187254 66.488701
v 36.578194 28.844301 64.764702
v 36.896683 30.272741 66.488701
v 36.896683 29.847162 64.349319
v 37.351269 28.844301 64.764702
v 37.351269 23.283308 69.866035
v 37.351269 22.097340 69.073616
v 37.351269 22.765625 68.316483
v 37.351269 22.583857 66.488701
v 37.351269 21.304920 67.887650
v 37.351269 20.520164 68.212692
v 37.351269 21.026644 66.488701
v 37.351269 20.177259 66.488701
v 37.351269 21.304920 65.089745
v 37.351269 20.520164 64.764702
v 37.351269 22.097340 63.903786
v 37.351269 22.765625 64.660919
v 37.351269 23.283308 63.111362
v 37.351269 22.958261 62.326653
v 37.351269 21.496742 63.303185
v 36.578194 22.958261 62.326653
v 36.578194 21.496742 63.303185
v 36.896683 22.542879 61.323746
v 36.896683 20.729172 62.535610
v 36.896683 19.517303 64.349319
v 38.182991 20.729172 62.535610
v 36.896683 19.091772 66.488701
v 36.578194 20.520164 64.764702
v 36.578194 20.177259 66.488701
v 36.578194 20.520164 68.212692
v 38.182991 19.091772 66.488701
v 39.366611 19.121695 66.488701
v 39.366611 19.544971 68.616631
v 40.087795 19.121695 66.488701
v 40.087849 19.544971 68.616631
v 40.087795 19.544971 64.360756
v 39.905983 19.802763 66.488701
v 39.185566 19.802763 66.488701
v 39.905983 20.174149 68.356018
v 39.905983 20.174198 64.621376
v 39.905983 21.231918 63.038361
v 39.185566 20.174198 64.621376
v 39.185566 21.231918 63.038361
v 38.671230 20.148346 64.610695
v 38.671230 19.774805 66.488701
v 38.671230 21.212147 63.018589
v 38.462177 21.895609 65.334419
v 38.462177 22.549437 64.355927
v 38.462177 21.666016 66.488701
v 39.215149 21.895609 65.334419
v 39.215149 22.549437 64.355927
v 39.215149 21.666016 66.488701
v 39.215149 22.083935 65.412453
v 39.215149 22.693579 64.500023
v 39.215149 21.869854 66.488701
v 39.215149 23.207720 65.082474
v 39.215149 23.606010 63.890377
v 39.215149 24.682257 64.966621
v 39.215149 23.067839 66.488701
v 39.215149 24.682257 66.488701
v 39.215149 23.207720 67.894875
v 39.215149 24.682257 68.010773
v 39.215149 22.083935 67.564949
v 39.215149 23.606010 69.087021
v 39.215149 22.693579 68.477379
v 39.215149 24.682257 69.301102
v 39.215149 23.527979 69.275352
v 39.215149 22.549437 68.621468
v 39.215149 24.682257 69.504936
v 38.462177 23.527979 69.275352
v 38.462177 22.549437 68.621468
v 38.462177 24.682257 69.504936
v 38.671230 22.804256 71.022614
v 38.671230 24.682257 71.396149
v 38.671230 21.212147 69.958809
v 39.185566 22.814934 70.996758
v 39.185566 24.682257 71.368195
v 39.185566 21.231918 69.939041
v 39.905983 22.814934 70.996758
v 39.905983 24.682257 71.368195
v 39.905983 21.231918 69.939041
v 40.087795 22.554319 71.625984
v 40.087795 24.682257 72.049210
v 40.087795 20.750378 70.420578
v 39.366611 22.554319 71.625984
v 39.366611 20.750378 70.420578
v 40.087849 26.810194 71.625984
v 39.905983 26.549534 70.996758
v 39.185566 26.549534 70.996758
v 38.671230 26.560257 71.022614
v 38.671230 28.152367 69.958809
v 38.462177 25.836487 69.275352
v 38.462177 26.815029 68.621468
v 39.215149 25.836487 69.275352
v 39.215149 26.815029 68.621468
v 39.215149 25.758505 69.087021
v 39.215149 26.670937 68.477379
v 39.215149 26.156796 67.894875
v 39.215149 26.296627 66.488701
v 39.215149 27.280579 67.564949
v 39.215149 27.494659 66.488701
v 39.215149 27.468859 67.642975
v 39.215149 27.698498 66.488701
v 38.462177 27.468859 67.642975
v 38.462177 27.698498 66.488701
v 38.462177 27.468859 65.334419
v 38.671230 29.589708 66.488701
v 38.671230 29.216167 64.610695
v 38.671230 28.152367 63.018589
v 39.185566 29.190317 64.621376
v 39.185566 28.132597 63.038361
v 39.905983 29.190317 64.621376
v 39.905983 28.132597 63.038361
v 40.087849 29.819492 64.360756
v 40.087849 28.614138 62.556820
v 40.087849 26.810194 61.351414
v 39.366611 28.614138 62.556820
v 39.366611 26.810194 61.351414
v 39.366611 24.682257 60.928135
v 40.087795 24.682257 60.928135
v 40.087849 22.554319 61.351414
v 39.905983 24.682257 61.609203
v 39.905983 22.814934 61.980637
v 39.905983 26.549534 61.980637
v 39.185566 24.682257 61.609203
v 39.185566 22.814934 61.980637
v 39.185566 26.549534 61.980637
v 38.671230 24.682257 61.581245
v 38.671230 22.804256 61.954788
v 38.671230 26.560257 61.954788
v 38.462177 24.682257 63.472458
v 38.462177 25.836487 63.702049
v 38.462177 23.527979 63.702049
v 39.215149 24.682257 63.472458
v 39.215149 25.836487 63.702049
v 39.215149 23.527979 63.702049
v 39.215149 24.682257 63.676296
v 39.215149 25.758505 63.890377
v 39.215149 26.670937 64.500023
v 39.215149 26.156796 65.082474
v 39.215149 27.280579 65.412453
v 39.215149 27.468859 65.334419
v 39.215149 26.815029 64.355927
v 38.462177 26.815029 64.355927
v 40.087849 20.750378 62.556820
v 39.366611 20.750378 62.556820
v 39.185566 20.174149 68.356018
v 38.671230 20.148346 68.366699
v 38.462177 21.895609 67.642975
v 39.215149 21.895609 67.642975
v 37.351269 21.496742 69.674210
v 33.503265 40.105598 60.100151
v 33.503265 41.376347 66.488701
v 38.463661 40.105598 60.100151
v 39.403137 40.107750 60.099239
v 38.463661 41.376347 66.488701
v 39.403137 41.378693 66.488701
v 38.463661 40.105598 72.877251
v 33.503265 40.105598 72.877251
v 39.403137 40.107750 72.878159
v 40.886822 40.076107 72.865044
v 40.886822 41.344463 66.488701
v 40.886822 40.076107 60.112358
v 38.463661 18.293707 51.065357
v 39.403137 18.292799 51.063206
v 39.403137 12.876088 54.682529
v 40.886822 18.305914 51.094849
v 40.886822 12.900311 54.706757
v 44.108002 12.926449 54.732891
v 45.333557 43.637753 66.488701
v 45.333557 42.194855 73.742668
v 45.333557 42.194855 59.234726
v 45.333557 48.350700 66.488701
v 43.887123 41.033157 66.488701
v 43.887123 39.788494 72.745934
v 43.887123 39.788494 60.231464
v 38.788803 41.033157 66.488701
v 38.788803 39.788494 72.745934
v 38.788803 39.788494 60.231464
v 33.690441 41.033157 66.488701
v 33.690441 39.788494 72.745934
v 33.690441 39.788494 60.231464
v 32.244003 43.637753 66.488701
v 32.244003 42.194855 73.742668
v 32.244003 42.194855 59.234726
v 32.244003 48.350700 66.488701
v 32.244003 46.549057 75.546227
v 32.244003 46.549057 57.431171
v 38.788803 48.220631 68.967056
v 32.617401 48.263432 66.927635
v 32.617401 48.263432 66.049767
v 32.617401 46.636372 57.870102
v 38.788803 48.179752 68.521370
v 32.617401 49.359207 65.831802
v 32.617401 47.732147 57.652149
v 38.788803 49.292332 68.419357
v 32.879738 49.313396 65.515564
v 32.879738 47.809082 58.183041
v 38.526421 49.215405 67.888458
v 38.526421 48.576557 60.430515
v 38.788803 48.530746 60.114269
v 44.960159 47.732147 57.652149
v 38.788803 47.418163 60.216335
v 39.051140 48.576557 60.430515
v 39.051140 49.215405 67.888458
v 44.697826 47.809082 58.183041
v 44.697826 49.313396 65.515564
v 44.960159 49.359207 65.831802
v 44.960159 48.263432 66.049767
v 44.960159 46.636372 57.870102
v 45.333557 46.549057 57.431171
v 45.333557 41.418377 49.752579
v 44.960159 46.300407 57.059063
v 38.788803 47.377281 59.770653
v 38.788803 47.168991 59.374565
v 38.788803 48.157822 58.854530
v 32.617401 46.300407 57.059063
v 32.617401 41.667023 50.124683
v 32.617401 47.229404 56.438316
v 32.617401 42.595970 49.503937
v 32.879738 47.066067 56.163723
v 32.879738 42.870228 49.964985
v 38.526421 47.883572 58.393478
v 38.526421 44.439358 51.747719
v 38.788803 44.276020 51.473083
v 44.960159 42.595970 49.503937
v 38.788803 43.287140 51.993111
v 39.051140 44.439358 51.747719
v 39.051140 47.883572 58.393478
v 44.697826 42.870228 49.964985
v 44.697826 47.066067 56.163723
v 44.960159 47.229404 56.438316
v 44.960159 41.667023 50.124683
v 38.788803 43.078850 51.597023
v 38.788803 42.734798 51.310795
v 32.244003 41.418377 49.752579
v 32.244003 33.739784 44.621853
v 32.244003 38.085800 53.085110
v 32.617401 41.046272 49.503937
v 32.617401 34.111893 44.870495
v 32.617401 41.666973 48.574940
v 32.617401 34.732594 43.941551
v 38.788803 43.449375 50.451931
v 32.879738 41.411007 48.383739
v 32.879738 35.162384 44.262527
v 38.526421 43.019585 50.130905
v 38.526421 37.294296 45.309097
v 38.788803 37.038277 45.117897
v 44.960159 34.732594 43.941551
v 38.788803 36.323700 45.976761
v 39.051140 37.294296 45.309097
v 39.051140 43.019585 50.130905
v 44.697826 35.162384 44.262527
v 44.697826 41.411007 48.383739
v 44.960159 41.666973 48.574940
v 44.960159 41.046272 49.503937
v 44.960159 34.111893 44.870495
v 45.333557 33.739784 44.621853
v 45.333557 24.682257 42.820210
v 45.333557 31.936226 48.976105
v 44.960159 33.300854 44.534580
v 38.788803 35.979694 45.690491
v 38.788803 35.552299 45.557693
v 38.788803 35.883808 44.490780
v 32.617401 33.300854 44.534580
v 32.617401 25.121191 42.907524
v 32.617401 33.518810 43.438755
v 32.617401 25.339149 41.811749
v 32.879738 33.209133 43.360104
v 32.879738 25.859081 41.943825
v 38.526421 35.363876 44.358658
v 38.526421 28.229151 42.094856
v 38.788803 27.919474 42.016205
v 44.960159 25.339149 41.811749
v 38.788803 27.587961 43.083118
v 39.051140 28.229151 42.094856
v 39.051140 35.363876 44.358658
v 44.697826 25.859081 41.943825
v 44.697826 33.209133 43.360104
v 44.960159 33.518810 43.438755
v 44.960159 25.121191 42.907524
v 38.788803 27.160614 42.950325
v 38.788803 26.714930 42.991203
v 32.244003 24.682257 42.820210
v 32.244003 15.624726 44.621853
v 32.244003 24.682257 47.533157
v 32.617401 24.243324 42.907524
v 32.617401 16.063662 44.534580
v 32.617401 24.025366 41.811749
v 32.617401 15.845702 43.438755
v 38.788803 26.612915 41.878624
v 32.879738 23.709124 41.857563
v 32.879738 16.376596 43.361828
v 38.526421 26.082020 41.955551
v 38.526421 18.624069 42.594402
v 38.788803 18.307829 42.640209
v 44.960159 15.845702 43.438755
v 38.788803 18.409891 43.752796
v 39.051140 18.624069 42.594402
v 39.051140 26.082020 41.955551
v 44.697826 16.376596 43.361828
v 44.697826 23.709124 41.857563
v 44.960159 24.025366 41.811749
v 44.960159 24.243324 42.907524
v 44.960159 16.063662 44.534580
v 45.333557 15.624726 44.621853
v 45.333557 7.946088 49.752579
v 45.333557 17.428288 48.976105
v 44.960159 15.252622 44.870495
v 38.788803 17.964209 43.793674
v 38.788803 17.568119 44.001965
v 38.788803 17.048044 43.013134
v 32.617401 15.252622 44.870495
v 32.617401 8.318241 49.503937
v 32.617401 14.631872 43.941551
v 32.617401 7.697491 48.574940
v 32.879738 14.357281 44.104889
v 32.879738 8.158542 48.300728
v 38.526421 16.587040 43.287338
v 38.526421 9.941278 46.731598
v 38.788803 9.666638 46.894936
v 44.960159 7.697491 48.574940
v 38.788803 10.186666 47.883766
v 39.051140 9.941278 46.731598
v 39.051140 16.587040 43.287338
v 44.697826 8.158542 48.300728
v 44.697826 14.357281 44.104889
v 44.960159 14.631872 43.941551
v 44.960159 8.318241 49.503937
v 38.788803 9.790578 48.092110
v 38.788757 9.504354 48.436111
v 32.244003 7.946088 49.752579
v 32.244003 2.815411 57.431171
v 32.244003 11.278664 53.085110
v 32.617401 7.697491 50.124683
v 32.617401 3.064055 57.059063
v 32.617401 6.768497 49.503937
v 32.617401 2.135108 56.438316
v 38.788757 8.645491 47.721581
v 32.879738 6.577298 49.759953
v 32.879738 2.456087 56.008522
v 38.526421 8.324465 48.151375
v 38.526421 3.502654 53.876659
v 38.788757 3.311455 54.132629
v 44.960159 2.135108 56.438316
v 38.788757 4.170318 54.847210
v 39.051140 3.502654 53.876659
v 39.051140 8.324465 48.151375
v 44.697826 2.456087 56.008522
v 44.697826 6.577298 49.759953
v 44.960159 6.768497 49.503937
v 44.960159 7.697491 50.124683
v 44.960159 3.064055 57.059063
v 45.333557 2.815411 57.431171
v 45.333557 1.013766 66.488701
v 45.333557 7.169660 59.234726
v 44.960159 2.728141 57.870102
v 38.788757 3.884047 55.191261
v 38.788757 3.751251 55.618656
v 38.788757 2.684339 55.287148
v 32.617401 2.728141 57.870102
v 32.617401 1.101084 66.049767
v 32.617401 1.632314 57.652149
v 32.617401 0.005305 65.831802
v 32.879738 1.553661 57.961823
v 32.879738 0.137383 65.311874
v 38.526421 2.552213 55.807030
v 38.526421 0.288417 62.941757
v 38.788757 0.209716 63.251434
v 44.960159 0.005305 65.831802
v 38.788757 1.276677 63.582947
v 39.051140 0.288417 62.941757
v 39.051140 2.552213 55.807030
v 44.697826 0.137383 65.311874
v 44.697826 1.553661 57.961823
v 44.960159 1.632314 57.652149
v 44.960159 1.101084 66.049767
v 38.788757 1.143881 64.010345
v 38.788757 1.184763 64.456032
v 32.244003 1.013766 66.488701
v 32.244003 2.815411 75.546227
v 32.244003 5.726717 66.488701
v 32.617401 1.101084 66.927635
v 32.617401 2.728141 75.107292
v 32.617401 0.005305 67.145592
v 32.617401 1.632314 75.325249
v 38.788757 0.072181 64.558044
v 32.879738 0.051118 67.461830
v 32.879738 1.555385 74.794357
v 38.526421 0.149111 65.088936
v 38.526421 0.787956 72.546890
v 38.788757 0.833769 72.863083
v 44.960159 1.632314 75.325249
v 38.788757 1.946351 72.761063
v 39.051140 0.787956 72.546890
v 39.051140 0.149111 65.088936
v 44.697777 1.555385 74.794357
v 44.697777 0.051118 67.461830
v 44.960159 0.005305 67.145592
v 44.960159 1.101084 66.927635
v 44.960159 2.728141 75.107292
v 45.333557 2.815411 75.546227
v 45.333557 7.946088 83.224823
v 45.333557 7.169660 73.742668
v 44.960159 3.064055 75.918327
v 38.788757 1.987233 73.206749
v 38.788757 2.195523 73.602837
v 38.788757 1.206688 74.122864
v 32.617401 3.064055 75.918327
v 32.617401 7.697491 82.852715
v 32.617401 2.135108 76.539040
v 32.617401 6.768497 83.473419
v 32.879738 2.298446 76.813683
v 32.879738 6.494288 83.012360
v 38.526421 1.480896 74.583916
v 38.526421 4.925156 81.229683
v 38.788757 5.088494 81.504311
v 44.960159 6.768497 83.473419
v 38.788757 6.077328 80.984238
v 39.051140 4.925156 81.229683
v 39.051140 1.480896 74.583916
v 44.697777 6.494288 83.012360
v 44.697777 2.298446 76.813683
v 44.960159 2.135108 76.539040
v 44.960159 7.697491 82.852715
v 38.788757 6.285665 81.380379
v 38.788757 6.629669 81.666603
v 32.244003 7.946088 83.224823
v 32.244003 15.624726 88.355499
v 32.244003 11.278664 79.892250
v 32.617401 8.318241 83.473465
v 32.617401 15.252622 88.106857
v 32.617401 7.697491 84.402405
v 32.617401 14.631872 89.035851
v 38.788757 5.915139 82.525459
v 32.879738 7.953508 84.593613
v 32.879738 14.202081 88.714821
v 38.526421 6.344930 82.846489
v 38.526421 12.070219 87.668304
v 38.788757 12.326188 87.859505
v 44.960159 14.631872 89.035851
v 38.788757 13.040766 87.000633
v 39.051140 12.070219 87.668304
v 39.051140 6.344930 82.846489
v 44.697777 14.202081 88.714821
v 44.697777 7.953508 84.593613
v 44.960159 7.697491 84.402405
v 44.960159 8.318241 83.473465
v 44.960159 15.252622 88.106857
v 45.333557 15.624726 88.355499
v 45.333557 24.682257 90.157188
v 45.333557 17.428288 84.001297
v 44.960159 16.063662 88.442818
v 38.788757 13.384819 87.286858
v 38.788757 13.812216 87.419662
v 38.788757 13.480705 88.486618
v 32.617401 16.063662 88.442818
v 32.617401 24.243324 90.069870
v 32.617401 15.845702 89.538589
v 32.617401 24.025366 91.165649
v 32.879738 16.155382 89.617294
v 32.879738 23.505430 91.033577
v 38.526421 14.000590 88.618698
v 38.526421 21.135313 90.882538
v 38.788757 21.444994 90.961189
v 44.960159 24.025366 91.165649
v 38.788757 21.776505 89.894279
v 39.051140 21.135313 90.882538
v 39.051140 14.000590 88.618698
v 44.697777 23.505430 91.033577
v 44.697777 16.155382 89.617294
v 44.960159 15.845702 89.538589
v 44.960159 24.243324 90.069870
v 38.788757 22.203901 90.027077
v 38.788757 22.649584 89.986198
v 32.244003 24.682257 90.157188
v 32.244003 33.739784 88.355499
v 32.244003 24.682257 85.444191
v 32.617401 25.121191 90.069870
v 32.617401 33.300854 88.442818
v 32.617401 25.339149 91.165649
v 32.617401 33.518810 89.538589
v 38.788757 22.751598 91.098770
v 32.879738 25.655390 91.119843
v 32.879738 32.987915 89.615524
v 38.526421 23.282494 91.021843
v 38.526421 30.740444 90.382996
v 38.788757 31.056637 90.337189
v 44.960159 33.518810 89.538589
v 38.788757 30.954622 89.224609
v 39.051140 30.740444 90.382996
v 39.051140 23.282494 91.021843
v 44.697826 32.987915 89.615524
v 44.697826 25.655390 91.119843
v 44.960159 25.339149 91.165649
v 44.960159 25.121191 90.069870
v 44.960159 33.300854 88.442818
v 45.333557 33.739784 88.355499
v 45.333557 41.418377 83.224823
v 45.333557 31.936226 84.001297
v 44.960159 34.111893 88.106857
v 38.788757 31.400305 89.183723
v 38.788757 31.796394 88.975426
v 38.788757 32.316425 89.964272
v 32.617401 34.111893 88.106857
v 32.617401 41.046272 83.473465
v 32.617401 34.732594 89.035851
v 32.617401 41.666973 84.402405
v 32.879738 35.007233 88.872513
v 32.879738 41.205925 84.676666
v 38.526421 32.777473 89.690063
v 38.526421 39.423237 86.245804
v 38.788757 39.697876 86.082458
v 44.960159 41.666973 84.402405
v 38.788757 39.177845 85.093582
v 39.051140 39.423237 86.245804
v 39.051140 32.777473 89.690063
v 44.697826 41.205925 84.676666
v 44.697826 35.007233 88.872513
v 44.960159 34.732594 89.035851
v 44.960159 41.046272 83.473465
v 38.788757 39.573936 84.885292
v 38.788757 39.860161 84.541245
v 32.244003 41.418377 83.224823
v 32.244003 38.085800 79.892250
v 32.617401 41.667023 82.852715
v 32.617401 46.300407 75.918327
v 32.617401 42.595970 83.473419
v 32.617401 47.229404 76.539040
v 38.788757 40.719025 85.255821
v 32.879738 42.787167 83.217445
v 32.879738 46.908379 76.968826
v 38.526421 41.040051 84.826027
v 38.526421 45.861858 79.100731
v 38.788803 46.053062 78.844727
v 44.960159 47.229404 76.539040
v 38.788803 45.194195 78.130142
v 39.051140 45.861858 79.100731
v 39.051140 41.040051 84.826027
v 44.697826 46.908379 76.968826
v 44.697826 42.787167 83.217445
v 44.960159 42.595970 83.473419
v 44.960159 41.667023 82.852715
v 44.960159 46.300407 75.918327
v 45.333557 46.549057 75.546227
v 44.960159 46.636372 75.107292
v 38.788803 45.480419 77.786140
v 38.788803 45.613213 77.358742
v 38.788803 46.680176 77.690254
v 32.617401 46.636372 75.107292
v 32.617401 47.732147 75.325249
v 32.617401 49.359207 67.145592
v 32.879738 47.810852 75.015572
v 32.879738 49.227131 67.665520
v 38.526421 46.812252 77.170319
v 38.526421 49.076096 70.035591
v 38.788803 49.154751 69.725914
v 44.960159 49.359207 67.145592
v 38.788803 48.087837 69.394409
v 39.051140 49.076096 70.035591
v 39.051140 46.812252 77.170319
v 44.697826 49.227131 67.665520
v 44.697826 47.810852 75.015572
v 44.960159 47.732147 75.325249
v 44.960159 48.263432 66.927635
v 32.244003 31.936226 84.001297
v 33.690441 36.244087 78.050529
v 33.690441 30.939447 81.594940
v 38.788757 36.244087 78.050529
v 38.788757 30.939447 81.594940
v 43.887123 36.244087 78.050529
v 43.887123 30.939447 81.594940
v 45.333557 38.085800 79.892250
v 43.887123 24.682257 82.839592
v 43.887123 18.425020 81.594940
v 45.333557 24.682257 85.444191
v 38.788757 24.682257 82.839592
v 38.788757 18.425020 81.594940
v 33.690441 24.682257 82.839592
v 33.690441 18.425020 81.594940
v 33.690441 13.120424 78.050529
v 32.244003 17.428288 84.001297
v 33.690441 9.575970 72.745934
v 38.788757 13.120424 78.050529
v 38.788757 9.575970 72.745934
v 43.887123 13.120424 78.050529
v 43.887123 9.575970 72.745934
v 45.333557 11.278664 79.892250
v 43.887123 8.331358 66.488701
v 43.887123 9.575970 60.231464
v 45.333557 5.726717 66.488701
v 38.788757 8.331358 66.488701
v 38.788757 9.575970 60.231464
v 33.690441 8.331358 66.488701
v 33.690441 9.575970 60.231464
v 33.690441 13.120424 54.926865
v 32.244003 7.169660 59.234726
v 33.690441 18.425020 51.382416
v 38.788757 13.120424 54.926865
v 38.788803 18.425020 51.382416
v 43.887123 13.120424 54.926865
v 43.887123 18.425020 51.382416
v 45.333557 11.278664 53.085110
v 43.887123 24.682257 50.137798
v 43.887123 30.939447 51.382416
v 45.333557 24.682257 47.533157
v 38.788803 24.682257 50.137798
v 38.788803 30.939447 51.382416
v 33.690441 24.682257 50.137798
v 33.690441 30.939447 51.382416
v 33.690441 36.244087 54.926865
v 32.244003 31.936226 48.976105
v 38.788803 36.244087 54.926865
v 43.887123 36.244087 54.926865
v 45.333557 38.085800 53.085110
v 32.244003 17.428288 48.976105
v 32.244003 7.169660 73.742668
v 35.593861 27.836990 66.402718
v 35.593861 27.596436 65.193298
v 35.593861 27.596436 67.612152
v 35.593861 36.265537 66.402718
v 35.140995 27.836990 66.402718
v 35.140995 28.433565 66.402718
v 35.140995 27.596436 67.612152
v 35.140995 27.596436 65.193298
v 35.140995 28.147581 64.964996
v 35.140995 26.911346 64.168030
v 35.140995 25.886034 63.482941
v 35.593861 26.911346 64.168030
v 35.140995 27.333191 63.746189
v 34.777168 27.333191 63.746189
v 35.140995 26.114332 62.931751
v 34.777168 26.114332 62.931751
v 35.140995 24.676657 62.645813
v 34.777168 24.676657 62.645813
v 35.140995 23.238932 62.931751
v 35.140995 24.676657 63.242340
v 35.140995 23.467230 63.482941
v 35.593861 24.676657 63.242340
v 35.593861 25.886034 63.482941
v 35.593861 23.467230 63.482941
v 35.593861 24.676657 54.813843
v 35.593861 29.111521 55.695972
v 35.593861 20.241743 55.695972
v 35.140995 24.676657 54.813843
v 35.140995 20.241743 55.695972
v 35.140995 29.111521 55.695972
v 35.140995 24.676657 55.410419
v 34.777168 24.676657 55.410419
v 35.140995 28.883221 56.247162
v 35.140995 20.470043 56.247162
v 34.777168 20.470043 56.247162
v 35.140995 16.903900 58.629967
v 34.777168 16.903900 58.629967
v 35.140995 14.521049 62.196159
v 35.140995 16.482058 58.208122
v 35.140995 13.969905 61.967854
v 35.593861 16.482058 58.208122
v 35.593861 13.969905 61.967854
v 35.593861 22.441919 64.168030
v 35.593861 21.756876 65.193298
v 35.140995 22.441919 64.168030
v 35.140995 21.756876 65.193298
v 35.140995 22.020075 63.746189
v 34.777168 22.020075 63.746189
v 35.140995 21.205685 64.964996
v 34.777168 21.205685 64.964996
v 35.140995 20.919699 66.402718
v 34.777168 20.919699 66.402718
v 35.140995 21.205685 67.840446
v 35.140995 21.516273 66.402718
v 35.140995 21.756876 67.612152
v 35.593861 21.516273 66.402718
v 35.593861 21.756876 67.612152
v 35.593861 13.087729 66.402718
v 35.593861 13.969905 70.837585
v 35.140995 13.087729 66.402718
v 35.140995 13.969905 70.837585
v 35.140995 13.684303 66.402718
v 34.777168 13.684303 66.402718
v 35.140995 14.521049 70.609291
v 34.777168 14.521049 70.609291
v 35.140995 16.903900 74.175476
v 34.777168 16.903900 74.175476
v 35.140995 20.470043 76.558273
v 35.140995 16.482058 74.597321
v 35.140995 20.241743 77.109474
v 35.593861 16.482058 74.597321
v 35.593861 20.241743 77.109474
v 35.593861 22.441919 68.637413
v 35.593861 23.467230 69.322502
v 35.140995 22.441919 68.637413
v 35.140995 22.020075 69.059258
v 35.140995 23.467230 69.322502
v 35.140995 24.676657 69.563049
v 35.140995 23.238932 69.873650
v 34.777168 23.238932 69.873650
v 35.140995 24.676657 70.159630
v 34.777168 24.676657 70.159630
v 35.140995 26.114332 69.873650
v 35.140995 27.333191 69.059258
v 34.777168 26.114332 69.873650
v 35.140995 25.886034 69.322502
v 35.140995 26.911346 68.637413
v 35.593861 25.886034 69.322502
v 35.593861 24.676657 69.563049
v 35.593861 26.911346 68.637413
v 35.593861 29.111521 77.109474
v 35.593861 24.676657 77.991608
v 35.593861 32.871204 74.597321
v 35.140995 29.111521 77.109474
v 35.140995 32.871204 74.597321
v 35.140995 24.676657 77.991608
v 35.140995 28.883221 76.558273
v 34.777168 28.883221 76.558273
v 35.140995 24.676657 77.395027
v 35.140995 32.449364 74.175476
v 34.777168 32.449364 74.175476
v 35.140995 34.832218 70.609291
v 35.140995 35.668964 66.402718
v 34.777168 34.832218 70.609291
v 35.140995 35.383362 70.837585
v 35.140995 36.265537 66.402718
v 35.593861 35.383362 70.837585
v 35.140995 35.383362 61.967854
v 35.140995 32.871204 58.208122
v 35.140995 34.832218 62.196159
v 35.593861 35.383362 61.967854
v 35.593861 32.871204 58.208122
v 34.777168 34.832218 62.196159
v 35.140995 32.449364 58.629967
v 34.777168 32.449364 58.629967
v 34.777168 28.883221 56.247162
v 34.777168 32.871204 58.208122
v 34.777168 29.111521 55.695972
v 34.777168 35.383362 61.967854
v 34.324257 32.871204 58.208122
v 34.324257 35.383362 61.967854
v 34.324257 29.111521 55.695972
v 34.324257 31.140985 59.938343
v 34.324257 28.175108 57.956608
v 34.324257 33.122723 62.904221
v 34.405113 31.140985 59.938343
v 34.405113 33.122723 62.904221
v 34.405113 28.175108 57.956608
v 34.405113 29.433409 61.645924
v 34.405113 27.250996 60.187710
v 34.405113 30.891670 63.828388
v 34.324257 29.433409 61.645924
v 34.324257 27.250996 60.187710
v 34.324257 30.891670 63.828388
v 34.324257 26.911346 64.168030
v 34.324257 27.596436 65.193298
v 34.324257 25.886034 63.482941
v 34.777168 26.911346 64.168030
v 34.777168 27.596436 65.193298
v 34.777168 25.886034 63.482941
v 34.777168 24.676657 63.242340
v 34.777168 23.467230 63.482941
v 34.324257 24.676657 63.242340
v 34.324257 23.467230 63.482941
v 34.324257 24.676657 59.675625
v 34.324257 22.102270 60.187710
v 34.405113 24.676657 59.675625
v 34.405113 22.102270 60.187710
v 34.405113 24.676657 57.260742
v 34.405113 21.178158 57.956608
v 34.324257 24.676657 57.260742
v 34.324257 21.178158 57.956608
v 34.324257 24.676657 54.813843
v 34.324257 20.241743 55.695972
v 34.777168 24.676657 54.813843
v 34.777168 20.241743 55.695972
v 34.777168 16.482058 58.208122
v 34.777168 13.969905 61.967854
v 34.324257 16.482058 58.208122
v 34.324257 13.969905 61.967854
v 34.324257 18.212278 59.938343
v 34.324257 16.230541 62.904221
v 34.405113 18.212278 59.938343
v 34.405113 16.230541 62.904221
v 34.405113 19.919855 61.645924
v 34.405113 18.461592 63.828388
v 34.324257 19.919855 61.645924
v 34.324257 18.461592 63.828388
v 34.324257 22.441919 64.168030
v 34.324257 21.756876 65.193298
v 34.777168 22.441919 64.168030
v 34.777168 21.756876 65.193298
v 34.777168 21.516273 66.402718
v 34.777168 21.756876 67.612152
v 34.324257 21.516273 66.402718
v 34.324257 21.756876 67.612152
v 34.324257 17.949560 66.402718
v 34.324257 18.461592 68.977058
v 34.405113 17.949560 66.402718
v 34.405113 18.461592 68.977058
v 34.405113 15.534634 66.402718
v 34.405113 16.230541 69.901215
v 34.324257 15.534634 66.402718
v 34.324257 16.230541 69.901215
v 34.324257 13.087729 66.402718
v 34.324257 13.969905 70.837585
v 34.777168 13.087729 66.402718
v 34.777168 13.969905 70.837585
v 34.777168 16.482058 74.597321
v 34.777168 20.241743 77.109474
v 34.324257 16.482058 74.597321
v 34.324257 20.241743 77.109474
v 34.324257 18.212278 72.867096
v 34.324257 21.178158 74.848793
v 34.405113 18.212278 72.867096
v 34.405113 21.178158 74.848793
v 34.405113 19.919855 71.159470
v 34.405113 22.102270 72.617737
v 34.324257 19.919855 71.159470
v 34.324257 22.102270 72.617737
v 34.324257 22.441919 68.637413
v 34.324257 23.467230 69.322502
v 34.777168 22.441919 68.637413
v 34.777168 22.020075 69.059258
v 34.777168 23.467230 69.322502
v 34.777168 24.676657 69.563049
v 34.777168 25.886034 69.322502
v 34.324257 24.676657 69.563049
v 34.324257 25.886034 69.322502
v 34.324257 24.676657 73.129814
v 34.324257 27.250996 72.617737
v 34.405113 24.676657 73.129814
v 34.405113 27.250996 72.617737
v 34.405113 24.676657 75.544693
v 34.405113 28.175108 74.848793
v 34.324257 24.676657 75.544693
v 34.324257 28.175108 74.848793
v 34.324257 24.676657 77.991608
v 34.324257 29.111521 77.109474
v 34.777168 24.676657 77.991608
v 34.777168 29.111521 77.109474
v 34.777168 24.676657 77.395027
v 34.777168 20.470043 76.558273
v 34.777168 32.871204 74.597321
v 34.777168 35.383362 70.837585
v 34.324257 32.871204 74.597321
v 34.324257 35.383362 70.837585
v 34.324257 31.140985 72.867096
v 34.324257 33.122723 69.901215
v 34.405113 31.140985 72.867096
v 34.405113 33.122723 69.901215
v 34.405113 29.433409 71.159470
v 34.405113 30.891670 68.977058
v 34.324257 29.433409 71.159470
v 34.324257 30.891670 68.977058
v 34.324257 26.911346 68.637413
v 34.324257 27.596436 67.612152
v 34.777168 26.911346 68.637413
v 34.777168 27.596436 67.612152
v 34.777168 27.333191 69.059258
v 34.777168 28.147581 67.840446
v 34.777168 28.433565 66.402718
v 35.140995 28.147581 67.840446
v 34.777168 28.147581 64.964996
v 34.777168 27.836990 66.402718
v 34.324257 27.836990 66.402718
v 34.324257 31.403753 66.402718
v 34.405113 31.403753 66.402718
v 34.405113 33.818630 66.402718
v 34.324257 33.818630 66.402718
v 34.324257 36.265537 66.402718
v 34.777168 36.265537 66.402718
v 34.777168 35.668964 66.402718
v 34.777168 21.205685 67.840446
v 34.777168 14.521049 62.196159
v 34.777168 23.238932 62.931751
vt 0.946864 0.472653
vt 0.951885 0.472654
vt 0.951879 0.484805
vt 0.946858 0.484805
vt 0.943273 0.484762
vt 0.943279 0.472541
vt 0.951877 0.498072
vt 0.946856 0.498071
vt 0.943271 0.498105
vt 0.778953 0.877432
vt 0.779894 0.872776
vt 0.793863 0.878563
vt 0.791211 0.882510
vt 0.804555 0.889255
vt 0.800593 0.891893
vt 0.528129 0.343041
vt 0.523102 0.343041
vt 0.523109 0.329194
vt 0.528135 0.329195
vt 0.528127 0.358159
vt 0.523100 0.358158
vt 0.456812 0.897073
vt 0.386659 0.882997
vt 0.403125 0.843247
vt 0.462598 0.883104
vt 0.536378 0.342997
vt 0.536376 0.358196
vt 0.909937 0.638819
vt 0.909937 0.709214
vt 0.901724 0.708420
vt 0.899741 0.637823
vt 0.151575 0.806470
vt 0.217692 0.779085
vt 0.226105 0.821381
vt 0.154541 0.821381
vt 0.536384 0.329076
vt 0.545349 0.329077
vt 0.545343 0.342998
vt 0.545341 0.358198
vt 0.352463 0.792799
vt 0.342222 0.792841
vt 0.342228 0.749726
vt 0.352469 0.749781
vt 0.335674 0.792837
vt 0.335680 0.749729
vt 0.335698 0.710242
vt 0.342246 0.710233
vt 0.301103 0.792833
vt 0.301109 0.749724
vt 0.301127 0.710237
vt 0.266508 0.710247
vt 0.301079 0.710252
vt 0.301097 0.741367
vt 0.266526 0.741363
vt 0.259960 0.710233
vt 0.259978 0.741353
vt 0.301103 0.781536
vt 0.266532 0.781532
vt 0.259984 0.781528
vt 0.587937 0.330296
vt 0.598108 0.329076
vt 0.596130 0.390220
vt 0.587937 0.391195
vt 0.217692 0.863676
vt 0.151575 0.836291
vt 0.249743 0.781570
vt 0.249737 0.741485
vt 0.456812 0.912193
vt 0.386659 0.926021
vt 0.227293 0.781612
vt 0.227286 0.741621
vt 0.227269 0.710644
vt 0.249719 0.710435
vt 0.052515 0.573967
vt 0.049266 0.569101
vt 0.091031 0.551800
vt 0.092172 0.557540
vt 0.136238 0.551801
vt 0.135095 0.557540
vt 0.178003 0.569102
vt 0.174751 0.573967
vt 0.352487 0.710376
vt 0.374937 0.710527
vt 0.374920 0.749839
vt 0.209969 0.601070
vt 0.205103 0.604321
vt 0.374913 0.792757
vt 0.227269 0.642839
vt 0.221529 0.643980
vt 0.374920 0.832745
vt 0.352469 0.832881
vt 0.574390 0.752262
vt 0.584587 0.751280
vt 0.582604 0.822561
vt 0.574390 0.823343
vt 0.590134 0.851216
vt 0.660393 0.837302
vt 0.660393 0.880329
vt 0.590134 0.866337
vt 0.643929 0.920081
vt 0.584348 0.880307
vt 0.374937 0.863717
vt 0.352487 0.863926
vt 0.823490 0.199654
vt 0.845940 0.199806
vt 0.845922 0.238956
vt 0.823472 0.238896
vt 0.598108 0.388355
vt 0.598108 0.329076
vt 0.606296 0.330087
vt 0.608273 0.389619
vt 0.813231 0.238839
vt 0.813249 0.199509
vt 0.806683 0.238842
vt 0.806701 0.199517
vt 0.342246 0.864128
vt 0.335698 0.864114
vt 0.335680 0.833004
vt 0.342228 0.833013
vt 0.886831 0.141799
vt 0.820717 0.169181
vt 0.812304 0.126886
vt 0.883865 0.126889
vt 0.820717 0.084591
vt 0.886831 0.111979
vt 0.545343 0.372361
vt 0.536378 0.372360
vt 0.545349 0.383332
vt 0.536384 0.383331
vt 0.897086 0.472541
vt 0.895610 0.479961
vt 0.883359 0.479961
vt 0.881884 0.472541
vt 0.872041 0.484650
vt 0.867839 0.478359
vt 0.961324 0.023468
vt 0.961326 0.034880
vt 0.955938 0.034879
vt 0.955936 0.023467
vt 0.961331 0.043719
vt 0.955943 0.043718
vt 0.955090 0.641660
vt 0.955085 0.652833
vt 0.949697 0.652832
vt 0.949703 0.641659
vt 0.863379 0.493312
vt 0.857089 0.489108
vt 0.955084 0.665078
vt 0.949696 0.665077
vt 0.858690 0.504630
vt 0.851271 0.503154
vt 0.558633 0.329076
vt 0.567598 0.329077
vt 0.567592 0.342999
vt 0.558627 0.342998
vt 0.567589 0.358198
vt 0.558624 0.358197
vt 0.567592 0.372361
vt 0.558627 0.372360
vt 0.858690 0.516881
vt 0.851271 0.518356
vt 0.917498 0.326397
vt 0.845940 0.326394
vt 0.854353 0.284099
vt 0.920463 0.311487
vt 0.920463 0.341307
vt 0.854353 0.368690
vt 0.813231 0.322260
vt 0.806683 0.322251
vt 0.806677 0.281940
vt 0.813225 0.281943
vt 0.577768 0.389984
vt 0.577768 0.329076
vt 0.585960 0.330058
vt 0.587937 0.391212
vt 0.813249 0.353652
vt 0.806701 0.353637
vt 0.823490 0.353451
vt 0.823472 0.322130
vt 0.772112 0.322247
vt 0.772106 0.281936
vt 0.772130 0.353633
vt 0.816694 0.504173
vt 0.851265 0.504177
vt 0.851247 0.543661
vt 0.816676 0.543656
vt 0.810146 0.504176
vt 0.810128 0.543665
vt 0.816700 0.461065
vt 0.851271 0.461069
vt 0.810152 0.461061
vt 0.848906 0.241806
vt 0.920463 0.241804
vt 0.912050 0.284099
vt 0.845940 0.256717
vt 0.889546 0.708220
vt 0.879351 0.709220
vt 0.881333 0.638619
vt 0.889546 0.637823
vt 0.799905 0.504121
vt 0.799887 0.543522
vt 0.376914 0.907126
vt 0.317568 0.946906
vt 0.301103 0.907155
vt 0.371128 0.893157
vt 0.777455 0.504062
vt 0.777461 0.461145
vt 0.799911 0.461103
vt 0.777437 0.543371
vt 0.052515 0.756918
vt 0.049266 0.761784
vt 0.017300 0.729815
vt 0.022164 0.726564
vt 0.092172 0.773346
vt 0.091031 0.779085
vt 0.845922 0.321996
vt 0.845940 0.353244
vt 0.135095 0.773346
vt 0.136238 0.779085
vt 0.823466 0.281904
vt 0.845916 0.281864
vt 0.174751 0.756919
vt 0.178003 0.761785
vt 0.205103 0.726566
vt 0.209969 0.729817
vt 0.221529 0.686907
vt 0.227269 0.688049
vt 0.756784 0.593428
vt 0.734334 0.593480
vt 0.734353 0.552080
vt 0.756802 0.551936
vt 0.756777 0.638728
vt 0.734328 0.638681
vt 0.725978 0.551603
vt 0.703528 0.551389
vt 0.703509 0.518763
vt 0.725959 0.518904
vt 0.703503 0.476643
vt 0.725953 0.476691
vt 0.736293 0.476734
vt 0.736299 0.519034
vt 0.736318 0.551800
vt 0.742840 0.476732
vt 0.742847 0.519026
vt 0.742866 0.551788
vt 0.777412 0.476737
vt 0.777418 0.519030
vt 0.777437 0.551792
vt 0.052719 0.345804
vt 0.049473 0.340947
vt 0.091415 0.323574
vt 0.092554 0.329304
vt 0.022230 0.376293
vt 0.017373 0.373047
vt 0.301127 0.864109
vt 0.301109 0.832999
vt 0.136812 0.323574
vt 0.135672 0.329304
vt 0.005730 0.416128
vt -0.000000 0.414989
vt 0.772112 0.238837
vt 0.772130 0.199513
vt 0.005730 0.459246
vt -0.000000 0.460386
vt 0.022230 0.499081
vt 0.017373 0.502327
vt 0.773672 0.593382
vt 0.808243 0.593387
vt 0.808237 0.638774
vt 0.773665 0.638769
vt 0.808243 0.681067
vt 0.773672 0.681063
vt 0.767124 0.593378
vt 0.767118 0.638771
vt 0.767124 0.681070
vt 0.756784 0.680941
vt 0.734334 0.680799
vt 0.756802 0.713638
vt 0.734353 0.713424
vt 0.767143 0.713835
vt 0.789829 0.161895
vt 0.779489 0.162030
vt 0.779507 0.120449
vt 0.789847 0.120399
vt 0.812297 0.120347
vt 0.812279 0.161750
vt 0.773690 0.713823
vt 0.772941 0.162020
vt 0.772959 0.120445
vt 0.808262 0.713827
vt 0.738370 0.162015
vt 0.738388 0.120440
vt 0.052719 0.529570
vt 0.049473 0.534428
vt 0.092554 0.546070
vt 0.091415 0.551800
vt 0.738394 0.075053
vt 0.772966 0.075057
vt 0.135672 0.546070
vt 0.136812 0.551800
vt 0.738388 0.032763
vt 0.772959 0.032767
vt 0.175507 0.529570
vt 0.178753 0.534428
vt 0.816694 0.420895
vt 0.851265 0.420899
vt 0.205996 0.499081
vt 0.210854 0.502327
vt 0.816676 0.389778
vt 0.851247 0.389782
vt 0.810146 0.420885
vt 0.810128 0.389764
vt 0.845940 0.226896
vt 0.912050 0.199509
vt 0.567598 0.329076
vt 0.575791 0.330051
vt 0.577768 0.391555
vt 0.567598 0.390336
vt 0.799887 0.389966
vt 0.799905 0.421017
vt 0.301103 0.864128
vt 0.371128 0.878036
vt 0.777455 0.421153
vt 0.777437 0.390174
vt 0.000000 0.688047
vt 0.005738 0.686905
vt -0.000000 0.642837
vt 0.005738 0.643979
vt 0.249719 0.863990
vt 0.227269 0.863839
vt 0.227286 0.824530
vt 0.249737 0.824588
vt 0.017300 0.601069
vt 0.022164 0.604320
vt 0.711871 0.672630
vt 0.734321 0.672575
vt 0.734303 0.713807
vt 0.711853 0.713954
vt 0.711878 0.627340
vt 0.734327 0.627385
vt 0.701512 0.714091
vt 0.701531 0.672682
vt 0.701537 0.627299
vt 0.694965 0.714081
vt 0.694983 0.672678
vt 0.694990 0.627301
vt 0.660393 0.714077
vt 0.660412 0.672674
vt 0.660418 0.627297
vt 0.222496 0.459246
vt 0.228226 0.460386
vt 0.222496 0.416128
vt 0.228226 0.414988
vt 0.266526 0.824640
vt 0.301097 0.824645
vt 0.301079 0.864129
vt 0.266508 0.864124
vt 0.205996 0.376293
vt 0.210854 0.373047
vt 0.259978 0.824643
vt 0.259960 0.864133
vt 0.815269 0.042299
vt 0.886831 0.042295
vt 0.878418 0.084591
vt 0.812304 0.057209
vt 0.812304 0.027388
vt 0.878418 0.000000
vt 0.509817 0.383417
vt 0.500852 0.383416
vt 0.500858 0.369551
vt 0.509823 0.369552
vt 0.500860 0.354356
vt 0.509825 0.354357
vt 0.911132 0.543151
vt 0.906928 0.536861
vt 0.915590 0.528199
vt 0.921881 0.532401
vt 0.920278 0.516881
vt 0.927699 0.518356
vt 0.955090 0.685379
vt 0.955095 0.674160
vt 0.960483 0.674161
vt 0.960478 0.685379
vt 0.955097 0.661912
vt 0.960485 0.661913
vt 0.352212 0.377314
vt 0.347290 0.374025
vt 0.351094 0.364841
vt 0.356900 0.365996
vt 0.351094 0.354900
vt 0.356900 0.353745
vt 0.347290 0.345716
vt 0.344119 0.355841
vt 0.337571 0.367531
vt 0.340261 0.338686
vt 0.334231 0.347710
vt 0.326106 0.359870
vt 0.331077 0.334882
vt 0.322935 0.341686
vt 0.314642 0.352210
vt 0.321136 0.334882
vt 0.311952 0.338686
vt 0.304922 0.345716
vt 0.319981 0.329076
vt 0.308663 0.333764
vt 0.300000 0.342427
vt 0.332231 0.329076
vt 0.961326 0.011220
vt 0.955938 0.011219
vt 0.343550 0.333764
vt 0.961331 0.000001
vt 0.955943 -0.000000
vt 0.921881 0.489108
vt 0.915590 0.493312
vt 0.906928 0.484650
vt 0.911132 0.478359
vt 0.927699 0.503154
vt 0.920278 0.504630
vt 0.955095 0.650499
vt 0.955090 0.641659
vt 0.960478 0.641660
vt 0.960483 0.650500
vt 0.509823 0.340144
vt 0.500858 0.340143
vt 0.500852 0.329076
vt 0.509817 0.329077
vt 0.352212 0.342427
vt 0.301118 0.354900
vt 0.295312 0.353745
vt 0.308093 0.363900
vt 0.301118 0.364841
vt 0.295312 0.365996
vt 0.304922 0.374025
vt 0.317981 0.372030
vt 0.311952 0.381054
vt 0.300000 0.377314
vt 0.308663 0.385976
vt 0.321136 0.384858
vt 0.319981 0.390664
vt 0.329277 0.378054
vt 0.331077 0.384858
vt 0.332231 0.390664
vt 0.340261 0.381054
vt 0.343550 0.385976
vt 0.951891 0.492795
vt 0.951890 0.481382
vt 0.957277 0.481383
vt 0.957279 0.492796
vt 0.951885 0.472541
vt 0.957272 0.472542
vt 0.881884 0.548969
vt 0.883359 0.541550
vt 0.895610 0.541550
vt 0.897086 0.548969
vt 0.930655 0.283921
vt 0.921700 0.284358
vt 0.921006 0.270213
vt 0.929960 0.269776
vt 0.920463 0.259258
vt 0.929418 0.258821
vt 0.931396 0.299102
vt 0.922441 0.299539
vt 0.867839 0.543151
vt 0.872041 0.536861
vt 0.932070 0.313008
vt 0.923116 0.313446
vt 0.857089 0.532401
vt 0.863379 0.528199
vt 0.951885 0.516261
vt 0.951890 0.505043
vt 0.957277 0.505044
vt 0.957272 0.516262
vt 0.955085 0.676531
vt 0.955090 0.685449
vt 0.949703 0.685448
vt 0.949697 0.676530
vt 0.567598 0.383332
vt 0.558633 0.383331
vt 0.550378 0.372246
vt 0.550384 0.383158
vt 0.940304 0.312487
vt 0.939633 0.298655
vt 0.545357 0.383158
vt 0.545351 0.372246
vt 0.944653 0.298410
vt 0.945324 0.312242
vt 0.778953 0.944140
vt 0.779894 0.948795
vt 0.764774 0.948795
vt 0.765685 0.944140
vt 0.750805 0.943008
vt 0.753427 0.939062
vt 0.559493 0.933308
vt 0.564514 0.933308
vt 0.564520 0.942967
vt 0.559499 0.942967
vt 0.941058 0.360960
vt 0.936037 0.360959
vt 0.936042 0.348808
vt 0.941063 0.348809
vt 0.936044 0.335542
vt 0.941065 0.335543
vt 0.740114 0.932316
vt 0.744045 0.929680
vt 0.944648 0.348851
vt 0.944642 0.361072
vt 0.944650 0.335509
vt 0.242769 0.385557
vt 0.250074 0.374599
vt 0.257651 0.377737
vt 0.255097 0.390664
vt 0.233333 0.376121
vt 0.244275 0.368799
vt 0.754131 0.175589
vt 0.759378 0.175590
vt 0.759377 0.183790
vt 0.754130 0.183789
vt 0.759374 0.191302
vt 0.754126 0.191301
vt 0.469347 0.365991
vt 0.468557 0.367172
vt 0.462758 0.361373
vt 0.463939 0.360583
vt 0.476412 0.368918
vt 0.476135 0.370311
vt 0.461012 0.353518
vt 0.468619 0.357861
vt 0.478041 0.360729
vt 0.461012 0.345870
vt 0.469832 0.347624
vt 0.480235 0.349694
vt 0.490639 0.351763
vt 0.487842 0.361685
vt 0.484059 0.368918
vt 0.499458 0.353518
vt 0.496532 0.360583
vt 0.491124 0.365991
vt 0.497713 0.361373
vt 0.491914 0.367172
vt 0.500851 0.353795
vt 0.754122 0.177742
vt 0.748874 0.177741
vt 0.748875 0.169541
vt 0.754123 0.169542
vt 0.748879 0.162030
vt 0.754126 0.162031
vt 0.280770 0.385557
vt 0.273430 0.374599
vt 0.279229 0.368799
vt 0.290206 0.376121
vt 0.282368 0.361221
vt 0.295312 0.363792
vt 0.559493 0.907639
vt 0.555909 0.907595
vt 0.555914 0.895424
vt 0.559499 0.895537
vt 0.559491 0.920902
vt 0.555907 0.920934
vt 0.564520 0.895538
vt 0.564514 0.907640
vt 0.564512 0.920903
vt 0.805671 0.917421
vt 0.810341 0.918346
vt 0.804555 0.932316
vt 0.800593 0.929680
vt 0.793863 0.943008
vt 0.791211 0.939063
vt 0.550378 0.343042
vt 0.545351 0.343041
vt 0.545357 0.329194
vt 0.550384 0.329195
vt 0.550376 0.358159
vt 0.545349 0.358159
vt 0.478626 0.877150
vt 0.538135 0.837303
vt 0.554601 0.877053
vt 0.484413 0.891119
vt 0.899741 0.708220
vt 0.889546 0.709219
vt 0.891528 0.638619
vt 0.899741 0.637823
vt 0.554601 0.920078
vt 0.484413 0.906240
vt 0.528135 0.383159
vt 0.523109 0.383158
vt 0.523102 0.372246
vt 0.528129 0.372246
vt 0.805671 0.904152
vt 0.810341 0.903225
vt 0.951879 0.510433
vt 0.946858 0.510432
vt 0.951885 0.520007
vt 0.946864 0.520006
vt 0.943273 0.510536
vt 0.943279 0.520165
vt 0.295312 0.350447
vt 0.282368 0.353019
vt 0.279229 0.345441
vt 0.290206 0.338117
vt 0.748874 0.191303
vt 0.743626 0.191302
vt 0.743623 0.185383
vt 0.748871 0.185383
vt 0.743622 0.177741
vt 0.748870 0.177742
vt 0.499458 0.345870
vt 0.500851 0.345593
vt 0.496532 0.338804
vt 0.497713 0.338015
vt 0.491852 0.341526
vt 0.491124 0.333396
vt 0.482430 0.338659
vt 0.484059 0.330469
vt 0.484336 0.329076
vt 0.491913 0.332215
vt 0.748871 0.169541
vt 0.743623 0.169541
vt 0.743626 0.162030
vt 0.748874 0.162031
vt 0.280770 0.328681
vt 0.273430 0.339641
vt 0.265853 0.336502
vt 0.268441 0.323574
vt 0.738370 0.162030
vt 0.743618 0.162031
vt 0.743621 0.168001
vt 0.738373 0.168001
vt 0.257651 0.336502
vt 0.255097 0.323574
vt 0.946104 0.637982
vt 0.949688 0.637823
vt 0.949694 0.647453
vt 0.946109 0.647557
vt 0.250074 0.339641
vt 0.242769 0.328681
vt 0.949696 0.659886
vt 0.946111 0.659919
vt 0.941090 0.659919
vt 0.941088 0.647557
vt 0.941083 0.637981
vt 0.753427 0.882510
vt 0.750805 0.878563
vt 0.764774 0.872776
vt 0.765685 0.877432
vt 0.518072 0.340255
vt 0.523098 0.340256
vt 0.523100 0.354393
vt 0.518074 0.354392
vt 0.518065 0.329248
vt 0.523092 0.329249
vt 0.744045 0.891892
vt 0.740114 0.889255
vt 0.523098 0.369507
vt 0.518072 0.369506
vt 0.921301 0.443524
vt 0.851271 0.429514
vt 0.867736 0.389764
vt 0.927087 0.429555
vt 0.560935 0.822455
vt 0.558953 0.751280
vt 0.569149 0.752267
vt 0.569149 0.823241
vt 0.921301 0.458645
vt 0.851271 0.472541
vt 0.523092 0.383298
vt 0.518065 0.383297
vt 0.938205 0.269486
vt 0.937665 0.258589
vt 0.942686 0.258344
vt 0.943225 0.269241
vt 0.935085 0.199805
vt 0.945324 0.199509
vt 0.738967 0.917421
vt 0.734328 0.918346
vt 0.734328 0.903225
vt 0.738967 0.904151
vt 0.941063 0.323181
vt 0.936042 0.323180
vt 0.936037 0.313604
vt 0.941058 0.313605
vt 0.946104 0.685336
vt 0.941083 0.685336
vt 0.941088 0.673185
vt 0.946109 0.673185
vt 0.944642 0.313446
vt 0.944648 0.323076
vt 0.949694 0.673228
vt 0.949688 0.685448
vt 0.228226 0.350446
vt 0.241136 0.353019
vt 0.241136 0.361221
vt 0.228226 0.363791
vt 0.233333 0.338117
vt 0.244275 0.345441
vt 0.738373 0.183867
vt 0.743621 0.183868
vt 0.743617 0.191349
vt 0.738370 0.191348
vt 0.754126 0.162030
vt 0.759374 0.162031
vt 0.759377 0.167949
vt 0.754130 0.167948
vt 0.459619 0.345593
vt 0.462758 0.338015
vt 0.463939 0.338804
vt 0.459619 0.353795
vt 0.472629 0.337703
vt 0.469346 0.333396
vt 0.476412 0.330469
vt 0.468557 0.332215
vt 0.476134 0.329076
vt 0.743622 0.175669
vt 0.738374 0.175669
vt 0.943916 0.283310
vt 0.938896 0.283555
vt 0.555909 0.933411
vt 0.555914 0.943125
vt 0.268441 0.390664
vt 0.265853 0.377737
vt 0.754126 0.191302
vt 0.748879 0.191302
vt 0.748875 0.185383
vt 0.754123 0.185383
vt 0.484336 0.370311
vt 0.660412 0.584855
vt 0.694983 0.584859
vt 0.175507 0.345804
vt 0.178753 0.340946
vt 0.660393 0.551809
vt 0.694965 0.551813
vt 0.701531 0.584851
vt 0.701512 0.551800
vt 0.736318 0.389764
vt 0.742866 0.389774
vt 0.742847 0.431345
vt 0.736299 0.431340
vt 0.777437 0.389778
vt 0.777418 0.431349
vt 0.725978 0.389899
vt 0.725959 0.431391
vt 0.703509 0.431443
vt 0.703528 0.390044
vt 0.711853 0.551996
vt 0.734303 0.552209
vt 0.734321 0.585118
vt 0.711871 0.584979
vt 0.738370 0.000008
vt 0.772941 0.000013
vt 0.779507 0.032759
vt 0.779489 -0.000000
vt 0.779514 0.075055
vt 0.789854 0.075098
vt 0.789847 0.032889
vt 0.789829 0.000197
vt 0.812297 0.033031
vt 0.812304 0.075146
vt 0.812279 0.000411
vt 0.767143 0.551800
vt 0.773690 0.551811
vt 0.808262 0.551815
vt 0.558740 0.051942
vt 0.548536 0.067041
vt 0.507460 0.050026
vt 0.511121 0.032216
vt 0.517528 0.000000
vt 0.576988 0.024631
vt 0.462999 0.050025
vt 0.459578 0.032216
vt 0.453170 -0.000000
vt 0.879333 0.592529
vt 0.843801 0.592525
vt 0.843819 0.551805
vt 0.879351 0.551809
vt 0.805418 0.713835
vt 0.840950 0.713840
vt 0.840968 0.745926
vt 0.805436 0.745922
vt 0.808268 0.592520
vt 0.808286 0.551800
vt 0.876483 0.713844
vt 0.876501 0.745931
vt 0.235183 0.051942
vt 0.271632 0.088391
vt 0.256542 0.098473
vt 0.225102 0.067033
vt 0.291358 0.136014
vt 0.273558 0.139553
vt 0.253432 0.024631
vt 0.298943 0.070142
vt 0.323574 0.129606
vt 0.477904 0.553959
vt 0.477886 0.612897
vt 0.475285 0.610041
vt 0.475301 0.556816
vt 0.571787 0.798131
vt 0.571787 0.751280
vt 0.574390 0.753552
vt 0.574390 0.795863
vt 0.432284 0.568638
vt 0.432286 0.566255
vt 0.475303 0.551800
vt 0.432283 0.571610
vt 0.608273 0.387201
vt 0.608273 0.329076
vt 0.616059 0.329076
vt 0.616059 0.387201
vt 0.979175 0.713837
vt 0.969787 0.756859
vt 0.963838 0.756855
vt 0.973784 0.713833
vt 0.554522 0.835902
vt 0.554522 0.793591
vt 0.556350 0.795131
vt 0.556350 0.833320
vt 0.675443 0.958806
vt 0.660393 0.915787
vt 0.663119 0.917618
vt 0.677067 0.956978
vt 0.712953 0.957006
vt 0.703177 0.917642
vt 0.704801 0.915815
vt 0.715679 0.958836
vt 0.703177 0.913985
vt 0.712953 0.874640
vt 0.715679 0.872814
vt 0.570423 0.880325
vt 0.564520 0.880321
vt 0.579009 0.837302
vt 0.584348 0.837306
vt 0.584348 0.923329
vt 0.579009 0.923325
vt 0.663119 0.913961
vt 0.677067 0.874613
vt 0.556350 0.793591
vt 0.554522 0.791007
vt 0.554522 0.752818
vt 0.556350 0.751280
vt 0.675443 0.872783
vt 0.928250 0.371566
vt 0.920463 0.371566
vt 0.920463 0.313446
vt 0.928250 0.313446
vt 0.979175 0.799860
vt 0.973784 0.799855
vt 0.571787 0.798132
vt 0.569185 0.795859
vt 0.569185 0.753548
vt 0.571787 0.751280
vt 0.386677 0.553961
vt 0.389281 0.551802
vt 0.967487 0.239911
vt 0.965104 0.239910
vt 0.975387 0.196909
vt 0.977546 0.194308
vt 0.738370 0.074334
vt 0.735767 0.071418
vt 0.735751 0.017076
vt 0.738352 0.014160
vt 0.411958 0.051941
vt 0.393711 0.024630
vt 0.692732 0.002784
vt 0.692731 -0.000000
vt 0.977546 0.285535
vt 0.975387 0.282931
vt 0.647125 0.014162
vt 0.649728 0.017078
vt 0.956630 0.386517
vt 0.963884 0.386514
vt 0.953786 0.429515
vt 0.946868 0.429517
vt 0.956630 0.472539
vt 0.963884 0.472537
vt 0.631633 0.387201
vt 0.631633 0.329076
vt 0.639420 0.329076
vt 0.639420 0.387201
vt 0.647143 0.074336
vt 0.649744 0.071419
vt 0.296638 0.950155
vt 0.242297 0.950155
vt 0.244335 0.948327
vt 0.293218 0.948327
vt 0.227269 0.907147
vt 0.230689 0.908976
vt 0.277113 0.908971
vt 0.279151 0.907142
vt 0.277114 0.905314
vt 0.293241 0.865962
vt 0.296662 0.864133
vt 0.374937 0.753234
vt 0.381854 0.753232
vt 0.386402 0.796256
vt 0.379148 0.796258
vt 0.379148 0.710235
vt 0.386402 0.710233
vt 0.230690 0.905319
vt 0.244358 0.865961
vt 0.242321 0.864133
vt 0.917723 0.695944
vt 0.909937 0.695944
vt 0.909937 0.637823
vt 0.917723 0.637823
vt 0.692753 0.057451
vt 0.692752 0.054667
vt 0.735768 0.077451
vt 0.692754 0.060561
vt 0.649745 0.077453
vt 0.647143 0.138670
vt 0.649745 0.135552
vt 0.271632 0.235183
vt 0.291358 0.187560
vt 0.323574 0.193968
vt 0.298943 0.253432
vt 0.701713 0.387201
vt 0.701713 0.329076
vt 0.709500 0.329076
vt 0.709500 0.387201
vt 0.981753 0.172045
vt 0.978171 0.129021
vt 0.985930 0.129021
vt 0.989538 0.172045
vt 0.660393 0.837302
vt 0.602295 0.837302
vt 0.604521 0.835474
vt 0.656656 0.835474
vt 0.584587 0.794294
vt 0.588324 0.796122
vt 0.640321 0.796118
vt 0.642548 0.794289
vt 0.640321 0.792461
vt 0.656654 0.753108
vt 0.660392 0.751280
vt 0.992241 0.756830
vt 1.000000 0.756830
vt 0.997521 0.799854
vt 0.989736 0.799854
vt 0.989736 0.713831
vt 0.997521 0.713831
vt 0.588324 0.792465
vt 0.604519 0.753108
vt 0.602293 0.751280
vt 0.771792 0.387199
vt 0.764005 0.387199
vt 0.764005 0.329076
vt 0.771792 0.329077
vt 0.981753 0.086022
vt 0.989538 0.086023
vt 0.738370 0.138668
vt 0.735768 0.135550
vt 0.692758 0.121633
vt 0.692758 0.118522
vt 0.738352 0.197368
vt 0.735751 0.194524
vt 0.735767 0.141512
vt 0.355787 0.136013
vt 0.323574 0.129605
vt 0.348203 0.070141
vt 0.375512 0.088390
vt 0.692758 0.124596
vt 0.649744 0.141514
vt 0.979175 0.713831
vt 0.986305 0.713833
vt 0.989736 0.756832
vt 0.982317 0.756830
vt 0.979175 0.799854
vt 0.986305 0.799856
vt 0.654993 0.387201
vt 0.654993 0.329076
vt 0.662780 0.329076
vt 0.662780 0.387201
vt 0.647125 0.197370
vt 0.649728 0.194525
vt 0.950055 0.637823
vt 0.897044 0.637823
vt 0.899120 0.635994
vt 0.946569 0.635994
vt 0.879351 0.594815
vt 0.882837 0.596643
vt 0.932492 0.596638
vt 0.934567 0.594810
vt 0.932491 0.592981
vt 0.946542 0.553629
vt 0.950027 0.551800
vt 0.971181 0.328536
vt 0.978600 0.328537
vt 0.969472 0.371560
vt 0.962341 0.371558
vt 0.962341 0.285535
vt 0.969472 0.285537
vt 0.882836 0.592986
vt 0.899093 0.553629
vt 0.897016 0.551800
vt 0.764005 0.387201
vt 0.756219 0.387200
vt 0.756219 0.329076
vt 0.764005 0.329077
vt 0.692745 0.182775
vt 0.692746 0.179812
vt 0.735748 0.199507
vt 0.692743 0.185139
vt 0.649726 0.199509
vt 0.959882 0.518980
vt 0.959882 0.472541
vt 0.962484 0.474793
vt 0.962484 0.516731
vt 0.187560 0.291358
vt 0.235183 0.271632
vt 0.253432 0.298943
vt 0.193968 0.323574
vt 0.678353 0.387201
vt 0.678353 0.329076
vt 0.686140 0.329076
vt 0.686140 0.387201
vt 0.931319 0.971902
vt 0.940707 0.928881
vt 0.946656 0.928884
vt 0.936709 0.971907
vt 0.959594 0.085657
vt 0.959594 0.043719
vt 0.961422 0.045244
vt 0.961422 0.083100
vt 0.891466 0.971903
vt 0.876507 0.928884
vt 0.879210 0.930714
vt 0.893076 0.970075
vt 0.928617 0.970103
vt 0.918962 0.930739
vt 0.920572 0.928912
vt 0.931319 0.971933
vt 0.918962 0.927082
vt 0.928617 0.887737
vt 0.931319 0.885911
vt 0.959154 0.242513
vt 0.965104 0.242516
vt 0.950716 0.285535
vt 0.945324 0.285531
vt 0.945324 0.199509
vt 0.950716 0.199513
vt 0.879210 0.927057
vt 0.893076 0.887710
vt 0.959594 0.085657
vt 0.957765 0.083098
vt 0.957765 0.045242
vt 0.959594 0.043719
vt 0.891466 0.885880
vt 0.941083 0.695947
vt 0.933296 0.695947
vt 0.933296 0.637823
vt 0.941083 0.637823
vt 0.931319 0.885880
vt 0.936709 0.885884
vt 0.963087 0.688098
vt 0.960485 0.685845
vt 0.960485 0.643908
vt 0.963087 0.641659
vt 0.968682 0.597404
vt 0.966318 0.597402
vt 0.976475 0.554401
vt 0.978614 0.551800
vt 0.660393 0.625826
vt 0.657790 0.622920
vt 0.657774 0.568773
vt 0.660376 0.565868
vt 0.375512 0.235183
vt 0.348203 0.253431
vt 0.323574 0.193967
vt 0.355787 0.187560
vt 0.614756 0.554571
vt 0.614755 0.551800
vt 0.978614 0.643027
vt 0.976475 0.640423
vt 0.569149 0.565869
vt 0.571752 0.568775
vt 0.957091 0.799860
vt 0.964371 0.799858
vt 0.954409 0.842858
vt 0.947459 0.842861
vt 0.957091 0.885882
vt 0.964371 0.885880
vt 0.569166 0.625827
vt 0.571768 0.622921
vt 0.725073 0.387201
vt 0.725073 0.329076
vt 0.732860 0.329076
vt 0.732860 0.387201
vt 0.886855 0.000000
vt 0.941002 0.000000
vt 0.938972 0.001829
vt 0.890261 0.001828
vt 0.955936 0.043008
vt 0.952530 0.041180
vt 0.906330 0.041184
vt 0.904300 0.043013
vt 0.906329 0.044841
vt 0.890238 0.084194
vt 0.886831 0.086022
vt 0.964371 0.934086
vt 0.971289 0.934083
vt 0.975833 0.977107
vt 0.968579 0.977109
vt 0.968579 0.891087
vt 0.975833 0.891085
vt 0.952529 0.044837
vt 0.938949 0.084194
vt 0.940978 0.086022
vt 0.384700 0.922252
vt 0.376914 0.922252
vt 0.376914 0.864128
vt 0.384700 0.864128
vt 0.614777 0.608978
vt 0.614776 0.606207
vt 0.657791 0.628944
vt 0.614777 0.612086
vt 0.571769 0.628945
vt 0.569166 0.690176
vt 0.571769 0.687058
vt 0.088391 0.271632
vt 0.136014 0.291358
vt 0.129606 0.323574
vt 0.070142 0.298943
vt 0.639420 0.387201
vt 0.639420 0.329076
vt 0.647206 0.329076
vt 0.647206 0.387201
vt 0.982043 0.637823
vt 0.978614 0.594799
vt 0.986378 0.594799
vt 0.989826 0.637823
vt 0.075788 0.779085
vt 0.133900 0.779085
vt 0.131675 0.780914
vt 0.079525 0.780914
vt 0.151575 0.822094
vt 0.147839 0.820265
vt 0.095883 0.820270
vt 0.093657 0.822098
vt 0.095883 0.823927
vt 0.079526 0.863279
vt 0.075789 0.865108
vt 0.992047 0.129021
vt 0.999806 0.129021
vt 0.997323 0.172045
vt 0.989538 0.172045
vt 0.989538 0.086022
vt 0.997324 0.086023
vt 0.147839 0.823922
vt 0.131676 0.863279
vt 0.133902 0.865108
vt 0.748433 0.387199
vt 0.740646 0.387200
vt 0.740646 0.329077
vt 0.748433 0.329076
vt 0.982043 0.551800
vt 0.989826 0.551800
vt 0.660393 0.690175
vt 0.657791 0.687056
vt 0.614782 0.673113
vt 0.614781 0.670004
vt 0.660376 0.749119
vt 0.657774 0.746262
vt 0.657790 0.693031
vt 0.459578 0.291358
vt 0.453170 0.323574
vt 0.393711 0.298943
vt 0.411958 0.271632
vt 0.614781 0.676084
vt 0.571768 0.693033
vt 0.810526 0.872526
vt 0.817628 0.872528
vt 0.821219 0.915527
vt 0.813822 0.915525
vt 0.810526 0.958548
vt 0.817628 0.958551
vt 0.709500 0.387201
vt 0.709500 0.329076
vt 0.717286 0.329076
vt 0.717286 0.387201
vt 0.569149 0.749120
vt 0.571752 0.746264
vt 0.876507 0.713835
vt 0.929738 0.713835
vt 0.927655 0.715664
vt 0.880006 0.715664
vt 0.947463 0.756843
vt 0.943965 0.755015
vt 0.894163 0.755020
vt 0.892081 0.756848
vt 0.894165 0.758677
vt 0.880032 0.798029
vt 0.876534 0.799858
vt 0.970752 0.129023
vt 0.978171 0.129025
vt 0.969040 0.172047
vt 0.961909 0.172045
vt 0.961909 0.086022
vt 0.969040 0.086025
vt 0.943966 0.758672
vt 0.927681 0.798029
vt 0.929765 0.799858
vt 0.564520 0.895423
vt 0.556733 0.895424
vt 0.556733 0.837303
vt 0.564520 0.837302
vt 0.614769 0.734439
vt 0.614769 0.731467
vt 0.657772 0.751278
vt 0.614767 0.736822
vt 0.571750 0.751280
vt 0.734328 0.820938
vt 0.734328 0.867384
vt 0.731725 0.865132
vt 0.731725 0.823187
vt 0.032216 0.187560
vt 0.051942 0.235183
vt 0.024631 0.253432
vt 0.000000 0.193968
vt 0.631633 0.329076
vt 0.631633 0.387201
vt 0.623846 0.387201
vt 0.623846 0.329076
vt 0.462598 0.929270
vt 0.472118 0.886248
vt 0.478021 0.886252
vt 0.467937 0.929274
vt 0.957765 0.043719
vt 0.957765 0.085664
vt 0.955936 0.084139
vt 0.955937 0.046276
vt 0.927076 0.086052
vt 0.942128 0.129071
vt 0.939402 0.127240
vt 0.925452 0.087880
vt 0.889557 0.087853
vt 0.899337 0.127217
vt 0.897713 0.129044
vt 0.886831 0.086022
vt 0.899337 0.130874
vt 0.889557 0.170218
vt 0.886831 0.172045
vt 0.955960 0.129026
vt 0.961909 0.129030
vt 0.947519 0.172049
vt 0.942128 0.172045
vt 0.942128 0.086022
vt 0.947519 0.086027
vt 0.939402 0.130897
vt 0.925452 0.170245
vt 0.384831 0.885194
vt 0.386659 0.887754
vt 0.386659 0.925616
vt 0.384831 0.927139
vt 0.927076 0.172075
vt 0.925510 0.637823
vt 0.933296 0.637823
vt 0.933296 0.695943
vt 0.925510 0.695943
vt 0.462598 0.843247
vt 0.467937 0.843252
vt 0.957279 0.472541
vt 0.959882 0.474794
vt 0.959882 0.516738
vt 0.957279 0.518988
vt 0.974433 0.845481
vt 0.976817 0.845483
vt 0.966530 0.888484
vt 0.964370 0.891085
vt 0.477904 0.677249
vt 0.480507 0.680155
vt 0.480523 0.734305
vt 0.477922 0.737211
vt 0.558740 0.271633
vt 0.576988 0.298944
vt 0.517529 0.323574
vt 0.511121 0.291359
vt 0.523542 0.748509
vt 0.523543 0.751280
vt 0.964370 0.799858
vt 0.966530 0.802462
vt 0.569149 0.737210
vt 0.566546 0.734304
vt 0.722933 0.958806
vt 0.715679 0.958808
vt 0.725780 0.915807
vt 0.732698 0.915805
vt 0.722933 0.872783
vt 0.715679 0.872785
vt 0.693926 0.329076
vt 0.693926 0.387201
vt 0.686140 0.387201
vt 0.686140 0.329076
vt 0.569131 0.677248
vt 0.566530 0.680154
vt 0.075812 0.865108
vt 0.129963 0.865108
vt 0.127933 0.866937
vt 0.079219 0.866936
vt 0.144899 0.908116
vt 0.141493 0.906288
vt 0.095288 0.906292
vt 0.093258 0.908121
vt 0.095287 0.909949
vt 0.079195 0.949302
vt 0.075788 0.951130
vt 0.987295 0.934108
vt 0.980376 0.934111
vt 0.975833 0.891087
vt 0.983087 0.891085
vt 0.983087 0.977107
vt 0.975833 0.977109
vt 0.141492 0.909945
vt 0.127910 0.949302
vt 0.129938 0.951130
vt 0.936037 0.313446
vt 0.936037 0.371567
vt 0.928250 0.371567
vt 0.523521 0.694097
vt 0.523522 0.696868
vt 0.480506 0.674131
vt 0.523520 0.690989
vt 0.566529 0.674129
vt 0.569131 0.612899
vt 0.566529 0.616017
vt 0.051942 0.088391
vt 0.032216 0.136014
vt 0.000000 0.129605
vt 0.024631 0.070142
vt 0.678353 0.387201
vt 0.670566 0.387201
vt 0.670566 0.329076
vt 0.984602 0.799858
vt 0.988188 0.842881
vt 0.980429 0.842882
vt 0.976817 0.799858
vt 0.000000 0.779085
vt 0.058112 0.779085
vt 0.055886 0.780914
vt 0.003737 0.780914
vt 0.075788 0.822094
vt 0.072051 0.820265
vt 0.020095 0.820270
vt 0.017869 0.822098
vt 0.020095 0.823927
vt 0.003738 0.863279
vt 0.000001 0.865108
vt 0.996674 0.237332
vt 0.988915 0.237332
vt 0.991398 0.194308
vt 0.999183 0.194308
vt 0.999183 0.280331
vt 0.991398 0.280331
vt 0.072051 0.823922
vt 0.055888 0.863279
vt 0.058113 0.865108
vt 0.748433 0.329076
vt 0.756219 0.329077
vt 0.756219 0.387199
vt 0.748433 0.387199
vt 0.984602 0.885880
vt 0.976817 0.885880
vt 0.477904 0.612900
vt 0.480506 0.616019
vt 0.523516 0.629962
vt 0.523516 0.633070
vt 0.477922 0.553961
vt 0.480523 0.556817
vt 0.480507 0.610044
vt 0.614911 0.187561
vt 0.647125 0.193970
vt 0.622496 0.253433
vt 0.595187 0.235184
vt 0.523516 0.626990
vt 0.566530 0.610043
vt 0.997852 0.977109
vt 0.990721 0.977107
vt 0.987295 0.934109
vt 0.994714 0.934110
vt 0.997852 0.891087
vt 0.990721 0.891085
vt 0.569149 0.553959
vt 0.566546 0.556816
vt 0.654993 0.329076
vt 0.654993 0.387201
vt 0.647206 0.387201
vt 0.647206 0.329076
vt 0.876507 0.799858
vt 0.929734 0.799858
vt 0.927651 0.801686
vt 0.880006 0.801686
vt 0.947459 0.842866
vt 0.943960 0.841037
vt 0.894162 0.841042
vt 0.892079 0.842871
vt 0.894163 0.844699
vt 0.880032 0.884052
vt 0.876535 0.885880
vt 0.957474 0.594824
vt 0.950055 0.594823
vt 0.959187 0.551800
vt 0.966318 0.551803
vt 0.966318 0.637825
vt 0.959187 0.637823
vt 0.943962 0.844694
vt 0.927678 0.884052
vt 0.929762 0.885880
vt 0.927699 0.472541
vt 0.935485 0.472541
vt 0.935485 0.530665
vt 0.927699 0.530665
vt 0.523529 0.568639
vt 0.523528 0.571611
vt 0.480526 0.551802
vt 0.523530 0.566256
vt 0.566548 0.551800
vt 0.385326 0.796258
vt 0.385326 0.842706
vt 0.382723 0.840454
vt 0.382723 0.798507
vt 0.136014 0.032216
vt 0.088391 0.051942
vt 0.070142 0.024631
vt 0.129606 0.000000
vt 0.670566 0.329076
vt 0.670566 0.387201
vt 0.662780 0.387201
vt 0.662780 0.329076
vt 0.979219 0.386518
vt 0.969834 0.429540
vt 0.963884 0.429536
vt 0.973828 0.386514
vt 0.386659 0.843247
vt 0.386659 0.885194
vt 0.384831 0.883669
vt 0.384831 0.845805
vt 0.861457 0.872556
vt 0.876507 0.915575
vt 0.873781 0.913745
vt 0.859833 0.874384
vt 0.823945 0.874356
vt 0.833722 0.913720
vt 0.832099 0.915548
vt 0.821219 0.872526
vt 0.833722 0.917377
vt 0.823945 0.956722
vt 0.821219 0.958548
vt 0.933036 0.429537
vt 0.927087 0.429534
vt 0.941478 0.386514
vt 0.946868 0.386519
vt 0.946868 0.472541
vt 0.941478 0.472537
vt 0.873781 0.917402
vt 0.859833 0.956749
vt 0.554904 0.837302
vt 0.556733 0.839862
vt 0.556733 0.877726
vt 0.554904 0.879249
vt 0.861457 0.958579
vt 0.935485 0.472541
vt 0.943272 0.472541
vt 0.943272 0.530666
vt 0.935485 0.530666
vt 0.979219 0.472541
vt 0.973828 0.472537
vt 0.556350 0.751280
vt 0.558953 0.753533
vt 0.558953 0.795480
vt 0.556350 0.797729
vt 0.961987 0.931506
vt 0.964371 0.931507
vt 0.954086 0.974508
vt 0.951927 0.977109
vt 0.386659 0.677248
vt 0.389262 0.680154
vt 0.389278 0.734305
vt 0.386677 0.737211
vt 0.595187 0.088392
vt 0.622496 0.070143
vt 0.647125 0.129607
vt 0.614911 0.136015
vt 0.432297 0.748509
vt 0.432298 0.751281
vt 0.951927 0.885882
vt 0.954087 0.888486
vt 0.477904 0.737210
vt 0.475301 0.734304
vt 0.952578 0.371558
vt 0.945324 0.371560
vt 0.955423 0.328559
vt 0.962341 0.328557
vt 0.952578 0.285535
vt 0.945324 0.285537
vt 0.725073 0.329076
vt 0.725073 0.387201
vt 0.717286 0.387201
vt 0.717286 0.329076
vt 0.477886 0.677246
vt 0.475285 0.680152
vt 0.069088 0.951130
vt 0.014937 0.951130
vt 0.016967 0.949302
vt 0.065682 0.949302
vt 0.000000 0.908122
vt 0.003407 0.909951
vt 0.049612 0.909946
vt 0.051642 0.908117
vt 0.049613 0.906289
vt 0.065705 0.866937
vt 0.069113 0.865108
vt 0.989936 0.328559
vt 0.982985 0.328561
vt 0.978601 0.285537
vt 0.985880 0.285535
vt 0.985880 0.371558
vt 0.978601 0.371560
vt 0.003408 0.906294
vt 0.016990 0.866936
vt 0.014961 0.865108
vt 0.917724 0.637823
vt 0.925510 0.637823
vt 0.925510 0.695947
vt 0.917724 0.695947
vt 0.432276 0.694096
vt 0.432277 0.696867
vt 0.389262 0.674129
vt 0.432276 0.690988
vt 0.475284 0.674128
vt 0.475284 0.616016
vt 0.187560 0.032216
vt 0.193968 0.000000
vt 0.701713 0.329076
vt 0.693926 0.387201
vt 0.693926 0.329076
vt 0.985331 0.194308
vt 0.988915 0.237332
vt 0.981156 0.237332
vt 0.977546 0.194308
vt 0.554414 0.837303
vt 0.496302 0.837303
vt 0.498528 0.835474
vt 0.550677 0.835475
vt 0.478626 0.794295
vt 0.482363 0.796123
vt 0.534320 0.796119
vt 0.536545 0.794290
vt 0.534320 0.792462
vt 0.550676 0.753109
vt 0.554413 0.751281
vt 0.995953 0.842881
vt 0.988188 0.842882
vt 0.990834 0.799858
vt 0.998617 0.799858
vt 0.998617 0.885880
vt 0.990834 0.885880
vt 0.482363 0.792466
vt 0.498527 0.753109
vt 0.496301 0.751281
vt 0.374937 0.796258
vt 0.382723 0.796258
vt 0.382723 0.854380
vt 0.374937 0.854381
vt 0.985331 0.280331
vt 0.977546 0.280331
vt 0.386659 0.612899
vt 0.389262 0.616017
vt 0.432271 0.629961
vt 0.432271 0.633069
vt 0.389278 0.556817
vt 0.389262 0.610043
vt 0.432272 0.626989
vt 0.989779 0.472539
vt 0.982649 0.472537
vt 0.979219 0.429539
vt 0.986638 0.429540
vt 0.989779 0.386517
vt 0.982649 0.386514
vt 0.623846 0.329076
vt 0.623846 0.387201
vt 0.616059 0.387201
vt 0.616059 0.329076
vt 0.222525 0.949698
vt 0.169300 0.949698
vt 0.171383 0.947870
vt 0.219027 0.947870
vt 0.151575 0.906690
vt 0.155074 0.908519
vt 0.204871 0.908514
vt 0.206954 0.906686
vt 0.204870 0.904857
vt 0.219001 0.865505
vt 0.222498 0.863676
vt 0.954860 0.756859
vt 0.947463 0.756858
vt 0.956736 0.713835
vt 0.963838 0.713838
vt 0.963838 0.799860
vt 0.956736 0.799858
vt 0.155072 0.904862
vt 0.171356 0.865505
vt 0.169273 0.863676
vt 0.732860 0.329077
vt 0.740646 0.329076
vt 0.740646 0.387197
vt 0.732860 0.387198
vt 0.184022 0.050017
vt 0.139559 0.050017
vt 0.808262 0.636975
vt 0.843794 0.636979
vt 0.808268 0.678396
vt 0.843801 0.678400
vt 0.879327 0.636984
vt 0.879333 0.678405
vt 0.579975 0.098482
vt 0.596989 0.139562
vt 0.879351 0.710486
vt 0.843819 0.710481
vt 0.596989 0.184025
vt 0.805399 0.754396
vt 0.769867 0.754392
vt 0.769885 0.713840
vt 0.805418 0.713844
vt 0.579975 0.225104
vt 0.734334 0.754387
vt 0.734352 0.713835
vt 0.808286 0.710477
vt 0.098479 0.067033
vt 0.067039 0.098473
vt 0.734328 0.798831
vt 0.769860 0.798836
vt 0.050023 0.139553
vt 0.734334 0.840401
vt 0.769867 0.840405
vt 0.050023 0.184016
vt 0.805399 0.840410
vt 0.805393 0.798840
vt 0.507460 0.273560
vt 0.548536 0.256545
vt 0.805418 0.872776
vt 0.769885 0.872772
vt 0.462999 0.273560
vt 0.660412 0.832058
vt 0.695944 0.832063
vt 0.695926 0.872779
vt 0.660393 0.872774
vt 0.421923 0.256544
vt 0.731477 0.832067
vt 0.731459 0.872783
vt 0.734352 0.872768
vt 0.067039 0.225096
vt 0.098479 0.256536
vt 0.731483 0.787613
vt 0.695951 0.787608
vt 0.139558 0.273552
vt 0.731477 0.746189
vt 0.695944 0.746184
vt 0.184022 0.273552
vt 0.660412 0.746179
vt 0.660418 0.787604
vt 0.373470 0.184024
vt 0.390485 0.225103
vt 0.660393 0.714091
vt 0.695926 0.714096
vt 0.373470 0.139560
vt 0.805436 0.831800
vt 0.840968 0.831804
vt 0.840950 0.872521
vt 0.805418 0.872517
vt 0.390485 0.098481
vt 0.876501 0.831809
vt 0.876483 0.872526
vt 0.731459 0.714100
vt 0.225102 0.256536
vt 0.256542 0.225096
vt 0.876507 0.787355
vt 0.840975 0.787350
vt 0.273558 0.184016
vt 0.805442 0.787346
vt 0.421923 0.067041
vt 0.771795 0.362730
vt 0.771792 0.356528
vt 0.774948 0.356529
vt 0.774952 0.362730
vt 0.619995 0.450981
vt 0.608535 0.393367
vt 0.640047 0.393367
vt 0.628589 0.450981
vt 0.778346 0.162031
vt 0.778342 0.169901
vt 0.775186 0.169901
vt 0.775189 0.162030
vt 0.669161 0.405427
vt 0.636528 0.454270
vt 0.400895 0.342520
vt 0.404352 0.340210
vt 0.408261 0.349649
vt 0.404184 0.350460
vt 0.408261 0.359865
vt 0.404184 0.359054
vt 0.404352 0.369304
vt 0.400895 0.366994
vt 0.771797 0.370737
vt 0.774953 0.370737
vt 0.397128 0.376528
vt 0.394818 0.373071
vt 0.771795 0.379329
vt 0.774952 0.379329
vt 0.785968 0.189135
vt 0.783432 0.189135
vt 0.783434 0.178921
vt 0.785969 0.178921
vt 0.783432 0.169403
vt 0.785968 0.169403
vt 0.785964 0.198491
vt 0.783428 0.198490
vt 0.387689 0.380437
vt 0.386878 0.376360
vt 0.783427 0.169403
vt 0.780891 0.169403
vt 0.780887 0.162030
vt 0.783422 0.162030
vt 0.377473 0.380437
vt 0.378284 0.376360
vt 0.771792 0.387199
vt 0.774948 0.387199
vt 0.768866 0.168232
vt 0.768862 0.162030
vt 0.772019 0.162031
vt 0.772022 0.168233
vt 0.602691 0.468287
vt 0.545081 0.456827
vt 0.557140 0.427711
vt 0.605979 0.460347
vt 0.602691 0.476881
vt 0.545081 0.488341
vt 0.226100 0.947580
vt 0.226088 0.976322
vt 0.222931 0.976321
vt 0.222944 0.947579
vt 0.992936 0.386515
vt 0.992949 0.409253
vt 0.989792 0.409252
vt 0.989779 0.386514
vt 0.352315 0.405427
vt 0.350005 0.408885
vt 0.322389 0.397445
vt 0.323200 0.393367
vt 0.292497 0.397445
vt 0.291686 0.393367
vt 0.731788 0.793675
vt 0.734323 0.793676
vt 0.734311 0.820938
vt 0.731775 0.820938
vt 0.992953 0.386514
vt 0.995489 0.386515
vt 0.995501 0.408082
vt 0.992965 0.408082
vt 0.995505 0.435928
vt 0.992969 0.435928
vt 0.374599 0.427711
vt 0.371142 0.430021
vt 0.995501 0.465814
vt 0.992965 0.465814
vt 0.386659 0.456827
vt 0.382581 0.457638
vt 0.992953 0.438610
vt 0.992949 0.470118
vt 0.989792 0.470118
vt 0.989797 0.438610
vt 0.605979 0.484821
vt 0.557141 0.517456
vt 0.612056 0.490898
vt 0.579423 0.539740
vt 0.768867 0.176239
vt 0.772023 0.176239
vt 0.768866 0.184831
vt 0.772022 0.184832
vt 0.368034 0.376528
vt 0.370344 0.373071
vt 0.360810 0.369304
vt 0.364267 0.366994
vt 0.783427 0.189136
vt 0.780891 0.189135
vt 0.780893 0.178921
vt 0.783428 0.178921
vt 0.783422 0.198491
vt 0.780887 0.198491
vt 0.356900 0.359865
vt 0.360978 0.359054
vt 0.778347 0.191111
vt 0.780883 0.191111
vt 0.780887 0.198548
vt 0.778352 0.198548
vt 0.356900 0.349649
vt 0.360978 0.350460
vt 0.768862 0.192701
vt 0.772019 0.192701
vt 0.765697 0.186494
vt 0.765701 0.192749
vt 0.762544 0.192749
vt 0.762541 0.186493
vt 0.619995 0.494187
vt 0.608536 0.551800
vt 0.628589 0.494187
vt 0.640049 0.551800
vt 0.992936 0.498979
vt 0.989779 0.498978
vt 0.144917 0.977575
vt 0.144904 0.954834
vt 0.148060 0.954834
vt 0.148073 0.977576
vt 0.374599 0.517456
vt 0.371142 0.515146
vt 0.382581 0.487530
vt 0.386659 0.488341
vt 0.995489 0.493189
vt 0.992953 0.493189
vt 0.949375 0.992560
vt 0.946840 0.992560
vt 0.946827 0.970989
vt 0.949363 0.970989
vt 0.946823 0.943141
vt 0.949359 0.943141
vt 0.352315 0.539740
vt 0.350005 0.536283
vt 0.946827 0.913255
vt 0.949363 0.913256
vt 0.323200 0.551800
vt 0.322389 0.547722
vt 0.144899 0.925474
vt 0.144904 0.893967
vt 0.148060 0.893967
vt 0.148056 0.925475
vt 0.636528 0.490898
vt 0.669162 0.539740
vt 0.642605 0.484821
vt 0.691444 0.517456
vt 0.765696 0.178459
vt 0.762540 0.178458
vt 0.765697 0.169869
vt 0.762541 0.169868
vt 0.360810 0.340210
vt 0.364267 0.342520
vt 0.368034 0.332986
vt 0.370344 0.336443
vt 0.377473 0.329076
vt 0.378284 0.333154
vt 0.765701 0.162031
vt 0.762544 0.162030
vt 0.778352 0.162030
vt 0.780887 0.162030
vt 0.780883 0.171348
vt 0.778347 0.171348
vt 0.780881 0.181560
vt 0.778346 0.181560
vt 0.785971 0.191118
vt 0.788506 0.191118
vt 0.788510 0.198489
vt 0.785975 0.198489
vt 0.387689 0.329076
vt 0.386878 0.333154
vt 0.397128 0.332986
vt 0.394818 0.336443
vt 0.785969 0.181601
vt 0.788505 0.181601
vt 0.778342 0.186499
vt 0.778346 0.192700
vt 0.775189 0.192700
vt 0.775186 0.186499
vt 0.778341 0.178493
vt 0.775185 0.178493
vt 0.645893 0.468287
vt 0.703503 0.456827
vt 0.703503 0.488341
vt 0.645893 0.476881
vt 0.642605 0.460347
vt 0.691443 0.427711
vt 0.069130 0.977576
vt 0.069117 0.954833
vt 0.072274 0.954834
vt 0.072287 0.977577
vt 0.069113 0.925473
vt 0.072269 0.925474
vt 0.240286 0.517456
vt 0.243744 0.515146
vt 0.264880 0.536283
vt 0.262570 0.539740
vt 0.292497 0.547722
vt 0.291686 0.551800
vt 0.951927 0.992561
vt 0.949391 0.992561
vt 0.949379 0.970989
vt 0.951915 0.970989
vt 0.949375 0.943140
vt 0.951910 0.943140
vt 0.949379 0.913255
vt 0.951915 0.913255
vt 0.228226 0.488341
vt 0.232304 0.487530
vt 0.228226 0.456827
vt 0.232304 0.457638
vt 0.949391 0.885882
vt 0.951927 0.885882
vt 0.069117 0.893966
vt 0.069130 0.865108
vt 0.072287 0.865108
vt 0.072274 0.893966
vt 0.240286 0.427711
vt 0.243744 0.430021
vt 0.226088 0.863677
vt 0.226101 0.886617
vt 0.222944 0.886616
vt 0.222931 0.863676
vt 0.262570 0.405427
vt 0.264880 0.408885
vt 0.226105 0.916080
vt 0.222949 0.916079
vt 0.612056 0.454270
vt 0.579422 0.405427
vt 0.731775 0.714091
vt 0.734311 0.714092
vt 0.734323 0.735851
vt 0.731788 0.735851
vt 0.734327 0.763797
vt 0.731792 0.763797
vt 0.450114 0.393367
vt 0.450925 0.397445
vt 0.423310 0.408885
vt 0.421000 0.405427
vt 0.402175 0.430021
vt 0.398718 0.427711
vt 0.299836 0.916537
vt 0.299832 0.948037
vt 0.296675 0.948036
vt 0.296680 0.916536
vt 0.299832 0.887074
vt 0.296675 0.887073
vt 0.253508 0.595619
vt 0.239329 0.586144
vt 0.261613 0.563860
vt 0.271087 0.578040
vt 0.290728 0.551800
vt 0.294055 0.568526
vt 0.227265 0.845041
vt 0.226702 0.845041
vt 0.226705 0.820186
vt 0.227269 0.820186
vt 0.226702 0.797026
vt 0.227265 0.797026
vt 0.722045 0.199509
vt 0.718762 0.216016
vt 0.700469 0.216016
vt 0.697185 0.199509
vt 0.745013 0.209022
vt 0.735663 0.223016
vt 0.385712 0.671080
vt 0.386275 0.671080
vt 0.386273 0.689365
vt 0.385709 0.689365
vt 0.385709 0.653978
vt 0.386273 0.653978
vt 0.420406 0.778950
vt 0.406595 0.758281
vt 0.423496 0.751281
vt 0.428346 0.775661
vt 0.414329 0.785027
vt 0.393660 0.771217
vt 0.772028 0.176238
vt 0.772027 0.168232
vt 0.775183 0.168232
vt 0.775185 0.176239
vt 0.772027 0.184831
vt 0.775183 0.184831
vt 0.421704 0.336443
vt 0.419394 0.332986
vt 0.428832 0.329076
vt 0.429643 0.333154
vt 0.415628 0.342520
vt 0.412171 0.340210
vt 0.412339 0.350460
vt 0.408261 0.349649
vt 0.772023 0.192701
vt 0.775180 0.192701
vt 0.412339 0.359054
vt 0.408262 0.359865
vt 0.765704 0.168232
vt 0.765701 0.162030
vt 0.768857 0.162031
vt 0.768861 0.168233
vt 0.441789 0.751281
vt 0.436940 0.775661
vt 0.458690 0.758281
vt 0.444880 0.778950
vt 0.733754 0.867384
vt 0.734317 0.867385
vt 0.734325 0.880583
vt 0.733761 0.880583
vt 0.386265 0.706049
vt 0.385702 0.706049
vt 0.762592 0.226601
vt 0.748598 0.235952
vt 0.772106 0.249569
vt 0.755599 0.252852
vt 0.227255 0.867806
vt 0.226692 0.867806
vt 0.226679 0.797026
vt 0.226115 0.797026
vt 0.226105 0.779085
vt 0.226669 0.779085
vt 0.318915 0.568526
vt 0.322242 0.551800
vt 0.351358 0.563860
vt 0.341883 0.578040
vt 0.299819 0.976778
vt 0.296662 0.976778
vt 0.992982 0.551801
vt 0.992995 0.574539
vt 0.989839 0.574538
vt 0.989826 0.551800
vt 0.386659 0.456827
vt 0.390737 0.457638
vt 0.390737 0.487530
vt 0.386659 0.488341
vt 0.402176 0.515146
vt 0.398719 0.517456
vt 0.993000 0.603896
vt 0.989843 0.603896
vt 0.423311 0.536283
vt 0.421001 0.539740
vt 0.992995 0.635404
vt 0.989839 0.635403
vt 0.373642 0.586144
vt 0.359462 0.595619
vt 0.385702 0.615260
vt 0.368976 0.618587
vt 0.226679 0.845042
vt 0.226115 0.845042
vt 0.226119 0.820187
vt 0.226682 0.820187
vt 0.772106 0.274429
vt 0.755599 0.271146
vt 0.762592 0.297397
vt 0.748598 0.288047
vt 0.734327 0.897625
vt 0.733764 0.897625
vt 0.734325 0.915914
vt 0.733761 0.915914
vt 0.450957 0.785027
vt 0.471625 0.771217
vt 0.478626 0.788117
vt 0.454245 0.792967
vt 0.765706 0.176239
vt 0.768862 0.176239
vt 0.765704 0.184831
vt 0.768861 0.184832
vt 0.415628 0.366994
vt 0.412171 0.369304
vt 0.421704 0.373071
vt 0.419395 0.376528
vt 0.429644 0.376360
vt 0.428833 0.380437
vt 0.765701 0.192701
vt 0.768857 0.192701
vt 0.438237 0.376360
vt 0.439048 0.380437
vt 0.762536 0.186494
vt 0.762540 0.192749
vt 0.759383 0.192749
vt 0.759380 0.186493
vt 0.478626 0.806411
vt 0.454245 0.801561
vt 0.471625 0.823312
vt 0.450957 0.809501
vt 0.300983 0.929418
vt 0.300420 0.929418
vt 0.300412 0.916217
vt 0.300976 0.916217
vt 0.734317 0.932667
vt 0.733754 0.932667
vt 0.745013 0.314976
vt 0.735663 0.300982
vt 0.722045 0.324490
vt 0.718762 0.307983
vt 0.226669 0.867807
vt 0.226105 0.867807
vt 0.385705 0.622565
vt 0.386269 0.622565
vt 0.386279 0.640661
vt 0.385715 0.640661
vt 0.368976 0.643447
vt 0.385702 0.646774
vt 0.373642 0.675889
vt 0.359462 0.666415
vt 0.992982 0.664265
vt 0.989826 0.664264
vt 0.148419 0.977575
vt 0.148406 0.954834
vt 0.151563 0.954834
vt 0.151575 0.977576
vt 0.450115 0.551800
vt 0.450926 0.547722
vt 0.480816 0.547722
vt 0.481627 0.551800
vt 0.508430 0.536283
vt 0.510740 0.539740
vt 0.148402 0.925474
vt 0.151558 0.925474
vt 0.529565 0.515146
vt 0.533022 0.517456
vt 0.148406 0.893967
vt 0.151563 0.893967
vt 0.351358 0.698173
vt 0.341883 0.683994
vt 0.322242 0.710233
vt 0.318915 0.693507
vt 0.385705 0.574473
vt 0.386269 0.574474
vt 0.386265 0.599323
vt 0.385702 0.599323
vt 0.697185 0.324490
vt 0.700469 0.307983
vt 0.674217 0.314976
vt 0.683568 0.300982
vt 0.300410 0.899174
vt 0.300973 0.899174
vt 0.300412 0.880885
vt 0.300976 0.880885
vt 0.444880 0.815578
vt 0.458690 0.836247
vt 0.441789 0.843247
vt 0.436940 0.818867
vt 0.762535 0.178459
vt 0.759378 0.178458
vt 0.762536 0.169869
vt 0.759380 0.169868
vt 0.446177 0.373071
vt 0.448486 0.376528
vt 0.452253 0.366994
vt 0.455710 0.369304
vt 0.455542 0.359054
vt 0.459619 0.359865
vt 0.762540 0.162031
vt 0.759383 0.162030
vt 0.455542 0.350460
vt 0.459619 0.349649
vt 0.778111 0.380997
vt 0.778114 0.387198
vt 0.774958 0.387198
vt 0.774954 0.380997
vt 0.423496 0.843247
vt 0.428346 0.818867
vt 0.406595 0.836247
vt 0.420406 0.815578
vt 0.300410 0.929418
vt 0.299846 0.929418
vt 0.299839 0.916217
vt 0.300402 0.916217
vt 0.300420 0.864133
vt 0.300983 0.864133
vt 0.656639 0.297397
vt 0.670633 0.288047
vt 0.647125 0.274429
vt 0.663632 0.271146
vt 0.385715 0.551800
vt 0.386279 0.551800
vt 0.478024 0.914028
vt 0.478588 0.914028
vt 0.478598 0.931965
vt 0.478034 0.931965
vt 0.294055 0.693507
vt 0.290728 0.710233
vt 0.261613 0.698173
vt 0.271087 0.683994
vt 0.148419 0.865108
vt 0.151575 0.865108
vt 0.072631 0.977576
vt 0.072619 0.954833
vt 0.075775 0.954834
vt 0.075788 0.977577
vt 0.545081 0.488341
vt 0.541004 0.487530
vt 0.541003 0.457638
vt 0.545081 0.456827
vt 0.946840 0.885882
vt 0.949375 0.885882
vt 0.529565 0.430021
vt 0.533022 0.427711
vt 0.072614 0.925473
vt 0.075771 0.925474
vt 0.508429 0.408885
vt 0.510739 0.405427
vt 0.072619 0.893966
vt 0.075775 0.893966
vt 0.239329 0.675889
vt 0.253508 0.666415
vt 0.227269 0.646774
vt 0.243995 0.643447
vt 0.478024 0.866014
vt 0.478588 0.866015
vt 0.478584 0.890870
vt 0.478021 0.890869
vt 0.647125 0.249569
vt 0.663632 0.252852
vt 0.656639 0.226601
vt 0.670633 0.235952
vt 0.299836 0.899174
vt 0.300400 0.899174
vt 0.299839 0.880884
vt 0.300402 0.880884
vt 0.414329 0.809501
vt 0.393660 0.823312
vt 0.386659 0.806411
vt 0.411040 0.801561
vt 0.778109 0.372991
vt 0.774953 0.372991
vt 0.778111 0.364399
vt 0.774954 0.364399
vt 0.446176 0.336443
vt 0.448486 0.332986
vt 0.455710 0.340210
vt 0.452253 0.342520
vt 0.785971 0.171386
vt 0.788506 0.171387
vt 0.785975 0.162030
vt 0.788510 0.162030
vt 0.438237 0.333154
vt 0.439048 0.329076
vt 0.783428 0.162030
vt 0.785964 0.162031
vt 0.778114 0.356529
vt 0.774958 0.356528
vt 0.772023 0.162030
vt 0.775180 0.162031
vt 0.411040 0.792967
vt 0.386659 0.788117
vt 0.299846 0.864133
vt 0.300410 0.864133
vt 0.385702 0.640661
vt 0.386265 0.640661
vt 0.683568 0.223016
vt 0.674217 0.209022
vt 0.478034 0.843247
vt 0.478598 0.843247
vt 0.226692 0.779086
vt 0.227255 0.779086
vt 0.227269 0.615260
vt 0.243995 0.618587
vt 0.299819 0.864133
vt 0.296662 0.864133
vt 0.072631 0.865108
vt 0.075788 0.865108
vt 0.480815 0.397445
vt 0.481626 0.393367
vt 0.144917 0.865108
vt 0.148073 0.865108
vt 0.928250 0.313446
vt 0.678353 0.329076
vt 0.701713 0.387201
vn -0.027201 -0.999630 0.000000
vn 0.648400 -0.761300 0.000000
vn 0.648429 -0.703332 -0.291313
vn -0.027201 -0.923547 -0.382520
vn -0.027201 -0.923547 -0.382520
vn -0.054301 -0.922521 -0.382109
vn -0.054301 -0.998525 0.000000
vn -0.027201 -0.999630 0.000000
vn -0.027201 -0.923547 -0.382520
vn 0.648429 -0.703332 -0.291313
vn 0.648414 -0.538312 -0.538312
vn -0.027202 -0.706845 -0.706845
vn -0.027202 -0.706845 -0.706845
vn -0.054297 -0.706064 -0.706064
vn -0.054301 -0.922521 -0.382109
vn -0.027201 -0.923547 -0.382520
vn 0.648400 -0.761300 0.000000
vn 0.966174 -0.257893 0.000000
vn 0.966166 -0.238292 -0.098697
vn 0.648429 -0.703332 -0.291313
vn 0.648429 -0.703332 -0.291313
vn 0.966166 -0.238292 -0.098697
vn 0.966160 -0.182393 -0.182393
vn 0.648414 -0.538312 -0.538312
vn 0.008399 0.896446 0.443073
vn 0.000000 0.923877 0.382690
vn 0.000000 1.000000 0.000000
vn 0.000000 1.000000 0.000000
vn 0.008400 0.752377 0.658680
vn 0.000000 0.707107 0.707107
vn 0.000000 0.923877 0.382690
vn 0.008399 0.896446 0.443073
vn 0.989388 -0.145298 0.000000
vn 0.611584 -0.791179 0.000000
vn 0.257803 -0.870809 -0.418604
vn 0.988981 -0.145197 -0.028899
vn 0.008399 0.896446 0.443073
vn 0.008400 0.896585 0.442792
vn 0.008400 0.752191 0.658892
vn 0.008400 0.752377 0.658680
vn 0.000000 -0.382690 0.923877
vn 0.000000 -0.382690 0.923877
vn 0.000000 -0.382690 0.923877
vn 0.000000 -0.382690 0.923877
vn -0.992723 0.118103 0.023501
vn -0.992723 0.118103 0.023501
vn -0.993002 0.118100 0.000000
vn -0.993002 0.118100 0.000000
vn 0.000000 1.000000 0.000000
vn -0.566002 0.824404 0.000000
vn -0.565977 0.761668 0.315487
vn 0.008400 0.896585 0.442792
vn 0.008400 0.896585 0.442792
vn -0.565977 0.761668 0.315487
vn -0.566028 0.582929 0.582929
vn 0.008400 0.752191 0.658892
vn 0.257802 -0.720006 -0.644305
vn -0.006400 -0.752202 -0.658902
vn -0.006400 -0.896598 -0.442799
vn 0.257803 -0.870809 -0.418604
vn -0.006400 -0.752202 -0.658902
vn 0.001200 -0.707106 -0.707106
vn 0.001200 -0.923876 -0.382690
vn -0.006400 -0.896598 -0.442799
vn -0.006400 -0.896598 -0.442799
vn 0.001200 -0.923876 -0.382690
vn 0.001200 -0.999999 0.000000
vn 0.002500 -0.999997 0.000000
vn 0.001200 -0.707106 -0.707106
vn 0.000000 -0.707107 -0.707107
vn 0.000000 -0.923877 -0.382690
vn 0.001200 -0.923876 -0.382690
vn 0.001200 -0.923876 -0.382690
vn 0.000000 -0.923877 -0.382690
vn 0.000000 -1.000000 0.000000
vn 0.001200 -0.999999 0.000000
vn 0.001200 -0.999999 0.000000
vn 0.000000 -1.000000 0.000000
vn 0.000000 -0.923877 0.382690
vn 0.001200 -0.923876 0.382690
vn 0.002500 -0.999997 0.000000
vn 0.001200 -0.999999 0.000000
vn 0.001200 -0.923876 0.382690
vn -0.006400 -0.896598 0.442799
vn 0.001200 -0.923876 0.382690
vn 0.000000 -0.923877 0.382690
vn 0.000000 -0.707107 0.707107
vn 0.001200 -0.707106 0.707106
vn -0.006400 -0.896598 0.442799
vn 0.001200 -0.923876 0.382690
vn 0.001200 -0.707106 0.707106
vn -0.006400 -0.752202 0.658902
vn 0.000000 -0.382690 -0.923877
vn 0.000000 -0.382690 -0.923877
vn 0.000000 -0.382690 -0.923877
vn 0.000000 -0.382690 -0.923877
vn -0.993002 0.118100 0.000000
vn -0.993002 0.118100 0.000000
vn -0.992723 0.118103 -0.023501
vn -0.992723 0.118103 -0.023501
vn -0.006400 -0.752202 0.658902
vn 0.257802 -0.720006 0.644305
vn 0.257803 -0.870809 0.418604
vn -0.006400 -0.896598 0.442799
vn 0.988981 -0.145197 0.028899
vn 0.257803 -0.870809 0.418604
vn 0.611584 -0.791179 0.000000
vn 0.989388 -0.145298 0.000000
vn 0.257802 -0.720006 0.644305
vn -0.011499 -0.707060 0.707060
vn -0.011500 -0.923801 0.382700
vn 0.257803 -0.870809 0.418604
vn 0.257803 -0.870809 0.418604
vn -0.011500 -0.923801 0.382700
vn -0.011500 -0.999934 0.000000
vn 0.611584 -0.791179 0.000000
vn 0.999872 -0.011300 0.011300
vn 0.999872 -0.011300 0.011300
vn 0.999873 -0.014700 0.006100
vn 0.999873 -0.014700 0.006100
vn 0.999873 -0.014700 0.006100
vn 0.999873 -0.014700 0.006100
vn 0.999872 -0.016000 0.000000
vn 0.999872 -0.016000 0.000000
vn 0.999872 -0.016000 0.000000
vn 0.999872 -0.016000 0.000000
vn 0.999873 -0.014700 -0.006100
vn 0.999873 -0.014700 -0.006100
vn 0.611584 -0.791179 0.000000
vn -0.011500 -0.999934 0.000000
vn -0.011500 -0.923801 -0.382700
vn 0.257803 -0.870809 -0.418604
vn 0.999873 -0.014700 -0.006100
vn 0.999873 -0.014700 -0.006100
vn 0.999872 -0.011300 -0.011300
vn 0.999872 -0.011300 -0.011300
vn 0.257803 -0.870809 -0.418604
vn -0.011500 -0.923801 -0.382700
vn -0.011499 -0.707060 -0.707060
vn 0.257802 -0.720006 -0.644305
vn 0.999872 -0.011300 -0.011300
vn 0.999872 -0.011300 -0.011300
vn 0.999873 -0.006100 -0.014700
vn 0.999873 -0.006100 -0.014700
vn 0.257802 -0.720006 -0.644305
vn -0.011499 -0.707060 -0.707060
vn -0.011500 -0.382700 -0.923801
vn 0.611613 -0.302806 -0.730916
vn 0.000000 0.707107 -0.707107
vn 0.000000 0.707107 -0.707107
vn 0.000000 0.707107 -0.707107
vn 0.000000 0.707107 -0.707107
vn 0.988976 -0.082298 -0.123097
vn 0.257802 -0.720006 -0.644305
vn 0.611613 -0.302806 -0.730916
vn 0.989393 -0.055600 -0.134199
vn 0.989393 -0.055600 -0.134199
vn 0.611613 -0.302806 -0.730916
vn 0.257804 0.053501 -0.964715
vn 0.988981 -0.028899 -0.145197
vn 0.611613 -0.302806 -0.730916
vn -0.011500 -0.382700 -0.923801
vn -0.011500 0.000000 -0.999934
vn 0.257804 0.053501 -0.964715
vn 0.257804 0.053501 -0.964715
vn -0.011500 0.000000 -0.999934
vn -0.011500 0.382700 -0.923801
vn 0.257794 0.319692 -0.911778
vn 0.000000 -1.000000 0.000000
vn 0.000000 -1.000000 0.000000
vn 0.000000 -1.000000 0.000000
vn 0.000000 -1.000000 0.000000
vn 0.257794 0.319692 -0.911778
vn -0.006400 0.320808 -0.947123
vn -0.006400 0.066000 -0.997799
vn 0.257804 0.053501 -0.964715
vn -0.006400 0.320808 -0.947123
vn 0.001200 0.382690 -0.923876
vn 0.001200 0.000000 -0.999999
vn -0.006400 0.066000 -0.997799
vn -0.006400 0.066000 -0.997799
vn 0.001200 0.000000 -0.999999
vn 0.001200 -0.382690 -0.923876
vn 0.002500 -0.382689 -0.923874
vn -0.992723 0.023501 0.118103
vn -0.992723 0.023501 0.118103
vn -0.993003 0.045200 0.109100
vn -0.993003 0.045200 0.109100
vn 0.002500 -0.382689 -0.923874
vn 0.001200 -0.382690 -0.923876
vn 0.001200 -0.707106 -0.707106
vn -0.006400 -0.752202 -0.658902
vn -0.993003 0.045200 0.109100
vn -0.993003 0.045200 0.109100
vn -0.992725 0.066902 0.100103
vn -0.992725 0.066902 0.100103
vn 0.008400 0.752191 0.658892
vn -0.566028 0.582929 0.582929
vn -0.565977 0.315487 0.761668
vn 0.000000 0.382690 0.923877
vn 0.000000 0.382690 0.923877
vn -0.565977 0.315487 0.761668
vn -0.566002 0.000000 0.824404
vn 0.008400 -0.065999 0.997784
vn -0.566028 0.582929 0.582929
vn -0.959538 0.199108 0.199108
vn -0.959552 0.107706 0.260114
vn -0.565977 0.315487 0.761668
vn -0.565977 0.315487 0.761668
vn -0.959552 0.107706 0.260114
vn -0.959556 0.000000 0.281517
vn -0.566002 0.000000 0.824404
vn 0.000000 -0.707107 -0.707107
vn 0.000000 -0.382690 -0.923877
vn 0.000000 -0.382690 -0.923877
vn 0.000000 -0.707107 -0.707107
vn 0.000000 -0.382690 -0.923877
vn 0.000000 0.000000 -1.000000
vn 0.000000 0.000000 -1.000000
vn 0.000000 -0.382690 -0.923877
vn 0.000000 0.000000 -1.000000
vn 0.000000 0.382690 -0.923877
vn 0.000000 0.382690 -0.923877
vn 0.000000 0.000000 -1.000000
vn -0.566002 0.000000 0.824404
vn -0.959556 0.000000 0.281517
vn -0.959552 -0.107706 0.260114
vn -0.565977 -0.315487 0.761668
vn 0.000000 0.382690 -0.923877
vn 0.000000 0.707107 -0.707107
vn 0.000000 0.707107 -0.707107
vn 0.000000 0.382690 -0.923877
vn -0.565977 -0.315487 0.761668
vn -0.959552 -0.107706 0.260114
vn -0.959538 -0.199108 0.199108
vn -0.566028 -0.582929 0.582929
vn 0.008400 -0.065999 0.997784
vn -0.566002 0.000000 0.824404
vn -0.565977 -0.315487 0.761668
vn 0.008400 -0.320893 0.947078
vn 0.008400 -0.320893 0.947078
vn -0.565977 -0.315487 0.761668
vn -0.566028 -0.582929 0.582929
vn 0.000000 -0.707107 0.707107
vn 0.000000 -0.707107 0.707107
vn -0.566028 -0.582929 0.582929
vn -0.565977 -0.761668 0.315487
vn 0.008400 -0.947078 0.320893
vn -0.566028 -0.582929 0.582929
vn -0.959538 -0.199108 0.199108
vn -0.959552 -0.260114 0.107706
vn -0.565977 -0.761668 0.315487
vn -0.993003 -0.083500 0.083500
vn -0.993003 -0.083500 0.083500
vn -0.992725 -0.066902 0.100103
vn -0.992725 -0.066902 0.100103
vn -0.992725 -0.100103 0.066902
vn -0.992725 -0.100103 0.066902
vn -0.993003 -0.083500 0.083500
vn -0.993003 -0.083500 0.083500
vn -0.006400 0.947123 -0.320808
vn 0.001200 0.923876 -0.382690
vn 0.001200 0.707106 -0.707106
vn 0.002500 0.707105 -0.707105
vn 0.002500 0.707105 -0.707105
vn 0.001200 0.707106 -0.707106
vn 0.001200 0.382690 -0.923876
vn -0.006400 0.320808 -0.947123
vn 0.000000 -0.382690 -0.923877
vn 0.000000 -0.382690 -0.923877
vn 0.000000 -0.382690 -0.923877
vn 0.000000 -0.382690 -0.923877
vn -0.010800 0.999942 0.000000
vn 0.001200 0.999999 0.000000
vn 0.001200 0.923876 -0.382690
vn -0.006400 0.947123 -0.320808
vn -0.017901 0.999840 0.000000
vn -0.010800 0.999942 0.000000
vn -0.006400 0.947123 -0.320808
vn 0.257794 0.911778 -0.319692
vn 0.001200 0.923876 -0.382690
vn 0.000000 0.923877 -0.382690
vn 0.000000 0.707107 -0.707107
vn 0.001200 0.707106 -0.707106
vn 0.001200 0.999999 0.000000
vn 0.000000 1.000000 0.000000
vn 0.000000 0.923877 -0.382690
vn 0.001200 0.923876 -0.382690
vn 0.001200 0.923876 0.382690
vn 0.000000 0.923877 0.382690
vn 0.000000 1.000000 0.000000
vn 0.001200 0.999999 0.000000
vn -0.006400 0.947123 0.320808
vn 0.001200 0.923876 0.382690
vn 0.001200 0.999999 0.000000
vn -0.010800 0.999942 0.000000
vn 0.001200 0.707106 0.707106
vn 0.000000 0.707107 0.707107
vn 0.000000 0.923877 0.382690
vn 0.001200 0.923876 0.382690
vn 0.002500 0.707105 0.707105
vn 0.001200 0.707106 0.707106
vn 0.001200 0.923876 0.382690
vn -0.006400 0.947123 0.320808
vn -0.993003 -0.083500 -0.083500
vn -0.993003 -0.083500 -0.083500
vn -0.992725 -0.100103 -0.066902
vn -0.992725 -0.100103 -0.066902
vn 0.000000 -0.382690 0.923877
vn 0.000000 -0.382690 0.923877
vn 0.000000 -0.382690 0.923877
vn 0.000000 -0.382690 0.923877
vn 0.257794 0.911778 0.319692
vn -0.006400 0.947123 0.320808
vn -0.010800 0.999942 0.000000
vn -0.017901 0.999840 0.000000
vn 0.988976 0.123097 0.082298
vn 0.257794 0.911778 0.319692
vn 0.611627 0.559425 0.559425
vn 0.989397 0.102700 0.102700
vn 0.257794 0.911778 0.319692
vn -0.011500 0.923801 0.382700
vn -0.011499 0.707060 0.707060
vn 0.611627 0.559425 0.559425
vn -0.017901 0.999840 0.000000
vn -0.011500 0.999934 0.000000
vn -0.011500 0.923801 0.382700
vn 0.257794 0.911778 0.319692
vn 0.999873 0.014700 0.006100
vn 0.999873 0.014700 0.006100
vn 0.999872 0.011300 0.011300
vn 0.999872 0.011300 0.011300
vn 0.999872 0.016000 0.000000
vn 0.999872 0.016000 0.000000
vn 0.999873 0.014700 0.006100
vn 0.999873 0.014700 0.006100
vn 0.257794 0.911778 -0.319692
vn -0.011500 0.923801 -0.382700
vn -0.011500 0.999934 0.000000
vn -0.017901 0.999840 0.000000
vn 0.999873 0.014700 -0.006100
vn 0.999873 0.014700 -0.006100
vn 0.999872 0.016000 0.000000
vn 0.999872 0.016000 0.000000
vn 0.611627 0.559425 -0.559425
vn -0.011499 0.707060 -0.707060
vn -0.011500 0.923801 -0.382700
vn 0.257794 0.911778 -0.319692
vn 0.999872 0.011300 -0.011300
vn 0.999872 0.011300 -0.011300
vn 0.999873 0.014700 -0.006100
vn 0.999873 0.014700 -0.006100
vn 0.257794 0.319692 -0.911778
vn -0.011500 0.382700 -0.923801
vn -0.011499 0.707060 -0.707060
vn 0.611627 0.559425 -0.559425
vn 0.999873 0.006100 -0.014700
vn 0.999873 0.006100 -0.014700
vn 0.999872 0.011300 -0.011300
vn 0.999872 0.011300 -0.011300
vn 0.999872 0.000000 -0.016000
vn 0.999872 0.000000 -0.016000
vn 0.999873 0.006100 -0.014700
vn 0.999873 0.006100 -0.014700
vn 0.017301 -0.382618 0.923744
vn 0.011500 -0.382700 0.923801
vn 0.011500 0.000000 0.999934
vn 0.017299 0.000000 0.999850
vn 0.017300 -0.707001 0.707001
vn 0.011499 -0.707060 0.707060
vn 0.011500 -0.382700 0.923801
vn 0.017301 -0.382618 0.923744
vn 0.017299 0.000000 0.999850
vn 0.011500 0.000000 0.999934
vn 0.011500 0.382700 0.923801
vn 0.017301 0.382618 0.923744
vn 0.999873 -0.006100 -0.014700
vn 0.999873 -0.006100 -0.014700
vn 0.999872 0.000000 -0.016000
vn 0.999872 0.000000 -0.016000
vn 0.017301 0.382618 0.923744
vn 0.011500 0.382700 0.923801
vn 0.011499 0.707060 0.707060
vn 0.017300 0.707001 0.707001
vn 0.017300 0.707001 0.707001
vn 0.010300 0.707069 0.707069
vn 0.010300 0.382705 0.923813
vn 0.017301 0.382618 0.923744
vn 0.017301 0.382618 0.923744
vn 0.010300 0.382705 0.923813
vn 0.010300 0.000000 0.999947
vn 0.017299 0.000000 0.999850
vn 0.010300 0.707069 0.707069
vn -0.001200 0.707106 0.707106
vn -0.001200 0.382690 0.923876
vn 0.010300 0.382705 0.923813
vn 0.010300 0.382705 0.923813
vn -0.001200 0.382690 0.923876
vn -0.001200 0.000000 0.999999
vn 0.010300 0.000000 0.999947
vn -0.001200 0.707106 0.707106
vn 0.000000 0.707107 0.707107
vn 0.000000 0.382690 0.923877
vn -0.001200 0.382690 0.923876
vn -0.001200 0.382690 0.923876
vn 0.000000 0.382690 0.923877
vn 0.000000 0.000000 1.000000
vn -0.001200 0.000000 0.999999
vn -1.000000 -0.000400 -0.000900
vn -1.000000 -0.000400 -0.000900
vn -1.000000 -0.000700 -0.000700
vn -1.000000 -0.000700 -0.000700
vn -1.000000 0.000000 -0.001000
vn -1.000000 0.000000 -0.001000
vn -1.000000 -0.000400 -0.000900
vn -1.000000 -0.000400 -0.000900
vn 0.001200 0.000000 -0.999999
vn 0.000000 0.000000 -1.000000
vn 0.000000 -0.382690 -0.923877
vn 0.001200 -0.382690 -0.923876
vn 0.001200 -0.382690 -0.923876
vn 0.000000 -0.382690 -0.923877
vn 0.000000 -0.707107 -0.707107
vn 0.001200 -0.707106 -0.707106
vn -1.000000 -0.000700 -0.000700
vn -1.000000 -0.000700 -0.000700
vn -1.000000 -0.000900 -0.000400
vn -1.000000 -0.000900 -0.000400
vn -1.000000 0.000400 -0.000900
vn -1.000000 0.000400 -0.000900
vn -1.000000 0.000000 -0.001000
vn -1.000000 0.000000 -0.001000
vn 0.001200 0.382690 -0.923876
vn 0.000000 0.382690 -0.923877
vn 0.000000 0.000000 -1.000000
vn 0.001200 0.000000 -0.999999
vn -1.000000 0.000700 -0.000700
vn -1.000000 0.000700 -0.000700
vn -1.000000 0.000400 -0.000900
vn -1.000000 0.000400 -0.000900
vn 0.001200 0.707106 -0.707106
vn 0.000000 0.707107 -0.707107
vn 0.000000 0.382690 -0.923877
vn 0.001200 0.382690 -0.923876
vn -1.000000 0.000900 -0.000400
vn -1.000000 0.000900 -0.000400
vn -1.000000 0.000700 -0.000700
vn -1.000000 0.000700 -0.000700
vn -0.001200 -0.382690 0.923876
vn 0.000000 -0.382690 0.923877
vn 0.000000 -0.707107 0.707107
vn -0.001200 -0.707106 0.707106
vn -0.001200 -0.707106 0.707106
vn 0.000000 -0.707107 0.707107
vn 0.000000 -0.923877 0.382690
vn -0.001200 -0.923876 0.382690
vn 0.010300 -0.382705 0.923813
vn -0.001200 -0.382690 0.923876
vn -0.001200 -0.707106 0.707106
vn 0.010300 -0.707069 0.707069
vn 0.010300 -0.707069 0.707069
vn -0.001200 -0.707106 0.707106
vn -0.001200 -0.923876 0.382690
vn 0.010300 -0.923813 0.382705
vn 0.017301 -0.382618 0.923744
vn 0.010300 -0.382705 0.923813
vn 0.010300 -0.707069 0.707069
vn 0.017300 -0.707001 0.707001
vn 0.017300 -0.707001 0.707001
vn 0.010300 -0.707069 0.707069
vn 0.010300 -0.923813 0.382705
vn 0.017301 -0.923744 0.382618
vn 0.017301 -0.923744 0.382618
vn 0.011500 -0.923801 0.382700
vn 0.011499 -0.707060 0.707060
vn 0.017300 -0.707001 0.707001
vn 0.017299 -0.999850 0.000000
vn 0.011500 -0.999934 0.000000
vn 0.011500 -0.923801 0.382700
vn 0.017301 -0.923744 0.382618
vn 0.017301 -0.923744 0.382618
vn 0.010300 -0.923813 0.382705
vn 0.010300 -0.999947 0.000000
vn 0.017299 -0.999850 0.000000
vn 0.017299 -0.999850 0.000000
vn 0.010300 -0.999947 0.000000
vn 0.010300 -0.923813 -0.382705
vn 0.017301 -0.923744 -0.382618
vn 0.017301 -0.923744 -0.382618
vn 0.011500 -0.923801 -0.382700
vn 0.011500 -0.999934 0.000000
vn 0.017299 -0.999850 0.000000
vn 0.010300 -0.923813 0.382705
vn -0.001200 -0.923876 0.382690
vn -0.001200 -0.999999 0.000000
vn 0.010300 -0.999947 0.000000
vn 0.010300 -0.999947 0.000000
vn -0.001200 -0.999999 0.000000
vn -0.001200 -0.923876 -0.382690
vn 0.010300 -0.923813 -0.382705
vn -0.001200 -0.923876 0.382690
vn 0.000000 -0.923877 0.382690
vn 0.000000 -1.000000 0.000000
vn -0.001200 -0.999999 0.000000
vn -0.001200 -0.999999 0.000000
vn 0.000000 -1.000000 0.000000
vn 0.000000 -0.923877 -0.382690
vn -0.001200 -0.923876 -0.382690
vn -1.000000 0.001000 0.000000
vn -1.000000 0.001000 0.000000
vn -1.000000 0.000900 -0.000400
vn -1.000000 0.000900 -0.000400
vn -1.000000 0.000900 0.000400
vn -1.000000 0.000900 0.000400
vn -1.000000 0.001000 0.000000
vn -1.000000 0.001000 0.000000
vn -0.001200 -0.923876 -0.382690
vn 0.000000 -0.923877 -0.382690
vn 0.000000 -0.707107 -0.707107
vn -0.001200 -0.707106 -0.707106
vn -1.000000 0.000700 0.000700
vn -1.000000 0.000700 0.000700
vn -1.000000 0.000900 0.000400
vn -1.000000 0.000900 0.000400
vn -0.001200 -0.707106 -0.707106
vn 0.000000 -0.707107 -0.707107
vn 0.000000 -0.382690 -0.923877
vn -0.001200 -0.382690 -0.923876
vn -1.000000 0.000400 0.000900
vn -1.000000 0.000400 0.000900
vn -1.000000 0.000700 0.000700
vn -1.000000 0.000700 0.000700
vn 0.001200 0.382690 0.923876
vn 0.000000 0.382690 0.923877
vn 0.000000 0.707107 0.707107
vn 0.001200 0.707106 0.707106
vn -1.000000 0.000000 0.001000
vn -1.000000 0.000000 0.001000
vn -1.000000 0.000400 0.000900
vn -1.000000 0.000400 0.000900
vn 0.001200 0.000000 0.999999
vn 0.000000 0.000000 1.000000
vn 0.000000 0.382690 0.923877
vn 0.001200 0.382690 0.923876
vn -0.006400 0.320808 0.947123
vn 0.001200 0.382690 0.923876
vn 0.001200 0.707106 0.707106
vn 0.002500 0.707105 0.707105
vn -0.006400 0.066000 0.997799
vn 0.001200 0.000000 0.999999
vn 0.001200 0.382690 0.923876
vn -0.006400 0.320808 0.947123
vn -0.992725 -0.066902 -0.100103
vn -0.992725 -0.066902 -0.100103
vn -0.993003 -0.083500 -0.083500
vn -0.993003 -0.083500 -0.083500
vn 0.000000 0.923877 -0.382690
vn 0.000000 0.923877 -0.382690
vn 0.000000 0.923877 -0.382690
vn 0.000000 0.923877 -0.382690
vn 0.257804 0.053501 0.964715
vn -0.006400 0.066000 0.997799
vn -0.006400 0.320808 0.947123
vn 0.257794 0.319692 0.911778
vn 0.989397 0.102700 0.102700
vn 0.611627 0.559425 0.559425
vn 0.257794 0.319692 0.911778
vn 0.988976 0.082298 0.123097
vn 0.611627 0.559425 0.559425
vn -0.011499 0.707060 0.707060
vn -0.011500 0.382700 0.923801
vn 0.257794 0.319692 0.911778
vn 0.257794 0.319692 0.911778
vn -0.011500 0.382700 0.923801
vn -0.011500 0.000000 0.999934
vn 0.257804 0.053501 0.964715
vn 0.999872 0.011300 0.011300
vn 0.999872 0.011300 0.011300
vn 0.999873 0.006100 0.014700
vn 0.999873 0.006100 0.014700
vn 0.999873 0.006100 0.014700
vn 0.999873 0.006100 0.014700
vn 0.999872 0.000000 0.016000
vn 0.999872 0.000000 0.016000
vn 0.257804 0.053501 0.964715
vn -0.011500 0.000000 0.999934
vn -0.011500 -0.382700 0.923801
vn 0.611613 -0.302806 0.730916
vn 0.999872 0.000000 0.016000
vn 0.999872 0.000000 0.016000
vn 0.999873 -0.006100 0.014700
vn 0.999873 -0.006100 0.014700
vn 0.611613 -0.302806 0.730916
vn -0.011500 -0.382700 0.923801
vn -0.011499 -0.707060 0.707060
vn 0.257802 -0.720006 0.644305
vn 0.999873 -0.006100 0.014700
vn 0.999873 -0.006100 0.014700
vn 0.999872 -0.011300 0.011300
vn 0.999872 -0.011300 0.011300
vn 0.017301 0.382618 -0.923744
vn 0.011500 0.382700 -0.923801
vn 0.011500 0.000000 -0.999934
vn 0.017299 0.000000 -0.999850
vn 0.017300 0.707001 -0.707001
vn 0.011499 0.707060 -0.707060
vn 0.011500 0.382700 -0.923801
vn 0.017301 0.382618 -0.923744
vn 0.017299 0.000000 -0.999850
vn 0.010300 0.000000 -0.999947
vn 0.010300 0.382705 -0.923813
vn 0.017301 0.382618 -0.923744
vn 0.017301 0.382618 -0.923744
vn 0.010300 0.382705 -0.923813
vn 0.010300 0.707069 -0.707069
vn 0.017300 0.707001 -0.707001
vn 0.010300 0.000000 -0.999947
vn -0.001200 0.000000 -0.999999
vn -0.001200 0.382690 -0.923876
vn 0.010300 0.382705 -0.923813
vn 0.010300 0.382705 -0.923813
vn -0.001200 0.382690 -0.923876
vn -0.001200 0.707106 -0.707106
vn 0.010300 0.707069 -0.707069
vn -0.001200 0.000000 -0.999999
vn 0.000000 0.000000 -1.000000
vn 0.000000 0.382690 -0.923877
vn -0.001200 0.382690 -0.923876
vn -0.001200 0.382690 -0.923876
vn 0.000000 0.382690 -0.923877
vn 0.000000 0.707107 -0.707107
vn -0.001200 0.707106 -0.707106
vn -1.000000 -0.000400 0.000900
vn -1.000000 -0.000400 0.000900
vn -1.000000 0.000000 0.001000
vn -1.000000 0.000000 0.001000
vn -1.000000 -0.000700 0.000700
vn -1.000000 -0.000700 0.000700
vn -1.000000 -0.000400 0.000900
vn -1.000000 -0.000400 0.000900
vn 0.001200 -0.382690 0.923876
vn 0.000000 -0.382690 0.923877
vn 0.000000 0.000000 1.000000
vn 0.001200 0.000000 0.999999
vn 0.001200 -0.707106 0.707106
vn 0.000000 -0.707107 0.707107
vn 0.000000 -0.382690 0.923877
vn 0.001200 -0.382690 0.923876
vn -1.000000 -0.000900 0.000400
vn -1.000000 -0.000900 0.000400
vn -1.000000 -0.000700 0.000700
vn -1.000000 -0.000700 0.000700
vn -0.006400 -0.752202 0.658902
vn 0.001200 -0.707106 0.707106
vn 0.001200 -0.382690 0.923876
vn 0.002500 -0.382689 0.923874
vn 0.002500 -0.382689 0.923874
vn 0.001200 -0.382690 0.923876
vn 0.001200 0.000000 0.999999
vn -0.006400 0.066000 0.997799
vn -0.993003 0.045200 -0.109100
vn -0.993003 0.045200 -0.109100
vn -0.992723 0.023501 -0.118103
vn -0.992723 0.023501 -0.118103
vn -0.992725 0.066902 -0.100103
vn -0.992725 0.066902 -0.100103
vn -0.993003 0.045200 -0.109100
vn -0.993003 0.045200 -0.109100
vn 0.008400 -0.065999 -0.997784
vn -0.566002 0.000000 -0.824404
vn -0.565977 0.315487 -0.761668
vn 0.000000 0.382690 -0.923877
vn 0.000000 0.382690 -0.923877
vn -0.565977 0.315487 -0.761668
vn -0.566028 0.582929 -0.582929
vn 0.008400 0.752191 -0.658892
vn -0.566002 0.000000 -0.824404
vn -0.959556 0.000000 -0.281517
vn -0.959552 0.107706 -0.260114
vn -0.565977 0.315487 -0.761668
vn -0.565977 0.315487 -0.761668
vn -0.959552 0.107706 -0.260114
vn -0.959538 0.199108 -0.199108
vn -0.566028 0.582929 -0.582929
vn 0.000000 0.000000 1.000000
vn 0.000000 -0.382690 0.923877
vn 0.000000 -0.382690 0.923877
vn 0.000000 0.000000 1.000000
vn 0.000000 -0.382690 0.923877
vn 0.000000 -0.707107 0.707107
vn 0.000000 -0.707107 0.707107
vn 0.000000 -0.382690 0.923877
vn -1.000000 0.000000 0.000000
vn -1.000000 0.000000 0.000000
vn -1.000000 0.000000 0.000000
vn -1.000000 0.000000 0.000000
vn -1.000000 0.000000 0.000000
vn -1.000000 0.000000 0.000000
vn -1.000000 0.000000 0.000000
vn -1.000000 0.000000 0.000000
vn -1.000000 0.000000 0.000000
vn -1.000000 0.000000 0.000000
vn -1.000000 0.000000 0.000000
vn -1.000000 0.000000 0.000000
vn -1.000000 0.000000 0.000000
vn -1.000000 0.000000 0.000000
vn -1.000000 0.000000 0.000000
vn -1.000000 0.000000 0.000000
vn -1.000000 0.000000 0.000000
vn -1.000000 0.000000 0.000000
vn -1.000000 0.000000 0.000000
vn -1.000000 0.000000 0.000000
vn -1.000000 0.000000 0.000000
vn -1.000000 0.000000 0.000000
vn -1.000000 0.000000 0.000000
vn -1.000000 0.000000 0.000000
vn -1.000000 0.000000 0.000000
vn -1.000000 0.000000 0.000000
vn -1.000000 0.000000 0.000000
vn -1.000000 0.000000 0.000000
vn -1.000000 0.000000 0.000000
vn -1.000000 0.000000 0.000000
vn -1.000000 0.000000 0.000000
vn -1.000000 0.000000 0.000000
vn -1.000000 0.000000 0.000000
vn -1.000000 0.000000 0.000000
vn -1.000000 0.000000 0.000000
vn -1.000000 0.000000 0.000000
vn -1.000000 0.000000 0.000000
vn -1.000000 0.000000 0.000000
vn -1.000000 0.000000 0.000000
vn -1.000000 0.000000 0.000000
vn -1.000000 0.000000 0.000000
vn -1.000000 0.000000 0.000000
vn -1.000000 0.000000 0.000000
vn -1.000000 0.000000 0.000000
vn -1.000000 0.000000 0.000000
vn -1.000000 0.000000 0.000000
vn -1.000000 0.000000 0.000000
vn -1.000000 0.000000 0.000000
vn -1.000000 0.000000 0.000000
vn -1.000000 0.000000 0.000000
vn -1.000000 0.000000 0.000000
vn -1.000000 0.000000 0.000000
vn 0.000000 -0.923877 -0.382690
vn 0.000000 -0.707107 -0.707107
vn 0.000000 -0.707107 -0.707107
vn 0.000000 -0.923877 -0.382690
vn -1.000000 0.000000 0.000000
vn -1.000000 0.000000 0.000000
vn -1.000000 0.000000 0.000000
vn -1.000000 0.000000 0.000000
vn 0.000000 -1.000000 0.000000
vn 0.000000 -0.923877 -0.382690
vn 0.000000 -0.923877 -0.382690
vn 0.000000 -1.000000 0.000000
vn -0.566002 0.824404 0.000000
vn -0.959556 0.281517 0.000000
vn -0.959552 0.260114 0.107706
vn -0.565977 0.761668 0.315487
vn -0.565977 0.761668 0.315487
vn -0.959552 0.260114 0.107706
vn -0.959538 0.199108 0.199108
vn -0.566028 0.582929 0.582929
vn -0.565977 0.761668 -0.315487
vn -0.959552 0.260114 -0.107706
vn -0.959556 0.281517 0.000000
vn -0.566002 0.824404 0.000000
vn 0.000000 -0.923877 0.382690
vn 0.000000 -1.000000 0.000000
vn 0.000000 -1.000000 0.000000
vn 0.000000 -0.923877 0.382690
vn 0.008400 0.896585 -0.442792
vn -0.565977 0.761668 -0.315487
vn -0.566002 0.824404 0.000000
vn 0.000000 1.000000 0.000000
vn 0.008400 0.752191 -0.658892
vn -0.566028 0.582929 -0.582929
vn -0.565977 0.761668 -0.315487
vn 0.008400 0.896585 -0.442792
vn -0.566028 0.582929 -0.582929
vn -0.959538 0.199108 -0.199108
vn -0.959552 0.260114 -0.107706
vn -0.565977 0.761668 -0.315487
vn 0.000000 -0.707107 0.707107
vn 0.000000 -0.923877 0.382690
vn 0.000000 -0.923877 0.382690
vn 0.000000 -0.707107 0.707107
vn -1.000000 0.000000 0.000000
vn -1.000000 0.000000 0.000000
vn -1.000000 0.000000 0.000000
vn -1.000000 0.000000 0.000000
vn -1.000000 0.000000 0.000000
vn -1.000000 0.000000 0.000000
vn -1.000000 0.000000 0.000000
vn -1.000000 0.000000 0.000000
vn -1.000000 0.000000 0.000000
vn -1.000000 0.000000 0.000000
vn -1.000000 0.000000 0.000000
vn -1.000000 0.000000 0.000000
vn -1.000000 0.000000 0.000000
vn -1.000000 0.000000 0.000000
vn -1.000000 0.000000 0.000000
vn -1.000000 0.000000 0.000000
vn -1.000000 0.000000 0.000000
vn -1.000000 0.000000 0.000000
vn -1.000000 0.000000 0.000000
vn -1.000000 0.000000 0.000000
vn -1.000000 0.000000 0.000000
vn -1.000000 0.000000 0.000000
vn -1.000000 0.000000 0.000000
vn -1.000000 0.000000 0.000000
vn -1.000000 0.000000 0.000000
vn -1.000000 0.000000 0.000000
vn -1.000000 0.000000 0.000000
vn -1.000000 0.000000 0.000000
vn -1.000000 0.000000 0.000000
vn -1.000000 0.000000 0.000000
vn -1.000000 0.000000 0.000000
vn -1.000000 0.000000 0.000000
vn -1.000000 0.000000 0.000000
vn -1.000000 0.000000 0.000000
vn -1.000000 0.000000 0.000000
vn -1.000000 0.000000 0.000000
vn -1.000000 0.000000 0.000000
vn -1.000000 0.000000 0.000000
vn -1.000000 0.000000 0.000000
vn -1.000000 0.000000 0.000000
vn -1.000000 0.000000 0.000000
vn -1.000000 0.000000 0.000000
vn -1.000000 0.000000 0.000000
vn -1.000000 0.000000 0.000000
vn -1.000000 0.000000 0.000000
vn -1.000000 0.000000 0.000000
vn -1.000000 0.000000 0.000000
vn -1.000000 0.000000 0.000000
vn -1.000000 0.000000 0.000000
vn -1.000000 0.000000 0.000000
vn -1.000000 0.000000 0.000000
vn -1.000000 0.000000 0.000000
vn -1.000000 0.000000 0.000000
vn -1.000000 0.000000 0.000000
vn -1.000000 0.000000 0.000000
vn -1.000000 0.000000 0.000000
vn -1.000000 0.000000 0.000000
vn -1.000000 0.000000 0.000000
vn -1.000000 0.000000 0.000000
vn -1.000000 0.000000 0.000000
vn -1.000000 0.000000 0.000000
vn -1.000000 0.000000 0.000000
vn -1.000000 0.000000 0.000000
vn -1.000000 0.000000 0.000000
vn -1.000000 0.000000 0.000000
vn -1.000000 0.000000 0.000000
vn -1.000000 0.000000 0.000000
vn -1.000000 0.000000 0.000000
vn -1.000000 0.000000 0.000000
vn -1.000000 0.000000 0.000000
vn -1.000000 0.000000 0.000000
vn -1.000000 0.000000 0.000000
vn 0.000000 0.707107 0.707107
vn 0.000000 0.382690 0.923877
vn 0.000000 0.382690 0.923877
vn 0.000000 0.707107 0.707107
vn 0.000000 0.382690 0.923877
vn 0.000000 0.000000 1.000000
vn 0.000000 0.000000 1.000000
vn 0.000000 0.382690 0.923877
vn -0.566028 -0.582929 -0.582929
vn -0.959538 -0.199108 -0.199108
vn -0.959552 -0.107706 -0.260114
vn -0.565977 -0.315487 -0.761668
vn -0.565977 -0.315487 -0.761668
vn -0.959552 -0.107706 -0.260114
vn -0.959556 0.000000 -0.281517
vn -0.566002 0.000000 -0.824404
vn 0.000000 -0.707107 -0.707107
vn -0.566028 -0.582929 -0.582929
vn -0.565977 -0.315487 -0.761668
vn 0.008400 -0.320893 -0.947078
vn 0.008400 -0.320893 -0.947078
vn -0.565977 -0.315487 -0.761668
vn -0.566002 0.000000 -0.824404
vn 0.008400 -0.065999 -0.997784
vn 0.008400 -0.947078 -0.320893
vn -0.565977 -0.761668 -0.315487
vn -0.566028 -0.582929 -0.582929
vn 0.000000 -0.707107 -0.707107
vn -0.565977 -0.761668 -0.315487
vn -0.959552 -0.260114 -0.107706
vn -0.959538 -0.199108 -0.199108
vn -0.566028 -0.582929 -0.582929
vn 0.012600 -0.999921 0.000000
vn -0.566002 -0.824404 0.000000
vn -0.565977 -0.761668 -0.315487
vn 0.008400 -0.947078 -0.320893
vn -0.566002 -0.824404 0.000000
vn -0.959556 -0.281517 0.000000
vn -0.959552 -0.260114 -0.107706
vn -0.565977 -0.761668 -0.315487
vn 0.000000 1.000000 0.000000
vn 0.000000 0.923877 0.382690
vn 0.000000 0.923877 0.382690
vn 0.000000 1.000000 0.000000
vn 0.000000 0.923877 0.382690
vn 0.000000 0.707107 0.707107
vn 0.000000 0.707107 0.707107
vn 0.000000 0.923877 0.382690
vn 0.000000 0.923877 -0.382690
vn 0.000000 1.000000 0.000000
vn 0.000000 1.000000 0.000000
vn 0.000000 0.923877 -0.382690
vn -0.565977 -0.761668 0.315487
vn -0.959552 -0.260114 0.107706
vn -0.959556 -0.281517 0.000000
vn -0.566002 -0.824404 0.000000
vn 0.000000 0.707107 -0.707107
vn 0.000000 0.923877 -0.382690
vn 0.000000 0.923877 -0.382690
vn 0.000000 0.707107 -0.707107
vn 0.008400 -0.947078 0.320893
vn -0.565977 -0.761668 0.315487
vn -0.566002 -0.824404 0.000000
vn 0.012600 -0.999921 0.000000
vn 0.008400 -0.947180 0.320593
vn 0.008400 -0.947078 0.320893
vn 0.012600 -0.999921 0.000000
vn 0.012700 -0.999919 0.000000
vn 0.012700 -0.999919 0.000000
vn 0.012600 -0.999921 0.000000
vn 0.008400 -0.947078 -0.320893
vn 0.008400 -0.947180 -0.320593
vn 0.012700 -0.999919 0.000000
vn 0.000000 -1.000000 0.000000
vn 0.000000 -0.923877 0.382690
vn 0.008400 -0.947180 0.320593
vn 0.008400 -0.947180 -0.320593
vn 0.000000 -0.923877 -0.382690
vn 0.000000 -1.000000 0.000000
vn 0.012700 -0.999919 0.000000
vn 0.648429 0.703332 -0.291313
vn 0.966166 0.238292 -0.098697
vn 0.966174 0.257893 0.000000
vn 0.648400 0.761300 0.000000
vn 0.648400 0.761300 0.000000
vn 0.966174 0.257893 0.000000
vn 0.966166 0.238292 0.098697
vn 0.648429 0.703332 0.291313
vn -0.027201 0.923547 -0.382520
vn 0.648429 0.703332 -0.291313
vn 0.648400 0.761300 0.000000
vn -0.027201 0.999630 0.000000
vn -0.027201 0.999630 0.000000
vn 0.648400 0.761300 0.000000
vn 0.648429 0.703332 0.291313
vn -0.027201 0.923547 0.382520
vn -0.027201 0.923547 0.382520
vn 0.648429 0.703332 0.291313
vn 0.648414 0.538312 0.538312
vn -0.027202 0.706845 0.706845
vn 0.648429 0.703332 0.291313
vn 0.966166 0.238292 0.098697
vn 0.966160 0.182393 0.182393
vn 0.648414 0.538312 0.538312
vn -0.027201 0.923547 0.382520
vn -0.054301 0.922521 0.382109
vn -0.054301 0.998525 0.000000
vn -0.027201 0.999630 0.000000
vn -0.027202 0.706845 0.706845
vn -0.054297 0.706064 0.706064
vn -0.054301 0.922521 0.382109
vn -0.027201 0.923547 0.382520
vn 0.993948 0.101505 0.042002
vn 0.993948 0.101505 0.042002
vn 0.993942 0.109905 0.000000
vn 0.993942 0.109905 0.000000
vn 0.993944 0.077703 0.077703
vn 0.993944 0.077703 0.077703
vn 0.993948 0.101505 0.042002
vn 0.993948 0.101505 0.042002
vn 0.000000 -0.707107 -0.707107
vn 0.000000 -0.707107 -0.707107
vn 0.000000 -0.923877 -0.382690
vn 0.000000 -0.923877 -0.382690
vn 0.000000 -0.923877 -0.382690
vn 0.000000 -0.923877 -0.382690
vn 0.000000 -1.000000 0.000000
vn 0.000000 -1.000000 0.000000
vn 1.000000 0.000000 0.000000
vn 1.000000 0.000000 0.000000
vn 1.000000 0.000000 0.000000
vn 1.000000 0.000000 0.000000
vn 1.000000 0.000000 0.000000
vn 1.000000 0.000000 0.000000
vn 1.000000 0.000000 0.000000
vn 1.000000 0.000000 0.000000
vn 1.000000 0.000000 0.000000
vn 1.000000 0.000000 0.000000
vn 1.000000 0.000000 0.000000
vn 1.000000 0.000000 0.000000
vn 1.000000 0.000000 0.000000
vn 1.000000 0.000000 0.000000
vn 1.000000 0.000000 0.000000
vn 1.000000 0.000000 0.000000
vn 1.000000 0.000000 0.000000
vn 1.000000 0.000000 0.000000
vn 1.000000 0.000000 0.000000
vn 1.000000 0.000000 0.000000
vn 1.000000 0.000000 0.000000
vn 1.000000 0.000000 0.000000
vn 1.000000 0.000000 0.000000
vn 1.000000 0.000000 0.000000
vn 1.000000 0.000000 0.000000
vn 1.000000 0.000000 0.000000
vn 1.000000 0.000000 0.000000
vn 1.000000 0.000000 0.000000
vn 1.000000 0.000000 0.000000
vn 1.000000 0.000000 0.000000
vn 1.000000 0.000000 0.000000
vn 1.000000 0.000000 0.000000
vn 1.000000 0.000000 0.000000
vn 1.000000 0.000000 0.000000
vn 1.000000 0.000000 0.000000
vn 1.000000 0.000000 0.000000
vn 1.000000 0.000000 0.000000
vn 1.000000 0.000000 0.000000
vn 1.000000 0.000000 0.000000
vn 1.000000 0.000000 0.000000
vn 1.000000 0.000000 0.000000
vn 1.000000 0.000000 0.000000
vn 1.000000 0.000000 0.000000
vn 1.000000 0.000000 0.000000
vn 1.000000 0.000000 0.000000
vn 1.000000 0.000000 0.000000
vn 1.000000 0.000000 0.000000
vn 1.000000 0.000000 0.000000
vn 0.000000 -0.707107 0.707107
vn 0.000000 -0.707107 0.707107
vn 0.000000 -0.382690 0.923877
vn 0.000000 -0.382690 0.923877
vn 0.000000 -0.382690 0.923877
vn 0.000000 -0.382690 0.923877
vn 0.000000 0.000000 1.000000
vn 0.000000 0.000000 1.000000
vn 0.993944 0.077703 -0.077703
vn 0.993944 0.077703 -0.077703
vn 0.993948 0.042002 -0.101505
vn 0.993948 0.042002 -0.101505
vn 0.993948 0.042002 -0.101505
vn 0.993948 0.042002 -0.101505
vn 0.993942 0.000000 -0.109905
vn 0.993942 0.000000 -0.109905
vn -0.027201 0.382520 -0.923547
vn -0.054301 0.382109 -0.922521
vn -0.054301 0.000000 -0.998525
vn -0.027201 0.000000 -0.999630
vn -0.027202 0.706845 -0.706845
vn -0.054297 0.706064 -0.706064
vn -0.054301 0.382109 -0.922521
vn -0.027201 0.382520 -0.923547
vn -0.027201 0.000000 -0.999630
vn 0.648400 0.000000 -0.761300
vn 0.648429 0.291313 -0.703332
vn -0.027201 0.382520 -0.923547
vn -0.027201 0.382520 -0.923547
vn 0.648429 0.291313 -0.703332
vn 0.648414 0.538312 -0.538312
vn -0.027202 0.706845 -0.706845
vn 0.648400 0.000000 -0.761300
vn 0.966174 0.000000 -0.257893
vn 0.966166 0.098697 -0.238292
vn 0.648429 0.291313 -0.703332
vn 0.648429 0.291313 -0.703332
vn 0.966166 0.098697 -0.238292
vn 0.966160 0.182393 -0.182393
vn 0.648414 0.538312 -0.538312
vn 0.008400 -0.320593 0.947180
vn 0.000000 -0.382690 0.923877
vn 0.000000 0.000000 1.000000
vn 0.008400 -0.066298 0.997765
vn 0.000000 -0.707107 0.707107
vn 0.000000 -0.707107 0.707107
vn 0.000000 -0.382690 0.923877
vn 0.008400 -0.320593 0.947180
vn 0.008400 -0.066298 0.997765
vn 0.008400 -0.065999 0.997784
vn 0.008400 -0.320893 0.947078
vn 0.008400 -0.320593 0.947180
vn 0.988976 0.082298 -0.123097
vn 0.257794 0.319692 -0.911778
vn 0.611627 0.559425 -0.559425
vn 0.989397 0.102700 -0.102700
vn 0.000000 0.923877 0.382690
vn 0.000000 0.923877 0.382690
vn 0.000000 0.923877 0.382690
vn 0.000000 0.923877 0.382690
vn 0.989397 0.102700 -0.102700
vn 0.611627 0.559425 -0.559425
vn 0.257794 0.911778 -0.319692
vn 0.988976 0.123097 -0.082298
vn 0.008400 -0.947180 0.320593
vn 0.000000 -0.923877 0.382690
vn 0.000000 -0.707107 0.707107
vn 0.000000 -0.707107 0.707107
vn 0.648414 0.538312 -0.538312
vn 0.966160 0.182393 -0.182393
vn 0.966166 0.238292 -0.098697
vn 0.648429 0.703332 -0.291313
vn 0.008400 -0.066298 0.997765
vn 0.000000 0.000000 1.000000
vn 0.000000 0.382690 0.923877
vn 0.000000 0.382690 0.923877
vn 0.648429 -0.291313 -0.703332
vn 0.966166 -0.098697 -0.238292
vn 0.966174 0.000000 -0.257893
vn 0.648400 0.000000 -0.761300
vn 0.000000 0.382690 0.923877
vn 0.000000 0.382690 0.923877
vn 0.000000 0.707107 0.707107
vn 0.008400 0.752377 0.658680
vn 0.648414 -0.538312 -0.538312
vn 0.966160 -0.182393 -0.182393
vn 0.966166 -0.098697 -0.238292
vn 0.648429 -0.291313 -0.703332
vn -0.027202 -0.706845 -0.706845
vn 0.648414 -0.538312 -0.538312
vn 0.648429 -0.291313 -0.703332
vn -0.027201 -0.382520 -0.923547
vn -0.027201 -0.382520 -0.923547
vn 0.648429 -0.291313 -0.703332
vn 0.648400 0.000000 -0.761300
vn -0.027201 0.000000 -0.999630
vn -0.027201 -0.382520 -0.923547
vn -0.054301 -0.382109 -0.922521
vn -0.054297 -0.706064 -0.706064
vn -0.027202 -0.706845 -0.706845
vn -0.027201 0.000000 -0.999630
vn -0.054301 0.000000 -0.998525
vn -0.054301 -0.382109 -0.922521
vn -0.027201 -0.382520 -0.923547
vn 0.993948 -0.042002 -0.101505
vn 0.993948 -0.042002 -0.101505
vn 0.993944 -0.077703 -0.077703
vn 0.993944 -0.077703 -0.077703
vn 0.993942 0.000000 -0.109905
vn 0.993942 0.000000 -0.109905
vn 0.993948 -0.042002 -0.101505
vn 0.993948 -0.042002 -0.101505
vn 0.000000 0.000000 1.000000
vn 0.000000 0.000000 1.000000
vn 0.000000 0.382690 0.923877
vn 0.000000 0.382690 0.923877
vn 0.000000 0.382690 0.923877
vn 0.000000 0.382690 0.923877
vn 0.000000 0.707107 0.707107
vn 0.000000 0.707107 0.707107
vn 1.000000 0.000000 0.000000
vn 1.000000 0.000000 0.000000
vn 1.000000 0.000000 0.000000
vn 1.000000 0.000000 0.000000
vn 1.000000 0.000000 0.000000
vn 1.000000 0.000000 0.000000
vn 1.000000 0.000000 0.000000
vn 1.000000 0.000000 0.000000
vn 1.000000 0.000000 0.000000
vn 1.000000 0.000000 0.000000
vn 1.000000 0.000000 0.000000
vn 1.000000 0.000000 0.000000
vn 1.000000 0.000000 0.000000
vn 1.000000 0.000000 0.000000
vn 1.000000 0.000000 0.000000
vn 1.000000 0.000000 0.000000
vn 1.000000 0.000000 0.000000
vn 1.000000 0.000000 0.000000
vn 1.000000 0.000000 0.000000
vn 1.000000 0.000000 0.000000
vn 1.000000 0.000000 0.000000
vn 1.000000 0.000000 0.000000
vn 1.000000 0.000000 0.000000
vn 1.000000 0.000000 0.000000
vn 1.000000 0.000000 0.000000
vn 1.000000 0.000000 0.000000
vn 1.000000 0.000000 0.000000
vn 1.000000 0.000000 0.000000
vn 1.000000 0.000000 0.000000
vn 1.000000 0.000000 0.000000
vn 1.000000 0.000000 0.000000
vn 1.000000 0.000000 0.000000
vn 0.000000 0.923877 0.382690
vn 0.000000 0.923877 0.382690
vn 0.000000 1.000000 0.000000
vn 0.000000 1.000000 0.000000
vn 0.000000 0.707107 0.707107
vn 0.000000 0.707107 0.707107
vn 0.000000 0.923877 0.382690
vn 0.000000 0.923877 0.382690
vn 0.993948 -0.101505 -0.042002
vn 0.993948 -0.101505 -0.042002
vn 0.993942 -0.109905 0.000000
vn 0.993942 -0.109905 0.000000
vn 0.993944 -0.077703 -0.077703
vn 0.993944 -0.077703 -0.077703
vn 0.993948 -0.101505 -0.042002
vn 0.993948 -0.101505 -0.042002
vn 0.000000 1.000000 0.000000
vn 0.000000 1.000000 0.000000
vn 0.000000 0.923877 -0.382690
vn 0.000000 0.923877 -0.382690
vn 0.993942 -0.109905 0.000000
vn 0.993942 -0.109905 0.000000
vn 0.993948 -0.101505 0.042002
vn 0.993948 -0.101505 0.042002
vn -0.027201 -0.999630 0.000000
vn -0.054301 -0.998525 0.000000
vn -0.054301 -0.922521 0.382109
vn -0.027201 -0.923547 0.382520
vn 0.993948 -0.101505 0.042002
vn 0.993948 -0.101505 0.042002
vn 0.993944 -0.077703 0.077703
vn 0.993944 -0.077703 0.077703
vn -0.027201 -0.923547 0.382520
vn -0.054301 -0.922521 0.382109
vn -0.054297 -0.706064 0.706064
vn -0.027202 -0.706845 0.706845
vn -0.027202 -0.706845 0.706845
vn 0.648414 -0.538312 0.538312
vn 0.648429 -0.703332 0.291313
vn -0.027201 -0.923547 0.382520
vn -0.027201 -0.923547 0.382520
vn 0.648429 -0.703332 0.291313
vn 0.648400 -0.761300 0.000000
vn -0.027201 -0.999630 0.000000
vn 0.648414 -0.538312 0.538312
vn 0.966160 -0.182393 0.182393
vn 0.966166 -0.238292 0.098697
vn 0.648429 -0.703332 0.291313
vn 0.648429 -0.703332 0.291313
vn 0.966166 -0.238292 0.098697
vn 0.966174 -0.257893 0.000000
vn 0.648400 -0.761300 0.000000
vn 0.008399 0.896446 -0.443073
vn 0.000000 0.923877 -0.382690
vn 0.000000 0.707107 -0.707107
vn 0.008400 0.752377 -0.658680
vn 0.000000 1.000000 0.000000
vn 0.000000 1.000000 0.000000
vn 0.000000 0.923877 -0.382690
vn 0.008399 0.896446 -0.443073
vn 0.648429 -0.291313 0.703332
vn 0.966166 -0.098697 0.238292
vn 0.966160 -0.182393 0.182393
vn 0.648414 -0.538312 0.538312
vn 0.008400 0.752377 -0.658680
vn 0.000000 0.707107 -0.707107
vn 0.000000 0.382690 -0.923877
vn 0.000000 0.382690 -0.923877
vn 0.989393 -0.055600 0.134199
vn 0.611613 -0.302806 0.730916
vn 0.257802 -0.720006 0.644305
vn 0.988976 -0.082298 0.123097
vn 0.008400 0.752377 -0.658680
vn 0.008400 0.752191 -0.658892
vn 0.008400 0.896585 -0.442792
vn 0.008399 0.896446 -0.443073
vn 0.000000 0.707107 0.707107
vn 0.000000 0.707107 0.707107
vn 0.000000 0.707107 0.707107
vn 0.000000 0.707107 0.707107
vn 0.988981 -0.028899 0.145197
vn 0.257804 0.053501 0.964715
vn 0.611613 -0.302806 0.730916
vn 0.989393 -0.055600 0.134199
vn 0.000000 0.382690 -0.923877
vn 0.000000 0.382690 -0.923877
vn 0.000000 0.000000 -1.000000
vn 0.008400 -0.066298 -0.997765
vn 0.008400 -0.320593 -0.947180
vn 0.008400 -0.320893 -0.947078
vn 0.008400 -0.065999 -0.997784
vn 0.008400 -0.066298 -0.997765
vn 0.008400 -0.066298 -0.997765
vn 0.000000 0.000000 -1.000000
vn 0.000000 -0.382690 -0.923877
vn 0.008400 -0.320593 -0.947180
vn 0.000000 -1.000000 0.000000
vn 0.000000 -1.000000 0.000000
vn 0.000000 -1.000000 0.000000
vn 0.000000 -1.000000 0.000000
vn 0.648429 0.291313 0.703332
vn 0.966166 0.098697 0.238292
vn 0.966174 0.000000 0.257893
vn 0.648400 0.000000 0.761300
vn 0.648400 0.000000 0.761300
vn 0.966174 0.000000 0.257893
vn 0.966166 -0.098697 0.238292
vn 0.648429 -0.291313 0.703332
vn -0.027201 0.382520 0.923547
vn 0.648429 0.291313 0.703332
vn 0.648400 0.000000 0.761300
vn -0.027201 0.000000 0.999630
vn -0.027201 0.000000 0.999630
vn 0.648400 0.000000 0.761300
vn 0.648429 -0.291313 0.703332
vn -0.027201 -0.382520 0.923547
vn -0.027201 0.000000 0.999630
vn -0.054301 0.000000 0.998525
vn -0.054301 0.382109 0.922521
vn -0.027201 0.382520 0.923547
vn -0.027201 -0.382520 0.923547
vn -0.054301 -0.382109 0.922521
vn -0.054301 0.000000 0.998525
vn -0.027201 0.000000 0.999630
vn 0.993942 0.000000 0.109905
vn 0.993942 0.000000 0.109905
vn 0.993948 0.042002 0.101505
vn 0.993948 0.042002 0.101505
vn 0.993948 -0.042002 0.101505
vn 0.993948 -0.042002 0.101505
vn 0.993942 0.000000 0.109905
vn 0.993942 0.000000 0.109905
vn 0.000000 0.382690 -0.923877
vn 0.000000 0.382690 -0.923877
vn 0.000000 0.000000 -1.000000
vn 0.000000 0.000000 -1.000000
vn 0.000000 0.000000 -1.000000
vn 0.000000 0.000000 -1.000000
vn 0.000000 -0.382690 -0.923877
vn 0.000000 -0.382690 -0.923877
vn 1.000000 0.000000 0.000000
vn 1.000000 0.000000 0.000000
vn 1.000000 0.000000 0.000000
vn 1.000000 0.000000 0.000000
vn 1.000000 0.000000 0.000000
vn 1.000000 0.000000 0.000000
vn 1.000000 0.000000 0.000000
vn 1.000000 0.000000 0.000000
vn 1.000000 0.000000 0.000000
vn 1.000000 0.000000 0.000000
vn 1.000000 0.000000 0.000000
vn 1.000000 0.000000 0.000000
vn 1.000000 0.000000 0.000000
vn 1.000000 0.000000 0.000000
vn 1.000000 0.000000 0.000000
vn 1.000000 0.000000 0.000000
vn 1.000000 0.000000 0.000000
vn 1.000000 0.000000 0.000000
vn 1.000000 0.000000 0.000000
vn 1.000000 0.000000 0.000000
vn 1.000000 0.000000 0.000000
vn 1.000000 0.000000 0.000000
vn 1.000000 0.000000 0.000000
vn 1.000000 0.000000 0.000000
vn 1.000000 0.000000 0.000000
vn 1.000000 0.000000 0.000000
vn 1.000000 0.000000 0.000000
vn 1.000000 0.000000 0.000000
vn 1.000000 0.000000 0.000000
vn 1.000000 0.000000 0.000000
vn 1.000000 0.000000 0.000000
vn 1.000000 0.000000 0.000000
vn 1.000000 0.000000 0.000000
vn 1.000000 0.000000 0.000000
vn 1.000000 0.000000 0.000000
vn 1.000000 0.000000 0.000000
vn 0.000000 0.923877 -0.382690
vn 0.000000 0.923877 -0.382690
vn 0.000000 0.707107 -0.707107
vn 0.000000 0.707107 -0.707107
vn 0.000000 0.707107 -0.707107
vn 0.000000 0.707107 -0.707107
vn 0.000000 0.382690 -0.923877
vn 0.000000 0.382690 -0.923877
vn 0.993944 -0.077703 0.077703
vn 0.993944 -0.077703 0.077703
vn 0.993948 -0.042002 0.101505
vn 0.993948 -0.042002 0.101505
vn 1.000000 0.000000 0.000000
vn 1.000000 0.000000 0.000000
vn 1.000000 0.000000 0.000000
vn 1.000000 0.000000 0.000000
vn 0.000000 -0.382690 -0.923877
vn 0.000000 -0.382690 -0.923877
vn 0.000000 -0.707107 -0.707107
vn 0.000000 -0.707107 -0.707107
vn 0.993948 0.042002 0.101505
vn 0.993948 0.042002 0.101505
vn 0.993944 0.077703 0.077703
vn 0.993944 0.077703 0.077703
vn -0.027202 -0.706845 0.706845
vn -0.054297 -0.706064 0.706064
vn -0.054301 -0.382109 0.922521
vn -0.027201 -0.382520 0.923547
vn -0.027201 0.382520 0.923547
vn -0.054301 0.382109 0.922521
vn -0.054297 0.706064 0.706064
vn -0.027202 0.706845 0.706845
vn -0.027201 -0.382520 0.923547
vn 0.648429 -0.291313 0.703332
vn 0.648414 -0.538312 0.538312
vn -0.027202 -0.706845 0.706845
vn -0.027202 0.706845 0.706845
vn 0.648414 0.538312 0.538312
vn 0.648429 0.291313 0.703332
vn -0.027201 0.382520 0.923547
vn 0.648414 0.538312 0.538312
vn 0.966160 0.182393 0.182393
vn 0.966166 0.098697 0.238292
vn 0.648429 0.291313 0.703332
vn 0.008400 -0.320593 -0.947180
vn 0.000000 -0.382690 -0.923877
vn 0.000000 -0.707107 -0.707107
vn 0.000000 -0.707107 -0.707107
vn 0.000000 -0.707107 -0.707107
vn 0.000000 -0.707107 -0.707107
vn 0.000000 -0.923877 -0.382690
vn 0.008400 -0.947180 -0.320593
vn -0.027202 0.706845 -0.706845
vn 0.648414 0.538312 -0.538312
vn 0.648429 0.703332 -0.291313
vn -0.027201 0.923547 -0.382520
vn -0.027201 0.923547 -0.382520
vn -0.054301 0.922521 -0.382109
vn -0.054297 0.706064 -0.706064
vn -0.027202 0.706845 -0.706845
vn -0.027201 0.999630 0.000000
vn -0.054301 0.998525 0.000000
vn -0.054301 0.922521 -0.382109
vn -0.027201 0.923547 -0.382520
vn 0.993948 0.101505 -0.042002
vn 0.993948 0.101505 -0.042002
vn 0.993944 0.077703 -0.077703
vn 0.993944 0.077703 -0.077703
vn 0.993942 0.109905 0.000000
vn 0.993942 0.109905 0.000000
vn 0.993948 0.101505 -0.042002
vn 0.993948 0.101505 -0.042002
vn 0.000000 -1.000000 0.000000
vn 0.000000 -1.000000 0.000000
vn 0.000000 -0.923877 0.382690
vn 0.000000 -0.923877 0.382690
vn 0.000000 -0.923877 0.382690
vn 0.000000 -0.923877 0.382690
vn 0.000000 -0.707107 0.707107
vn 0.000000 -0.707107 0.707107
vn 1.000000 0.000000 0.000000
vn 1.000000 0.000000 0.000000
vn 1.000000 0.000000 0.000000
vn 1.000000 0.000000 0.000000
vn 1.000000 0.000000 0.000000
vn 1.000000 0.000000 0.000000
vn 1.000000 0.000000 0.000000
vn 1.000000 0.000000 0.000000
vn -0.001200 0.707106 -0.707106
vn 0.000000 0.707107 -0.707107
vn 0.000000 0.923877 -0.382690
vn -0.001200 0.923876 -0.382690
vn -1.000000 -0.001000 0.000000
vn -1.000000 -0.001000 0.000000
vn -1.000000 -0.000900 0.000400
vn -1.000000 -0.000900 0.000400
vn -0.001200 0.923876 -0.382690
vn 0.000000 0.923877 -0.382690
vn 0.000000 1.000000 0.000000
vn -0.001200 0.999999 0.000000
vn 0.010300 0.707069 -0.707069
vn -0.001200 0.707106 -0.707106
vn -0.001200 0.923876 -0.382690
vn 0.010300 0.923813 -0.382705
vn 0.010300 0.923813 -0.382705
vn -0.001200 0.923876 -0.382690
vn -0.001200 0.999999 0.000000
vn 0.010300 0.999947 0.000000
vn 0.010300 0.999947 0.000000
vn -0.001200 0.999999 0.000000
vn -0.001200 0.923876 0.382690
vn 0.010300 0.923813 0.382705
vn -0.001200 0.999999 0.000000
vn 0.000000 1.000000 0.000000
vn 0.000000 0.923877 0.382690
vn -0.001200 0.923876 0.382690
vn -0.001200 0.923876 0.382690
vn 0.000000 0.923877 0.382690
vn 0.000000 0.707107 0.707107
vn -0.001200 0.707106 0.707106
vn 0.010300 0.923813 0.382705
vn -0.001200 0.923876 0.382690
vn -0.001200 0.707106 0.707106
vn 0.010300 0.707069 0.707069
vn 0.017299 0.999850 0.000000
vn 0.010300 0.999947 0.000000
vn 0.010300 0.923813 0.382705
vn 0.017301 0.923744 0.382618
vn 0.017301 0.923744 0.382618
vn 0.010300 0.923813 0.382705
vn 0.010300 0.707069 0.707069
vn 0.017300 0.707001 0.707001
vn 0.017301 0.923744 0.382618
vn 0.011500 0.923801 0.382700
vn 0.011500 0.999934 0.000000
vn 0.017299 0.999850 0.000000
vn 0.017300 0.707001 0.707001
vn 0.011499 0.707060 0.707060
vn 0.011500 0.923801 0.382700
vn 0.017301 0.923744 0.382618
vn 0.017299 0.999850 0.000000
vn 0.011500 0.999934 0.000000
vn 0.011500 0.923801 -0.382700
vn 0.017301 0.923744 -0.382618
vn 0.017301 0.923744 -0.382618
vn 0.010300 0.923813 -0.382705
vn 0.010300 0.999947 0.000000
vn 0.017299 0.999850 0.000000
vn 0.017301 0.923744 -0.382618
vn 0.011500 0.923801 -0.382700
vn 0.011499 0.707060 -0.707060
vn 0.017300 0.707001 -0.707001
vn 0.017300 0.707001 -0.707001
vn 0.010300 0.707069 -0.707069
vn 0.010300 0.923813 -0.382705
vn 0.017301 0.923744 -0.382618
vn -1.000000 -0.000900 -0.000400
vn -1.000000 -0.000900 -0.000400
vn -1.000000 -0.001000 0.000000
vn -1.000000 -0.001000 0.000000
vn -0.001200 -0.382690 -0.923876
vn 0.000000 -0.382690 -0.923877
vn 0.000000 0.000000 -1.000000
vn -0.001200 0.000000 -0.999999
vn 0.010300 -0.382705 -0.923813
vn -0.001200 -0.382690 -0.923876
vn -0.001200 0.000000 -0.999999
vn 0.010300 0.000000 -0.999947
vn 0.010300 -0.707069 -0.707069
vn -0.001200 -0.707106 -0.707106
vn -0.001200 -0.382690 -0.923876
vn 0.010300 -0.382705 -0.923813
vn 0.017300 -0.707001 -0.707001
vn 0.010300 -0.707069 -0.707069
vn 0.010300 -0.382705 -0.923813
vn 0.017301 -0.382618 -0.923744
vn 0.017301 -0.382618 -0.923744
vn 0.010300 -0.382705 -0.923813
vn 0.010300 0.000000 -0.999947
vn 0.017299 0.000000 -0.999850
vn 0.017301 -0.382618 -0.923744
vn 0.011500 -0.382700 -0.923801
vn 0.011499 -0.707060 -0.707060
vn 0.017300 -0.707001 -0.707001
vn 0.017299 0.000000 -0.999850
vn 0.011500 0.000000 -0.999934
vn 0.011500 -0.382700 -0.923801
vn 0.017301 -0.382618 -0.923744
vn 0.017300 -0.707001 -0.707001
vn 0.011499 -0.707060 -0.707060
vn 0.011500 -0.923801 -0.382700
vn 0.017301 -0.923744 -0.382618
vn 0.017301 -0.923744 -0.382618
vn 0.010300 -0.923813 -0.382705
vn 0.010300 -0.707069 -0.707069
vn 0.017300 -0.707001 -0.707001
vn 0.010300 -0.923813 -0.382705
vn -0.001200 -0.923876 -0.382690
vn -0.001200 -0.707106 -0.707106
vn 0.010300 -0.707069 -0.707069
vn 0.010300 0.000000 0.999947
vn -0.001200 0.000000 0.999999
vn -0.001200 -0.382690 0.923876
vn 0.010300 -0.382705 0.923813
vn 0.017299 0.000000 0.999850
vn 0.010300 0.000000 0.999947
vn 0.010300 -0.382705 0.923813
vn 0.017301 -0.382618 0.923744
vn -0.001200 0.000000 0.999999
vn 0.000000 0.000000 1.000000
vn 0.000000 -0.382690 0.923877
vn -0.001200 -0.382690 0.923876
vn 0.874244 -0.448523 -0.185809
vn 0.536790 -0.779485 -0.322894
vn 0.536804 -0.843707 0.000000
vn 0.874228 -0.485516 0.000000
vn 1.000000 0.000000 0.000000
vn 1.000000 0.000000 0.000000
vn 1.000000 0.000000 0.000000
vn 1.000000 0.000000 0.000000
vn 0.874228 -0.485516 0.000000
vn 0.536804 -0.843707 0.000000
vn 0.536790 -0.779485 0.322894
vn 0.874244 -0.448523 0.185809
vn 1.000000 0.000000 0.000000
vn 1.000000 0.000000 0.000000
vn 1.000000 0.000000 0.000000
vn 1.000000 0.000000 0.000000
vn 0.536790 -0.779485 -0.322894
vn 0.000000 -0.923877 -0.382690
vn 0.000000 -1.000000 0.000000
vn 0.536804 -0.843707 0.000000
vn 0.536804 -0.843707 0.000000
vn 0.000000 -1.000000 0.000000
vn 0.000000 -0.923877 0.382690
vn 0.536790 -0.779485 0.322894
vn -0.536790 -0.779485 -0.322894
vn -0.536804 -0.843707 0.000000
vn 0.000000 -1.000000 0.000000
vn 0.000000 -0.923877 -0.382690
vn -0.536804 -0.843707 0.000000
vn -0.536790 -0.779485 0.322894
vn 0.000000 -0.923877 0.382690
vn 0.000000 -1.000000 0.000000
vn -0.874244 -0.448523 -0.185809
vn -0.874228 -0.485516 0.000000
vn -0.536804 -0.843707 0.000000
vn -0.536790 -0.779485 -0.322894
vn -0.874228 -0.485516 0.000000
vn -0.874244 -0.448523 0.185809
vn -0.536790 -0.779485 0.322894
vn -0.536804 -0.843707 0.000000
vn -1.000000 0.000000 0.000000
vn -1.000000 0.000000 0.000000
vn -1.000000 0.000000 0.000000
vn -1.000000 0.000000 0.000000
vn -1.000000 0.000000 0.000000
vn -1.000000 0.000000 0.000000
vn -1.000000 0.000000 0.000000
vn -1.000000 0.000000 0.000000
vn 0.010400 0.999946 0.000300
vn 0.010400 0.923691 0.382996
vn 0.027199 0.973166 0.228492
vn -0.044702 0.969840 0.239610
vn 0.010400 0.923983 -0.382293
vn 0.010400 0.999946 0.000300
vn 0.027200 0.986514 -0.161402
vn -0.044700 0.987705 -0.149801
vn 0.010400 0.999946 0.000300
vn 0.000000 0.991631 0.129104
vn 0.000000 0.993073 -0.117497
vn 0.027200 0.986514 -0.161402
vn 0.000000 0.991631 0.129104
vn 0.010400 0.999946 0.000300
vn -0.044702 0.969840 0.239610
vn 0.000000 0.959707 0.281002
vn -1.000000 0.000000 0.000000
vn -1.000000 0.000000 0.000000
vn -1.000000 0.000000 0.000000
vn -1.000000 0.000000 0.000000
vn -0.374513 0.133005 0.917633
vn 0.000000 0.143395 0.989666
vn 0.000000 0.143395 0.989666
vn -0.374513 0.133005 0.917633
vn -0.036501 0.985718 -0.164403
vn 0.056003 0.985150 -0.162308
vn 0.030899 0.985861 -0.164693
vn -0.018700 0.985813 -0.166802
vn 0.056003 0.985150 -0.162308
vn 0.000000 0.992505 -0.122201
vn 0.018700 0.992610 -0.119901
vn 0.030899 0.985861 -0.164693
vn -0.018700 0.985813 -0.166802
vn 0.030899 0.985861 -0.164693
vn 0.018700 0.992610 -0.119901
vn -0.030899 0.992062 -0.121895
vn 0.000000 0.992505 -0.122201
vn 0.000000 0.992258 -0.124195
vn -0.030899 0.992062 -0.121895
vn 0.018700 0.992610 -0.119901
vn 0.000000 0.992258 -0.124195
vn -0.036501 0.985718 -0.164403
vn -0.018700 0.985813 -0.166802
vn -0.030899 0.992062 -0.121895
vn 0.000000 0.992258 -0.124195
vn 0.030899 0.992062 -0.121895
vn 0.018700 0.985813 -0.166802
vn 0.036501 0.985718 -0.164403
vn 0.000000 -0.143395 -0.989666
vn 0.000000 -0.143395 -0.989666
vn -0.374513 -0.133005 -0.917633
vn -0.374513 -0.133005 -0.917633
vn 0.000000 -0.143395 -0.989666
vn 0.374513 -0.133005 -0.917633
vn 0.374513 -0.133005 -0.917633
vn 0.000000 -0.143395 -0.989666
vn 0.000000 0.992505 -0.122201
vn -0.018700 0.992610 -0.119901
vn 0.030899 0.992062 -0.121895
vn 0.000000 0.992258 -0.124195
vn 0.018700 0.985813 -0.166802
vn 0.030899 0.992062 -0.121895
vn -0.018700 0.992610 -0.119901
vn -0.030899 0.985861 -0.164693
vn 0.036501 0.985718 -0.164403
vn 0.018700 0.985813 -0.166802
vn -0.030899 0.985861 -0.164693
vn -0.056003 0.985150 -0.162308
vn -0.056003 0.985150 -0.162308
vn -0.030899 0.985861 -0.164693
vn -0.018700 0.992610 -0.119901
vn 0.000000 0.992505 -0.122201
vn 1.000000 0.000000 0.000000
vn 1.000000 0.000000 0.000000
vn 1.000000 0.000000 0.000000
vn 1.000000 0.000000 0.000000
vn 0.374513 0.133005 0.917633
vn 0.374513 0.133005 0.917633
vn 0.000000 0.143395 0.989666
vn 0.000000 0.143395 0.989666
vn -0.010400 0.923983 -0.382293
vn 0.044700 0.987705 -0.149801
vn -0.027200 0.986514 -0.161402
vn -0.010400 0.999946 0.000300
vn -0.010400 0.999946 0.000300
vn -0.027200 0.986514 -0.161402
vn 0.000000 0.993073 -0.117497
vn 0.000000 0.991631 0.129104
vn 0.000000 0.965558 -0.260189
vn 0.000000 0.994184 -0.107698
vn 0.044700 0.987705 -0.149801
vn -0.010400 0.923983 -0.382293
vn -0.010400 0.707318 -0.706818
vn 0.044699 0.855185 -0.516391
vn -0.027199 0.849684 -0.526590
vn -0.010400 0.923983 -0.382293
vn 1.000000 0.000000 0.000000
vn 1.000000 0.000000 0.000000
vn 1.000000 0.000000 0.000000
vn 1.000000 0.000000 0.000000
vn -0.010400 0.923983 -0.382293
vn -0.027199 0.849684 -0.526590
vn 0.000000 0.872506 -0.488603
vn 0.000000 0.965558 -0.260189
vn 0.000000 0.965558 -0.260189
vn 0.010400 0.923983 -0.382293
vn -0.044700 0.987705 -0.149801
vn 0.000000 0.994184 -0.107698
vn 0.010400 0.923983 -0.382293
vn 0.000000 0.965558 -0.260189
vn 0.000000 0.872506 -0.488603
vn 0.027199 0.849684 -0.526590
vn 0.374505 0.474006 0.796910
vn 0.374505 0.474006 0.796910
vn 0.000000 0.511183 0.859472
vn 0.000000 0.511183 0.859472
vn -0.374505 0.474006 0.796910
vn 0.000000 0.511183 0.859472
vn 0.000000 0.511183 0.859472
vn -0.374505 0.474006 0.796910
vn -1.000000 0.000000 0.000000
vn -1.000000 0.000000 0.000000
vn -1.000000 0.000000 0.000000
vn -1.000000 0.000000 0.000000
vn 0.010400 0.707318 -0.706818
vn 0.010400 0.923983 -0.382293
vn 0.027199 0.849684 -0.526590
vn -0.044699 0.855185 -0.516391
vn -0.036499 0.847781 -0.529088
vn 0.056001 0.848013 -0.527008
vn 0.030900 0.847807 -0.529404
vn -0.018700 0.846984 -0.531290
vn 0.056001 0.848013 -0.527008
vn 0.000000 0.870199 -0.492700
vn 0.018700 0.871188 -0.490593
vn 0.030900 0.847807 -0.529404
vn -0.018700 0.846984 -0.531290
vn 0.030900 0.847807 -0.529404
vn 0.018700 0.871188 -0.490593
vn -0.030899 0.869883 -0.492290
vn 0.000000 0.870199 -0.492700
vn 0.000000 0.869226 -0.494415
vn -0.030899 0.869883 -0.492290
vn 0.018700 0.871188 -0.490593
vn 0.000000 0.869226 -0.494415
vn -0.036499 0.847781 -0.529088
vn -0.018700 0.846984 -0.531290
vn -0.030899 0.869883 -0.492290
vn 0.000000 0.869226 -0.494415
vn 0.030899 0.869883 -0.492290
vn 0.018700 0.846984 -0.531290
vn 0.036499 0.847781 -0.529088
vn 0.000000 -0.511183 -0.859472
vn 0.000000 -0.511183 -0.859472
vn -0.374505 -0.474006 -0.796910
vn -0.374505 -0.474006 -0.796910
vn 0.000000 -0.511183 -0.859472
vn 0.374505 -0.474006 -0.796910
vn 0.374505 -0.474006 -0.796910
vn 0.000000 -0.511183 -0.859472
vn 0.000000 0.870199 -0.492700
vn -0.018700 0.871188 -0.490593
vn 0.030899 0.869883 -0.492290
vn 0.000000 0.869226 -0.494415
vn 0.018700 0.846984 -0.531290
vn 0.030899 0.869883 -0.492290
vn -0.018700 0.871188 -0.490593
vn -0.030900 0.847807 -0.529404
vn 0.036499 0.847781 -0.529088
vn 0.018700 0.846984 -0.531290
vn -0.030900 0.847807 -0.529404
vn -0.056001 0.848013 -0.527008
vn -0.056001 0.848013 -0.527008
vn -0.030900 0.847807 -0.529404
vn -0.018700 0.871188 -0.490593
vn 0.000000 0.870199 -0.492700
vn 1.000000 0.000000 0.000000
vn 1.000000 0.000000 0.000000
vn 1.000000 0.000000 0.000000
vn 1.000000 0.000000 0.000000
vn 0.000000 0.792487 -0.609890
vn 0.000000 0.877318 -0.479910
vn 0.044699 0.855185 -0.516391
vn -0.010400 0.707318 -0.706818
vn 0.000000 0.792487 -0.609890
vn 0.010400 0.707318 -0.706818
vn -0.044699 0.855185 -0.516391
vn 0.000000 0.877318 -0.479910
vn -0.010400 0.707318 -0.706818
vn -0.027199 0.583480 -0.811672
vn 0.000000 0.619106 -0.785308
vn 0.000000 0.792487 -0.609890
vn 0.010400 0.707318 -0.706818
vn 0.000000 0.792487 -0.609890
vn 0.000000 0.619106 -0.785308
vn 0.027199 0.583480 -0.811672
vn 0.010400 0.382996 -0.923691
vn 0.010400 0.707318 -0.706818
vn 0.027199 0.583480 -0.811672
vn -0.044701 0.592514 -0.804319
vn -1.000000 0.000000 0.000000
vn -1.000000 0.000000 0.000000
vn -1.000000 0.000000 0.000000
vn -1.000000 0.000000 0.000000
vn -1.000000 0.000000 0.000000
vn -1.000000 0.000000 0.000000
vn -1.000000 0.000000 0.000000
vn -1.000000 0.000000 0.000000
vn -1.000000 0.000000 0.000000
vn -1.000000 0.000000 0.000000
vn -1.000000 0.000000 0.000000
vn -1.000000 0.000000 0.000000
vn -0.374509 0.742917 0.554813
vn 0.000000 0.801198 0.598399
vn 0.000000 0.801198 0.598399
vn -0.374509 0.742917 0.554813
vn -0.036500 0.580700 -0.813299
vn 0.056000 0.581801 -0.811401
vn 0.030898 0.580667 -0.813554
vn -0.018700 0.579186 -0.814981
vn 0.056000 0.581801 -0.811401
vn 0.000000 0.615407 -0.788209
vn 0.018699 0.617082 -0.786677
vn 0.030898 0.580667 -0.813554
vn -0.018700 0.579186 -0.814981
vn 0.030898 0.580667 -0.813554
vn 0.018699 0.617082 -0.786677
vn -0.030900 0.615294 -0.787692
vn 0.000000 0.615407 -0.788209
vn 0.000000 0.613830 -0.789438
vn -0.030900 0.615294 -0.787692
vn 0.018699 0.617082 -0.786677
vn 0.000000 0.613830 -0.789438
vn -0.036500 0.580700 -0.813299
vn -0.018700 0.579186 -0.814981
vn -0.030900 0.615294 -0.787692
vn 0.000000 0.613830 -0.789438
vn 0.030900 0.615294 -0.787692
vn 0.018700 0.579186 -0.814981
vn 0.036500 0.580700 -0.813299
vn 0.000000 -0.801198 -0.598399
vn 0.000000 -0.801198 -0.598399
vn -0.374509 -0.742917 -0.554813
vn -0.374509 -0.742917 -0.554813
vn 0.000000 -0.801198 -0.598399
vn 0.374509 -0.742917 -0.554813
vn 0.374509 -0.742917 -0.554813
vn 0.000000 -0.801198 -0.598399
vn 0.000000 0.615407 -0.788209
vn -0.018699 0.617082 -0.786677
vn 0.030900 0.615294 -0.787692
vn 0.000000 0.613830 -0.789438
vn 0.018700 0.579186 -0.814981
vn 0.030900 0.615294 -0.787692
vn -0.018699 0.617082 -0.786677
vn -0.030898 0.580667 -0.813554
vn 0.036500 0.580700 -0.813299
vn 0.018700 0.579186 -0.814981
vn -0.030898 0.580667 -0.813554
vn -0.056000 0.581801 -0.811401
vn -0.056000 0.581801 -0.811401
vn -0.030898 0.580667 -0.813554
vn -0.018699 0.617082 -0.786677
vn 0.000000 0.615407 -0.788209
vn 1.000000 0.000000 0.000000
vn 1.000000 0.000000 0.000000
vn 1.000000 0.000000 0.000000
vn 1.000000 0.000000 0.000000
vn 0.374509 0.742917 0.554813
vn 0.374509 0.742917 0.554813
vn 0.000000 0.801198 0.598399
vn 0.000000 0.801198 0.598399
vn -0.010400 0.382996 -0.923691
vn 0.044701 0.592514 -0.804319
vn -0.027199 0.583480 -0.811672
vn -0.010400 0.707318 -0.706818
vn 0.000000 0.498807 -0.866713
vn 0.000000 0.626900 -0.779100
vn 0.044701 0.592514 -0.804319
vn -0.010400 0.382996 -0.923691
vn -0.010400 0.000300 -0.999946
vn 0.044702 0.239610 -0.969840
vn -0.027200 0.228397 -0.973188
vn -0.010400 0.382996 -0.923691
vn 1.000000 0.000000 0.000000
vn 1.000000 0.000000 0.000000
vn 1.000000 0.000000 0.000000
vn 1.000000 0.000000 0.000000
vn 1.000000 0.000000 0.000000
vn 1.000000 0.000000 0.000000
vn 1.000000 0.000000 0.000000
vn 1.000000 0.000000 0.000000
vn -0.010400 0.382996 -0.923691
vn -0.027200 0.228397 -0.973188
vn 0.000000 0.271391 -0.962469
vn 0.000000 0.498807 -0.866713
vn 0.000000 0.498807 -0.866713
vn 0.010400 0.382996 -0.923691
vn -0.044701 0.592514 -0.804319
vn 0.000000 0.626900 -0.779100
vn 0.010400 0.382996 -0.923691
vn 0.000000 0.498807 -0.866713
vn 0.000000 0.271391 -0.962469
vn 0.027199 0.228492 -0.973166
vn 0.374494 0.898685 0.228296
vn 0.374494 0.898685 0.228296
vn 0.000000 0.969218 0.246205
vn 0.000000 0.969218 0.246205
vn -0.374494 0.898685 0.228296
vn 0.000000 0.969218 0.246205
vn 0.000000 0.969218 0.246205
vn -0.374494 0.898685 0.228296
vn -1.000000 0.000000 0.000000
vn -1.000000 0.000000 0.000000
vn -1.000000 0.000000 0.000000
vn -1.000000 0.000000 0.000000
vn 0.010400 0.000300 -0.999946
vn 0.010400 0.382996 -0.923691
vn 0.027199 0.228492 -0.973166
vn -0.044702 0.239610 -0.969840
vn -0.036500 0.225301 -0.973605
vn 0.055999 0.226996 -0.972284
vn 0.030901 0.225110 -0.973843
vn -0.018700 0.223199 -0.974594
vn 0.055999 0.226996 -0.972284
vn 0.000000 0.266906 -0.963723
vn 0.018701 0.269108 -0.962928
vn 0.030901 0.225110 -0.973843
vn -0.018700 0.223199 -0.974594
vn 0.030901 0.225110 -0.973843
vn 0.018701 0.269108 -0.962928
vn -0.030900 0.267000 -0.963201
vn 0.000000 0.266906 -0.963723
vn 0.000000 0.265012 -0.964245
vn -0.030900 0.267000 -0.963201
vn 0.018701 0.269108 -0.962928
vn 0.000000 0.265012 -0.964245
vn -0.036500 0.225301 -0.973605
vn -0.018700 0.223199 -0.974594
vn -0.030900 0.267000 -0.963201
vn 0.000000 0.265012 -0.964245
vn 0.030900 0.267000 -0.963201
vn 0.018700 0.223199 -0.974594
vn 0.036500 0.225301 -0.973605
vn 0.000000 -0.969218 -0.246205
vn 0.000000 -0.969218 -0.246205
vn -0.374494 -0.898685 -0.228296
vn -0.374494 -0.898685 -0.228296
vn 0.000000 -0.969218 -0.246205
vn 0.374494 -0.898685 -0.228296
vn 0.374494 -0.898685 -0.228296
vn 0.000000 -0.969218 -0.246205
vn 0.000000 0.266906 -0.963723
vn -0.018701 0.269108 -0.962928
vn 0.030900 0.267000 -0.963201
vn 0.000000 0.265012 -0.964245
vn 0.018700 0.223199 -0.974594
vn 0.030900 0.267000 -0.963201
vn -0.018701 0.269108 -0.962928
vn -0.030901 0.225110 -0.973843
vn 0.036500 0.225301 -0.973605
vn 0.018700 0.223199 -0.974594
vn -0.030901 0.225110 -0.973843
vn -0.055999 0.226996 -0.972284
vn -0.055999 0.226996 -0.972284
vn -0.030901 0.225110 -0.973843
vn -0.018701 0.269108 -0.962928
vn 0.000000 0.266906 -0.963723
vn 1.000000 0.000000 0.000000
vn 1.000000 0.000000 0.000000
vn 1.000000 0.000000 0.000000
vn 1.000000 0.000000 0.000000
vn 0.000000 0.129104 -0.991631
vn 0.000000 0.281002 -0.959707
vn 0.044702 0.239610 -0.969840
vn -0.010400 0.000300 -0.999946
vn 0.000000 0.129104 -0.991631
vn 0.010400 0.000300 -0.999946
vn -0.044702 0.239610 -0.969840
vn 0.000000 0.281002 -0.959707
vn -0.010400 0.000300 -0.999946
vn -0.027200 -0.161402 -0.986514
vn 0.000000 -0.117497 -0.993073
vn 0.000000 0.129104 -0.991631
vn 0.010400 0.000300 -0.999946
vn 0.000000 0.129104 -0.991631
vn 0.000000 -0.117497 -0.993073
vn 0.027200 -0.161402 -0.986514
vn 0.010400 -0.382293 -0.923983
vn 0.010400 0.000300 -0.999946
vn 0.027200 -0.161402 -0.986514
vn -0.044700 -0.149801 -0.987705
vn -1.000000 0.000000 0.000000
vn -1.000000 0.000000 0.000000
vn -1.000000 0.000000 0.000000
vn -1.000000 0.000000 0.000000
vn -1.000000 0.000000 0.000000
vn -1.000000 0.000000 0.000000
vn -1.000000 0.000000 0.000000
vn -1.000000 0.000000 0.000000
vn -1.000000 0.000000 0.000000
vn -1.000000 0.000000 0.000000
vn -1.000000 0.000000 0.000000
vn -1.000000 0.000000 0.000000
vn -0.374513 0.917633 -0.133005
vn 0.000000 0.989666 -0.143395
vn 0.000000 0.989666 -0.143395
vn -0.374513 0.917633 -0.133005
vn -0.036501 -0.164403 -0.985718
vn 0.056003 -0.162308 -0.985150
vn 0.030899 -0.164693 -0.985861
vn -0.018701 -0.166705 -0.985829
vn 0.056003 -0.162308 -0.985150
vn 0.000000 -0.122201 -0.992505
vn 0.018700 -0.119901 -0.992610
vn 0.030899 -0.164693 -0.985861
vn -0.018701 -0.166705 -0.985829
vn 0.030899 -0.164693 -0.985861
vn 0.018700 -0.119901 -0.992610
vn -0.030899 -0.121895 -0.992062
vn 0.000000 -0.122201 -0.992505
vn 0.000000 -0.124195 -0.992258
vn -0.030899 -0.121895 -0.992062
vn 0.018700 -0.119901 -0.992610
vn 0.000000 -0.124195 -0.992258
vn -0.036501 -0.164403 -0.985718
vn -0.018701 -0.166705 -0.985829
vn -0.030899 -0.121895 -0.992062
vn 0.000000 -0.124195 -0.992258
vn 0.030899 -0.121895 -0.992062
vn 0.018701 -0.166705 -0.985829
vn 0.036501 -0.164403 -0.985718
vn 0.000000 -0.989666 0.143395
vn 0.000000 -0.989666 0.143395
vn -0.374513 -0.917633 0.133005
vn -0.374513 -0.917633 0.133005
vn 0.000000 -0.989666 0.143395
vn 0.374513 -0.917633 0.133005
vn 0.374513 -0.917633 0.133005
vn 0.000000 -0.989666 0.143395
vn 0.000000 -0.122201 -0.992505
vn -0.018700 -0.119901 -0.992610
vn 0.030899 -0.121895 -0.992062
vn 0.000000 -0.124195 -0.992258
vn 0.018701 -0.166705 -0.985829
vn 0.030899 -0.121895 -0.992062
vn -0.018700 -0.119901 -0.992610
vn -0.030899 -0.164693 -0.985861
vn 0.036501 -0.164403 -0.985718
vn 0.018701 -0.166705 -0.985829
vn -0.030899 -0.164693 -0.985861
vn -0.056003 -0.162308 -0.985150
vn -0.056003 -0.162308 -0.985150
vn -0.030899 -0.164693 -0.985861
vn -0.018700 -0.119901 -0.992610
vn 0.000000 -0.122201 -0.992505
vn 1.000000 0.000000 0.000000
vn 1.000000 0.000000 0.000000
vn 1.000000 0.000000 0.000000
vn 1.000000 0.000000 0.000000
vn 0.374513 0.917633 -0.133005
vn 0.374513 0.917633 -0.133005
vn 0.000000 0.989666 -0.143395
vn 0.000000 0.989666 -0.143395
vn -0.010400 -0.382293 -0.923983
vn 0.044700 -0.149801 -0.987705
vn -0.027200 -0.161402 -0.986514
vn -0.010400 0.000300 -0.999946
vn 0.000000 -0.260189 -0.965558
vn 0.000000 -0.107698 -0.994184
vn 0.044700 -0.149801 -0.987705
vn -0.010400 -0.382293 -0.923983
vn -0.010400 -0.706819 -0.707319
vn 0.044699 -0.516391 -0.855185
vn -0.027199 -0.526590 -0.849684
vn -0.010400 -0.382293 -0.923983
vn 1.000000 0.000000 0.000000
vn 1.000000 0.000000 0.000000
vn 1.000000 0.000000 0.000000
vn 1.000000 0.000000 0.000000
vn 1.000000 0.000000 0.000000
vn 1.000000 0.000000 0.000000
vn 1.000000 0.000000 0.000000
vn 1.000000 0.000000 0.000000
vn -0.010400 -0.382293 -0.923983
vn -0.027199 -0.526590 -0.849684
vn 0.000000 -0.488603 -0.872506
vn 0.000000 -0.260189 -0.965558
vn 0.000000 -0.260189 -0.965558
vn 0.010400 -0.382293 -0.923983
vn -0.044700 -0.149801 -0.987705
vn 0.000000 -0.107698 -0.994184
vn 0.010400 -0.382293 -0.923983
vn 0.000000 -0.260189 -0.965558
vn 0.000000 -0.488603 -0.872506
vn 0.027199 -0.526590 -0.849684
vn 0.374505 0.796910 -0.474006
vn 0.374505 0.796910 -0.474006
vn 0.000000 0.859472 -0.511183
vn 0.000000 0.859472 -0.511183
vn -0.374505 0.796910 -0.474006
vn 0.000000 0.859472 -0.511183
vn 0.000000 0.859472 -0.511183
vn -0.374505 0.796910 -0.474006
vn 0.010400 -0.706819 -0.707319
vn 0.010400 -0.382293 -0.923983
vn 0.027199 -0.526590 -0.849684
vn -0.044699 -0.516391 -0.855185
vn -1.000000 0.000000 0.000000
vn -1.000000 0.000000 0.000000
vn -1.000000 0.000000 0.000000
vn -1.000000 0.000000 0.000000
vn -0.036499 -0.529088 -0.847781
vn 0.056001 -0.527008 -0.848013
vn 0.030900 -0.529404 -0.847807
vn -0.018700 -0.531290 -0.846984
vn 0.056001 -0.527008 -0.848013
vn 0.000000 -0.492700 -0.870199
vn 0.018700 -0.490593 -0.871188
vn 0.030900 -0.529404 -0.847807
vn -0.018700 -0.531290 -0.846984
vn 0.030900 -0.529404 -0.847807
vn 0.018700 -0.490593 -0.871188
vn -0.030899 -0.492290 -0.869883
vn 0.000000 -0.492700 -0.870199
vn 0.000000 -0.494415 -0.869226
vn -0.030899 -0.492290 -0.869883
vn 0.018700 -0.490593 -0.871188
vn 0.000000 -0.494415 -0.869226
vn -0.036499 -0.529088 -0.847781
vn -0.018700 -0.531290 -0.846984
vn -0.030899 -0.492290 -0.869883
vn 0.000000 -0.494415 -0.869226
vn 0.030899 -0.492290 -0.869883
vn 0.018700 -0.531290 -0.846984
vn 0.036499 -0.529088 -0.847781
vn 0.000000 -0.859472 0.511183
vn 0.000000 -0.859472 0.511183
vn -0.374505 -0.796910 0.474006
vn -0.374505 -0.796910 0.474006
vn 0.000000 -0.859472 0.511183
vn 0.374505 -0.796910 0.474006
vn 0.374505 -0.796910 0.474006
vn 0.000000 -0.859472 0.511183
vn 0.000000 -0.492700 -0.870199
vn -0.018700 -0.490593 -0.871188
vn 0.030899 -0.492290 -0.869883
vn 0.000000 -0.494415 -0.869226
vn 0.018700 -0.531290 -0.846984
vn 0.030899 -0.492290 -0.869883
vn -0.018700 -0.490593 -0.871188
vn -0.030900 -0.529404 -0.847807
vn 0.036499 -0.529088 -0.847781
vn 0.018700 -0.531290 -0.846984
vn -0.030900 -0.529404 -0.847807
vn -0.056001 -0.527008 -0.848013
vn -0.056001 -0.527008 -0.848013
vn -0.030900 -0.529404 -0.847807
vn -0.018700 -0.490593 -0.871188
vn 0.000000 -0.492700 -0.870199
vn 1.000000 0.000000 0.000000
vn 1.000000 0.000000 0.000000
vn 1.000000 0.000000 0.000000
vn 1.000000 0.000000 0.000000
vn 0.000000 -0.609890 -0.792487
vn 0.000000 -0.479910 -0.877318
vn 0.044699 -0.516391 -0.855185
vn -0.010400 -0.706819 -0.707319
vn 0.000000 -0.609890 -0.792487
vn 0.010400 -0.706819 -0.707319
vn -0.044699 -0.516391 -0.855185
vn 0.000000 -0.479910 -0.877318
vn -0.010400 -0.706819 -0.707319
vn -0.027199 -0.811672 -0.583480
vn 0.000000 -0.785308 -0.619106
vn 0.000000 -0.609890 -0.792487
vn 0.010400 -0.706819 -0.707319
vn 0.000000 -0.609890 -0.792487
vn 0.000000 -0.785308 -0.619106
vn 0.027199 -0.811672 -0.583480
vn 0.010400 -0.923691 -0.382996
vn 0.010400 -0.706819 -0.707319
vn 0.027199 -0.811672 -0.583480
vn -0.044701 -0.804319 -0.592514
vn -1.000000 0.000000 0.000000
vn -1.000000 0.000000 0.000000
vn -1.000000 0.000000 0.000000
vn -1.000000 0.000000 0.000000
vn -1.000000 0.000000 0.000000
vn -1.000000 0.000000 0.000000
vn -1.000000 0.000000 0.000000
vn -1.000000 0.000000 0.000000
vn -1.000000 0.000000 0.000000
vn -1.000000 0.000000 0.000000
vn -1.000000 0.000000 0.000000
vn -1.000000 0.000000 0.000000
vn -0.374509 0.554813 -0.742917
vn 0.000000 0.598399 -0.801198
vn 0.000000 0.598399 -0.801198
vn -0.374509 0.554813 -0.742917
vn -0.036500 -0.813299 -0.580700
vn 0.056000 -0.811401 -0.581801
vn 0.030898 -0.813554 -0.580667
vn -0.018700 -0.814981 -0.579186
vn 0.056000 -0.811401 -0.581801
vn 0.000000 -0.788209 -0.615407
vn 0.018699 -0.786677 -0.617082
vn 0.030898 -0.813554 -0.580667
vn -0.018700 -0.814981 -0.579186
vn 0.030898 -0.813554 -0.580667
vn 0.018699 -0.786677 -0.617082
vn -0.030900 -0.787692 -0.615294
vn 0.000000 -0.788209 -0.615407
vn 0.000000 -0.789438 -0.613830
vn -0.030900 -0.787692 -0.615294
vn 0.018699 -0.786677 -0.617082
vn 0.000000 -0.789438 -0.613830
vn -0.036500 -0.813299 -0.580700
vn -0.018700 -0.814981 -0.579186
vn -0.030900 -0.787692 -0.615294
vn 0.000000 -0.789438 -0.613830
vn 0.030900 -0.787692 -0.615294
vn 0.018700 -0.814981 -0.579186
vn 0.036500 -0.813299 -0.580700
vn 0.000000 -0.598399 0.801198
vn 0.000000 -0.598399 0.801198
vn -0.374509 -0.554813 0.742917
vn -0.374509 -0.554813 0.742917
vn 0.000000 -0.598399 0.801198
vn 0.374509 -0.554813 0.742917
vn 0.374509 -0.554813 0.742917
vn 0.000000 -0.598399 0.801198
vn 0.000000 -0.788209 -0.615407
vn -0.018699 -0.786677 -0.617082
vn 0.030900 -0.787692 -0.615294
vn 0.000000 -0.789438 -0.613830
vn 0.018700 -0.814981 -0.579186
vn 0.030900 -0.787692 -0.615294
vn -0.018699 -0.786677 -0.617082
vn -0.030898 -0.813554 -0.580667
vn 0.036500 -0.813299 -0.580700
vn 0.018700 -0.814981 -0.579186
vn -0.030898 -0.813554 -0.580667
vn -0.056000 -0.811401 -0.581801
vn -0.056000 -0.811401 -0.581801
vn -0.030898 -0.813554 -0.580667
vn -0.018699 -0.786677 -0.617082
vn 0.000000 -0.788209 -0.615407
vn 1.000000 0.000000 0.000000
vn 1.000000 0.000000 0.000000
vn 1.000000 0.000000 0.000000
vn 1.000000 0.000000 0.000000
vn 0.374509 0.554813 -0.742917
vn 0.374509 0.554813 -0.742917
vn 0.000000 0.598399 -0.801198
vn 0.000000 0.598399 -0.801198
vn -0.010400 -0.923691 -0.382996
vn 0.044701 -0.804319 -0.592514
vn -0.027199 -0.811672 -0.583480
vn -0.010400 -0.706819 -0.707319
vn 0.000000 -0.866713 -0.498807
vn 0.000000 -0.779100 -0.626900
vn 0.044701 -0.804319 -0.592514
vn -0.010400 -0.923691 -0.382996
vn -0.010400 -0.999946 -0.000300
vn 0.044702 -0.969840 -0.239610
vn -0.027199 -0.973166 -0.228492
vn -0.010400 -0.923691 -0.382996
vn 1.000000 0.000000 0.000000
vn 1.000000 0.000000 0.000000
vn 1.000000 0.000000 0.000000
vn 1.000000 0.000000 0.000000
vn 1.000000 0.000000 0.000000
vn 1.000000 0.000000 0.000000
vn 1.000000 0.000000 0.000000
vn 1.000000 0.000000 0.000000
vn -0.010400 -0.923691 -0.382996
vn -0.027199 -0.973166 -0.228492
vn 0.000000 -0.962469 -0.271391
vn 0.000000 -0.866713 -0.498807
vn 0.000000 -0.866713 -0.498807
vn 0.010400 -0.923691 -0.382996
vn -0.044701 -0.804319 -0.592514
vn 0.000000 -0.779100 -0.626900
vn 0.010400 -0.923691 -0.382996
vn 0.000000 -0.866713 -0.498807
vn 0.000000 -0.962469 -0.271391
vn 0.027199 -0.973166 -0.228492
vn 0.374494 0.228296 -0.898685
vn 0.374494 0.228296 -0.898685
vn 0.000000 0.246205 -0.969218
vn 0.000000 0.246205 -0.969218
vn -0.374494 0.228296 -0.898685
vn 0.000000 0.246205 -0.969218
vn 0.000000 0.246205 -0.969218
vn -0.374494 0.228296 -0.898685
vn -1.000000 0.000000 0.000000
vn -1.000000 0.000000 0.000000
vn -1.000000 0.000000 0.000000
vn -1.000000 0.000000 0.000000
vn 0.010400 -0.999946 -0.000300
vn 0.010400 -0.923691 -0.382996
vn 0.027199 -0.973166 -0.228492
vn -0.044702 -0.969840 -0.239610
vn -0.036500 -0.973605 -0.225301
vn 0.055999 -0.972284 -0.226996
vn 0.030901 -0.973843 -0.225110
vn -0.018700 -0.974594 -0.223199
vn 0.055999 -0.972284 -0.226996
vn 0.000000 -0.963723 -0.266906
vn 0.018701 -0.962928 -0.269108
vn 0.030901 -0.973843 -0.225110
vn -0.018700 -0.974594 -0.223199
vn 0.030901 -0.973843 -0.225110
vn 0.018701 -0.962928 -0.269108
vn -0.030900 -0.963201 -0.267000
vn 0.000000 -0.963723 -0.266906
vn 0.000000 -0.964245 -0.265012
vn -0.030900 -0.963201 -0.267000
vn 0.018701 -0.962928 -0.269108
vn 0.000000 -0.964245 -0.265012
vn -0.036500 -0.973605 -0.225301
vn -0.018700 -0.974594 -0.223199
vn -0.030900 -0.963201 -0.267000
vn 0.000000 -0.964245 -0.265012
vn 0.030900 -0.963201 -0.267000
vn 0.018700 -0.974594 -0.223199
vn 0.036500 -0.973605 -0.225301
vn 0.000000 -0.246205 0.969218
vn 0.000000 -0.246205 0.969218
vn -0.374494 -0.228296 0.898685
vn -0.374494 -0.228296 0.898685
vn 0.000000 -0.246205 0.969218
vn 0.374494 -0.228296 0.898685
vn 0.374494 -0.228296 0.898685
vn 0.000000 -0.246205 0.969218
vn 0.000000 -0.963723 -0.266906
vn -0.018701 -0.962928 -0.269108
vn 0.030900 -0.963201 -0.267000
vn 0.000000 -0.964245 -0.265012
vn 0.018700 -0.974594 -0.223199
vn 0.030900 -0.963201 -0.267000
vn -0.018701 -0.962928 -0.269108
vn -0.030901 -0.973843 -0.225110
vn 0.036500 -0.973605 -0.225301
vn 0.018700 -0.974594 -0.223199
vn -0.030901 -0.973843 -0.225110
vn -0.055999 -0.972284 -0.226996
vn -0.055999 -0.972284 -0.226996
vn -0.030901 -0.973843 -0.225110
vn -0.018701 -0.962928 -0.269108
vn 0.000000 -0.963723 -0.266906
vn 1.000000 0.000000 0.000000
vn 1.000000 0.000000 0.000000
vn 1.000000 0.000000 0.000000
vn 1.000000 0.000000 0.000000
vn 0.000000 -0.991631 -0.129104
vn 0.000000 -0.959707 -0.281002
vn 0.044702 -0.969840 -0.239610
vn -0.010400 -0.999946 -0.000300
vn 0.000000 -0.991631 -0.129104
vn 0.010400 -0.999946 -0.000300
vn -0.044702 -0.969840 -0.239610
vn 0.000000 -0.959707 -0.281002
vn -0.010400 -0.999946 -0.000300
vn -0.027200 -0.986514 0.161402
vn 0.000000 -0.993073 0.117497
vn 0.000000 -0.991631 -0.129104
vn 0.010400 -0.999946 -0.000300
vn 0.000000 -0.991631 -0.129104
vn 0.000000 -0.993073 0.117497
vn 0.027200 -0.986514 0.161402
vn 0.010400 -0.923983 0.382293
vn 0.010400 -0.999946 -0.000300
vn 0.027200 -0.986514 0.161402
vn -0.044700 -0.987705 0.149801
vn -1.000000 0.000000 0.000000
vn -1.000000 0.000000 0.000000
vn -1.000000 0.000000 0.000000
vn -1.000000 0.000000 0.000000
vn -1.000000 0.000000 0.000000
vn -1.000000 0.000000 0.000000
vn -1.000000 0.000000 0.000000
vn -1.000000 0.000000 0.000000
vn -1.000000 0.000000 0.000000
vn -1.000000 0.000000 0.000000
vn -1.000000 0.000000 0.000000
vn -1.000000 0.000000 0.000000
vn -0.374513 -0.133005 -0.917633
vn 0.000000 -0.143395 -0.989666
vn 0.000000 -0.143395 -0.989666
vn -0.374513 -0.133005 -0.917633
vn -0.036501 -0.985718 0.164403
vn 0.056003 -0.985150 0.162308
vn 0.030899 -0.985861 0.164693
vn -0.018700 -0.985813 0.166802
vn 0.056003 -0.985150 0.162308
vn 0.000000 -0.992505 0.122201
vn 0.018700 -0.992610 0.119901
vn 0.030899 -0.985861 0.164693
vn -0.018700 -0.985813 0.166802
vn 0.030899 -0.985861 0.164693
vn 0.018700 -0.992610 0.119901
vn -0.030899 -0.992062 0.121895
vn 0.000000 -0.992505 0.122201
vn 0.000000 -0.992258 0.124195
vn -0.030899 -0.992062 0.121895
vn 0.018700 -0.992610 0.119901
vn 0.000000 -0.992258 0.124195
vn -0.036501 -0.985718 0.164403
vn -0.018700 -0.985813 0.166802
vn -0.030899 -0.992062 0.121895
vn 0.000000 -0.992258 0.124195
vn 0.030899 -0.992062 0.121895
vn 0.018700 -0.985813 0.166802
vn 0.036501 -0.985718 0.164403
vn 0.000000 0.143395 0.989666
vn 0.000000 0.143395 0.989666
vn -0.374513 0.133005 0.917633
vn -0.374513 0.133005 0.917633
vn 0.000000 0.143395 0.989666
vn 0.374513 0.133005 0.917633
vn 0.374513 0.133005 0.917633
vn 0.000000 0.143395 0.989666
vn 0.000000 -0.992505 0.122201
vn -0.018700 -0.992610 0.119901
vn 0.030899 -0.992062 0.121895
vn 0.000000 -0.992258 0.124195
vn 0.018700 -0.985813 0.166802
vn 0.030899 -0.992062 0.121895
vn -0.018700 -0.992610 0.119901
vn -0.030899 -0.985861 0.164693
vn 0.036501 -0.985718 0.164403
vn 0.018700 -0.985813 0.166802
vn -0.030899 -0.985861 0.164693
vn -0.056003 -0.985150 0.162308
vn -0.056003 -0.985150 0.162308
vn -0.030899 -0.985861 0.164693
vn -0.018700 -0.992610 0.119901
vn 0.000000 -0.992505 0.122201
vn 1.000000 0.000000 0.000000
vn 1.000000 0.000000 0.000000
vn 1.000000 0.000000 0.000000
vn 1.000000 0.000000 0.000000
vn 0.374513 -0.133005 -0.917633
vn 0.374513 -0.133005 -0.917633
vn 0.000000 -0.143395 -0.989666
vn 0.000000 -0.143395 -0.989666
vn -0.010400 -0.923983 0.382293
vn 0.044700 -0.987705 0.149801
vn -0.027200 -0.986514 0.161402
vn -0.010400 -0.999946 -0.000300
vn 0.000000 -0.965558 0.260189
vn 0.000000 -0.994184 0.107698
vn 0.044700 -0.987705 0.149801
vn -0.010400 -0.923983 0.382293
vn -0.010400 -0.707318 0.706818
vn 0.044699 -0.855185 0.516391
vn -0.027199 -0.849684 0.526590
vn -0.010400 -0.923983 0.382293
vn 1.000000 0.000000 0.000000
vn 1.000000 0.000000 0.000000
vn 1.000000 0.000000 0.000000
vn 1.000000 0.000000 0.000000
vn 1.000000 0.000000 0.000000
vn 1.000000 0.000000 0.000000
vn 1.000000 0.000000 0.000000
vn 1.000000 0.000000 0.000000
vn -0.010400 -0.923983 0.382293
vn -0.027199 -0.849684 0.526590
vn 0.000000 -0.872506 0.488603
vn 0.000000 -0.965558 0.260189
vn 0.000000 -0.965558 0.260189
vn 0.010400 -0.923983 0.382293
vn -0.044700 -0.987705 0.149801
vn 0.000000 -0.994184 0.107698
vn 0.010400 -0.923983 0.382293
vn 0.000000 -0.965558 0.260189
vn 0.000000 -0.872506 0.488603
vn 0.027199 -0.849684 0.526590
vn 0.374505 -0.474006 -0.796910
vn 0.374505 -0.474006 -0.796910
vn 0.000000 -0.511183 -0.859472
vn 0.000000 -0.511183 -0.859472
vn -0.374505 -0.474006 -0.796910
vn 0.000000 -0.511183 -0.859472
vn 0.000000 -0.511183 -0.859472
vn -0.374505 -0.474006 -0.796910
vn -1.000000 0.000000 0.000000
vn -1.000000 0.000000 0.000000
vn -1.000000 0.000000 0.000000
vn -1.000000 0.000000 0.000000
vn 0.010400 -0.707318 0.706818
vn 0.010400 -0.923983 0.382293
vn 0.027199 -0.849684 0.526590
vn -0.044699 -0.855185 0.516391
vn -0.036499 -0.847781 0.529088
vn 0.056001 -0.848013 0.527008
vn 0.030900 -0.847807 0.529404
vn -0.018700 -0.846984 0.531290
vn 0.056001 -0.848013 0.527008
vn 0.000000 -0.870199 0.492700
vn 0.018700 -0.871188 0.490593
vn 0.030900 -0.847807 0.529404
vn -0.018700 -0.846984 0.531290
vn 0.030900 -0.847807 0.529404
vn 0.018700 -0.871188 0.490593
vn -0.030899 -0.869883 0.492290
vn 0.000000 -0.870199 0.492700
vn 0.000000 -0.869226 0.494415
vn -0.030899 -0.869883 0.492290
vn 0.018700 -0.871188 0.490593
vn 0.000000 -0.869226 0.494415
vn -0.036499 -0.847781 0.529088
vn -0.018700 -0.846984 0.531290
vn -0.030899 -0.869883 0.492290
vn 0.000000 -0.869226 0.494415
vn 0.030899 -0.869883 0.492290
vn 0.018700 -0.846984 0.531290
vn 0.036499 -0.847781 0.529088
vn 0.000000 0.511183 0.859472
vn 0.000000 0.511183 0.859472
vn -0.374505 0.474006 0.796910
vn -0.374505 0.474006 0.796910
vn 0.000000 0.511183 0.859472
vn 0.374505 0.474006 0.796910
vn 0.374505 0.474006 0.796910
vn 0.000000 0.511183 0.859472
vn 0.000000 -0.870199 0.492700
vn -0.018700 -0.871188 0.490593
vn 0.030899 -0.869883 0.492290
vn 0.000000 -0.869226 0.494415
vn 0.018700 -0.846984 0.531290
vn 0.030899 -0.869883 0.492290
vn -0.018700 -0.871188 0.490593
vn -0.030900 -0.847807 0.529404
vn 0.036499 -0.847781 0.529088
vn 0.018700 -0.846984 0.531290
vn -0.030900 -0.847807 0.529404
vn -0.056001 -0.848013 0.527008
vn -0.056001 -0.848013 0.527008
vn -0.030900 -0.847807 0.529404
vn -0.018700 -0.871188 0.490593
vn 0.000000 -0.870199 0.492700
vn 1.000000 0.000000 0.000000
vn 1.000000 0.000000 0.000000
vn 1.000000 0.000000 0.000000
vn 1.000000 0.000000 0.000000
vn 0.000000 -0.792487 0.609890
vn 0.000000 -0.877318 0.479910
vn 0.044699 -0.855185 0.516391
vn -0.010400 -0.707318 0.706818
vn 0.000000 -0.792487 0.609890
vn 0.010400 -0.707318 0.706818
vn -0.044699 -0.855185 0.516391
vn 0.000000 -0.877318 0.479910
vn -0.010400 -0.707318 0.706818
vn -0.027199 -0.583480 0.811672
vn 0.000000 -0.619106 0.785308
vn 0.000000 -0.792487 0.609890
vn 0.010400 -0.707318 0.706818
vn 0.000000 -0.792487 0.609890
vn 0.000000 -0.619106 0.785308
vn 0.027199 -0.583480 0.811672
vn 0.010400 -0.382996 0.923691
vn 0.010400 -0.707318 0.706818
vn 0.027199 -0.583480 0.811672
vn -0.044701 -0.592514 0.804319
vn -1.000000 0.000000 0.000000
vn -1.000000 0.000000 0.000000
vn -1.000000 0.000000 0.000000
vn -1.000000 0.000000 0.000000
vn -1.000000 0.000000 0.000000
vn -1.000000 0.000000 0.000000
vn -1.000000 0.000000 0.000000
vn -1.000000 0.000000 0.000000
vn -1.000000 0.000000 0.000000
vn -1.000000 0.000000 0.000000
vn -1.000000 0.000000 0.000000
vn -1.000000 0.000000 0.000000
vn -0.374509 -0.742917 -0.554813
vn 0.000000 -0.801198 -0.598399
vn 0.000000 -0.801198 -0.598399
vn -0.374509 -0.742917 -0.554813
vn -0.036500 -0.580700 0.813299
vn 0.056000 -0.581801 0.811401
vn 0.030898 -0.580667 0.813554
vn -0.018700 -0.579186 0.814981
vn 0.056000 -0.581801 0.811401
vn 0.000000 -0.615407 0.788209
vn 0.018699 -0.617082 0.786677
vn 0.030898 -0.580667 0.813554
vn -0.018700 -0.579186 0.814981
vn 0.030898 -0.580667 0.813554
vn 0.018699 -0.617082 0.786677
vn -0.030900 -0.615294 0.787692
vn 0.000000 -0.615407 0.788209
vn 0.000000 -0.613830 0.789438
vn -0.030900 -0.615294 0.787692
vn 0.018699 -0.617082 0.786677
vn 0.000000 -0.613830 0.789438
vn -0.036500 -0.580700 0.813299
vn -0.018700 -0.579186 0.814981
vn -0.030900 -0.615294 0.787692
vn 0.000000 -0.613830 0.789438
vn 0.030900 -0.615294 0.787692
vn 0.018700 -0.579186 0.814981
vn 0.036500 -0.580700 0.813299
vn 0.000000 0.801198 0.598399
vn 0.000000 0.801198 0.598399
vn -0.374509 0.742917 0.554813
vn -0.374509 0.742917 0.554813
vn 0.000000 0.801198 0.598399
vn 0.374509 0.742917 0.554813
vn 0.374509 0.742917 0.554813
vn 0.000000 0.801198 0.598399
vn 0.000000 -0.615407 0.788209
vn -0.018699 -0.617082 0.786677
vn 0.030900 -0.615294 0.787692
vn 0.000000 -0.613830 0.789438
vn 0.018700 -0.579186 0.814981
vn 0.030900 -0.615294 0.787692
vn -0.018699 -0.617082 0.786677
vn -0.030898 -0.580667 0.813554
vn 0.036500 -0.580700 0.813299
vn 0.018700 -0.579186 0.814981
vn -0.030898 -0.580667 0.813554
vn -0.056000 -0.581801 0.811401
vn -0.056000 -0.581801 0.811401
vn -0.030898 -0.580667 0.813554
vn -0.018699 -0.617082 0.786677
vn 0.000000 -0.615407 0.788209
vn 1.000000 0.000000 0.000000
vn 1.000000 0.000000 0.000000
vn 1.000000 0.000000 0.000000
vn 1.000000 0.000000 0.000000
vn 0.374509 -0.742917 -0.554813
vn 0.374509 -0.742917 -0.554813
vn 0.000000 -0.801198 -0.598399
vn 0.000000 -0.801198 -0.598399
vn -0.010400 -0.382996 0.923691
vn 0.044701 -0.592514 0.804319
vn -0.027199 -0.583480 0.811672
vn -0.010400 -0.707318 0.706818
vn 0.000000 -0.498807 0.866713
vn 0.000000 -0.626900 0.779100
vn 0.044701 -0.592514 0.804319
vn -0.010400 -0.382996 0.923691
vn -0.010400 -0.000300 0.999946
vn 0.044702 -0.239610 0.969840
vn -0.027199 -0.228492 0.973166
vn -0.010400 -0.382996 0.923691
vn 1.000000 0.000000 0.000000
vn 1.000000 0.000000 0.000000
vn 1.000000 0.000000 0.000000
vn 1.000000 0.000000 0.000000
vn 1.000000 0.000000 0.000000
vn 1.000000 0.000000 0.000000
vn 1.000000 0.000000 0.000000
vn 1.000000 0.000000 0.000000
vn -0.010400 -0.382996 0.923691
vn -0.027199 -0.228492 0.973166
vn 0.000000 -0.271391 0.962469
vn 0.000000 -0.498807 0.866713
vn 0.000000 -0.498807 0.866713
vn 0.010400 -0.382996 0.923691
vn -0.044701 -0.592514 0.804319
vn 0.000000 -0.626900 0.779100
vn 0.010400 -0.382996 0.923691
vn 0.000000 -0.498807 0.866713
vn 0.000000 -0.271391 0.962469
vn 0.027199 -0.228492 0.973166
vn 0.374494 -0.898685 -0.228296
vn 0.374494 -0.898685 -0.228296
vn 0.000000 -0.969218 -0.246205
vn 0.000000 -0.969218 -0.246205
vn -0.374494 -0.898685 -0.228296
vn 0.000000 -0.969218 -0.246205
vn 0.000000 -0.969218 -0.246205
vn -0.374494 -0.898685 -0.228296
vn 0.010400 -0.000300 0.999946
vn 0.010400 -0.382996 0.923691
vn 0.027199 -0.228492 0.973166
vn -0.044702 -0.239610 0.969840
vn -1.000000 0.000000 0.000000
vn -1.000000 0.000000 0.000000
vn -1.000000 0.000000 0.000000
vn -1.000000 0.000000 0.000000
vn -0.036500 -0.225301 0.973605
vn 0.055999 -0.226996 0.972284
vn 0.030901 -0.225110 0.973843
vn -0.018700 -0.223199 0.974594
vn 0.055999 -0.226996 0.972284
vn 0.000000 -0.266906 0.963723
vn 0.018701 -0.269108 0.962928
vn 0.030901 -0.225110 0.973843
vn -0.018700 -0.223199 0.974594
vn 0.030901 -0.225110 0.973843
vn 0.018701 -0.269108 0.962928
vn -0.030900 -0.267000 0.963201
vn 0.000000 -0.266906 0.963723
vn 0.000000 -0.265012 0.964245
vn -0.030900 -0.267000 0.963201
vn 0.018701 -0.269108 0.962928
vn 0.000000 -0.265012 0.964245
vn -0.036500 -0.225301 0.973605
vn -0.018700 -0.223199 0.974594
vn -0.030900 -0.267000 0.963201
vn 0.000000 -0.265012 0.964245
vn 0.030900 -0.267000 0.963201
vn 0.018700 -0.223199 0.974594
vn 0.036500 -0.225301 0.973605
vn 0.000000 0.969218 0.246205
vn 0.000000 0.969218 0.246205
vn -0.374494 0.898685 0.228296
vn -0.374494 0.898685 0.228296
vn 0.000000 0.969218 0.246205
vn 0.374494 0.898685 0.228296
vn 0.374494 0.898685 0.228296
vn 0.000000 0.969218 0.246205
vn 0.000000 -0.266906 0.963723
vn -0.018701 -0.269108 0.962928
vn 0.030900 -0.267000 0.963201
vn 0.000000 -0.265012 0.964245
vn 0.018700 -0.223199 0.974594
vn 0.030900 -0.267000 0.963201
vn -0.018701 -0.269108 0.962928
vn -0.030901 -0.225110 0.973843
vn 0.036500 -0.225301 0.973605
vn 0.018700 -0.223199 0.974594
vn -0.030901 -0.225110 0.973843
vn -0.055999 -0.226996 0.972284
vn -0.055999 -0.226996 0.972284
vn -0.030901 -0.225110 0.973843
vn -0.018701 -0.269108 0.962928
vn 0.000000 -0.266906 0.963723
vn 1.000000 0.000000 0.000000
vn 1.000000 0.000000 0.000000
vn 1.000000 0.000000 0.000000
vn 1.000000 0.000000 0.000000
vn 0.000000 -0.129104 0.991631
vn 0.000000 -0.281002 0.959707
vn 0.044702 -0.239610 0.969840
vn -0.010400 -0.000300 0.999946
vn 0.000000 -0.129104 0.991631
vn 0.010400 -0.000300 0.999946
vn -0.044702 -0.239610 0.969840
vn 0.000000 -0.281002 0.959707
vn -0.010400 -0.000300 0.999946
vn -0.027200 0.161402 0.986514
vn 0.000000 0.117497 0.993073
vn 0.000000 -0.129104 0.991631
vn 0.010400 -0.000300 0.999946
vn 0.000000 -0.129104 0.991631
vn 0.000000 0.117497 0.993073
vn 0.027200 0.161402 0.986514
vn 0.010400 0.382293 0.923983
vn 0.010400 -0.000300 0.999946
vn 0.027200 0.161402 0.986514
vn -0.044700 0.149801 0.987705
vn -1.000000 0.000000 0.000000
vn -1.000000 0.000000 0.000000
vn -1.000000 0.000000 0.000000
vn -1.000000 0.000000 0.000000
vn -1.000000 0.000000 0.000000
vn -1.000000 0.000000 0.000000
vn -1.000000 0.000000 0.000000
vn -1.000000 0.000000 0.000000
vn -1.000000 0.000000 0.000000
vn -1.000000 0.000000 0.000000
vn -1.000000 0.000000 0.000000
vn -1.000000 0.000000 0.000000
vn -0.374513 -0.917633 0.133005
vn 0.000000 -0.989666 0.143395
vn 0.000000 -0.989666 0.143395
vn -0.374513 -0.917633 0.133005
vn -0.036501 0.164403 0.985718
vn 0.056003 0.162308 0.985150
vn 0.030899 0.164693 0.985861
vn -0.018701 0.166705 0.985829
vn 0.056003 0.162308 0.985150
vn 0.000000 0.122201 0.992505
vn 0.018700 0.119901 0.992610
vn 0.030899 0.164693 0.985861
vn -0.018701 0.166705 0.985829
vn 0.030899 0.164693 0.985861
vn 0.018700 0.119901 0.992610
vn -0.030899 0.121895 0.992062
vn 0.000000 0.122201 0.992505
vn 0.000000 0.124195 0.992258
vn -0.030899 0.121895 0.992062
vn 0.018700 0.119901 0.992610
vn 0.000000 0.124195 0.992258
vn -0.036501 0.164403 0.985718
vn -0.018701 0.166705 0.985829
vn -0.030899 0.121895 0.992062
vn 0.000000 0.124195 0.992258
vn 0.030899 0.121895 0.992062
vn 0.018700 0.166802 0.985813
vn 0.036501 0.164403 0.985718
vn 0.000000 0.989666 -0.143395
vn 0.000000 0.989666 -0.143395
vn -0.374513 0.917633 -0.133005
vn -0.374513 0.917633 -0.133005
vn 0.000000 0.989666 -0.143395
vn 0.374513 0.917633 -0.133005
vn 0.374513 0.917633 -0.133005
vn 0.000000 0.989666 -0.143395
vn 0.000000 0.122201 0.992505
vn -0.018700 0.119901 0.992610
vn 0.030899 0.121895 0.992062
vn 0.000000 0.124195 0.992258
vn 0.018700 0.166802 0.985813
vn 0.030899 0.121895 0.992062
vn -0.018700 0.119901 0.992610
vn -0.030899 0.164693 0.985861
vn 0.036501 0.164403 0.985718
vn 0.018700 0.166802 0.985813
vn -0.030899 0.164693 0.985861
vn -0.056003 0.162308 0.985150
vn -0.056003 0.162308 0.985150
vn -0.030899 0.164693 0.985861
vn -0.018700 0.119901 0.992610
vn 0.000000 0.122201 0.992505
vn 1.000000 0.000000 0.000000
vn 1.000000 0.000000 0.000000
vn 1.000000 0.000000 0.000000
vn 1.000000 0.000000 0.000000
vn 0.374513 -0.917633 0.133005
vn 0.374513 -0.917633 0.133005
vn 0.000000 -0.989666 0.143395
vn 0.000000 -0.989666 0.143395
vn -0.010400 0.382293 0.923983
vn 0.044700 0.149801 0.987705
vn -0.027200 0.161402 0.986514
vn -0.010400 -0.000300 0.999946
vn 0.000000 0.260189 0.965558
vn 0.000000 0.107698 0.994184
vn 0.044700 0.149801 0.987705
vn -0.010400 0.382293 0.923983
vn -0.010400 0.706819 0.707319
vn 0.044699 0.516391 0.855185
vn -0.027199 0.526590 0.849684
vn -0.010400 0.382293 0.923983
vn 1.000000 0.000000 0.000000
vn 1.000000 0.000000 0.000000
vn 1.000000 0.000000 0.000000
vn 1.000000 0.000000 0.000000
vn 1.000000 0.000000 0.000000
vn 1.000000 0.000000 0.000000
vn 1.000000 0.000000 0.000000
vn 1.000000 0.000000 0.000000
vn -0.010400 0.382293 0.923983
vn -0.027199 0.526590 0.849684
vn 0.000000 0.488603 0.872506
vn 0.000000 0.260189 0.965558
vn 0.000000 0.260189 0.965558
vn 0.010400 0.382293 0.923983
vn -0.044700 0.149801 0.987705
vn 0.000000 0.107698 0.994184
vn 0.010400 0.382293 0.923983
vn 0.000000 0.260189 0.965558
vn 0.000000 0.488603 0.872506
vn 0.027199 0.526590 0.849684
vn 0.374505 -0.796910 0.474006
vn 0.374505 -0.796910 0.474006
vn 0.000000 -0.859472 0.511183
vn 0.000000 -0.859472 0.511183
vn -0.374505 -0.796910 0.474006
vn 0.000000 -0.859472 0.511183
vn 0.000000 -0.859472 0.511183
vn -0.374505 -0.796910 0.474006
vn -1.000000 0.000000 0.000000
vn -1.000000 0.000000 0.000000
vn -1.000000 0.000000 0.000000
vn -1.000000 0.000000 0.000000
vn 0.010400 0.706819 0.707319
vn 0.010400 0.382293 0.923983
vn 0.027199 0.526590 0.849684
vn -0.044699 0.516391 0.855185
vn -0.036499 0.529088 0.847781
vn 0.056001 0.527008 0.848013
vn 0.030900 0.529404 0.847807
vn -0.018700 0.531290 0.846984
vn 0.056001 0.527008 0.848013
vn 0.000000 0.492700 0.870199
vn 0.018700 0.490593 0.871188
vn 0.030900 0.529404 0.847807
vn -0.018700 0.531290 0.846984
vn 0.030900 0.529404 0.847807
vn 0.018700 0.490593 0.871188
vn -0.030899 0.492290 0.869883
vn 0.000000 0.492700 0.870199
vn 0.000000 0.494415 0.869226
vn -0.030899 0.492290 0.869883
vn 0.018700 0.490593 0.871188
vn 0.000000 0.494415 0.869226
vn -0.036499 0.529088 0.847781
vn -0.018700 0.531290 0.846984
vn -0.030899 0.492290 0.869883
vn 0.000000 0.494415 0.869226
vn 0.030899 0.492290 0.869883
vn 0.018700 0.531290 0.846984
vn 0.036499 0.529088 0.847781
vn 0.000000 0.859472 -0.511183
vn 0.000000 0.859472 -0.511183
vn -0.374505 0.796910 -0.474006
vn -0.374505 0.796910 -0.474006
vn 0.000000 0.859472 -0.511183
vn 0.374505 0.796910 -0.474006
vn 0.374505 0.796910 -0.474006
vn 0.000000 0.859472 -0.511183
vn 0.000000 0.492700 0.870199
vn -0.018700 0.490593 0.871188
vn 0.030899 0.492290 0.869883
vn 0.000000 0.494415 0.869226
vn 0.018700 0.531290 0.846984
vn 0.030899 0.492290 0.869883
vn -0.018700 0.490593 0.871188
vn -0.030900 0.529404 0.847807
vn 0.036499 0.529088 0.847781
vn 0.018700 0.531290 0.846984
vn -0.030900 0.529404 0.847807
vn -0.056001 0.527008 0.848013
vn -0.056001 0.527008 0.848013
vn -0.030900 0.529404 0.847807
vn -0.018700 0.490593 0.871188
vn 0.000000 0.492700 0.870199
vn 1.000000 0.000000 0.000000
vn 1.000000 0.000000 0.000000
vn 1.000000 0.000000 0.000000
vn 1.000000 0.000000 0.000000
vn 0.000000 0.609890 0.792487
vn 0.000000 0.479910 0.877318
vn 0.044699 0.516391 0.855185
vn -0.010400 0.706819 0.707319
vn 0.000000 0.609890 0.792487
vn 0.010400 0.706819 0.707319
vn -0.044699 0.516391 0.855185
vn 0.000000 0.479910 0.877318
vn -0.010400 0.706819 0.707319
vn -0.027199 0.811672 0.583480
vn 0.000000 0.785308 0.619106
vn 0.000000 0.609890 0.792487
vn 0.010400 0.706819 0.707319
vn 0.000000 0.609890 0.792487
vn 0.000000 0.785308 0.619106
vn 0.027199 0.811672 0.583480
vn 0.010400 0.923691 0.382996
vn 0.010400 0.706819 0.707319
vn 0.027199 0.811672 0.583480
vn -0.044701 0.804319 0.592514
vn -1.000000 0.000000 0.000000
vn -1.000000 0.000000 0.000000
vn -1.000000 0.000000 0.000000
vn -1.000000 0.000000 0.000000
vn -1.000000 0.000000 0.000000
vn -1.000000 0.000000 0.000000
vn -1.000000 0.000000 0.000000
vn -1.000000 0.000000 0.000000
vn -1.000000 0.000000 0.000000
vn -1.000000 0.000000 0.000000
vn -1.000000 0.000000 0.000000
vn -1.000000 0.000000 0.000000
vn -0.374509 -0.554813 0.742917
vn 0.000000 -0.598399 0.801198
vn 0.000000 -0.598399 0.801198
vn -0.374509 -0.554813 0.742917
vn -0.036500 0.813299 0.580700
vn 0.056000 0.811401 0.581801
vn 0.030898 0.813554 0.580667
vn -0.018700 0.814981 0.579186
vn 0.056000 0.811401 0.581801
vn 0.000000 0.788209 0.615407
vn 0.018699 0.786677 0.617082
vn 0.030898 0.813554 0.580667
vn -0.018700 0.814981 0.579186
vn 0.030898 0.813554 0.580667
vn 0.018699 0.786677 0.617082
vn -0.030900 0.787692 0.615294
vn 0.000000 0.788209 0.615407
vn 0.000000 0.789438 0.613830
vn -0.030900 0.787692 0.615294
vn 0.018699 0.786677 0.617082
vn 0.000000 0.789438 0.613830
vn -0.036500 0.813299 0.580700
vn -0.018700 0.814981 0.579186
vn -0.030900 0.787692 0.615294
vn 0.000000 0.789438 0.613830
vn 0.030900 0.787692 0.615294
vn 0.018700 0.814981 0.579186
vn 0.036500 0.813299 0.580700
vn 0.000000 0.598399 -0.801198
vn 0.000000 0.598399 -0.801198
vn -0.374509 0.554813 -0.742917
vn -0.374509 0.554813 -0.742917
vn 0.000000 0.598399 -0.801198
vn 0.374509 0.554813 -0.742917
vn 0.374509 0.554813 -0.742917
vn 0.000000 0.598399 -0.801198
vn 0.000000 0.788209 0.615407
vn -0.018699 0.786677 0.617082
vn 0.030900 0.787692 0.615294
vn 0.000000 0.789438 0.613830
vn 0.018700 0.814981 0.579186
vn 0.030900 0.787692 0.615294
vn -0.018699 0.786677 0.617082
vn -0.030898 0.813554 0.580667
vn 0.036500 0.813299 0.580700
vn 0.018700 0.814981 0.579186
vn -0.030898 0.813554 0.580667
vn -0.056000 0.811401 0.581801
vn -0.056000 0.811401 0.581801
vn -0.030898 0.813554 0.580667
vn -0.018699 0.786677 0.617082
vn 0.000000 0.788209 0.615407
vn 1.000000 0.000000 0.000000
vn 1.000000 0.000000 0.000000
vn 1.000000 0.000000 0.000000
vn 1.000000 0.000000 0.000000
vn 0.374509 -0.554813 0.742917
vn 0.374509 -0.554813 0.742917
vn 0.000000 -0.598399 0.801198
vn 0.000000 -0.598399 0.801198
vn -0.010400 0.923691 0.382996
vn 0.044701 0.804319 0.592514
vn -0.027199 0.811672 0.583480
vn -0.010400 0.706819 0.707319
vn 0.000000 0.866713 0.498807
vn 0.000000 0.779100 0.626900
vn 0.044701 0.804319 0.592514
vn -0.010400 0.923691 0.382996
vn -0.010400 0.999946 0.000300
vn 0.044702 0.969840 0.239610
vn -0.027199 0.973166 0.228492
vn -0.010400 0.923691 0.382996
vn 1.000000 0.000000 0.000000
vn 1.000000 0.000000 0.000000
vn 1.000000 0.000000 0.000000
vn 1.000000 0.000000 0.000000
vn -0.010400 0.923691 0.382996
vn -0.027199 0.973166 0.228492
vn 0.000000 0.962469 0.271391
vn 0.000000 0.866713 0.498807
vn 0.000000 0.866713 0.498807
vn 0.010400 0.923691 0.382996
vn -0.044701 0.804319 0.592514
vn 0.000000 0.779100 0.626900
vn 0.010400 0.923691 0.382996
vn 0.000000 0.866713 0.498807
vn 0.000000 0.962469 0.271391
vn 0.027199 0.973166 0.228492
vn 0.374494 -0.228296 0.898685
vn 0.374494 -0.228296 0.898685
vn 0.000000 -0.246205 0.969218
vn 0.000000 -0.246205 0.969218
vn -0.374494 -0.228296 0.898685
vn 0.000000 -0.246205 0.969218
vn 0.000000 -0.246205 0.969218
vn -0.374494 -0.228296 0.898685
vn -1.000000 0.000000 0.000000
vn -1.000000 0.000000 0.000000
vn -1.000000 0.000000 0.000000
vn -1.000000 0.000000 0.000000
vn -0.036500 0.973605 0.225301
vn 0.055999 0.972284 0.226996
vn 0.030901 0.973843 0.225110
vn -0.018700 0.974594 0.223199
vn 0.055999 0.972284 0.226996
vn 0.000000 0.963723 0.266906
vn 0.018701 0.962928 0.269108
vn 0.030901 0.973843 0.225110
vn -0.018700 0.974594 0.223199
vn 0.030901 0.973843 0.225110
vn 0.018701 0.962928 0.269108
vn -0.030900 0.963201 0.267000
vn 0.000000 0.963723 0.266906
vn 0.000000 0.964245 0.265012
vn -0.030900 0.963201 0.267000
vn 0.018701 0.962928 0.269108
vn 0.000000 0.964245 0.265012
vn -0.036500 0.973605 0.225301
vn -0.018700 0.974594 0.223199
vn -0.030900 0.963201 0.267000
vn 0.000000 0.964245 0.265012
vn 0.030900 0.963201 0.267000
vn 0.018700 0.974594 0.223199
vn 0.036500 0.973605 0.225301
vn 0.000000 0.246205 -0.969218
vn 0.000000 0.246205 -0.969218
vn -0.374494 0.228296 -0.898685
vn -0.374494 0.228296 -0.898685
vn 0.000000 0.246205 -0.969218
vn 0.374494 0.228296 -0.898685
vn 0.374494 0.228296 -0.898685
vn 0.000000 0.246205 -0.969218
vn 0.000000 0.963723 0.266906
vn -0.018701 0.962928 0.269108
vn 0.030900 0.963201 0.267000
vn 0.000000 0.964245 0.265012
vn 0.018700 0.974594 0.223199
vn 0.030900 0.963201 0.267000
vn -0.018701 0.962928 0.269108
vn -0.030901 0.973843 0.225110
vn 0.036500 0.973605 0.225301
vn 0.018700 0.974594 0.223199
vn -0.030901 0.973843 0.225110
vn -0.055999 0.972284 0.226996
vn -0.055999 0.972284 0.226996
vn -0.030901 0.973843 0.225110
vn -0.018701 0.962928 0.269108
vn 0.000000 0.963723 0.266906
vn 1.000000 0.000000 0.000000
vn 1.000000 0.000000 0.000000
vn 1.000000 0.000000 0.000000
vn 1.000000 0.000000 0.000000
vn 0.000000 0.991631 0.129104
vn 0.000000 0.959707 0.281002
vn 0.044702 0.969840 0.239610
vn -0.010400 0.999946 0.000300
vn -0.874228 -0.343311 -0.343311
vn -0.874244 -0.448523 -0.185809
vn -0.536790 -0.779485 -0.322894
vn -0.536795 -0.596595 -0.596595
vn -0.874244 -0.185809 -0.448523
vn -0.874228 -0.343311 -0.343311
vn -0.536795 -0.596595 -0.596595
vn -0.536790 -0.322894 -0.779485
vn -0.536795 -0.596595 -0.596595
vn -0.536790 -0.779485 -0.322894
vn 0.000000 -0.923877 -0.382690
vn 0.000000 -0.707107 -0.707107
vn -0.536790 -0.322894 -0.779485
vn -0.536795 -0.596595 -0.596595
vn 0.000000 -0.707107 -0.707107
vn 0.000000 -0.382690 -0.923877
vn 0.536795 -0.596595 -0.596595
vn 0.000000 -0.707107 -0.707107
vn 0.000000 -0.923877 -0.382690
vn 0.536790 -0.779485 -0.322894
vn 0.536790 -0.322894 -0.779485
vn 0.000000 -0.382690 -0.923877
vn 0.000000 -0.707107 -0.707107
vn 0.536795 -0.596595 -0.596595
vn 0.874228 -0.343311 -0.343311
vn 0.536795 -0.596595 -0.596595
vn 0.536790 -0.779485 -0.322894
vn 0.874244 -0.448523 -0.185809
vn 0.874244 -0.185809 -0.448523
vn 0.536790 -0.322894 -0.779485
vn 0.536795 -0.596595 -0.596595
vn 0.874228 -0.343311 -0.343311
vn 0.536804 0.000000 -0.843707
vn 0.000000 0.000000 -1.000000
vn 0.000000 -0.382690 -0.923877
vn 0.536790 -0.322894 -0.779485
vn 0.874228 0.000000 -0.485516
vn 0.536804 0.000000 -0.843707
vn 0.536790 -0.322894 -0.779485
vn 0.874244 -0.185809 -0.448523
vn 0.536790 0.322894 -0.779485
vn 0.000000 0.382690 -0.923877
vn 0.000000 0.000000 -1.000000
vn 0.536804 0.000000 -0.843707
vn 0.874244 0.185809 -0.448523
vn 0.536790 0.322894 -0.779485
vn 0.536804 0.000000 -0.843707
vn 0.874228 0.000000 -0.485516
vn -0.536790 0.322894 -0.779485
vn -0.536804 0.000000 -0.843707
vn 0.000000 0.000000 -1.000000
vn 0.000000 0.382690 -0.923877
vn -0.536804 0.000000 -0.843707
vn -0.536790 -0.322894 -0.779485
vn 0.000000 -0.382690 -0.923877
vn 0.000000 0.000000 -1.000000
vn -0.874244 0.185809 -0.448523
vn -0.874228 0.000000 -0.485516
vn -0.536804 0.000000 -0.843707
vn -0.536790 0.322894 -0.779485
vn -0.874228 0.000000 -0.485516
vn -0.874244 -0.185809 -0.448523
vn -0.536790 -0.322894 -0.779485
vn -0.536804 0.000000 -0.843707
vn -0.536795 0.596595 -0.596595
vn -0.536790 0.322894 -0.779485
vn 0.000000 0.382690 -0.923877
vn 0.000000 0.707107 -0.707107
vn -0.874228 0.343311 -0.343311
vn -0.874244 0.185809 -0.448523
vn -0.536790 0.322894 -0.779485
vn -0.536795 0.596595 -0.596595
vn -0.536790 0.779485 -0.322894
vn -0.536795 0.596595 -0.596595
vn 0.000000 0.707107 -0.707107
vn 0.000000 0.923877 -0.382690
vn -0.874244 0.448523 -0.185809
vn -0.874228 0.343311 -0.343311
vn -0.536795 0.596595 -0.596595
vn -0.536790 0.779485 -0.322894
vn 0.536790 0.779485 -0.322894
vn 0.000000 0.923877 -0.382690
vn 0.000000 0.707107 -0.707107
vn 0.536795 0.596595 -0.596595
vn 0.536795 0.596595 -0.596595
vn 0.000000 0.707107 -0.707107
vn 0.000000 0.382690 -0.923877
vn 0.536790 0.322894 -0.779485
vn 0.874244 0.448523 -0.185809
vn 0.536790 0.779485 -0.322894
vn 0.536795 0.596595 -0.596595
vn 0.874228 0.343311 -0.343311
vn 0.874228 0.343311 -0.343311
vn 0.536795 0.596595 -0.596595
vn 0.536790 0.322894 -0.779485
vn 0.874244 0.185809 -0.448523
vn 0.536804 0.843707 0.000000
vn 0.000000 1.000000 0.000000
vn 0.000000 0.923877 -0.382690
vn 0.536790 0.779485 -0.322894
vn 0.874228 0.485516 0.000000
vn 0.536804 0.843707 0.000000
vn 0.536790 0.779485 -0.322894
vn 0.874244 0.448523 -0.185809
vn 0.536790 0.779485 0.322894
vn 0.000000 0.923877 0.382690
vn 0.000000 1.000000 0.000000
vn 0.536804 0.843707 0.000000
vn 0.874244 0.448523 0.185809
vn 0.536790 0.779485 0.322894
vn 0.536804 0.843707 0.000000
vn 0.874228 0.485516 0.000000
vn -0.536790 0.779485 0.322894
vn -0.536804 0.843707 0.000000
vn 0.000000 1.000000 0.000000
vn 0.000000 0.923877 0.382690
vn -0.536804 0.843707 0.000000
vn -0.536790 0.779485 -0.322894
vn 0.000000 0.923877 -0.382690
vn 0.000000 1.000000 0.000000
vn -0.874244 0.448523 0.185809
vn -0.874228 0.485516 0.000000
vn -0.536804 0.843707 0.000000
vn -0.536790 0.779485 0.322894
vn -0.874228 0.485516 0.000000
vn -0.874244 0.448523 -0.185809
vn -0.536790 0.779485 -0.322894
vn -0.536804 0.843707 0.000000
vn -0.536795 0.596595 0.596595
vn -0.536790 0.779485 0.322894
vn 0.000000 0.923877 0.382690
vn 0.000000 0.707107 0.707107
vn -0.874228 0.343311 0.343311
vn -0.874244 0.448523 0.185809
vn -0.536790 0.779485 0.322894
vn -0.536795 0.596595 0.596595
vn -0.536790 0.322894 0.779485
vn -0.536795 0.596595 0.596595
vn 0.000000 0.707107 0.707107
vn 0.000000 0.382690 0.923877
vn -0.874244 0.185809 0.448523
vn -0.874228 0.343311 0.343311
vn -0.536795 0.596595 0.596595
vn -0.536790 0.322894 0.779485
vn 0.536790 0.322894 0.779485
vn 0.000000 0.382690 0.923877
vn 0.000000 0.707107 0.707107
vn 0.536795 0.596595 0.596595
vn 0.536795 0.596595 0.596595
vn 0.000000 0.707107 0.707107
vn 0.000000 0.923877 0.382690
vn 0.536790 0.779485 0.322894
vn 0.874244 0.185809 0.448523
vn 0.536790 0.322894 0.779485
vn 0.536795 0.596595 0.596595
vn 0.874228 0.343311 0.343311
vn 0.874228 0.343311 0.343311
vn 0.536795 0.596595 0.596595
vn 0.536790 0.779485 0.322894
vn 0.874244 0.448523 0.185809
vn 0.536804 0.000000 0.843707
vn 0.000000 0.000000 1.000000
vn 0.000000 0.382690 0.923877
vn 0.536790 0.322894 0.779485
vn 0.874228 0.000000 0.485516
vn 0.536804 0.000000 0.843707
vn 0.536790 0.322894 0.779485
vn 0.874244 0.185809 0.448523
vn 0.536790 -0.322894 0.779485
vn 0.000000 -0.382690 0.923877
vn 0.000000 0.000000 1.000000
vn 0.536804 0.000000 0.843707
vn 0.874244 -0.185809 0.448523
vn 0.536790 -0.322894 0.779485
vn 0.536804 0.000000 0.843707
vn 0.874228 0.000000 0.485516
vn -0.536790 -0.322894 0.779485
vn -0.536804 0.000000 0.843707
vn 0.000000 0.000000 1.000000
vn 0.000000 -0.382690 0.923877
vn -0.536804 0.000000 0.843707
vn -0.536790 0.322894 0.779485
vn 0.000000 0.382690 0.923877
vn 0.000000 0.000000 1.000000
vn -0.874244 -0.185809 0.448523
vn -0.874228 0.000000 0.485516
vn -0.536804 0.000000 0.843707
vn -0.536790 -0.322894 0.779485
vn -0.874228 0.000000 0.485516
vn -0.874244 0.185809 0.448523
vn -0.536790 0.322894 0.779485
vn -0.536804 0.000000 0.843707
vn -0.536795 -0.596595 0.596595
vn -0.536790 -0.322894 0.779485
vn 0.000000 -0.382690 0.923877
vn 0.000000 -0.707107 0.707107
vn -0.874228 -0.343311 0.343311
vn -0.874244 -0.185809 0.448523
vn -0.536790 -0.322894 0.779485
vn -0.536795 -0.596595 0.596595
vn -0.536790 -0.779485 0.322894
vn -0.536795 -0.596595 0.596595
vn 0.000000 -0.707107 0.707107
vn 0.000000 -0.923877 0.382690
vn -0.874244 -0.448523 0.185809
vn -0.874228 -0.343311 0.343311
vn -0.536795 -0.596595 0.596595
vn -0.536790 -0.779485 0.322894
vn 0.536790 -0.779485 0.322894
vn 0.000000 -0.923877 0.382690
vn 0.000000 -0.707107 0.707107
vn 0.536795 -0.596595 0.596595
vn 0.536795 -0.596595 0.596595
vn 0.000000 -0.707107 0.707107
vn 0.000000 -0.382690 0.923877
vn 0.536790 -0.322894 0.779485
vn 0.874244 -0.448523 0.185809
vn 0.536790 -0.779485 0.322894
vn 0.536795 -0.596595 0.596595
vn 0.874228 -0.343311 0.343311
vn 0.874228 -0.343311 0.343311
vn 0.536795 -0.596595 0.596595
vn 0.536790 -0.322894 0.779485
vn 0.874244 -0.185809 0.448523
vn 0.000000 -0.923877 0.382690
vn 0.000000 -1.000000 0.000000
vn 0.000000 -1.000000 0.000000
vn 0.000000 -0.923877 0.382690
vn 1.000000 0.000000 0.000000
vn 1.000000 0.000000 0.000000
vn 1.000000 0.000000 0.000000
vn 1.000000 0.000000 0.000000
vn 0.000000 -1.000000 0.000000
vn 0.000000 -0.923877 -0.382690
vn 0.000000 -0.923877 -0.382690
vn 0.000000 -1.000000 0.000000
vn 1.000000 0.000000 0.000000
vn 1.000000 0.000000 0.000000
vn 1.000000 0.000000 0.000000
vn 1.000000 0.000000 0.000000
vn -1.000000 0.000000 0.000000
vn -1.000000 0.000000 0.000000
vn -1.000000 0.000000 0.000000
vn -1.000000 0.000000 0.000000
vn -1.000000 0.000000 0.000000
vn -1.000000 0.000000 0.000000
vn -1.000000 0.000000 0.000000
vn -1.000000 0.000000 0.000000
vn -1.000000 0.000000 0.000000
vn -1.000000 0.000000 0.000000
vn -1.000000 0.000000 0.000000
vn -1.000000 0.000000 0.000000
vn 0.000000 -0.707107 0.707107
vn 0.000000 -0.923877 0.382690
vn 0.000000 -0.923877 0.382690
vn 0.000000 -0.707107 0.707107
vn -1.000000 0.000000 0.000000
vn -1.000000 0.000000 0.000000
vn -1.000000 0.000000 0.000000
vn -1.000000 0.000000 0.000000
vn 0.000000 -0.382690 0.923877
vn 0.000000 -0.707107 0.707107
vn 0.000000 -0.707107 0.707107
vn 0.000000 -0.382690 0.923877
vn 0.000000 -0.382690 0.923877
vn 0.000000 -0.382690 0.923877
vn 0.000000 -0.707107 0.707107
vn 0.000000 -0.707107 0.707107
vn 0.000000 -0.707107 0.707107
vn 0.000000 -0.707107 0.707107
vn 0.000000 -0.923877 0.382690
vn 0.000000 -0.923877 0.382690
vn 0.000000 0.000000 1.000000
vn 0.000000 0.000000 1.000000
vn 0.000000 -0.382690 0.923877
vn 0.000000 -0.382690 0.923877
vn -1.000000 0.000000 0.000000
vn -1.000000 0.000000 0.000000
vn -1.000000 0.000000 0.000000
vn -1.000000 0.000000 0.000000
vn 0.000000 0.382690 0.923877
vn 0.000000 0.382690 0.923877
vn 0.000000 0.000000 1.000000
vn 0.000000 0.000000 1.000000
vn -1.000000 0.000000 0.000000
vn -1.000000 0.000000 0.000000
vn -1.000000 0.000000 0.000000
vn -1.000000 0.000000 0.000000
vn 0.000000 0.000000 1.000000
vn 0.000000 -0.382690 0.923877
vn 0.000000 -0.382690 0.923877
vn 0.000000 0.000000 1.000000
vn 0.000000 0.382690 0.923877
vn 0.000000 0.000000 1.000000
vn 0.000000 0.000000 1.000000
vn 0.000000 0.382690 0.923877
vn 1.000000 0.000000 0.000000
vn 1.000000 0.000000 0.000000
vn 1.000000 0.000000 0.000000
vn 1.000000 0.000000 0.000000
vn 1.000000 0.000000 0.000000
vn 1.000000 0.000000 0.000000
vn 1.000000 0.000000 0.000000
vn 1.000000 0.000000 0.000000
vn 0.000000 0.382690 -0.923877
vn 0.000000 0.000000 -1.000000
vn 0.000000 0.000000 -1.000000
vn 0.000000 0.382690 -0.923877
vn 0.000000 0.000000 -1.000000
vn 0.000000 -0.382690 -0.923877
vn 0.000000 -0.382690 -0.923877
vn 0.000000 0.000000 -1.000000
vn -1.000000 0.000000 0.000000
vn -1.000000 0.000000 0.000000
vn -1.000000 0.000000 0.000000
vn -1.000000 0.000000 0.000000
vn -1.000000 0.000000 0.000000
vn -1.000000 0.000000 0.000000
vn -1.000000 0.000000 0.000000
vn -1.000000 0.000000 0.000000
vn 0.000000 0.382690 -0.923877
vn 0.000000 0.382690 -0.923877
vn 0.000000 0.000000 -1.000000
vn 0.000000 0.000000 -1.000000
vn 0.000000 0.000000 -1.000000
vn 0.000000 0.000000 -1.000000
vn 0.000000 -0.382690 -0.923877
vn 0.000000 -0.382690 -0.923877
vn 0.000000 -0.382690 -0.923877
vn 0.000000 -0.382690 -0.923877
vn 0.000000 -0.707107 -0.707107
vn 0.000000 -0.707107 -0.707107
vn -1.000000 0.000000 0.000000
vn -1.000000 0.000000 0.000000
vn -1.000000 0.000000 0.000000
vn -1.000000 0.000000 0.000000
vn 0.000000 -0.707107 -0.707107
vn 0.000000 -0.707107 -0.707107
vn 0.000000 -0.923877 -0.382690
vn 0.000000 -0.923877 -0.382690
vn -1.000000 0.000000 0.000000
vn -1.000000 0.000000 0.000000
vn -1.000000 0.000000 0.000000
vn -1.000000 0.000000 0.000000
vn 0.000000 -0.707107 -0.707107
vn 0.000000 -0.923877 -0.382690
vn 0.000000 -0.923877 -0.382690
vn 0.000000 -0.707107 -0.707107
vn 0.000000 -0.382690 -0.923877
vn 0.000000 -0.707107 -0.707107
vn 0.000000 -0.707107 -0.707107
vn 0.000000 -0.382690 -0.923877
vn 1.000000 0.000000 0.000000
vn 1.000000 0.000000 0.000000
vn 1.000000 0.000000 0.000000
vn 1.000000 0.000000 0.000000
vn 1.000000 0.000000 0.000000
vn 1.000000 0.000000 0.000000
vn 1.000000 0.000000 0.000000
vn 1.000000 0.000000 0.000000
vn 0.000000 0.707107 0.707107
vn 0.000000 0.382690 0.923877
vn 0.000000 0.382690 0.923877
vn 0.000000 0.707107 0.707107
vn 0.000000 0.923877 0.382690
vn 0.000000 0.707107 0.707107
vn 0.000000 0.707107 0.707107
vn 0.000000 0.923877 0.382690
vn -1.000000 0.000000 0.000000
vn -1.000000 0.000000 0.000000
vn -1.000000 0.000000 0.000000
vn -1.000000 0.000000 0.000000
vn -1.000000 0.000000 0.000000
vn -1.000000 0.000000 0.000000
vn -1.000000 0.000000 0.000000
vn -1.000000 0.000000 0.000000
vn 0.000000 0.923877 0.382690
vn 0.000000 0.923877 0.382690
vn 0.000000 0.707107 0.707107
vn 0.000000 0.707107 0.707107
vn 0.000000 0.707107 0.707107
vn 0.000000 0.707107 0.707107
vn 0.000000 0.382690 0.923877
vn 0.000000 0.382690 0.923877
vn 0.000000 1.000000 0.000000
vn 0.000000 1.000000 0.000000
vn 0.000000 0.923877 0.382690
vn 0.000000 0.923877 0.382690
vn -1.000000 0.000000 0.000000
vn -1.000000 0.000000 0.000000
vn -1.000000 0.000000 0.000000
vn -1.000000 0.000000 0.000000
vn 0.000000 0.923877 -0.382690
vn 0.000000 0.923877 -0.382690
vn 0.000000 1.000000 0.000000
vn 0.000000 1.000000 0.000000
vn -1.000000 0.000000 0.000000
vn -1.000000 0.000000 0.000000
vn -1.000000 0.000000 0.000000
vn -1.000000 0.000000 0.000000
vn 0.000000 1.000000 0.000000
vn 0.000000 0.923877 0.382690
vn 0.000000 0.923877 0.382690
vn 0.000000 1.000000 0.000000
vn 0.000000 0.923877 -0.382690
vn 0.000000 1.000000 0.000000
vn 0.000000 1.000000 0.000000
vn 0.000000 0.923877 -0.382690
vn 1.000000 0.000000 0.000000
vn 1.000000 0.000000 0.000000
vn 1.000000 0.000000 0.000000
vn 1.000000 0.000000 0.000000
vn 1.000000 0.000000 0.000000
vn 1.000000 0.000000 0.000000
vn 1.000000 0.000000 0.000000
vn 1.000000 0.000000 0.000000
vn 0.000000 -0.923877 -0.382690
vn 0.000000 -1.000000 0.000000
vn 0.000000 -1.000000 0.000000
vn 0.000000 -0.923877 -0.382690
vn 0.000000 -1.000000 0.000000
vn 0.000000 -0.923877 0.382690
vn 0.000000 -0.923877 0.382690
vn 0.000000 -1.000000 0.000000
vn -1.000000 0.000000 0.000000
vn -1.000000 0.000000 0.000000
vn -1.000000 0.000000 0.000000
vn -1.000000 0.000000 0.000000
vn -1.000000 0.000000 0.000000
vn -1.000000 0.000000 0.000000
vn -1.000000 0.000000 0.000000
vn -1.000000 0.000000 0.000000
vn 0.000000 -0.923877 -0.382690
vn 0.000000 -0.923877 -0.382690
vn 0.000000 -1.000000 0.000000
vn 0.000000 -1.000000 0.000000
vn 0.000000 -1.000000 0.000000
vn 0.000000 -1.000000 0.000000
vn 0.000000 -0.923877 0.382690
vn 0.000000 -0.923877 0.382690
vn 0.000000 -0.923877 0.382690
vn 0.000000 -0.923877 0.382690
vn 0.000000 -0.707107 0.707107
vn 0.000000 -0.707107 0.707107
vn -1.000000 0.000000 0.000000
vn -1.000000 0.000000 0.000000
vn -1.000000 0.000000 0.000000
vn -1.000000 0.000000 0.000000
vn 0.000000 -0.707107 0.707107
vn 0.000000 -0.707107 0.707107
vn 0.000000 -0.382690 0.923877
vn 0.000000 -0.382690 0.923877
vn -1.000000 0.000000 0.000000
vn -1.000000 0.000000 0.000000
vn -1.000000 0.000000 0.000000
vn -1.000000 0.000000 0.000000
vn 0.000000 -0.707107 0.707107
vn 0.000000 -0.382690 0.923877
vn 0.000000 -0.382690 0.923877
vn 0.000000 -0.707107 0.707107
vn 0.000000 -0.923877 0.382690
vn 0.000000 -0.707107 0.707107
vn 0.000000 -0.707107 0.707107
vn 0.000000 -0.923877 0.382690
vn 1.000000 0.000000 0.000000
vn 1.000000 0.000000 0.000000
vn 1.000000 0.000000 0.000000
vn 1.000000 0.000000 0.000000
vn 1.000000 0.000000 0.000000
vn 1.000000 0.000000 0.000000
vn 1.000000 0.000000 0.000000
vn 1.000000 0.000000 0.000000
vn 0.000000 0.707107 -0.707107
vn 0.000000 0.923877 -0.382690
vn 0.000000 0.923877 -0.382690
vn 0.000000 0.707107 -0.707107
vn 0.000000 0.382690 -0.923877
vn 0.000000 0.707107 -0.707107
vn 0.000000 0.707107 -0.707107
vn 0.000000 0.382690 -0.923877
vn -1.000000 0.000000 0.000000
vn -1.000000 0.000000 0.000000
vn -1.000000 0.000000 0.000000
vn -1.000000 0.000000 0.000000
vn -1.000000 0.000000 0.000000
vn -1.000000 0.000000 0.000000
vn -1.000000 0.000000 0.000000
vn -1.000000 0.000000 0.000000
vn -1.000000 0.000000 0.000000
vn -1.000000 0.000000 0.000000
vn -1.000000 0.000000 0.000000
vn -1.000000 0.000000 0.000000
vn 0.000000 0.000000 -1.000000
vn 0.000000 0.382690 -0.923877
vn 0.000000 0.382690 -0.923877
vn 0.000000 0.000000 -1.000000
vn 0.000000 0.000000 -1.000000
vn 0.000000 0.000000 -1.000000
vn 0.000000 0.382690 -0.923877
vn 0.000000 0.382690 -0.923877
vn 0.000000 0.382690 -0.923877
vn 0.000000 0.382690 -0.923877
vn 0.000000 0.707107 -0.707107
vn 0.000000 0.707107 -0.707107
vn 0.000000 -0.382690 -0.923877
vn 0.000000 -0.382690 -0.923877
vn 0.000000 0.000000 -1.000000
vn 0.000000 0.000000 -1.000000
vn -1.000000 0.000000 0.000000
vn -1.000000 0.000000 0.000000
vn -1.000000 0.000000 0.000000
vn -1.000000 0.000000 0.000000
vn -1.000000 0.000000 0.000000
vn -1.000000 0.000000 0.000000
vn -1.000000 0.000000 0.000000
vn -1.000000 0.000000 0.000000
vn 0.000000 -0.707107 -0.707107
vn 0.000000 -0.707107 -0.707107
vn 0.000000 -0.382690 -0.923877
vn 0.000000 -0.382690 -0.923877
vn 0.000000 -0.382690 -0.923877
vn 0.000000 0.000000 -1.000000
vn 0.000000 0.000000 -1.000000
vn 0.000000 -0.382690 -0.923877
vn 0.000000 -0.707107 -0.707107
vn 0.000000 -0.382690 -0.923877
vn 0.000000 -0.382690 -0.923877
vn 0.000000 -0.707107 -0.707107
vn 1.000000 0.000000 0.000000
vn 1.000000 0.000000 0.000000
vn 1.000000 0.000000 0.000000
vn 1.000000 0.000000 0.000000
vn 1.000000 0.000000 0.000000
vn 1.000000 0.000000 0.000000
vn 1.000000 0.000000 0.000000
vn 1.000000 0.000000 0.000000
vn 0.000000 0.000000 1.000000
vn 0.000000 0.382690 0.923877
vn 0.000000 0.382690 0.923877
vn 0.000000 0.000000 1.000000
vn 0.000000 0.382690 0.923877
vn 0.000000 0.707107 0.707107
vn 0.000000 0.707107 0.707107
vn 0.000000 0.382690 0.923877
vn -1.000000 0.000000 0.000000
vn -1.000000 0.000000 0.000000
vn -1.000000 0.000000 0.000000
vn -1.000000 0.000000 0.000000
vn -1.000000 0.000000 0.000000
vn -1.000000 0.000000 0.000000
vn -1.000000 0.000000 0.000000
vn -1.000000 0.000000 0.000000
vn 0.000000 0.000000 1.000000
vn 0.000000 0.000000 1.000000
vn 0.000000 0.382690 0.923877
vn 0.000000 0.382690 0.923877
vn 0.000000 0.382690 0.923877
vn 0.000000 0.382690 0.923877
vn 0.000000 0.707107 0.707107
vn 0.000000 0.707107 0.707107
vn 0.000000 0.707107 0.707107
vn 0.000000 0.707107 0.707107
vn 0.000000 0.923877 0.382690
vn 0.000000 0.923877 0.382690
vn -1.000000 0.000000 0.000000
vn -1.000000 0.000000 0.000000
vn -1.000000 0.000000 0.000000
vn -1.000000 0.000000 0.000000
vn -1.000000 0.000000 0.000000
vn -1.000000 0.000000 0.000000
vn -1.000000 0.000000 0.000000
vn -1.000000 0.000000 0.000000
vn 0.000000 0.923877 0.382690
vn 0.000000 0.923877 0.382690
vn 0.000000 1.000000 0.000000
vn 0.000000 1.000000 0.000000
vn 0.000000 0.923877 0.382690
vn 0.000000 1.000000 0.000000
vn 0.000000 1.000000 0.000000
vn 0.000000 0.923877 0.382690
vn 0.000000 0.707107 0.707107
vn 0.000000 0.923877 0.382690
vn 0.000000 0.923877 0.382690
vn 0.000000 0.707107 0.707107
vn 1.000000 0.000000 0.000000
vn 1.000000 0.000000 0.000000
vn 1.000000 0.000000 0.000000
vn 1.000000 0.000000 0.000000
vn -1.000000 0.000000 0.000000
vn -1.000000 0.000000 0.000000
vn -1.000000 0.000000 0.000000
vn -1.000000 0.000000 0.000000
vn 0.000000 1.000000 0.000000
vn 0.000000 0.923877 -0.382690
vn 0.000000 0.923877 -0.382690
vn 0.000000 1.000000 0.000000
vn -1.000000 0.000000 0.000000
vn -1.000000 0.000000 0.000000
vn -1.000000 0.000000 0.000000
vn -1.000000 0.000000 0.000000
vn 0.000000 0.923877 -0.382690
vn 0.000000 0.707107 -0.707107
vn 0.000000 0.707107 -0.707107
vn 0.000000 0.923877 -0.382690
vn 1.000000 0.000000 0.000000
vn 1.000000 0.000000 0.000000
vn 1.000000 0.000000 0.000000
vn 1.000000 0.000000 0.000000
vn 1.000000 0.000000 0.000000
vn 1.000000 0.000000 0.000000
vn 1.000000 0.000000 0.000000
vn 1.000000 0.000000 0.000000
vn 0.000000 0.707107 -0.707107
vn 0.000000 0.382690 -0.923877
vn 0.000000 0.382690 -0.923877
vn 0.000000 0.707107 -0.707107
vn 0.000000 1.000000 0.000000
vn 0.000000 1.000000 0.000000
vn 0.000000 0.923877 -0.382690
vn 0.000000 0.923877 -0.382690
vn 0.000000 0.923877 -0.382690
vn 0.000000 0.923877 -0.382690
vn 0.000000 0.707107 -0.707107
vn 0.000000 0.707107 -0.707107
vn 0.000000 0.707107 -0.707107
vn 0.000000 0.707107 -0.707107
vn 0.000000 0.382690 -0.923877
vn 0.000000 0.382690 -0.923877
vn -1.000000 0.000000 0.000000
vn -1.000000 0.000000 0.000000
vn -1.000000 0.000000 0.000000
vn -1.000000 0.000000 0.000000
vn 1.000000 0.000000 0.000000
vn 1.000000 0.000000 0.000000
vn 1.000000 0.000000 0.000000
vn 1.000000 0.000000 0.000000
vn 1.000000 0.000000 0.000000
vn 1.000000 0.000000 0.000000
vn 1.000000 0.000000 0.000000
vn 1.000000 0.000000 0.000000
vn 0.000000 0.707107 -0.707107
vn 0.000000 0.382690 -0.923877
vn 0.000000 0.382690 -0.923877
vn 0.000000 0.707107 -0.707107
vn 0.000000 0.923877 -0.382690
vn 0.000000 0.707107 -0.707107
vn 0.000000 0.707107 -0.707107
vn 0.000000 0.923877 -0.382690
vn -1.000000 0.000000 0.000000
vn -1.000000 0.000000 0.000000
vn -1.000000 0.000000 0.000000
vn -1.000000 0.000000 0.000000
vn -1.000000 0.000000 0.000000
vn -1.000000 0.000000 0.000000
vn -1.000000 0.000000 0.000000
vn -1.000000 0.000000 0.000000
vn 0.000000 -0.382690 0.923877
vn 0.000000 -0.382690 0.923877
vn 0.000000 -0.707107 0.707107
vn 0.000000 -0.707107 0.707107
vn 0.000000 -0.707107 0.707107
vn 0.000000 -0.707107 0.707107
vn 0.000000 -0.923877 0.382690
vn 0.000000 -0.923877 0.382690
vn -1.000000 0.000000 0.000000
vn -1.000000 0.000000 0.000000
vn -1.000000 0.000000 0.000000
vn -1.000000 0.000000 0.000000
vn -1.000000 0.000000 0.000000
vn -1.000000 0.000000 0.000000
vn -1.000000 0.000000 0.000000
vn -1.000000 0.000000 0.000000
vn 0.000000 0.707107 -0.707107
vn 0.000000 0.707107 -0.707107
vn 0.000000 0.382690 -0.923877
vn 0.000000 0.382690 -0.923877
vn 0.000000 0.923877 -0.382690
vn 0.000000 0.923877 -0.382690
vn 0.000000 0.707107 -0.707107
vn 0.000000 0.707107 -0.707107
vn -1.000000 0.000000 0.000000
vn -1.000000 0.000000 0.000000
vn -1.000000 0.000000 0.000000
vn -1.000000 0.000000 0.000000
vn -1.000000 0.000000 0.000000
vn -1.000000 0.000000 0.000000
vn -1.000000 0.000000 0.000000
vn -1.000000 0.000000 0.000000
vn 0.000000 -0.707107 0.707107
vn 0.000000 -0.923877 0.382690
vn 0.000000 -0.923877 0.382690
vn 0.000000 -0.707107 0.707107
vn 0.000000 -0.382690 0.923877
vn 0.000000 -0.707107 0.707107
vn 0.000000 -0.707107 0.707107
vn 0.000000 -0.382690 0.923877
vn 1.000000 0.000000 0.000000
vn 1.000000 0.000000 0.000000
vn 1.000000 0.000000 0.000000
vn 1.000000 0.000000 0.000000
vn 1.000000 0.000000 0.000000
vn 1.000000 0.000000 0.000000
vn 1.000000 0.000000 0.000000
vn 1.000000 0.000000 0.000000
vn 1.000000 0.000000 0.000000
vn 1.000000 0.000000 0.000000
vn 1.000000 0.000000 0.000000
vn 1.000000 0.000000 0.000000
vn 0.000000 0.000000 1.000000
vn 0.000000 -0.382690 0.923877
vn 0.000000 -0.382690 0.923877
vn 0.000000 0.000000 1.000000
vn 1.000000 0.000000 0.000000
vn 1.000000 0.000000 0.000000
vn 1.000000 0.000000 0.000000
vn 1.000000 0.000000 0.000000
vn 0.000000 0.382690 0.923877
vn 0.000000 0.000000 1.000000
vn 0.000000 0.000000 1.000000
vn 0.000000 0.382690 0.923877
vn -1.000000 0.000000 0.000000
vn -1.000000 0.000000 0.000000
vn -1.000000 0.000000 0.000000
vn -1.000000 0.000000 0.000000
vn -1.000000 0.000000 0.000000
vn -1.000000 0.000000 0.000000
vn -1.000000 0.000000 0.000000
vn -1.000000 0.000000 0.000000
vn 0.000000 0.000000 -1.000000
vn 0.000000 0.000000 -1.000000
vn 0.000000 -0.382690 -0.923877
vn 0.000000 -0.382690 -0.923877
vn 0.000000 0.382690 -0.923877
vn 0.000000 0.382690 -0.923877
vn 0.000000 0.000000 -1.000000
vn 0.000000 0.000000 -1.000000
vn -1.000000 0.000000 0.000000
vn -1.000000 0.000000 0.000000
vn -1.000000 0.000000 0.000000
vn -1.000000 0.000000 0.000000
vn -1.000000 0.000000 0.000000
vn -1.000000 0.000000 0.000000
vn -1.000000 0.000000 0.000000
vn -1.000000 0.000000 0.000000
vn 0.000000 0.000000 1.000000
vn 0.000000 0.000000 1.000000
vn 0.000000 -0.382690 0.923877
vn 0.000000 -0.382690 0.923877
vn 0.000000 0.382690 0.923877
vn 0.000000 0.382690 0.923877
vn 0.000000 0.000000 1.000000
vn 0.000000 0.000000 1.000000
vn -1.000000 0.000000 0.000000
vn -1.000000 0.000000 0.000000
vn -1.000000 0.000000 0.000000
vn -1.000000 0.000000 0.000000
vn -1.000000 0.000000 0.000000
vn -1.000000 0.000000 0.000000
vn -1.000000 0.000000 0.000000
vn -1.000000 0.000000 0.000000
vn 0.000000 0.382690 -0.923877
vn 0.000000 0.000000 -1.000000
vn 0.000000 0.000000 -1.000000
vn 0.000000 0.382690 -0.923877
vn 0.000000 0.000000 -1.000000
vn 0.000000 -0.382690 -0.923877
vn 0.000000 -0.382690 -0.923877
vn 0.000000 0.000000 -1.000000
vn 1.000000 0.000000 0.000000
vn 1.000000 0.000000 0.000000
vn 1.000000 0.000000 0.000000
vn 1.000000 0.000000 0.000000
vn 1.000000 0.000000 0.000000
vn 1.000000 0.000000 0.000000
vn 1.000000 0.000000 0.000000
vn 1.000000 0.000000 0.000000
vn 1.000000 0.000000 0.000000
vn 1.000000 0.000000 0.000000
vn 1.000000 0.000000 0.000000
vn 1.000000 0.000000 0.000000
vn 0.000000 -0.382690 -0.923877
vn 0.000000 -0.707107 -0.707107
vn 0.000000 -0.707107 -0.707107
vn 0.000000 -0.382690 -0.923877
vn 1.000000 0.000000 0.000000
vn 1.000000 0.000000 0.000000
vn 1.000000 0.000000 0.000000
vn 1.000000 0.000000 0.000000
vn 0.000000 -0.707107 -0.707107
vn 0.000000 -0.923877 -0.382690
vn 0.000000 -0.923877 -0.382690
vn 0.000000 -0.707107 -0.707107
vn -1.000000 0.000000 0.000000
vn -1.000000 0.000000 0.000000
vn -1.000000 0.000000 0.000000
vn -1.000000 0.000000 0.000000
vn -1.000000 0.000000 0.000000
vn -1.000000 0.000000 0.000000
vn -1.000000 0.000000 0.000000
vn -1.000000 0.000000 0.000000
vn 0.000000 0.923877 0.382690
vn 0.000000 0.923877 0.382690
vn 0.000000 0.707107 0.707107
vn 0.000000 0.707107 0.707107
vn 0.000000 0.707107 0.707107
vn 0.000000 0.707107 0.707107
vn 0.000000 0.382690 0.923877
vn 0.000000 0.382690 0.923877
vn -1.000000 0.000000 0.000000
vn -1.000000 0.000000 0.000000
vn -1.000000 0.000000 0.000000
vn -1.000000 0.000000 0.000000
vn -1.000000 0.000000 0.000000
vn -1.000000 0.000000 0.000000
vn -1.000000 0.000000 0.000000
vn -1.000000 0.000000 0.000000
vn 0.000000 -0.382690 -0.923877
vn 0.000000 -0.382690 -0.923877
vn 0.000000 -0.707107 -0.707107
vn 0.000000 -0.707107 -0.707107
vn 0.000000 -0.707107 -0.707107
vn 0.000000 -0.707107 -0.707107
vn 0.000000 -0.923877 -0.382690
vn 0.000000 -0.923877 -0.382690
vn -1.000000 0.000000 0.000000
vn -1.000000 0.000000 0.000000
vn -1.000000 0.000000 0.000000
vn -1.000000 0.000000 0.000000
vn -1.000000 0.000000 0.000000
vn -1.000000 0.000000 0.000000
vn -1.000000 0.000000 0.000000
vn -1.000000 0.000000 0.000000
vn 0.000000 0.707107 0.707107
vn 0.000000 0.382690 0.923877
vn 0.000000 0.382690 0.923877
vn 0.000000 0.707107 0.707107
vn 0.000000 0.923877 0.382690
vn 0.000000 0.707107 0.707107
vn 0.000000 0.707107 0.707107
vn 0.000000 0.923877 0.382690
vn 1.000000 0.000000 0.000000
vn 1.000000 0.000000 0.000000
vn 1.000000 0.000000 0.000000
vn 1.000000 0.000000 0.000000
vn 1.000000 0.000000 0.000000
vn 1.000000 0.000000 0.000000
vn 1.000000 0.000000 0.000000
vn 1.000000 0.000000 0.000000
vn 1.000000 0.000000 0.000000
vn 1.000000 0.000000 0.000000
vn 1.000000 0.000000 0.000000
vn 1.000000 0.000000 0.000000
vn 0.000000 1.000000 0.000000
vn 0.000000 0.923877 0.382690
vn 0.000000 0.923877 0.382690
vn 0.000000 1.000000 0.000000
vn 1.000000 0.000000 0.000000
vn 1.000000 0.000000 0.000000
vn 1.000000 0.000000 0.000000
vn 1.000000 0.000000 0.000000
vn 0.000000 0.923877 -0.382690
vn 0.000000 1.000000 0.000000
vn 0.000000 1.000000 0.000000
vn 0.000000 0.923877 -0.382690
vn -1.000000 0.000000 0.000000
vn -1.000000 0.000000 0.000000
vn -1.000000 0.000000 0.000000
vn -1.000000 0.000000 0.000000
vn -1.000000 0.000000 0.000000
vn -1.000000 0.000000 0.000000
vn -1.000000 0.000000 0.000000
vn -1.000000 0.000000 0.000000
vn 0.000000 -1.000000 0.000000
vn 0.000000 -1.000000 0.000000
vn 0.000000 -0.923877 0.382690
vn 0.000000 -0.923877 0.382690
vn 0.000000 -0.923877 -0.382690
vn 0.000000 -0.923877 -0.382690
vn 0.000000 -1.000000 0.000000
vn 0.000000 -1.000000 0.000000
vn -1.000000 0.000000 0.000000
vn -1.000000 0.000000 0.000000
vn -1.000000 0.000000 0.000000
vn -1.000000 0.000000 0.000000
vn -1.000000 0.000000 0.000000
vn -1.000000 0.000000 0.000000
vn -1.000000 0.000000 0.000000
vn -1.000000 0.000000 0.000000
vn 0.000000 1.000000 0.000000
vn 0.000000 1.000000 0.000000
vn 0.000000 0.923877 0.382690
vn 0.000000 0.923877 0.382690
vn 0.000000 0.923877 -0.382690
vn 0.000000 0.923877 -0.382690
vn 0.000000 1.000000 0.000000
vn 0.000000 1.000000 0.000000
vn -1.000000 0.000000 0.000000
vn -1.000000 0.000000 0.000000
vn -1.000000 0.000000 0.000000
vn -1.000000 0.000000 0.000000
vn -1.000000 0.000000 0.000000
vn -1.000000 0.000000 0.000000
vn -1.000000 0.000000 0.000000
vn -1.000000 0.000000 0.000000
vn 0.000000 -0.923877 -0.382690
vn 0.000000 -1.000000 0.000000
vn 0.000000 -1.000000 0.000000
vn 0.000000 -0.923877 -0.382690
vn 0.000000 -1.000000 0.000000
vn 0.000000 -0.923877 0.382690
vn 0.000000 -0.923877 0.382690
vn 0.000000 -1.000000 0.000000
vn 1.000000 0.000000 0.000000
vn 1.000000 0.000000 0.000000
vn 1.000000 0.000000 0.000000
vn 1.000000 0.000000 0.000000
vn 1.000000 0.000000 0.000000
vn 1.000000 0.000000 0.000000
vn 1.000000 0.000000 0.000000
vn 1.000000 0.000000 0.000000
vn 1.000000 0.000000 0.000000
vn 1.000000 0.000000 0.000000
vn 1.000000 0.000000 0.000000
vn 1.000000 0.000000 0.000000
vn 0.000000 -0.923877 0.382690
vn 0.000000 -0.707107 0.707107
vn 0.000000 -0.707107 0.707107
vn 0.000000 -0.923877 0.382690
vn 1.000000 0.000000 0.000000
vn 1.000000 0.000000 0.000000
vn 1.000000 0.000000 0.000000
vn 1.000000 0.000000 0.000000
vn 0.000000 -0.707107 0.707107
vn 0.000000 -0.382690 0.923877
vn 0.000000 -0.382690 0.923877
vn 0.000000 -0.707107 0.707107
vn -1.000000 0.000000 0.000000
vn -1.000000 0.000000 0.000000
vn -1.000000 0.000000 0.000000
vn -1.000000 0.000000 0.000000
vn -1.000000 0.000000 0.000000
vn -1.000000 0.000000 0.000000
vn -1.000000 0.000000 0.000000
vn -1.000000 0.000000 0.000000
vn 0.000000 0.382690 -0.923877
vn 0.000000 0.382690 -0.923877
vn 0.000000 0.707107 -0.707107
vn 0.000000 0.707107 -0.707107
vn 0.000000 0.707107 -0.707107
vn 0.000000 0.707107 -0.707107
vn 0.000000 0.923877 -0.382690
vn 0.000000 0.923877 -0.382690
vn -1.000000 0.000000 0.000000
vn -1.000000 0.000000 0.000000
vn -1.000000 0.000000 0.000000
vn -1.000000 0.000000 0.000000
vn -1.000000 0.000000 0.000000
vn -1.000000 0.000000 0.000000
vn -1.000000 0.000000 0.000000
vn -1.000000 0.000000 0.000000
vn 0.000000 -0.923877 0.382690
vn 0.000000 -0.923877 0.382690
vn 0.000000 -0.707107 0.707107
vn 0.000000 -0.707107 0.707107
vn 0.000000 -0.707107 0.707107
vn 0.000000 -0.707107 0.707107
vn 0.000000 -0.382690 0.923877
vn 0.000000 -0.382690 0.923877
vn -1.000000 0.000000 0.000000
vn -1.000000 0.000000 0.000000
vn -1.000000 0.000000 0.000000
vn -1.000000 0.000000 0.000000
vn -1.000000 0.000000 0.000000
vn -1.000000 0.000000 0.000000
vn -1.000000 0.000000 0.000000
vn -1.000000 0.000000 0.000000
vn 0.000000 0.707107 -0.707107
vn 0.000000 0.923877 -0.382690
vn 0.000000 0.923877 -0.382690
vn 0.000000 0.707107 -0.707107
vn 0.000000 0.382690 -0.923877
vn 0.000000 0.707107 -0.707107
vn 0.000000 0.707107 -0.707107
vn 0.000000 0.382690 -0.923877
vn 1.000000 0.000000 0.000000
vn 1.000000 0.000000 0.000000
vn 1.000000 0.000000 0.000000
vn 1.000000 0.000000 0.000000
vn 1.000000 0.000000 0.000000
vn 1.000000 0.000000 0.000000
vn 1.000000 0.000000 0.000000
vn 1.000000 0.000000 0.000000
vn 1.000000 0.000000 0.000000
vn 1.000000 0.000000 0.000000
vn 1.000000 0.000000 0.000000
vn 1.000000 0.000000 0.000000
vn 0.000000 0.000000 -1.000000
vn 0.000000 0.382690 -0.923877
vn 0.000000 0.382690 -0.923877
vn 0.000000 0.000000 -1.000000
vn 1.000000 0.000000 0.000000
vn 1.000000 0.000000 0.000000
vn 1.000000 0.000000 0.000000
vn 1.000000 0.000000 0.000000
vn 0.000000 -0.382690 -0.923877
vn 0.000000 0.000000 -1.000000
vn 0.000000 0.000000 -1.000000
vn 0.000000 -0.382690 -0.923877
vn -1.000000 0.000000 0.000000
vn -1.000000 0.000000 0.000000
vn -1.000000 0.000000 0.000000
vn -1.000000 0.000000 0.000000
vn -1.000000 0.000000 0.000000
vn -1.000000 0.000000 0.000000
vn -1.000000 0.000000 0.000000
vn -1.000000 0.000000 0.000000
vn 0.000000 0.000000 1.000000
vn 0.000000 0.000000 1.000000
vn 0.000000 0.382690 0.923877
vn 0.000000 0.382690 0.923877
vn 0.000000 -0.382690 0.923877
vn 0.000000 -0.382690 0.923877
vn 0.000000 0.000000 1.000000
vn 0.000000 0.000000 1.000000
vn -1.000000 0.000000 0.000000
vn -1.000000 0.000000 0.000000
vn -1.000000 0.000000 0.000000
vn -1.000000 0.000000 0.000000
vn -1.000000 0.000000 0.000000
vn -1.000000 0.000000 0.000000
vn -1.000000 0.000000 0.000000
vn -1.000000 0.000000 0.000000
vn 0.000000 0.000000 -1.000000
vn 0.000000 0.000000 -1.000000
vn 0.000000 0.382690 -0.923877
vn 0.000000 0.382690 -0.923877
vn 0.000000 -0.382690 -0.923877
vn 0.000000 -0.382690 -0.923877
vn 0.000000 0.000000 -1.000000
vn 0.000000 0.000000 -1.000000
vn -1.000000 0.000000 0.000000
vn -1.000000 0.000000 0.000000
vn -1.000000 0.000000 0.000000
vn -1.000000 0.000000 0.000000
vn -1.000000 0.000000 0.000000
vn -1.000000 0.000000 0.000000
vn -1.000000 0.000000 0.000000
vn -1.000000 0.000000 0.000000
vn 0.000000 -0.382690 0.923877
vn 0.000000 0.000000 1.000000
vn 0.000000 0.000000 1.000000
vn 0.000000 -0.382690 0.923877
vn 0.000000 0.000000 1.000000
vn 0.000000 0.382690 0.923877
vn 0.000000 0.382690 0.923877
vn 0.000000 0.000000 1.000000
vn 1.000000 0.000000 0.000000
vn 1.000000 0.000000 0.000000
vn 1.000000 0.000000 0.000000
vn 1.000000 0.000000 0.000000
vn 1.000000 0.000000 0.000000
vn 1.000000 0.000000 0.000000
vn 1.000000 0.000000 0.000000
vn 1.000000 0.000000 0.000000
vn 0.000000 -0.382690 0.923877
vn 0.000000 -0.382690 0.923877
vn 0.000000 0.000000 1.000000
vn 0.000000 0.000000 1.000000
vn 1.000000 0.000000 0.000000
vn 1.000000 0.000000 0.000000
vn 1.000000 0.000000 0.000000
vn 1.000000 0.000000 0.000000
vn 0.000000 0.382690 0.923877
vn 0.000000 0.707107 0.707107
vn 0.000000 0.707107 0.707107
vn 0.000000 0.382690 0.923877
vn 1.000000 0.000000 0.000000
vn 1.000000 0.000000 0.000000
vn 1.000000 0.000000 0.000000
vn 1.000000 0.000000 0.000000
vn 0.000000 0.707107 0.707107
vn 0.000000 0.923877 0.382690
vn 0.000000 0.923877 0.382690
vn 0.000000 0.707107 0.707107
vn -1.000000 0.000000 0.000000
vn -1.000000 0.000000 0.000000
vn -1.000000 0.000000 0.000000
vn -1.000000 0.000000 0.000000
vn -1.000000 0.000000 0.000000
vn -1.000000 0.000000 0.000000
vn -1.000000 0.000000 0.000000
vn -1.000000 0.000000 0.000000
vn 0.000000 -0.923877 -0.382690
vn 0.000000 -0.923877 -0.382690
vn 0.000000 -0.707107 -0.707107
vn 0.000000 -0.707107 -0.707107
vn 0.000000 -0.707107 -0.707107
vn 0.000000 -0.707107 -0.707107
vn 0.000000 -0.382690 -0.923877
vn 0.000000 -0.382690 -0.923877
vn -1.000000 0.000000 0.000000
vn -1.000000 0.000000 0.000000
vn -1.000000 0.000000 0.000000
vn -1.000000 0.000000 0.000000
vn -1.000000 0.000000 0.000000
vn -1.000000 0.000000 0.000000
vn -1.000000 0.000000 0.000000
vn -1.000000 0.000000 0.000000
vn 0.000000 0.382690 0.923877
vn 0.000000 0.382690 0.923877
vn 0.000000 0.707107 0.707107
vn 0.000000 0.707107 0.707107
vn 0.000000 0.707107 0.707107
vn 0.000000 0.707107 0.707107
vn 0.000000 0.923877 0.382690
vn 0.000000 0.923877 0.382690
vn -1.000000 0.000000 0.000000
vn -1.000000 0.000000 0.000000
vn -1.000000 0.000000 0.000000
vn -1.000000 0.000000 0.000000
vn -1.000000 0.000000 0.000000
vn -1.000000 0.000000 0.000000
vn -1.000000 0.000000 0.000000
vn -1.000000 0.000000 0.000000
vn 0.000000 -0.707107 -0.707107
vn 0.000000 -0.382690 -0.923877
vn 0.000000 -0.382690 -0.923877
vn 0.000000 -0.707107 -0.707107
vn 0.000000 -0.923877 -0.382690
vn 0.000000 -0.707107 -0.707107
vn 0.000000 -0.707107 -0.707107
vn 0.000000 -0.923877 -0.382690
vn 1.000000 0.000000 0.000000
vn 1.000000 0.000000 0.000000
vn 1.000000 0.000000 0.000000
vn 1.000000 0.000000 0.000000
vn 1.000000 0.000000 0.000000
vn 1.000000 0.000000 0.000000
vn 1.000000 0.000000 0.000000
vn 1.000000 0.000000 0.000000
vn 0.000000 -0.923877 -0.382690
vn 0.000000 -0.923877 -0.382690
vn 0.000000 -0.707107 -0.707107
vn 0.000000 -0.707107 -0.707107
vn 0.000000 -1.000000 0.000000
vn 0.000000 -1.000000 0.000000
vn 0.000000 -0.923877 -0.382690
vn 0.000000 -0.923877 -0.382690
vn 1.000000 0.000000 0.000000
vn 1.000000 0.000000 0.000000
vn 1.000000 0.000000 0.000000
vn 1.000000 0.000000 0.000000
vn -1.000000 0.000000 0.000000
vn -1.000000 0.000000 0.000000
vn -1.000000 0.000000 0.000000
vn -1.000000 0.000000 0.000000
vn 0.000000 -0.923877 0.382690
vn 0.000000 -0.923877 0.382690
vn 0.000000 -1.000000 0.000000
vn 0.000000 -1.000000 0.000000
vn 1.000000 0.000000 0.000000
vn 1.000000 0.000000 0.000000
vn 1.000000 0.000000 0.000000
vn 1.000000 0.000000 0.000000
vn 0.000000 -1.000000 0.000000
vn 0.000000 -0.923877 -0.382690
vn 0.000000 -0.923877 -0.382690
vn 0.000000 -1.000000 0.000000
vn 0.000000 -0.923877 0.382690
vn 0.000000 -1.000000 0.000000
vn 0.000000 -1.000000 0.000000
vn 0.000000 -0.923877 0.382690
vn -1.000000 0.000000 0.000000
vn -1.000000 0.000000 0.000000
vn -1.000000 0.000000 0.000000
vn -1.000000 0.000000 0.000000
vn -1.000000 0.000000 0.000000
vn -1.000000 0.000000 0.000000
vn -1.000000 0.000000 0.000000
vn -1.000000 0.000000 0.000000
vn 0.000000 0.923877 0.382690
vn 0.000000 0.923877 0.382690
vn 0.000000 1.000000 0.000000
vn 0.000000 1.000000 0.000000
vn 0.000000 1.000000 0.000000
vn 0.000000 1.000000 0.000000
vn 0.000000 0.923877 -0.382690
vn 0.000000 0.923877 -0.382690
vn -1.000000 0.000000 0.000000
vn -1.000000 0.000000 0.000000
vn -1.000000 0.000000 0.000000
vn -1.000000 0.000000 0.000000
vn -1.000000 0.000000 0.000000
vn -1.000000 0.000000 0.000000
vn -1.000000 0.000000 0.000000
vn -1.000000 0.000000 0.000000
vn 0.000000 -1.000000 0.000000
vn 0.000000 -1.000000 0.000000
vn 0.000000 -0.923877 -0.382690
vn 0.000000 -0.923877 -0.382690
vn 0.000000 -0.923877 0.382690
vn 0.000000 -0.923877 0.382690
vn 0.000000 -1.000000 0.000000
vn 0.000000 -1.000000 0.000000
vn -1.000000 0.000000 0.000000
vn -1.000000 0.000000 0.000000
vn -1.000000 0.000000 0.000000
vn -1.000000 0.000000 0.000000
vn -1.000000 0.000000 0.000000
vn -1.000000 0.000000 0.000000
vn -1.000000 0.000000 0.000000
vn -1.000000 0.000000 0.000000
vn 0.000000 1.000000 0.000000
vn 0.000000 0.923877 -0.382690
vn 0.000000 0.923877 -0.382690
vn 0.000000 1.000000 0.000000
vn 0.000000 0.923877 0.382690
vn 0.000000 1.000000 0.000000
vn 0.000000 1.000000 0.000000
vn 0.000000 0.923877 0.382690
vn 1.000000 0.000000 0.000000
vn 1.000000 0.000000 0.000000
vn 1.000000 0.000000 0.000000
vn 1.000000 0.000000 0.000000
vn 1.000000 0.000000 0.000000
vn 1.000000 0.000000 0.000000
vn 1.000000 0.000000 0.000000
vn 1.000000 0.000000 0.000000
vn 0.000000 0.707107 -0.707107
vn 0.000000 0.707107 -0.707107
vn 0.000000 0.923877 -0.382690
vn 0.000000 0.923877 -0.382690
vn -1.000000 0.000000 0.000000
vn -1.000000 0.000000 0.000000
vn -1.000000 0.000000 0.000000
vn -1.000000 0.000000 0.000000
vn 0.000000 -0.382690 0.923877
vn 0.000000 0.000000 1.000000
vn 0.000000 0.000000 1.000000
vn 0.000000 -0.382690 0.923877
vn 1.000000 0.000000 0.000000
vn 1.000000 0.000000 0.000000
vn 1.000000 0.000000 0.000000
vn 1.000000 0.000000 0.000000
vn 0.000000 -0.923877 -0.382690
vn 0.000000 -0.707107 -0.707107
vn 0.000000 -0.707107 -0.707107
vn 0.000000 -0.923877 -0.382690
s off
f 2/1/1 6/2/2 5/3/3 1/4/4
f 1/4/5 4/5/6 324/6/7 2/1/8
f 1/4/9 5/3/10 7/7/11 3/8/12
f 3/8/13 308/9/14 4/5/15 1/4/16
f 6/10/17 9/11/18 8/12/19 5/13/20
f 5/13/21 8/12/22 10/14/23 7/15/24
f 11/16/25 8/17/26 9/18/27 12/19/28
f 13/20/29 10/21/30 8/17/31 11/16/32
f 12/22/33 36/23/34 14/24/35 11/25/36
f 11/16/37 15/26/38 17/27/39 13/20/40
f 19/28/41 15/29/42 11/30/43 14/31/44
f 15/32/45 19/33/46 21/34/47 16/35/48
f 16/36/49 220/37/50 18/38/51 15/26/52
f 15/26/53 18/38/54 62/39/55 17/27/56
f 47/40/57 20/41/58 19/42/59 14/43/60
f 20/41/61 24/44/62 22/45/63 19/42/64
f 19/42/65 22/45/66 25/46/67 21/47/68
f 24/44/69 126/48/70 23/49/71 22/45/72
f 22/45/73 23/49/74 26/50/75 25/46/76
f 25/51/77 26/52/78 28/53/79 27/54/80
f 21/55/81 25/51/82 27/54/83 30/56/84
f 27/54/85 28/53/86 185/57/87 29/58/88
f 30/56/89 27/54/90 29/58/91 32/59/92
f 30/60/93 33/61/94 34/62/95 31/63/96
f 16/35/97 21/34/98 30/64/99 31/65/100
f 32/59/101 35/66/102 33/67/103 30/56/104
f 34/68/105 33/69/106 36/23/107 12/22/108
f 35/66/109 39/70/110 37/71/111 33/67/112
f 33/67/113 37/71/114 40/72/115 36/73/116
f 39/74/117 170/75/118 38/76/119 37/77/120
f 37/77/121 38/76/122 41/78/123 40/79/124
f 40/79/125 41/78/126 43/80/127 42/81/128
f 36/82/129 40/83/130 42/84/131 14/43/132
f 42/81/133 43/80/134 45/85/135 44/86/136
f 14/43/137 42/84/138 44/87/139 47/40/140
f 44/86/141 45/85/142 112/88/143 46/89/144
f 47/40/145 44/87/146 46/90/147 48/91/148
f 20/92/149 47/93/150 13/94/151 17/95/152
f 13/96/153 47/97/154 48/98/155 49/99/156
f 49/99/157 48/98/158 50/100/159 52/101/160
f 48/91/161 46/90/162 51/102/163 50/103/164
f 50/104/165 51/105/166 107/106/167 53/107/168
f 54/108/169 56/109/170 52/110/171 50/111/172
f 53/107/173 57/112/174 54/113/175 50/104/176
f 57/112/177 130/114/178 55/115/179 54/113/180
f 54/116/181 55/117/182 59/118/183 58/119/184
f 56/120/185 54/121/186 58/122/187 60/123/188
f 58/119/189 59/118/190 24/44/191 20/41/192
f 60/123/193 58/122/194 20/124/195 17/125/196
f 17/27/197 62/39/198 61/126/199 60/127/200
f 60/127/201 61/126/202 63/128/203 56/129/204
f 62/130/205 66/131/206 64/132/207 61/133/208
f 61/133/209 64/132/210 67/134/211 63/135/212
f 214/136/213 65/137/214 64/138/215 66/139/216
f 65/137/217 68/140/218 67/141/219 64/138/220
f 68/142/221 70/143/222 69/144/223 67/145/224
f 63/135/225 67/134/226 69/146/227 72/147/228
f 70/143/229 368/148/230 71/149/231 69/144/232
f 72/147/233 69/146/234 71/150/235 74/151/236
f 56/152/237 63/153/238 72/154/239 73/155/240
f 73/155/241 72/154/242 74/156/243 76/157/244
f 76/157/245 74/156/246 75/158/247 77/159/248
f 74/151/249 71/150/250 247/160/251 75/161/252
f 76/162/253 78/163/254 57/164/255 73/165/256
f 77/166/257 80/167/258 78/163/259 76/162/260
f 80/168/261 83/169/262 79/170/263 78/171/264
f 78/171/265 79/170/266 130/114/267 57/112/268
f 80/172/269 77/173/270 250/174/271 82/175/272
f 81/176/273 85/177/274 83/169/275 80/168/276
f 96/178/277 81/176/278 80/168/279 82/179/280
f 83/169/281 84/180/282 129/181/283 79/170/284
f 85/177/285 86/182/286 84/180/287 83/169/288
f 87/183/289 88/184/290 86/185/291 85/186/292
f 90/187/293 87/183/294 85/186/295 81/188/296
f 89/189/297 152/190/298 88/184/299 87/183/300
f 92/191/301 89/189/302 87/183/303 90/187/304
f 243/192/305 92/193/306 90/194/307 91/195/308
f 90/196/309 93/197/310 94/198/311 91/199/312
f 93/200/313 90/187/314 81/188/315 96/201/316
f 94/202/317 93/203/318 95/204/319 363/205/320
f 93/200/321 97/206/322 99/207/323 95/208/324
f 96/201/325 100/209/326 97/206/327 93/200/328
f 97/210/329 98/211/330 386/212/331 99/213/332
f 100/214/333 101/215/334 98/211/335 97/210/336
f 82/179/337 102/216/338 100/217/339 96/178/340
f 102/218/341 103/219/342 101/215/343 100/214/344
f 105/220/345 104/221/346 102/216/347 82/179/348
f 104/222/349 106/223/350 103/219/351 102/218/352
f 53/107/353 107/106/354 104/221/355 105/220/356
f 107/224/357 108/225/358 106/223/359 104/222/360
f 51/226/361 110/227/362 108/225/363 107/224/364
f 109/228/365 108/229/366 110/230/367 111/231/368
f 139/232/369 106/233/370 108/229/371 109/228/372
f 111/234/373 110/235/374 112/236/375 113/237/376
f 46/89/377 112/88/378 110/227/379 51/226/380
f 113/237/381 112/236/382 45/238/383 114/239/384
f 114/239/385 116/240/386 115/241/387 113/237/388
f 113/237/389 115/241/390 117/242/391 111/234/392
f 116/240/393 119/243/394 118/244/395 115/241/396
f 115/241/397 118/244/398 120/245/399 117/242/400
f 119/243/401 122/246/402 121/247/403 118/244/404
f 118/244/405 121/247/406 123/248/407 120/245/408
f 124/249/409 121/250/410 122/251/411 126/252/412
f 125/253/413 123/254/414 121/250/415 124/249/416
f 55/117/417 125/255/418 124/256/419 59/118/420
f 59/118/421 124/256/422 126/48/423 24/44/424
f 126/252/425 122/251/426 376/257/427 23/258/428
f 127/259/429 128/260/430 123/254/431 125/253/432
f 130/114/433 127/261/434 125/262/435 55/115/436
f 129/263/437 131/264/438 128/260/439 127/259/440
f 79/170/441 129/181/442 127/261/443 130/114/444
f 84/265/445 132/266/446 131/264/447 129/263/448
f 134/267/449 128/268/450 131/269/451 133/270/452
f 133/270/453 131/269/454 132/271/455 135/272/456
f 137/273/457 134/267/458 133/270/459 136/274/460
f 136/274/461 133/270/462 135/272/463 138/275/464
f 109/228/465 137/273/466 136/274/467 139/232/468
f 139/232/469 136/274/470 138/275/471 140/276/472
f 140/276/473 103/277/474 106/233/475 139/232/476
f 141/278/477 101/279/478 103/277/479 140/276/480
f 140/276/481 138/275/482 143/280/483 141/278/484
f 141/281/485 143/282/486 144/283/487 142/284/488
f 142/284/489 98/285/490 101/286/491 141/281/492
f 138/275/493 135/272/494 145/287/495 143/280/496
f 143/282/497 145/288/498 146/289/499 144/283/500
f 135/272/501 132/271/502 147/290/503 145/287/504
f 145/288/505 147/291/506 148/292/507 146/289/508
f 86/293/509 147/294/510 132/266/511 84/265/512
f 88/295/513 148/296/514 147/294/515 86/293/516
f 146/289/517 148/292/518 149/297/519 150/298/520
f 152/299/521 149/300/522 148/296/523 88/295/524
f 150/298/525 149/297/526 151/301/527 381/302/528
f 153/303/529 151/304/530 149/300/531 152/299/532
f 155/305/533 153/306/534 152/190/535 89/189/536
f 154/307/537 181/308/538 151/304/539 153/303/540
f 156/309/541 154/310/542 153/306/543 155/305/544
f 157/311/545 155/305/546 89/189/547 92/191/548
f 159/312/549 156/309/550 155/305/551 157/311/552
f 158/313/553 157/314/554 92/193/555 243/192/556
f 158/315/557 161/316/558 160/317/559 157/318/560
f 162/319/561 159/312/562 157/311/563 160/320/564
f 363/205/565 95/204/566 160/321/567 161/322/568
f 95/208/569 99/207/570 163/323/571 160/320/572
f 160/320/573 163/323/574 165/324/575 162/319/576
f 99/213/577 386/212/578 164/325/579 163/326/580
f 163/326/581 164/325/582 166/327/583 165/328/584
f 162/329/585 165/330/586 167/331/587 168/332/588
f 165/328/589 166/327/590 169/333/591 167/334/592
f 168/332/593 167/331/594 39/70/595 35/66/596
f 167/334/597 169/333/598 170/75/599 39/74/600
f 171/335/601 169/336/602 166/337/603 172/338/604
f 173/339/605 170/340/606 169/336/607 171/335/608
f 172/338/609 175/341/610 174/342/611 171/335/612
f 171/335/613 174/342/614 176/343/615 173/339/616
f 175/341/617 178/344/618 177/345/619 174/342/620
f 174/342/621 177/345/622 179/346/623 176/343/624
f 178/344/625 181/347/626 180/348/627 177/345/628
f 177/345/629 180/348/630 182/349/631 179/346/632
f 183/350/633 180/351/634 181/308/635 154/307/636
f 185/352/637 182/353/638 180/351/639 183/350/640
f 184/354/641 183/355/642 154/356/643 156/357/644
f 29/58/645 185/57/646 183/355/647 184/354/648
f 28/358/649 369/359/650 182/353/651 185/352/652
f 32/59/653 29/58/654 184/354/655 186/360/656
f 186/360/657 184/354/658 156/357/659 159/361/660
f 187/362/661 186/363/662 159/364/663 188/365/664
f 189/366/665 32/367/666 186/363/667 187/362/668
f 188/368/669 191/369/670 190/370/671 187/371/672
f 187/371/673 190/370/674 192/372/675 189/373/676
f 191/374/677 194/375/678 193/376/679 190/377/680
f 190/377/681 193/376/682 195/378/683 192/379/684
f 197/380/685 196/381/686 193/382/687 194/383/688
f 196/381/689 198/384/690 195/385/691 193/382/692
f 197/386/693 201/387/694 199/388/695 196/389/696
f 196/389/697 199/388/698 200/390/699 198/391/700
f 203/392/701 200/390/702 199/388/703 202/393/704
f 202/393/705 199/388/706 201/387/707 204/394/708
f 206/395/709 203/392/710 202/393/711 205/396/712
f 205/396/713 202/393/714 204/394/715 207/397/716
f 209/398/717 206/395/718 205/396/719 208/399/720
f 208/399/721 205/396/722 207/397/723 210/400/724
f 213/401/725 209/398/726 208/399/727 211/402/728
f 211/402/729 208/399/730 210/400/731 212/403/732
f 214/404/733 213/401/734 211/402/735 65/405/736
f 65/405/737 211/402/738 212/403/739 68/406/740
f 215/407/741 209/398/742 213/401/743 214/404/744
f 215/408/745 214/136/746 66/139/747 217/409/748
f 216/410/749 206/395/750 209/398/751 215/407/752
f 216/411/753 215/408/754 217/409/755 218/412/756
f 220/413/757 218/414/758 217/415/759 18/416/760
f 18/416/761 217/415/762 66/131/763 62/130/764
f 221/417/765 219/418/766 218/414/767 220/413/768
f 222/419/769 216/420/770 218/421/771 219/422/772
f 31/423/773 221/424/774 220/425/775 16/426/776
f 189/373/777 192/372/778 221/424/779 31/423/780
f 192/379/781 195/378/782 219/418/783 221/417/784
f 198/384/785 222/419/786 219/422/787 195/385/788
f 198/391/789 200/390/790 203/392/791 222/427/792
f 222/427/793 203/392/794 206/395/795 216/410/796
f 68/406/797 212/403/798 223/428/799 70/429/800
f 212/403/801 210/400/802 225/430/803 223/428/804
f 70/429/805 223/428/806 224/431/807 368/432/808
f 223/428/809 225/430/810 227/433/811 224/431/812
f 210/400/813 207/397/814 226/434/815 225/430/816
f 225/430/817 226/434/818 229/435/819 227/433/820
f 368/432/821 224/431/822 227/433/823 228/436/824
f 228/436/825 227/433/826 229/435/827 230/437/828
f 230/437/829 229/435/830 231/438/831 232/439/832
f 226/434/833 234/440/834 231/438/835 229/435/836
f 232/439/837 231/438/838 233/441/839 237/442/840
f 234/440/841 235/443/842 233/441/843 231/438/844
f 207/397/845 204/394/846 234/440/847 226/434/848
f 204/394/849 201/387/850 235/443/851 234/440/852
f 237/442/853 233/441/854 235/443/855 236/444/856
f 236/444/857 235/443/858 201/387/859 197/386/860
f 237/445/861 236/446/862 238/447/863 239/448/864
f 236/446/865 197/449/866 194/450/867 238/447/868
f 241/451/869 239/452/870 238/453/871 240/454/872
f 240/454/873 238/453/874 194/375/875 191/374/876
f 243/455/877 241/456/878 240/457/879 158/458/880
f 158/458/881 240/457/882 191/459/883 188/460/884
f 91/461/885 242/462/886 241/456/887 243/455/888
f 242/463/889 245/464/890 239/452/891 241/451/892
f 248/465/893 244/466/894 242/462/895 91/461/896
f 244/467/897 246/468/898 245/464/899 242/463/900
f 230/469/901 232/470/902 245/471/903 246/472/904
f 232/470/905 237/445/906 239/448/907 245/471/908
f 228/473/909 230/474/910 246/475/911 247/476/912
f 75/161/913 247/160/914 246/468/915 244/467/916
f 368/148/917 228/473/918 247/476/919 71/149/920
f 77/159/921 75/158/922 244/477/923 248/478/924
f 250/479/925 77/159/926 248/478/927 249/480/928
f 249/481/929 248/465/930 91/461/931 94/482/932
f 249/480/933 251/483/934 252/484/935 250/479/936
f 94/482/937 253/485/938 251/486/939 249/481/940
f 256/487/941 252/488/942 251/489/943 254/490/944
f 254/490/945 251/489/946 253/491/947 257/492/948
f 364/493/949 256/494/950 254/495/951 255/496/952
f 255/497/953 254/498/954 257/499/955 259/500/956
f 259/500/957 257/499/958 258/501/959 260/502/960
f 257/492/961 253/491/962 362/503/963 258/504/964
f 259/500/965 261/505/966 262/506/967 255/497/968
f 260/502/969 263/507/970 261/505/971 259/500/972
f 261/508/973 264/509/974 266/510/975 262/511/976
f 263/512/977 265/513/978 264/509/979 261/508/980
f 265/514/981 268/515/982 267/516/983 264/517/984
f 264/517/985 267/516/986 269/518/987 266/519/988
f 270/520/989 267/521/990 268/522/991 271/523/992
f 272/524/993 269/525/994 267/521/995 270/520/996
f 274/526/997 273/527/998 270/520/999 271/523/1000
f 273/527/1001 276/528/1002 272/524/1003 270/520/1004
f 354/529/1005 275/530/1006 273/527/1007 274/526/1008
f 275/530/1009 277/531/1010 276/528/1011 273/527/1012
f 277/531/1013 279/532/1014 278/533/1015 276/528/1016
f 276/528/1017 278/533/1018 280/534/1019 272/524/1020
f 279/532/1021 283/535/1022 281/536/1023 278/533/1024
f 278/533/1025 281/536/1026 282/537/1027 280/534/1028
f 281/536/1029 284/538/1030 285/539/1031 282/537/1032
f 283/535/1033 286/540/1034 284/538/1035 281/536/1036
f 288/541/1037 285/542/1038 284/543/1039 287/544/1040
f 287/544/1041 284/543/1042 286/545/1043 289/546/1044
f 292/547/1045 288/548/1046 287/549/1047 290/550/1048
f 290/550/1049 287/549/1050 289/551/1051 291/552/1052
f 293/553/1053 290/554/1054 291/555/1055 294/556/1056
f 295/557/1057 292/558/1058 290/554/1059 293/553/1060
f 294/556/1061 297/559/1062 296/560/1063 293/553/1064
f 293/553/1065 296/560/1066 298/561/1067 295/557/1068
f 297/562/1069 300/563/1070 299/564/1071 296/565/1072
f 296/565/1073 299/564/1074 301/566/1075 298/567/1076
f 302/568/1077 299/569/1078 300/570/1079 52/571/1080
f 303/572/1081 301/573/1082 299/569/1083 302/568/1084
f 52/571/1085 56/152/1086 73/155/1087 302/568/1088
f 302/574/1089 53/575/1090 105/576/1091 303/577/1092
f 57/578/1093 53/579/1094 302/580/1095 73/581/1096
f 303/577/1097 105/576/1098 82/582/1099 250/583/1100
f 250/479/1101 252/484/1102 301/573/1103 303/572/1104
f 298/567/1105 301/566/1106 252/488/1107 256/487/1108
f 52/584/1109 300/585/1110 304/586/1111 49/587/1112
f 305/588/1113 304/589/1114 300/563/1115 297/562/1116
f 49/587/1117 304/586/1118 10/21/1119 13/20/1120
f 7/15/1121 10/14/1122 304/589/1123 305/588/1124
f 3/8/1125 7/7/1126 305/590/1127 306/591/1128
f 306/591/1129 305/590/1130 297/592/1131 294/593/1132
f 306/591/1133 307/594/1134 308/9/1135 3/8/1136
f 294/593/1137 291/595/1138 307/594/1139 306/591/1140
f 307/596/1141 309/597/1142 310/598/1143 308/599/1144
f 291/552/1145 289/551/1146 309/597/1147 307/596/1148
f 289/600/1149 286/601/1150 311/602/1151 309/603/1152
f 309/603/1153 311/602/1154 312/604/1155 310/605/1156
f 313/606/1157 311/607/1158 286/540/1159 283/535/1160
f 314/608/1161 312/609/1162 311/607/1163 313/606/1164
f 315/610/1165 313/606/1166 283/535/1167 279/532/1168
f 317/611/1169 314/608/1170 313/606/1171 315/610/1172
f 316/612/1173 315/610/1174 279/532/1175 277/531/1176
f 318/613/1177 317/611/1178 315/610/1179 316/612/1180
f 318/613/1181 320/614/1182 319/615/1183 317/611/1184
f 317/611/1185 319/615/1186 312/609/1187 314/608/1188
f 321/616/1189 319/617/1190 320/618/1191 322/619/1192
f 310/605/1193 312/604/1194 319/617/1195 321/616/1196
f 4/620/1197 321/621/1198 322/622/1199 324/623/1200
f 308/599/1201 310/598/1202 321/621/1203 4/620/1204
f 322/624/1205 320/625/1206 359/626/1207 323/627/1208
f 324/623/1209 322/622/1210 323/628/1211 325/629/1212
f 2/630/1213 324/631/1214 325/632/1215 327/633/1216
f 325/629/1217 323/628/1218 361/634/1219 326/635/1220
f 327/633/1221 325/632/1222 326/636/1223 328/637/1224
f 328/637/1225 330/638/1226 329/639/1227 327/633/1228
f 327/633/1229 329/639/1230 6/640/1231 2/630/1232
f 330/641/1233 332/642/1234 331/643/1235 329/644/1236
f 329/644/1237 331/643/1238 9/11/1239 6/10/1240
f 34/645/1241 331/646/1242 332/647/1243 334/648/1244
f 12/649/1245 9/650/1246 331/646/1247 34/645/1248
f 341/651/1249 333/652/1250 332/642/1251 330/641/1252
f 334/648/1253 332/647/1254 333/653/1255 335/654/1256
f 335/655/1257 168/656/1258 35/657/1259 334/658/1260
f 334/648/1261 189/373/1262 31/423/1263 34/645/1264
f 334/659/1265 35/660/1266 32/661/1267 189/662/1268
f 336/663/1269 162/664/1270 168/656/1271 335/655/1272
f 335/654/1273 333/653/1274 337/665/1275 336/666/1276
f 161/667/1277 158/458/1278 188/460/1279 336/668/1280
f 336/668/1281 337/669/1282 338/670/1283 161/667/1284
f 159/671/1285 162/672/1286 336/668/1287 188/460/1288
f 340/673/1289 338/674/1290 337/675/1291 339/676/1292
f 339/676/1293 337/675/1294 333/652/1295 341/651/1296
f 343/677/1297 340/678/1298 339/679/1299 342/680/1300
f 342/681/1301 339/682/1302 341/683/1303 344/684/1304
f 342/680/1305 345/685/1306 346/686/1307 343/677/1308
f 344/684/1309 347/687/1310 345/688/1311 342/681/1312
f 345/689/1313 348/690/1314 350/691/1315 346/692/1316
f 347/693/1317 349/694/1318 348/690/1319 345/689/1320
f 349/695/1321 352/696/1322 351/697/1323 348/698/1324
f 348/699/1325 351/700/1326 353/701/1327 350/702/1328
f 354/529/1329 351/703/1330 352/704/1331 355/705/1332
f 274/526/1333 353/706/1334 351/703/1335 354/529/1336
f 355/705/1337 357/707/1338 275/530/1339 354/529/1340
f 356/708/1341 358/709/1342 357/707/1343 355/705/1344
f 355/705/1345 352/704/1346 360/710/1347 356/708/1348
f 358/709/1349 318/613/1350 316/612/1351 357/707/1352
f 357/707/1353 316/612/1354 277/531/1355 275/530/1356
f 358/709/1357 359/711/1358 320/614/1359 318/613/1360
f 356/708/1361 360/710/1362 359/711/1363 358/709/1364
f 323/627/1365 359/626/1366 360/712/1367 361/713/1368
f 361/713/1369 360/712/1370 352/696/1371 349/695/1372
f 326/635/1373 361/634/1374 349/694/1375 347/693/1376
f 271/523/1377 268/522/1378 353/706/1379 274/526/1380
f 350/702/1381 353/701/1382 268/515/1383 265/514/1384
f 346/692/1385 350/691/1386 265/513/1387 263/512/1388
f 328/637/1389 326/636/1390 347/687/1391 344/684/1392
f 343/677/1393 346/686/1394 263/507/1395 260/502/1396
f 344/684/1397 341/683/1398 330/638/1399 328/637/1400
f 260/502/1401 258/501/1402 340/678/1403 343/677/1404
f 258/504/1405 362/503/1406 338/674/1407 340/673/1408
f 161/667/1409 338/670/1410 362/714/1411 363/715/1412
f 363/715/1413 362/714/1414 253/485/1415 94/482/1416
f 295/557/1417 298/561/1418 256/494/1419 364/493/1420
f 364/493/1421 365/716/1422 292/558/1423 295/557/1424
f 255/496/1425 262/717/1426 365/716/1427 364/493/1428
f 365/718/1429 366/719/1430 288/548/1431 292/547/1432
f 262/511/1433 266/510/1434 366/719/1435 365/718/1436
f 266/720/1437 269/721/1438 367/722/1439 366/723/1440
f 366/723/1441 367/722/1442 285/542/1443 288/541/1444
f 280/534/1445 367/724/1446 269/525/1447 272/524/1448
f 282/537/1449 285/539/1450 367/724/1451 280/534/1452
f 179/346/1453 182/349/1454 369/725/1455 371/726/1456
f 26/727/1457 370/728/1458 369/359/1459 28/358/1460
f 371/726/1461 369/725/1462 370/729/1463 373/730/1464
f 176/343/1465 179/346/1466 371/726/1467 372/731/1468
f 372/731/1469 371/726/1470 373/730/1471 374/732/1472
f 374/733/1473 373/734/1474 375/735/1475 377/736/1476
f 373/734/1477 370/737/1478 376/738/1479 375/735/1480
f 375/735/1481 376/738/1482 122/246/1483 119/243/1484
f 377/736/1485 375/735/1486 119/243/1487 116/240/1488
f 379/739/1489 374/733/1490 377/736/1491 378/740/1492
f 378/740/1493 377/736/1494 116/240/1495 114/239/1496
f 378/740/1497 43/741/1498 41/742/1499 379/739/1500
f 114/239/1501 45/238/1502 43/741/1503 378/740/1504
f 379/743/1505 41/744/1506 38/745/1507 380/746/1508
f 380/746/1509 372/731/1510 374/732/1511 379/743/1512
f 380/746/1513 38/745/1514 170/340/1515 173/339/1516
f 173/339/1517 176/343/1518 372/731/1519 380/746/1520
f 23/258/1521 376/257/1522 370/728/1523 26/727/1524
f 381/302/1525 151/301/1526 181/747/1527 178/748/1528
f 382/749/1529 381/302/1530 178/748/1531 175/750/1532
f 383/751/1533 150/298/1534 381/302/1535 382/749/1536
f 385/752/1537 383/751/1538 382/749/1539 384/753/1540
f 384/753/1541 382/749/1542 175/750/1543 172/754/1544
f 384/753/1545 164/755/1546 386/756/1547 385/752/1548
f 172/754/1549 166/757/1550 164/755/1551 384/753/1552
f 385/752/1553 386/756/1554 98/285/1555 142/284/1556
f 142/284/1557 144/283/1558 383/751/1559 385/752/1560
f 144/283/1561 146/289/1562 150/298/1563 383/751/1564
f 117/758/1565 120/759/1566 134/267/1567 137/273/1568
f 111/231/1569 117/758/1570 137/273/1571 109/228/1572
f 120/759/1573 123/760/1574 128/268/1575 134/267/1576
f 388/761/1577 392/762/1578 391/763/1579 387/764/1580
f 387/764/1581 390/765/1582 762/766/1583 388/761/1584
f 387/764/1585 391/763/1586 393/767/1587 389/768/1588
f 389/768/1589 428/769/1590 390/765/1591 387/764/1592
f 392/770/1593 395/771/1594 394/772/1595 391/773/1596
f 391/774/1597 394/775/1598 396/776/1599 393/777/1600
f 398/778/1601 397/779/1602 394/772/1603 395/771/1604
f 397/780/1605 399/781/1606 396/776/1607 394/775/1608
f 401/782/1609 400/783/1610 397/784/1611 398/785/1612
f 400/783/1613 402/786/1614 399/787/1615 397/784/1616
f 400/783/1617 401/782/1618 404/788/1619 403/789/1620
f 402/786/1621 400/783/1622 403/789/1623 405/790/1624
f 403/791/1625 404/792/1626 767/793/1627 407/794/1628
f 405/795/1629 403/796/1630 408/797/1631 409/798/1632
f 403/791/1633 406/799/1634 410/800/1635 408/801/1636
f 406/799/1637 403/791/1638 407/794/1639 776/802/1640
f 409/803/1641 408/804/1642 411/805/1643 412/806/1644
f 408/807/1645 410/808/1646 413/809/1647 411/810/1648
f 412/811/1649 411/812/1650 414/813/1651 415/814/1652
f 411/815/1653 413/816/1654 416/817/1655 414/818/1656
f 415/819/1657 414/818/1658 416/817/1659 417/820/1660
f 413/816/1661 418/821/1662 417/820/1663 416/817/1664
f 418/821/1665 412/822/1666 415/819/1667 417/820/1668
f 418/821/1669 421/823/1670 423/824/1671 419/825/1672
f 420/826/1673 418/827/1674 419/828/1675 427/829/1676
f 420/826/1677 409/830/1678 412/831/1679 418/827/1680
f 413/816/1681 422/832/1682 421/823/1683 418/821/1684
f 423/824/1685 421/823/1686 422/832/1687 424/833/1688
f 419/834/1689 423/835/1690 424/836/1691 425/837/1692
f 425/838/1693 424/833/1694 422/832/1695 413/816/1696
f 427/839/1697 419/840/1698 425/841/1699 426/842/1700
f 426/843/1701 425/844/1702 413/809/1703 410/808/1704
f 428/845/1705 427/846/1706 426/847/1707 390/848/1708
f 390/849/1709 426/850/1710 410/800/1711 406/799/1712
f 431/851/1713 420/852/1714 427/853/1715 428/854/1716
f 429/855/1717 450/856/1718 430/857/1719 428/858/1720
f 832/859/1721 429/860/1722 428/769/1723 389/768/1724
f 428/858/1725 430/857/1726 432/861/1727 431/862/1728
f 431/851/1729 405/863/1730 409/864/1731 420/852/1732
f 405/865/1733 431/862/1734 432/861/1735 434/866/1736
f 430/867/1737 449/868/1738 433/869/1739 432/870/1740
f 434/871/1741 432/870/1742 433/869/1743 436/872/1744
f 435/873/1745 434/874/1746 436/875/1747 437/876/1748
f 453/877/1749 405/865/1750 434/866/1751 435/878/1752
f 437/879/1753 436/880/1754 438/881/1755 439/882/1756
f 436/880/1757 433/883/1758 440/884/1759 438/881/1760
f 439/882/1761 438/881/1762 440/884/1763 441/885/1764
f 433/883/1765 442/886/1766 441/885/1767 440/884/1768
f 442/886/1769 437/879/1770 439/882/1771 441/885/1772
f 442/886/1773 445/887/1774 447/888/1775 443/889/1776
f 444/890/1777 442/891/1778 443/892/1779 450/893/1780
f 444/890/1781 435/894/1782 437/895/1783 442/891/1784
f 433/883/1785 446/896/1786 445/887/1787 442/886/1788
f 447/888/1789 445/887/1790 446/896/1791 448/897/1792
f 443/889/1793 447/888/1794 448/897/1795 449/898/1796
f 449/898/1797 448/897/1798 446/896/1799 433/883/1800
f 450/899/1801 443/900/1802 449/901/1803 430/902/1804
f 451/903/1805 444/904/1806 450/856/1807 429/855/1808
f 451/903/1809 453/877/1810 435/878/1811 444/904/1812
f 429/855/1813 473/905/1814 452/906/1815 451/903/1816
f 453/877/1817 451/903/1818 452/906/1819 456/907/1820
f 454/908/1821 453/877/1822 456/907/1823 457/909/1824
f 829/910/1825 455/911/1826 453/912/1827 454/913/1828
f 455/911/1829 402/786/1830 405/790/1831 453/912/1832
f 457/914/1833 456/915/1834 458/916/1835 459/917/1836
f 456/918/1837 452/919/1838 460/920/1839 458/921/1840
f 459/922/1841 458/923/1842 461/924/1843 462/925/1844
f 458/923/1845 460/926/1846 463/927/1847 461/924/1848
f 462/925/1849 461/924/1850 463/927/1851 464/928/1852
f 460/926/1853 465/929/1854 464/928/1855 463/927/1856
f 465/929/1857 459/922/1858 462/925/1859 464/928/1860
f 465/929/1861 468/930/1862 470/931/1863 466/932/1864
f 467/933/1865 465/934/1866 466/935/1867 474/936/1868
f 467/933/1869 457/937/1870 459/938/1871 465/934/1872
f 460/926/1873 469/939/1874 468/930/1875 465/929/1876
f 470/931/1877 468/930/1878 469/939/1879 471/940/1880
f 466/932/1881 470/931/1882 471/940/1883 472/941/1884
f 472/941/1885 471/940/1886 469/939/1887 460/926/1888
f 474/942/1889 466/943/1890 472/944/1891 473/945/1892
f 473/946/1893 472/947/1894 460/920/1895 452/919/1896
f 475/948/1897 474/949/1898 473/905/1899 429/855/1900
f 479/950/1901 467/951/1902 474/949/1903 475/948/1904
f 476/952/1905 498/953/1906 478/954/1907 475/948/1908
f 823/955/1909 476/956/1910 475/957/1911 477/958/1912
f 477/958/1913 475/957/1914 429/860/1915 832/859/1916
f 475/948/1917 478/954/1918 480/959/1919 479/950/1920
f 479/950/1921 454/908/1922 457/909/1923 467/951/1924
f 454/908/1925 479/950/1926 480/959/1927 482/960/1928
f 478/961/1929 497/962/1930 481/963/1931 480/964/1932
f 482/965/1933 480/964/1934 481/963/1935 484/966/1936
f 483/967/1937 482/968/1938 484/969/1939 485/970/1940
f 501/971/1941 454/908/1942 482/960/1943 483/972/1944
f 485/973/1945 484/974/1946 486/975/1947 487/976/1948
f 484/974/1949 481/977/1950 488/978/1951 486/975/1952
f 487/976/1953 486/975/1954 488/978/1955 489/979/1956
f 481/977/1957 490/980/1958 489/979/1959 488/978/1960
f 490/980/1961 485/973/1962 487/976/1963 489/979/1964
f 490/980/1965 493/981/1966 495/982/1967 491/983/1968
f 492/984/1969 490/985/1970 491/986/1971 498/987/1972
f 492/984/1973 483/988/1974 485/989/1975 490/985/1976
f 481/977/1977 494/990/1978 493/981/1979 490/980/1980
f 495/982/1981 493/981/1982 494/990/1983 496/991/1984
f 491/983/1985 495/982/1986 496/991/1987 497/992/1988
f 497/992/1989 496/991/1990 494/990/1991 481/977/1992
f 498/993/1993 491/994/1994 497/995/1995 478/996/1996
f 499/997/1997 492/998/1998 498/953/1999 476/952/2000
f 499/997/2001 501/971/2002 483/972/2003 492/998/2004
f 476/952/2005 521/999/2006 500/1000/2007 499/997/2008
f 501/971/2009 499/997/2010 500/1000/2011 504/1001/2012
f 502/1002/2013 501/1003/2014 504/1004/2015 505/1005/2016
f 833/1006/2017 503/1007/2018 501/1008/2019 502/1009/2020
f 503/1007/2021 829/910/2022 454/913/2023 501/1008/2024
f 505/1010/2025 504/1011/2026 506/1012/2027 507/1013/2028
f 504/1014/2029 500/1015/2030 508/1016/2031 506/1017/2032
f 507/1018/2033 506/1019/2034 509/1020/2035 510/1021/2036
f 506/1022/2037 508/1023/2038 511/1024/2039 509/1025/2040
f 510/1026/2041 509/1025/2042 511/1024/2043 512/1027/2044
f 508/1023/2045 513/1028/2046 512/1027/2047 511/1024/2048
f 513/1028/2049 507/1029/2050 510/1026/2051 512/1027/2052
f 513/1028/2053 516/1030/2054 518/1031/2055 514/1032/2056
f 515/1033/2057 513/1034/2058 514/1035/2059 522/1036/2060
f 515/1033/2061 505/1037/2062 507/1038/2063 513/1034/2064
f 508/1023/2065 517/1039/2066 516/1030/2067 513/1028/2068
f 518/1031/2069 516/1030/2070 517/1039/2071 519/1040/2072
f 514/1041/2073 518/1042/2074 519/1043/2075 520/1044/2076
f 520/1045/2077 519/1040/2078 517/1039/2079 508/1023/2080
f 522/1046/2081 514/1047/2082 520/1048/2083 521/1049/2084
f 521/1050/2085 520/1051/2086 508/1016/2087 500/1015/2088
f 523/1052/2089 522/1053/2090 521/1054/2091 476/1055/2092
f 527/1056/2093 515/1057/2094 522/1058/2095 523/1059/2096
f 524/1060/2097 546/1061/2098 526/1062/2099 523/1063/2100
f 820/1064/2101 524/1065/2102 523/1066/2103 525/1067/2104
f 525/1067/2105 523/1066/2106 476/956/2107 823/955/2108
f 523/1063/2109 526/1062/2110 528/1068/2111 527/1069/2112
f 527/1056/2113 502/1070/2114 505/1071/2115 515/1057/2116
f 502/1072/2117 527/1069/2118 528/1068/2119 530/1073/2120
f 526/1074/2121 545/1075/2122 529/1076/2123 528/1077/2124
f 530/1078/2125 528/1077/2126 529/1076/2127 532/1079/2128
f 549/1080/2129 502/1072/2130 530/1073/2131 531/1081/2132
f 531/1082/2133 530/1083/2134 532/1084/2135 533/1085/2136
f 533/1086/2137 532/1087/2138 534/1088/2139 535/1089/2140
f 532/1087/2141 529/1090/2142 536/1091/2143 534/1088/2144
f 535/1089/2145 534/1088/2146 536/1091/2147 537/1092/2148
f 529/1090/2149 538/1093/2150 537/1092/2151 536/1091/2152
f 538/1093/2153 533/1086/2154 535/1089/2155 537/1092/2156
f 538/1093/2157 541/1094/2158 543/1095/2159 539/1096/2160
f 540/1097/2161 538/1098/2162 539/1099/2163 546/1100/2164
f 540/1097/2165 531/1101/2166 533/1102/2167 538/1098/2168
f 529/1090/2169 542/1103/2170 541/1094/2171 538/1093/2172
f 543/1095/2173 541/1094/2174 542/1103/2175 544/1104/2176
f 539/1096/2177 543/1095/2178 544/1104/2179 545/1105/2180
f 545/1105/2181 544/1104/2182 542/1103/2183 529/1090/2184
f 546/1106/2185 539/1107/2186 545/1108/2187 526/1109/2188
f 547/1110/2189 540/1111/2190 546/1061/2191 524/1060/2192
f 547/1110/2193 549/1080/2194 531/1081/2195 540/1111/2196
f 524/1060/2197 569/1112/2198 548/1113/2199 547/1110/2200
f 549/1080/2201 547/1110/2202 548/1113/2203 552/1114/2204
f 550/1115/2205 549/1080/2206 552/1114/2207 553/1116/2208
f 814/1117/2209 551/1118/2210 549/1119/2211 550/1120/2212
f 551/1118/2213 833/1006/2214 502/1009/2215 549/1119/2216
f 553/1121/2217 552/1122/2218 554/1123/2219 555/1124/2220
f 552/1125/2221 548/1126/2222 556/1127/2223 554/1128/2224
f 555/1129/2225 554/1130/2226 557/1131/2227 558/1132/2228
f 554/1130/2229 556/1133/2230 559/1134/2231 557/1131/2232
f 558/1132/2233 557/1131/2234 559/1134/2235 560/1135/2236
f 556/1133/2237 561/1136/2238 560/1135/2239 559/1134/2240
f 561/1136/2241 555/1129/2242 558/1132/2243 560/1135/2244
f 561/1136/2245 564/1137/2246 566/1138/2247 562/1139/2248
f 563/1140/2249 561/1141/2250 562/1142/2251 570/1143/2252
f 563/1140/2253 553/1144/2254 555/1145/2255 561/1141/2256
f 556/1133/2257 565/1146/2258 564/1137/2259 561/1136/2260
f 566/1138/2261 564/1137/2262 565/1146/2263 567/1147/2264
f 562/1139/2265 566/1138/2266 567/1147/2267 568/1148/2268
f 568/1148/2269 567/1147/2270 565/1146/2271 556/1133/2272
f 570/1149/2273 562/1150/2274 568/1151/2275 569/1152/2276
f 569/1153/2277 568/1154/2278 556/1127/2279 548/1126/2280
f 571/1155/2281 570/1156/2282 569/1112/2283 524/1060/2284
f 575/1157/2285 563/1158/2286 570/1156/2287 571/1155/2288
f 572/1159/2289 594/1160/2290 574/1161/2291 571/1155/2292
f 808/1162/2293 572/1163/2294 571/1164/2295 573/1165/2296
f 573/1165/2297 571/1164/2298 524/1065/2299 820/1064/2300
f 571/1155/2301 574/1161/2302 576/1166/2303 575/1157/2304
f 575/1157/2305 550/1115/2306 553/1116/2307 563/1158/2308
f 550/1115/2309 575/1157/2310 576/1166/2311 578/1167/2312
f 574/1168/2313 593/1169/2314 577/1170/2315 576/1171/2316
f 578/1172/2317 576/1171/2318 577/1170/2319 580/1173/2320
f 579/1174/2321 578/1175/2322 580/1176/2323 581/1177/2324
f 597/1178/2325 550/1115/2326 578/1167/2327 579/1179/2328
f 581/1180/2329 580/1181/2330 582/1182/2331 583/1183/2332
f 580/1181/2333 577/1184/2334 584/1185/2335 582/1182/2336
f 583/1183/2337 582/1182/2338 584/1185/2339 585/1186/2340
f 577/1184/2341 586/1187/2342 585/1186/2343 584/1185/2344
f 586/1187/2345 581/1180/2346 583/1183/2347 585/1186/2348
f 586/1187/2349 589/1188/2350 591/1189/2351 587/1190/2352
f 588/1191/2353 586/1192/2354 587/1193/2355 594/1194/2356
f 588/1191/2357 579/1195/2358 581/1196/2359 586/1192/2360
f 577/1184/2361 590/1197/2362 589/1188/2363 586/1187/2364
f 591/1189/2365 589/1188/2366 590/1197/2367 592/1198/2368
f 587/1190/2369 591/1189/2370 592/1198/2371 593/1199/2372
f 593/1199/2373 592/1198/2374 590/1197/2375 577/1184/2376
f 594/1200/2377 587/1201/2378 593/1202/2379 574/1203/2380
f 595/1204/2381 588/1205/2382 594/1160/2383 572/1159/2384
f 595/1204/2385 597/1178/2386 579/1179/2387 588/1205/2388
f 572/1159/2389 617/1206/2390 596/1207/2391 595/1204/2392
f 597/1178/2393 595/1204/2394 596/1207/2395 600/1208/2396
f 598/1209/2397 597/1210/2398 600/1211/2399 601/1212/2400
f 834/1213/2401 599/1214/2402 597/1215/2403 598/1216/2404
f 599/1214/2405 814/1117/2406 550/1120/2407 597/1215/2408
f 601/1217/2409 600/1218/2410 602/1219/2411 603/1220/2412
f 600/1221/2413 596/1222/2414 604/1223/2415 602/1224/2416
f 603/1225/2417 602/1226/2418 605/1227/2419 606/1228/2420
f 602/1229/2421 604/1230/2422 607/1231/2423 605/1232/2424
f 606/1233/2425 605/1232/2426 607/1231/2427 608/1234/2428
f 604/1230/2429 609/1235/2430 608/1234/2431 607/1231/2432
f 609/1235/2433 603/1236/2434 606/1233/2435 608/1234/2436
f 609/1235/2437 612/1237/2438 614/1238/2439 610/1239/2440
f 611/1240/2441 609/1241/2442 610/1242/2443 618/1243/2444
f 611/1240/2445 601/1244/2446 603/1245/2447 609/1241/2448
f 604/1230/2449 613/1246/2450 612/1237/2451 609/1235/2452
f 614/1238/2453 612/1237/2454 613/1246/2455 615/1247/2456
f 610/1248/2457 614/1249/2458 615/1250/2459 616/1251/2460
f 616/1252/2461 615/1247/2462 613/1246/2463 604/1230/2464
f 618/1253/2465 610/1254/2466 616/1255/2467 617/1256/2468
f 617/1257/2469 616/1258/2470 604/1223/2471 596/1222/2472
f 619/1259/2473 618/1260/2474 617/1261/2475 572/1262/2476
f 623/1263/2477 611/1264/2478 618/1265/2479 619/1266/2480
f 620/1267/2481 642/1268/2482 622/1269/2483 619/1270/2484
f 805/1271/2485 620/1272/2486 619/1273/2487 621/1274/2488
f 621/1274/2489 619/1273/2490 572/1163/2491 808/1162/2492
f 619/1270/2493 622/1269/2494 624/1275/2495 623/1276/2496
f 623/1263/2497 598/1277/2498 601/1278/2499 611/1264/2500
f 598/1279/2501 623/1276/2502 624/1275/2503 626/1280/2504
f 622/1281/2505 641/1282/2506 625/1283/2507 624/1284/2508
f 626/1285/2509 624/1284/2510 625/1283/2511 628/1286/2512
f 627/1287/2513 626/1288/2514 628/1289/2515 629/1290/2516
f 645/1291/2517 598/1279/2518 626/1280/2519 627/1292/2520
f 629/1293/2521 628/1294/2522 630/1295/2523 631/1296/2524
f 628/1294/2525 625/1297/2526 632/1298/2527 630/1295/2528
f 631/1296/2529 630/1295/2530 632/1298/2531 633/1299/2532
f 625/1297/2533 634/1300/2534 633/1299/2535 632/1298/2536
f 634/1300/2537 629/1293/2538 631/1296/2539 633/1299/2540
f 634/1300/2541 637/1301/2542 639/1302/2543 635/1303/2544
f 636/1304/2545 634/1305/2546 635/1306/2547 642/1307/2548
f 636/1304/2549 627/1308/2550 629/1309/2551 634/1305/2552
f 625/1297/2553 638/1310/2554 637/1301/2555 634/1300/2556
f 639/1302/2557 637/1301/2558 638/1310/2559 640/1311/2560
f 635/1303/2561 639/1302/2562 640/1311/2563 641/1312/2564
f 641/1312/2565 640/1311/2566 638/1310/2567 625/1297/2568
f 642/2254/2569 635/1313/2570 641/1314/2571 622/1315/2572
f 643/1316/2573 636/1317/2574 642/1268/2575 620/1267/2576
f 643/1316/2577 645/1291/2578 627/1292/2579 636/1317/2580
f 620/1267/2581 665/1318/2582 644/1319/2583 643/1316/2584
f 645/1291/2585 643/1316/2586 644/1319/2587 648/1320/2588
f 646/1321/2589 645/1291/2590 648/1320/2591 649/1322/2592
f 799/1323/2593 647/1324/2594 645/1325/2595 646/1326/2596
f 647/1324/2597 834/1213/2598 598/1216/2599 645/1325/2600
f 649/2255/2601 648/1327/2602 650/1328/2603 651/1329/2604
f 648/1330/2605 644/1331/2606 652/1332/2607 650/1333/2608
f 651/1334/2609 650/1335/2610 653/1336/2611 654/1337/2612
f 650/1335/2613 652/1338/2614 655/1339/2615 653/1336/2616
f 654/1337/2617 653/1336/2618 655/1339/2619 656/1340/2620
f 652/1338/2621 657/1341/2622 656/1340/2623 655/1339/2624
f 657/1341/2625 651/1334/2626 654/1337/2627 656/1340/2628
f 657/1341/2629 660/1342/2630 662/1343/2631 658/1344/2632
f 659/1345/2633 657/1346/2634 658/1347/2635 666/1348/2636
f 659/1345/2637 649/1349/2638 651/1350/2639 657/1346/2640
f 652/1338/2641 661/1351/2642 660/1342/2643 657/1341/2644
f 662/1343/2645 660/1342/2646 661/1351/2647 663/1352/2648
f 658/1344/2649 662/1343/2650 663/1352/2651 664/1353/2652
f 664/1353/2653 663/1352/2654 661/1351/2655 652/1338/2656
f 666/1354/2657 658/1355/2658 664/1356/2659 665/1357/2660
f 665/1358/2661 664/1359/2662 652/1332/2663 644/1331/2664
f 667/1360/2665 666/1361/2666 665/1318/2667 620/1267/2668
f 671/1362/2669 659/1363/2670 666/1361/2671 667/1360/2672
f 668/1364/2673 690/1365/2674 670/1366/2675 667/1360/2676
f 793/1367/2677 668/1368/2678 667/1369/2679 669/1370/2680
f 669/1370/2681 667/1369/2682 620/1272/2683 805/1271/2684
f 667/1360/2685 670/1366/2686 672/1371/2687 671/1362/2688
f 671/1362/2689 646/1321/2690 649/1322/2691 659/1363/2692
f 646/1321/2693 671/1362/2694 672/1371/2695 674/1372/2696
f 670/1373/2697 689/1374/2698 673/1375/2699 672/1376/2700
f 674/1377/2701 672/1376/2702 673/1375/2703 676/1378/2704
f 693/1379/2705 646/1321/2706 674/1372/2707 675/1380/2708
f 675/1381/2709 674/1382/2710 676/1383/2711 677/1384/2712
f 677/1385/2713 676/1386/2714 678/1387/2715 679/1388/2716
f 676/1386/2717 673/1389/2718 680/1390/2719 678/1387/2720
f 679/1388/2721 678/1387/2722 680/1390/2723 681/1391/2724
f 673/1389/2725 682/1392/2726 681/1391/2727 680/1390/2728
f 682/1392/2729 677/1385/2730 679/1388/2731 681/1391/2732
f 682/1392/2733 685/1393/2734 687/1394/2735 683/1395/2736
f 684/1396/2737 682/1397/2738 683/1398/2739 690/1399/2740
f 684/1396/2741 675/1400/2742 677/1401/2743 682/1397/2744
f 673/1389/2745 686/1402/2746 685/1393/2747 682/1392/2748
f 687/1394/2749 685/1393/2750 686/1402/2751 688/1403/2752
f 683/1395/2753 687/1394/2754 688/1403/2755 689/1404/2756
f 689/1404/2757 688/1403/2758 686/1402/2759 673/1389/2760
f 690/1405/2761 683/1406/2762 689/1407/2763 670/1408/2764
f 691/1409/2765 684/1410/2766 690/1365/2767 668/1364/2768
f 691/1409/2769 693/1379/2770 675/1380/2771 684/1410/2772
f 668/1364/2773 713/1411/2774 692/1412/2775 691/1409/2776
f 693/1379/2777 691/1409/2778 692/1412/2779 696/1413/2780
f 694/1414/2781 693/1415/2782 696/1416/2783 697/1417/2784
f 783/1418/2785 695/1419/2786 693/1420/2787 694/1421/2788
f 695/1419/2789 799/1323/2790 646/1326/2791 693/1420/2792
f 697/1422/2793 696/1423/2794 698/1424/2795 699/1425/2796
f 696/1426/2797 692/1427/2798 700/1428/2799 698/1429/2800
f 699/1430/2801 698/1431/2802 701/1432/2803 702/1433/2804
f 698/1434/2805 700/1435/2806 703/1436/2807 701/1437/2808
f 702/1438/2809 701/1437/2810 703/1436/2811 704/1439/2812
f 700/1435/2813 705/1440/2814 704/1439/2815 703/1436/2816
f 705/1440/2817 699/1441/2818 702/1438/2819 704/1439/2820
f 705/1440/2821 708/1442/2822 710/1443/2823 706/1444/2824
f 707/1445/2825 705/1446/2826 706/1447/2827 714/1448/2828
f 707/1445/2829 697/1449/2830 699/1450/2831 705/1446/2832
f 700/1435/2833 709/1451/2834 708/1442/2835 705/1440/2836
f 710/1443/2837 708/1442/2838 709/1451/2839 711/1452/2840
f 706/1453/2841 710/1454/2842 711/1455/2843 712/1456/2844
f 712/1457/2845 711/1452/2846 709/1451/2847 700/1435/2848
f 714/1458/2849 706/1459/2850 712/1460/2851 713/1461/2852
f 713/1462/2853 712/1463/2854 700/1428/2855 692/1427/2856
f 715/1464/2857 714/1465/2858 713/1466/2859 668/1467/2860
f 719/1468/2861 707/1469/2862 714/1470/2863 715/1471/2864
f 716/1472/2865 738/1473/2866 718/1474/2867 715/1475/2868
f 790/1476/2869 716/1477/2870 715/1478/2871 717/1479/2872
f 717/1479/2873 715/1478/2874 668/1368/2875 793/1367/2876
f 715/1475/2877 718/1474/2878 720/1480/2879 719/1481/2880
f 719/1468/2881 694/1482/2882 697/1483/2883 707/1469/2884
f 694/1484/2885 719/1481/2886 720/1480/2887 722/1485/2888
f 718/1486/2889 737/1487/2890 721/1488/2891 720/1489/2892
f 722/1490/2893 720/1489/2894 721/1488/2895 724/1491/2896
f 723/1492/2897 722/1493/2898 724/1494/2899 725/1495/2900
f 741/1496/2901 694/1484/2902 722/1485/2903 723/1497/2904
f 725/1498/2905 724/1499/2906 726/1500/2907 727/1501/2908
f 724/1499/2909 721/1502/2910 728/1503/2911 726/1500/2912
f 727/1501/2913 726/1500/2914 728/1503/2915 729/1504/2916
f 721/1502/2917 730/1505/2918 729/1504/2919 728/1503/2920
f 730/1505/2921 725/1498/2922 727/1501/2923 729/1504/2924
f 730/1505/2925 733/1506/2926 735/1507/2927 731/1508/2928
f 732/1509/2929 730/1510/2930 731/1511/2931 738/1512/2932
f 732/1509/2933 723/1513/2934 725/1514/2935 730/1510/2936
f 721/1502/2937 734/1515/2938 733/1506/2939 730/1505/2940
f 735/1507/2941 733/1506/2942 734/1515/2943 736/1516/2944
f 731/1508/2945 735/1507/2946 736/1516/2947 737/1517/2948
f 737/1517/2949 736/1516/2950 734/1515/2951 721/1502/2952
f 738/1518/2953 731/1519/2954 737/1520/2955 718/1521/2956
f 739/1522/2957 732/1523/2958 738/1473/2959 716/1472/2960
f 739/1522/2961 741/1496/2962 723/1497/2963 732/1523/2964
f 716/1472/2965 760/1524/2966 740/1525/2967 739/1522/2968
f 741/1496/2969 739/1522/2970 740/1525/2971 743/1526/2972
f 404/792/2973 741/1496/2974 743/1526/2975 744/1527/2976
f 401/782/2977 742/1528/2978 741/1529/2979 404/788/2980
f 742/1528/2981 783/1418/2982 694/1421/2983 741/1529/2984
f 744/1530/2985 743/2256/2986 745/1531/2987 746/1532/2988
f 743/1533/2989 740/1534/2990 747/1535/2991 745/1536/2992
f 746/1537/2993 745/1538/2994 748/1539/2995 749/1540/2996
f 745/1538/2997 747/1541/2998 750/1542/2999 748/1539/3000
f 749/1540/3001 748/1539/3002 750/1542/3003 751/1543/3004
f 747/1541/3005 752/1544/3006 751/1543/3007 750/1542/3008
f 752/1544/3009 746/1537/3010 749/1540/3011 751/1543/3012
f 752/1544/3013 755/1545/3014 757/1546/3015 753/1547/3016
f 754/1548/3017 752/1549/3018 753/1550/3019 761/1551/3020
f 754/1548/3021 744/1552/3022 746/1553/3023 752/1549/3024
f 747/1541/3025 756/1554/3026 755/1545/3027 752/1544/3028
f 757/1546/3029 755/1545/3030 756/1554/3031 758/1555/3032
f 753/1547/3033 757/1546/3034 758/1555/3035 759/1556/3036
f 759/1556/3037 758/1555/3038 756/1554/3039 747/1541/3040
f 761/1557/3041 753/1558/3042 759/1559/3043 760/1560/3044
f 760/1561/3045 759/1562/3046 747/1535/3047 740/1534/3048
f 762/1563/3049 761/1564/3050 760/1524/3051 716/1472/3052
f 764/1565/3053 754/1566/3054 761/1564/3055 762/1563/3056
f 390/849/3057 782/1567/3058 763/1568/3059 762/1563/3060
f 388/761/3061 762/766/3062 716/1477/3063 790/1476/3064
f 762/1563/3065 763/1568/3066 765/1569/3067 764/1565/3068
f 764/1565/3069 404/792/3070 744/1527/3071 754/1566/3072
f 404/792/3073 764/1565/3074 765/1569/3075 767/793/3076
f 763/1570/3077 781/1571/3078 766/1572/3079 765/1573/3080
f 767/1574/3081 765/1573/3082 766/1572/3083 768/1575/3084
f 407/1576/3085 767/1577/3086 768/1578/3087 769/1579/3088
f 769/1580/3089 768/1581/3090 770/1582/3091 771/1583/3092
f 768/1581/3093 766/1584/3094 772/1585/3095 770/1582/3096
f 771/1583/3097 770/1582/3098 772/1585/3099 773/1586/3100
f 766/1584/3101 774/1587/3102 773/1586/3103 772/1585/3104
f 774/1587/3105 769/1580/3106 771/1583/3107 773/1586/3108
f 774/1587/3109 777/1588/3110 779/1589/3111 775/1590/3112
f 776/1591/3113 774/1592/3114 775/1593/3115 782/1594/3116
f 776/1591/3117 407/1595/3118 769/1596/3119 774/1592/3120
f 766/1584/3121 778/1597/3122 777/1588/3123 774/1587/3124
f 779/1589/3125 777/1588/3126 778/1597/3127 780/1598/3128
f 775/1590/3129 779/1589/3130 780/1598/3131 781/1599/3132
f 781/1599/3133 780/1598/3134 778/1597/3135 766/1584/3136
f 782/1600/3137 775/1601/3138 781/1602/3139 763/1603/3140
f 406/799/3141 776/802/3142 782/1567/3143 390/849/3144
f 742/1528/3145 401/782/3146 398/785/3147 784/1604/3148
f 783/1418/3149 742/1528/3150 784/1604/3151 785/1605/3152
f 784/1606/3153 398/778/3154 395/771/3155 786/1607/3156
f 785/1608/3157 784/1606/3158 786/1607/3159 787/1609/3160
f 788/1610/3161 786/1607/3162 395/771/3163 392/770/3164
f 789/1611/3165 787/1609/3166 786/1607/3167 788/1610/3168
f 790/1476/3169 788/1612/3170 392/762/3171 388/761/3172
f 717/1479/3173 789/1613/3174 788/1612/3175 790/1476/3176
f 791/1614/3177 794/1615/3178 787/1609/3179 789/1611/3180
f 793/1367/3181 791/1616/3182 789/1613/3183 717/1479/3184
f 792/1617/3185 795/1618/3186 794/1619/3187 791/1620/3188
f 669/1370/3189 792/1621/3190 791/1616/3191 793/1367/3192
f 797/1622/3193 796/1623/3194 794/1619/3195 795/1618/3196
f 796/1624/3197 785/1608/3198 787/1609/3199 794/1615/3200
f 799/1323/3201 695/1419/3202 796/1625/3203 797/1626/3204
f 695/1419/3205 783/1418/3206 785/1605/3207 796/1625/3208
f 798/1627/3209 797/1622/3210 795/1618/3211 801/1628/3212
f 647/1324/3213 799/1323/3214 797/1626/3215 798/1629/3216
f 800/1630/3217 798/1627/3218 801/1628/3219 802/1631/3220
f 834/1213/3221 647/1324/3222 798/1629/3223 800/1632/3224
f 804/1633/3225 802/1631/3226 801/1628/3227 803/1634/3228
f 803/1634/3229 801/1628/3230 795/1618/3231 792/1617/3232
f 621/1274/3233 804/1635/3234 803/1636/3235 805/1271/3236
f 805/1271/3237 803/1636/3238 792/1621/3239 669/1370/3240
f 806/1637/3241 809/1638/3242 802/1631/3243 804/1633/3244
f 808/1162/3245 806/1639/3246 804/1635/3247 621/1274/3248
f 807/1640/3249 810/1641/3250 809/1642/3251 806/1643/3252
f 573/1165/3253 807/1644/3254 806/1639/3255 808/1162/3256
f 812/1645/3257 811/1646/3258 809/1642/3259 810/1641/3260
f 811/1647/3261 800/1630/3262 802/1631/3263 809/1638/3264
f 814/1117/3265 599/1214/3266 811/1648/3267 812/1649/3268
f 599/1214/3269 834/1213/3270 800/1632/3271 811/1648/3272
f 813/1650/3273 812/1645/3274 810/1641/3275 816/1651/3276
f 551/1118/3277 814/1117/3278 812/1649/3279 813/1652/3280
f 815/1653/3281 813/1650/3282 816/1651/3283 817/1654/3284
f 833/1006/3285 551/1118/3286 813/1652/3287 815/1655/3288
f 819/1656/3289 817/1654/3290 816/1651/3291 818/1657/3292
f 818/1657/3293 816/1651/3294 810/1641/3295 807/1640/3296
f 525/1067/3297 819/1658/3298 818/1659/3299 820/1064/3300
f 820/1064/3301 818/1659/3302 807/1644/3303 573/1165/3304
f 821/1660/3305 824/1661/3306 817/1654/3307 819/1656/3308
f 823/955/3309 821/1662/3310 819/1658/3311 525/1067/3312
f 822/1663/3313 825/1664/3314 824/1665/3315 821/1666/3316
f 477/958/3317 822/1667/3318 821/1662/3319 823/955/3320
f 827/1668/3321 826/1669/3322 824/1665/3323 825/1664/3324
f 826/1670/3325 815/1653/3326 817/1654/3327 824/1661/3328
f 829/910/3329 503/1007/3330 826/1671/3331 827/1672/3332
f 503/1007/3333 833/1006/3334 815/1655/3335 826/1671/3336
f 828/1673/3337 827/1668/3338 825/1664/3339 830/1674/3340
f 455/911/3341 829/910/3342 827/1672/3343 828/1675/3344
f 399/781/3345 828/1673/3346 830/1674/3347 396/776/3348
f 402/786/3349 455/911/3350 828/1675/3351 399/787/3352
f 393/777/3353 396/776/3354 830/1674/3355 831/1676/3356
f 831/1676/3357 830/1674/3358 825/1664/3359 822/1663/3360
f 389/768/3361 393/767/3362 831/1677/3363 832/859/3364
f 832/859/3365 831/1677/3366 822/1667/3367 477/958/3368
f 836/1678/3369 835/1679/3370 839/1680/3371 842/1681/3372
f 836/1682/3373 945/1683/3374 838/1684/3375 835/1685/3376
f 835/1686/3377 837/1687/3378 841/1688/3379 839/1689/3380
f 835/1685/3381 838/1684/3382 941/1690/3383 837/1691/3384
f 841/1692/3385 1077/1693/3386 840/1694/3387 839/1695/3388
f 839/1695/3389 840/1694/3390 843/1696/3391 842/1697/3392
f 842/1697/3393 843/1696/3394 847/1698/3395 844/1699/3396
f 846/1700/3397 836/1678/3398 842/1681/3399 844/1701/3400
f 844/1699/3401 847/1698/3402 849/1702/3403 845/1703/3404
f 857/1704/3405 846/1700/3406 844/1701/3407 845/1705/3408
f 850/1706/3409 849/1707/3410 847/1708/3411 848/1709/3412
f 848/1709/3413 847/1708/3414 843/1710/3415 1078/1711/3416
f 852/1712/3417 851/1713/3418 849/1707/3419 850/1706/3420
f 845/1703/3421 849/1702/3422 851/1714/3423 854/1715/3424
f 1090/1716/3425 853/1717/3426 851/1718/3427 852/1719/3428
f 854/1715/3429 851/1714/3430 853/1720/3431 855/1721/3432
f 856/1722/3433 857/1704/3434 845/1705/3435 854/1723/3436
f 858/1724/3437 856/1725/3438 854/1726/3439 855/1727/3440
f 856/1728/3441 859/1729/3442 860/1730/3443 857/1731/3444
f 858/1732/3445 861/1733/3446 859/1729/3447 856/1728/3448
f 860/1734/3449 859/1735/3450 862/1736/3451 864/1737/3452
f 859/1738/3453 861/1739/3454 863/1740/3455 862/1741/3456
f 863/1742/3457 868/1743/3458 865/1744/3459 862/1745/3460
f 862/1745/3461 865/1744/3462 867/1746/3463 864/1747/3464
f 950/1748/3465 867/1749/3466 865/1750/3467 866/1751/3468
f 866/1752/3469 865/1753/3470 868/1754/3471 869/1755/3472
f 869/1755/3473 868/1754/3474 870/1756/3475 871/1757/3476
f 873/1758/3477 870/1759/3478 868/1743/3479 863/1742/3480
f 871/1757/3481 870/1756/3482 872/1760/3483 1089/1761/3484
f 874/1762/3485 872/1763/3486 870/1759/3487 873/1758/3488
f 875/1764/3489 876/1765/3490 874/1766/3491 873/1767/3492
f 861/1739/3493 875/1764/3494 873/1767/3495 863/1740/3496
f 877/1768/3497 875/1769/3498 861/1733/3499 858/1732/3500
f 878/1770/3501 876/1771/3502 875/1769/3503 877/1768/3504
f 877/1772/3505 858/1724/3506 855/1727/3507 879/1773/3508
f 878/1774/3509 877/1772/3510 879/1773/3511 880/1775/3512
f 855/1721/3513 853/1720/3514 881/1776/3515 879/1777/3516
f 879/1777/3517 881/1776/3518 883/1778/3519 880/1779/3520
f 884/1780/3521 883/1781/3522 881/1782/3523 882/1783/3524
f 882/1783/3525 881/1782/3526 853/1717/3527 1090/1716/3528
f 886/1784/3529 885/1785/3530 883/1781/3531 884/1780/3532
f 880/1779/3533 883/1778/3534 885/1786/3535 888/1787/3536
f 1088/1788/3537 887/1789/3538 885/1790/3539 886/1791/3540
f 888/1787/3541 885/1786/3542 887/1792/3543 889/1793/3544
f 890/1794/3545 878/1774/3546 880/1775/3547 888/1795/3548
f 891/1796/3549 890/1797/3550 888/1798/3551 889/1799/3552
f 890/1800/3553 892/1801/3554 876/1771/3555 878/1770/3556
f 891/1802/3557 893/1803/3558 892/1801/3559 890/1800/3560
f 876/1765/3561 892/1804/3562 894/1805/3563 874/1766/3564
f 892/1806/3565 893/1807/3566 895/1808/3567 894/1809/3568
f 895/1810/3569 898/1811/3570 896/1812/3571 894/1813/3572
f 894/1813/3573 896/1812/3574 872/1763/3575 874/1762/3576
f 1089/1761/3577 872/1760/3578 896/1814/3579 897/1815/3580
f 897/1816/3581 896/1817/3582 898/1818/3583 899/1819/3584
f 899/1819/3585 898/1818/3586 900/1820/3587 901/1821/3588
f 903/1822/3589 900/1823/3590 898/1811/3591 895/1810/3592
f 901/1821/3593 900/1820/3594 902/1824/3595 1057/1825/3596
f 904/1826/3597 902/1827/3598 900/1823/3599 903/1822/3600
f 905/1828/3601 906/1829/3602 904/1830/3603 903/1831/3604
f 893/1807/3605 905/1828/3606 903/1831/3607 895/1808/3608
f 907/1832/3609 905/1833/3610 893/1803/3611 891/1802/3612
f 908/1834/3613 906/1835/3614 905/1833/3615 907/1832/3616
f 907/1836/3617 891/1796/3618 889/1799/3619 909/1837/3620
f 908/1838/3621 907/1836/3622 909/1837/3623 911/1839/3624
f 889/1793/3625 887/1792/3626 910/1840/3627 909/1841/3628
f 909/1841/3629 910/1840/3630 913/1842/3631 911/1843/3632
f 911/1843/3633 913/1842/3634 915/1844/3635 912/1845/3636
f 923/1846/3637 908/1838/3638 911/1839/3639 912/1847/3640
f 916/1848/3641 915/1849/3642 913/1850/3643 914/1851/3644
f 914/1851/3645 913/1850/3646 910/1852/3647 1038/1853/3648
f 919/1854/3649 917/1855/3650 915/1856/3651 916/1857/3652
f 912/1845/3653 915/1844/3654 917/1858/3655 920/1859/3656
f 920/1859/3657 917/1858/3658 918/1860/3659 921/1861/3660
f 1074/1862/3661 918/1863/3662 917/1855/3663 919/1854/3664
f 922/1864/3665 923/1865/3666 912/1866/3667 920/1867/3668
f 924/1868/3669 922/1864/3670 920/1867/3671 921/1869/3672
f 922/1870/3673 925/1871/3674 926/1872/3675 923/1873/3676
f 924/1874/3677 927/1875/3678 925/1871/3679 922/1870/3680
f 926/1876/3681 925/1877/3682 928/1878/3683 930/1879/3684
f 925/1877/3685 927/1880/3686 929/1881/3687 928/1878/3688
f 929/1882/3689 934/1883/3690 931/1884/3691 928/1885/3692
f 928/1885/3693 931/1884/3694 933/1886/3695 930/1887/3696
f 1056/1888/3697 933/1889/3698 931/1890/3699 932/1891/3700
f 932/1891/3701 931/1890/3702 934/1892/3703 935/1893/3704
f 935/1893/3705 934/1892/3706 936/1894/3707 938/1895/3708
f 939/1896/3709 936/1897/3710 934/1883/3711 929/1882/3712
f 940/1898/3713 937/1899/3714 936/1897/3715 939/1896/3716
f 938/1895/3717 936/1894/3718 937/1900/3719 1087/1901/3720
f 941/1902/3721 838/1903/3722 940/1904/3723 939/1905/3724
f 927/1880/3725 941/1902/3726 939/1905/3727 929/1881/3728
f 837/1691/3729 941/1690/3730 927/1875/3731 924/1874/3732
f 942/1906/3733 944/1907/3734 937/1899/3735 940/1898/3736
f 838/1908/3737 945/1909/3738 942/1910/3739 940/1911/3740
f 943/1912/3741 948/1913/3742 944/1907/3743 942/1906/3744
f 945/1909/3745 946/1914/3746 943/1915/3747 942/1910/3748
f 846/1916/3749 946/1917/3750 945/1683/3751 836/1682/3752
f 857/1731/3753 860/1730/3754 946/1917/3755 846/1916/3756
f 946/1914/3757 860/1734/3758 864/1737/3759 943/1915/3760
f 1087/1918/3761 937/1919/3762 944/1920/3763 947/1921/3764
f 947/1921/3765 944/1920/3766 948/1922/3767 949/1923/3768
f 949/1923/3769 948/1922/3770 867/1749/3771 950/1748/3772
f 864/1747/3773 867/1746/3774 948/1913/3775 943/1912/3776
f 953/1924/3777 947/1925/3778 949/1926/3779 951/1927/3780
f 951/1927/3781 949/1926/3782 950/1928/3783 952/1929/3784
f 951/1930/3785 952/1931/3786 956/1932/3787 954/1933/3788
f 953/1934/3789 951/1930/3790 954/1933/3791 955/1935/3792
f 959/1936/3793 955/1937/3794 954/1938/3795 957/1939/3796
f 957/1939/3797 954/1938/3798 956/1940/3799 958/1941/3800
f 958/1942/3801 962/1943/3802 960/1944/3803 957/1945/3804
f 957/1945/3805 960/1944/3806 961/1946/3807 959/1947/3808
f 960/1948/3809 963/1949/3810 965/1950/3811 961/1951/3812
f 962/1952/3813 964/1953/3814 963/1949/3815 960/1948/3816
f 966/1954/3817 963/1955/3818 964/1956/3819 967/1957/3820
f 968/1958/3821 965/1959/3822 963/1955/3823 966/1954/3824
f 969/1960/3825 966/1961/3826 967/1962/3827 971/1963/3828
f 970/1964/3829 968/1965/3830 966/1961/3831 969/1960/3832
f 972/1966/3833 973/1967/3834 970/1968/3835 969/1969/3836
f 974/1970/3837 972/1966/3838 969/1969/3839 971/1971/3840
f 972/1972/3841 848/1973/3842 1078/1974/3843 973/1975/3844
f 974/1976/3845 850/1977/3846 848/1973/3847 972/1972/3848
f 975/1978/3849 852/1979/3850 850/1977/3851 974/1976/3852
f 975/1980/3853 974/1970/3854 971/1971/3855 977/1981/3856
f 976/1982/3857 1090/1983/3858 852/1979/3859 975/1978/3860
f 976/1984/3861 975/1985/3862 977/1986/3863 978/1987/3864
f 971/1963/3865 967/1962/3866 979/1988/3867 977/1989/3868
f 977/1989/3869 979/1988/3870 980/1990/3871 978/1991/3872
f 979/1992/3873 981/1993/3874 982/1994/3875 980/1995/3876
f 967/1957/3877 964/1956/3878 981/1996/3879 979/1997/3880
f 983/1998/3881 981/1999/3882 964/1953/3883 962/1952/3884
f 984/2000/3885 982/2001/3886 981/1999/3887 983/1998/3888
f 985/2002/3889 983/2003/3890 962/1943/3891 958/1942/3892
f 986/2004/3893 984/2005/3894 983/2006/3895 985/2007/3896
f 985/2008/3897 987/2009/3898 988/2010/3899 986/2011/3900
f 958/1941/3901 956/1940/3902 987/2009/3903 985/2008/3904
f 952/1931/3905 989/2012/3906 987/2013/3907 956/1932/3908
f 989/2014/3909 990/2015/3910 988/2016/3911 987/2017/3912
f 989/2018/3913 866/2019/3914 869/2020/3915 990/2021/3916
f 952/1929/3917 950/1928/3918 866/2019/3919 989/2018/3920
f 990/2021/3921 869/2020/3922 871/2022/3923 991/2023/3924
f 990/2015/3925 991/2024/3926 993/2025/3927 988/2016/3928
f 991/2023/3929 871/2022/3930 1089/2026/3931 992/2027/3932
f 991/2024/3933 992/2028/3934 994/2029/3935 993/2025/3936
f 986/2011/3937 988/2010/3938 993/2030/3939 995/2031/3940
f 995/2031/3941 993/2030/3942 994/2032/3943 996/2033/3944
f 996/2034/3945 998/2035/3946 997/2036/3947 995/2037/3948
f 995/2037/3949 997/2036/3950 984/2005/3951 986/2004/3952
f 997/2038/3953 999/2039/3954 982/2001/3955 984/2000/3956
f 998/2040/3957 1000/2041/3958 999/2039/3959 997/2038/3960
f 980/1995/3961 982/1994/3962 999/2042/3963 1001/2043/3964
f 1001/2043/3965 999/2042/3966 1000/2044/3967 1002/2045/3968
f 1003/2046/3969 1001/2047/3970 1002/2048/3971 1004/2049/3972
f 978/1991/3973 980/1990/3974 1001/2047/3975 1003/2046/3976
f 1005/2050/3977 976/1984/3978 978/1987/3979 1003/2051/3980
f 1006/2052/3981 1005/2050/3982 1003/2051/3983 1004/2053/3984
f 1005/2054/3985 882/2055/3986 1090/1983/3987 976/1982/3988
f 1006/2056/3989 884/2057/3990 882/2055/3991 1005/2054/3992
f 1007/2058/3993 886/2059/3994 884/2057/3995 1006/2056/3996
f 1007/2060/3997 1006/2052/3998 1004/2053/3999 1009/2061/4000
f 1008/2062/4001 1088/2063/4002 886/2059/4003 1007/2058/4004
f 1008/2064/4005 1007/2065/4006 1009/2066/4007 1010/2067/4008
f 1004/2049/4009 1002/2048/4010 1011/2068/4011 1009/2069/4012
f 1009/2069/4013 1011/2068/4014 1012/2070/4015 1010/2071/4016
f 1011/2072/4017 1013/2073/4018 1014/2074/4019 1012/2075/4020
f 1002/2045/4021 1000/2044/4022 1013/2076/4023 1011/2077/4024
f 1015/2078/4025 1013/2079/4026 1000/2041/4027 998/2040/4028
f 1016/2080/4029 1014/2081/4030 1013/2079/4031 1015/2078/4032
f 1017/2082/4033 1015/2083/4034 998/2035/4035 996/2034/4036
f 1018/2084/4037 1016/2085/4038 1015/2086/4039 1017/2087/4040
f 1017/2088/4041 1019/2089/4042 1020/2090/4043 1018/2091/4044
f 996/2033/4045 994/2032/4046 1019/2089/4047 1017/2088/4048
f 992/2028/4049 1021/2092/4050 1019/2093/4051 994/2029/4052
f 1021/2094/4053 1022/2095/4054 1020/2096/4055 1019/2097/4056
f 1021/2098/4057 897/2099/4058 899/2100/4059 1022/2101/4060
f 992/2027/4061 1089/2026/4062 897/2099/4063 1021/2098/4064
f 1022/2101/4065 899/2100/4066 901/2102/4067 1023/2103/4068
f 1022/2095/4069 1023/2104/4070 1025/2105/4071 1020/2096/4072
f 1023/2103/4073 901/2102/4074 1057/2106/4075 1024/2107/4076
f 1023/2104/4077 1024/2108/4078 1026/2109/4079 1025/2105/4080
f 1018/2091/4081 1020/2090/4082 1025/2110/4083 1027/2111/4084
f 1027/2111/4085 1025/2110/4086 1026/2112/4087 1028/2113/4088
f 1028/2114/4089 1030/2115/4090 1029/2116/4091 1027/2117/4092
f 1027/2117/4093 1029/2116/4094 1016/2085/4095 1018/2084/4096
f 1029/2118/4097 1031/2119/4098 1014/2081/4099 1016/2080/4100
f 1030/2120/4101 1032/2121/4102 1031/2119/4103 1029/2118/4104
f 1012/2075/4105 1014/2074/4106 1031/2122/4107 1033/2123/4108
f 1033/2123/4109 1031/2122/4110 1032/2124/4111 1034/2125/4112
f 1035/2126/4113 1033/2127/4114 1034/2128/4115 1036/2129/4116
f 1010/2071/4117 1012/2070/4118 1033/2127/4119 1035/2126/4120
f 1037/2130/4121 1008/2064/4122 1010/2067/4123 1035/2131/4124
f 1039/2132/4125 1037/2130/4126 1035/2131/4127 1036/2133/4128
f 1037/2134/4129 1038/2135/4130 1088/2063/4131 1008/2062/4132
f 1039/2136/4133 914/2137/4134 1038/2135/4135 1037/2134/4136
f 1040/2138/4137 916/2139/4138 914/2137/4139 1039/2136/4140
f 1040/2140/4141 1039/2132/4142 1036/2133/4143 1042/2141/4144
f 1041/2142/4145 919/2143/4146 916/2139/4147 1040/2138/4148
f 1041/2144/4149 1040/2145/4150 1042/2146/4151 1043/2147/4152
f 1036/2129/4153 1034/2128/4154 1044/2148/4155 1042/2149/4156
f 1042/2149/4157 1044/2148/4158 1045/2150/4159 1043/2151/4160
f 1044/2152/4161 1046/2153/4162 1047/2154/4163 1045/2155/4164
f 1034/2125/4165 1032/2124/4166 1046/2156/4167 1044/2157/4168
f 1048/2158/4169 1046/2159/4170 1032/2121/4171 1030/2120/4172
f 1049/2160/4173 1047/2161/4174 1046/2159/4175 1048/2158/4176
f 1050/2162/4177 1048/2163/4178 1030/2115/4179 1028/2114/4180
f 1051/2164/4181 1049/2165/4182 1048/2166/4183 1050/2167/4184
f 1050/2168/4185 1052/2169/4186 1053/2170/4187 1051/2171/4188
f 1028/2113/4189 1026/2112/4190 1052/2169/4191 1050/2168/4192
f 1024/2108/4193 1054/2172/4194 1052/2173/4195 1026/2109/4196
f 1054/2174/4197 1055/2175/4198 1053/2176/4199 1052/2177/4200
f 1054/2178/4201 1056/2179/4202 932/2180/4203 1055/2181/4204
f 1024/2107/4205 1057/2106/4206 1056/2179/4207 1054/2178/4208
f 1057/1825/4209 902/1824/4210 933/2182/4211 1056/2183/4212
f 1055/2181/4213 932/2180/4214 935/2184/4215 1058/2185/4216
f 1055/2175/4217 1058/2186/4218 1060/2187/4219 1053/2176/4220
f 1058/2185/4221 935/2184/4222 938/2188/4223 1059/2189/4224
f 1058/2186/4225 1059/2190/4226 1061/2191/4227 1060/2187/4228
f 1051/2171/4229 1053/2170/4230 1060/2192/4231 1062/2193/4232
f 1062/2193/4233 1060/2192/4234 1061/2194/4235 1063/2195/4236
f 1063/2196/4237 1065/2197/4238 1064/2198/4239 1062/2199/4240
f 1062/2199/4241 1064/2198/4242 1049/2165/4243 1051/2164/4244
f 1064/2200/4245 1066/2201/4246 1047/2161/4247 1049/2160/4248
f 1065/2202/4249 1067/2203/4250 1066/2201/4251 1064/2200/4252
f 1045/2155/4253 1047/2154/4254 1066/2204/4255 1068/2205/4256
f 1068/2205/4257 1066/2204/4258 1067/2206/4259 1069/2207/4260
f 1070/2208/4261 1068/2209/4262 1069/2210/4263 1071/2211/4264
f 1043/2151/4265 1045/2150/4266 1068/2209/4267 1070/2208/4268
f 1072/2212/4269 1041/2144/4270 1043/2147/4271 1070/2213/4272
f 1073/2214/4273 1072/2212/4274 1070/2213/4275 1071/2215/4276
f 1073/2216/4277 1075/2217/4278 1074/2218/4279 1072/2219/4280
f 1072/2219/4281 1074/2218/4282 919/2143/4283 1041/2142/4284
f 1075/2220/4285 1077/2221/4286 918/1863/4287 1074/1862/4288
f 1076/2222/4289 840/2223/4290 1077/2221/4291 1075/2220/4292
f 1079/2224/4293 1076/2225/4294 1075/2217/4295 1073/2216/4296
f 921/1861/4297 918/1860/4298 1077/1693/4299 841/1692/4300
f 1078/1711/4301 843/1710/4302 840/2226/4303 1076/2227/4304
f 973/1975/4305 1078/1974/4306 1076/2225/4307 1079/2224/4308
f 1079/2228/4309 1073/2214/4310 1071/2215/4311 1080/2229/4312
f 973/1967/4313 1079/2230/4314 1080/2231/4315 970/1968/4316
f 1080/2232/4317 1081/2233/4318 968/1965/4319 970/1964/4320
f 1071/2211/4321 1069/2210/4322 1081/2233/4323 1080/2232/4324
f 1069/2207/4325 1067/2206/4326 1082/2234/4327 1081/2235/4328
f 1081/2236/4329 1082/2237/4330 965/1959/4331 968/1958/4332
f 961/1951/4333 965/1950/4334 1082/2238/4335 1083/2239/4336
f 1083/2239/4337 1082/2238/4338 1067/2203/4339 1065/2202/4340
f 1084/2240/4341 1083/2241/4342 1065/2197/4343 1063/2196/4344
f 959/1947/4345 961/1946/4346 1083/2242/4347 1084/2243/4348
f 1063/2195/4349 1061/2194/4350 1085/2244/4351 1084/2245/4352
f 1084/2245/4353 1085/2244/4354 955/1937/4355 959/1936/4356
f 1086/2246/4357 953/1934/4358 955/1935/4359 1085/2247/4360
f 1059/2190/4361 1086/2248/4362 1085/2249/4363 1061/2191/4364
f 1059/2189/4365 938/2188/4366 1087/2250/4367 1086/2251/4368
f 1086/2251/4369 1087/2250/4370 947/1925/4371 953/1924/4372
f 1038/1853/4373 910/1852/4374 887/1789/4375 1088/1788/4376
f 930/1887/4377 933/1886/4378 902/1827/4379 904/1826/4380
f 906/1829/4381 926/2252/4382 930/2253/4383 904/1830/4384
f 923/1873/4385 926/1872/4386 906/1835/4387 908/1834/4388
f 837/1687/4389 924/1868/4390 921/1869/4391 841/1688/4392
