# Blender 4.1.1
# www.blender.org
mtllib R_Tras_IZ.mtl
o Cylinder.046
v 0.730232 0.685091 -1.293091
v 0.730232 0.678841 -1.324510
v 0.730232 0.678841 -1.261672
v 0.730232 0.904051 -1.293091
v 0.718466 0.685091 -1.293091
v 0.718466 0.700589 -1.293091
v 0.718466 0.678841 -1.261672
v 0.718466 0.678841 -1.324510
v 0.718466 0.693160 -1.330441
v 0.718466 0.661044 -1.351145
v 0.718466 0.634409 -1.368942
v 0.730232 0.661044 -1.351145
v 0.718466 0.672003 -1.362104
v 0.709015 0.672003 -1.362104
v 0.718466 0.640339 -1.383261
v 0.709015 0.640339 -1.383261
v 0.718466 0.602990 -1.390690
v 0.709015 0.602990 -1.390690
v 0.718466 0.565640 -1.383261
v 0.718466 0.602990 -1.375192
v 0.718466 0.571571 -1.368942
v 0.730232 0.602990 -1.375192
v 0.730232 0.634409 -1.368942
v 0.730232 0.571571 -1.368942
v 0.730232 0.602990 -1.594152
v 0.730232 0.718201 -1.571235
v 0.730232 0.487779 -1.571235
v 0.718466 0.602990 -1.594152
v 0.718466 0.487779 -1.571235
v 0.718466 0.718201 -1.571235
v 0.718466 0.602990 -1.578654
v 0.709015 0.602990 -1.578654
v 0.718466 0.712270 -1.556917
v 0.718466 0.493709 -1.556917
v 0.709015 0.493709 -1.556917
v 0.718466 0.401066 -1.495015
v 0.709015 0.401066 -1.495015
v 0.718466 0.339164 -1.402371
v 0.718466 0.390107 -1.505974
v 0.718466 0.324845 -1.408302
v 0.730232 0.390107 -1.505974
v 0.730232 0.324845 -1.408302
v 0.730232 0.544936 -1.351145
v 0.730232 0.527138 -1.324510
v 0.718466 0.544936 -1.351145
v 0.718466 0.527138 -1.324510
v 0.718466 0.533977 -1.362104
v 0.709015 0.533977 -1.362104
v 0.718466 0.512820 -1.330441
v 0.709015 0.512820 -1.330441
v 0.718466 0.505391 -1.293091
v 0.709015 0.505391 -1.293091
v 0.718466 0.512820 -1.255741
v 0.718466 0.520889 -1.293091
v 0.718466 0.527138 -1.261672
v 0.730232 0.520889 -1.293091
v 0.730232 0.527138 -1.261672
v 0.730232 0.301928 -1.293091
v 0.730232 0.324845 -1.177880
v 0.718466 0.301928 -1.293091
v 0.718466 0.324845 -1.177880
v 0.718466 0.317426 -1.293091
v 0.709015 0.317426 -1.293091
v 0.718466 0.339164 -1.183811
v 0.709015 0.339164 -1.183811
v 0.718466 0.401066 -1.091167
v 0.709015 0.401066 -1.091167
v 0.718466 0.493709 -1.029265
v 0.718466 0.390107 -1.080208
v 0.718466 0.487779 -1.014946
v 0.730232 0.390107 -1.080208
v 0.730232 0.487779 -1.014946
v 0.730232 0.544936 -1.235037
v 0.730232 0.571571 -1.217239
v 0.718466 0.544936 -1.235037
v 0.718466 0.533977 -1.224078
v 0.718466 0.571571 -1.217239
v 0.718466 0.602990 -1.210990
v 0.718466 0.565640 -1.202921
v 0.709015 0.565640 -1.202921
v 0.718466 0.602990 -1.195492
v 0.709015 0.602990 -1.195492
v 0.718466 0.640339 -1.202921
v 0.718466 0.672003 -1.224078
v 0.709015 0.640339 -1.202921
v 0.718466 0.634409 -1.217239
v 0.718466 0.661044 -1.235037
v 0.730232 0.634409 -1.217239
v 0.730232 0.602990 -1.210990
v 0.730232 0.661044 -1.235037
v 0.730232 0.718201 -1.014946
v 0.730232 0.602990 -0.992030
v 0.730232 0.815872 -1.080208
v 0.718466 0.718201 -1.014946
v 0.718466 0.815872 -1.080208
v 0.718466 0.602990 -0.992030
v 0.718466 0.712270 -1.029265
v 0.709015 0.712270 -1.029265
v 0.718466 0.602990 -1.007528
v 0.718466 0.804914 -1.091167
v 0.709015 0.804914 -1.091167
v 0.718466 0.866816 -1.183811
v 0.718466 0.888553 -1.293091
v 0.709015 0.866816 -1.183811
v 0.718466 0.881134 -1.177880
v 0.718466 0.904051 -1.293091
v 0.730232 0.881134 -1.177880
v 0.718466 0.881134 -1.408302
v 0.718466 0.815872 -1.505973
v 0.718466 0.866816 -1.402371
v 0.730232 0.881134 -1.408302
v 0.730232 0.815872 -1.505973
v 0.709015 0.866816 -1.402371
v 0.718466 0.804914 -1.495015
v 0.709015 0.804914 -1.495015
v 0.709015 0.712270 -1.556917
v 0.709015 0.815872 -1.505973
v 0.709015 0.718201 -1.571235
v 0.709015 0.881134 -1.408302
v 0.697249 0.815872 -1.505973
v 0.697249 0.881134 -1.408302
v 0.697249 0.718201 -1.571235
v 0.697249 0.770924 -1.461025
v 0.697249 0.693875 -1.512508
v 0.697249 0.822406 -1.383976
v 0.699350 0.770924 -1.461025
v 0.699350 0.822406 -1.383976
v 0.699350 0.693875 -1.512508
v 0.699350 0.726564 -1.416665
v 0.699350 0.669867 -1.454548
v 0.699350 0.764447 -1.359969
v 0.697249 0.726564 -1.416665
v 0.697249 0.669867 -1.454548
v 0.697249 0.764447 -1.359969
v 0.697249 0.661044 -1.351145
v 0.697249 0.678841 -1.324510
v 0.697249 0.634409 -1.368942
v 0.709015 0.661044 -1.351145
v 0.709015 0.678841 -1.324510
v 0.709015 0.634409 -1.368942
v 0.709015 0.602990 -1.375192
v 0.709015 0.571571 -1.368942
v 0.697249 0.602990 -1.375192
v 0.697249 0.571571 -1.368942
v 0.697249 0.602990 -1.467851
v 0.697249 0.536112 -1.454548
v 0.699350 0.602990 -1.467851
v 0.699350 0.536112 -1.454548
v 0.699350 0.602990 -1.530586
v 0.699350 0.512105 -1.512508
v 0.697249 0.602990 -1.530586
v 0.697249 0.512105 -1.512508
v 0.697249 0.602990 -1.594152
v 0.697249 0.487779 -1.571235
v 0.709015 0.602990 -1.594152
v 0.709015 0.487779 -1.571235
v 0.709015 0.390107 -1.505974
v 0.709015 0.324845 -1.408302
v 0.697249 0.390107 -1.505974
v 0.697249 0.324845 -1.408302
v 0.697249 0.435056 -1.461025
v 0.697249 0.383573 -1.383976
v 0.699350 0.435056 -1.461025
v 0.699350 0.383573 -1.383976
v 0.699350 0.479416 -1.416665
v 0.699350 0.441533 -1.359969
v 0.697249 0.479416 -1.416665
v 0.697249 0.441533 -1.359969
v 0.697249 0.544936 -1.351145
v 0.697249 0.527138 -1.324510
v 0.709015 0.544936 -1.351145
v 0.709015 0.527138 -1.324510
v 0.709015 0.520889 -1.293091
v 0.709015 0.527138 -1.261672
v 0.697249 0.520889 -1.293091
v 0.697249 0.527138 -1.261672
v 0.697249 0.428230 -1.293091
v 0.697249 0.441533 -1.226213
v 0.699350 0.428230 -1.293091
v 0.699350 0.441533 -1.226213
v 0.699350 0.365495 -1.293091
v 0.699350 0.383573 -1.202206
v 0.697249 0.365495 -1.293091
v 0.697249 0.383573 -1.202206
v 0.697249 0.301928 -1.293091
v 0.697249 0.324845 -1.177880
v 0.709015 0.301928 -1.293091
v 0.709015 0.324845 -1.177880
v 0.709015 0.390107 -1.080208
v 0.709015 0.487779 -1.014946
v 0.697249 0.390107 -1.080208
v 0.697249 0.487779 -1.014946
v 0.697249 0.435056 -1.125157
v 0.697249 0.512105 -1.073675
v 0.699350 0.435056 -1.125157
v 0.699350 0.512105 -1.073675
v 0.699350 0.479416 -1.169517
v 0.699350 0.536112 -1.131634
v 0.697249 0.479416 -1.169517
v 0.697249 0.536112 -1.131634
v 0.697249 0.544936 -1.235037
v 0.697249 0.571571 -1.217240
v 0.709015 0.544936 -1.235037
v 0.709015 0.533977 -1.224078
v 0.709015 0.571571 -1.217239
v 0.709015 0.602990 -1.210990
v 0.709015 0.634409 -1.217239
v 0.697249 0.602990 -1.210990
v 0.697249 0.634409 -1.217240
v 0.697249 0.602990 -1.118331
v 0.697249 0.669867 -1.131634
v 0.699350 0.602990 -1.118331
v 0.699350 0.669867 -1.131634
v 0.699350 0.602990 -1.055596
v 0.699350 0.693875 -1.073675
v 0.697249 0.602990 -1.055596
v 0.697249 0.693875 -1.073675
v 0.697249 0.602990 -0.992030
v 0.697249 0.718201 -1.014946
v 0.709015 0.602990 -0.992030
v 0.709015 0.718201 -1.014946
v 0.709015 0.602990 -1.007528
v 0.709015 0.493709 -1.029265
v 0.709015 0.815872 -1.080208
v 0.709015 0.881134 -1.177880
v 0.697249 0.815872 -1.080208
v 0.697249 0.881134 -1.177880
v 0.697249 0.770924 -1.125157
v 0.697249 0.822406 -1.202206
v 0.699350 0.770924 -1.125157
v 0.699350 0.822406 -1.202206
v 0.699350 0.726564 -1.169517
v 0.699350 0.764447 -1.226213
v 0.697249 0.726564 -1.169517
v 0.697249 0.764447 -1.226213
v 0.697249 0.661044 -1.235037
v 0.697249 0.678841 -1.261672
v 0.709015 0.661044 -1.235037
v 0.709015 0.678841 -1.261672
v 0.709015 0.672003 -1.224078
v 0.709015 0.693160 -1.255741
v 0.709015 0.700589 -1.293091
v 0.718466 0.693160 -1.255741
v 0.709015 0.693160 -1.330441
v 0.709015 0.685091 -1.293091
v 0.697249 0.685091 -1.293091
v 0.697249 0.777749 -1.293091
v 0.699350 0.777749 -1.293091
v 0.699350 0.840484 -1.293091
v 0.697249 0.840484 -1.293091
v 0.697249 0.904051 -1.293091
v 0.709015 0.904051 -1.293091
v 0.709015 0.888553 -1.293091
v 0.709015 0.512820 -1.255741
v 0.709015 0.339164 -1.402371
v 0.709015 0.565640 -1.383261
v 0.825791 0.746617 -1.240309
v 0.825791 0.757375 -1.294392
v 0.825791 0.715982 -1.194459
v 0.810894 0.747365 -1.239999
v 0.846657 0.746617 -1.240309
v 0.846657 0.757375 -1.294392
v 0.846657 0.715982 -1.194459
v 0.851923 0.764841 -1.232760
v 0.851923 0.777100 -1.294392
v 0.851923 0.729929 -1.180511
v 0.831034 0.764841 -1.232760
v 0.831034 0.777100 -1.294392
v 0.831034 0.729929 -1.180511
v 0.874677 1.039439 -1.119018
v 0.796754 0.765642 -1.232428
v 0.796754 0.777967 -1.294392
v 0.796754 0.730543 -1.179898
v 0.759497 0.765642 -1.232428
v 0.832117 1.040391 -1.118624
v 0.832117 0.940826 -0.969615
v 0.832117 1.075353 -1.294392
v 0.804907 1.040328 -1.118650
v 0.701288 1.040328 -1.118650
v 0.804907 0.940778 -0.969663
v 0.804907 1.075285 -1.294392
v 0.701288 1.075285 -1.294392
v 0.804907 1.040328 -1.470134
v 0.701288 1.040328 -1.470134
v 0.804907 0.940778 -1.619121
v 0.832117 1.040391 -1.470160
v 0.796754 0.765642 -1.356356
v 0.832117 0.940826 -1.619169
v 0.874677 1.039439 -1.469766
v 0.831034 0.764841 -1.356024
v 0.874677 0.940097 -1.618441
v 0.874677 1.074323 -1.294392
v 0.949548 1.038449 -1.469356
v 0.949936 1.060916 -1.478662
v 0.949548 0.939340 -1.617683
v 0.949548 1.073252 -1.294392
v 0.949936 1.097570 -1.294392
v 0.949548 1.038449 -1.119428
v 0.949936 1.060916 -1.110122
v 0.949548 0.939340 -0.971101
v 0.949936 0.956535 -0.953905
v 0.949548 0.791013 -0.871992
v 0.874677 0.940097 -0.970343
v 0.874677 0.791422 -0.871002
v 0.831034 0.677680 -1.145600
v 0.874677 0.616049 -0.836118
v 0.949548 0.616049 -0.837189
v 0.831034 0.616049 -1.133341
v 0.874677 0.440675 -0.871002
v 0.832117 0.616049 -0.835087
v 0.804907 0.616049 -0.835155
v 0.796754 0.616049 -1.132473
v 0.832117 0.440280 -0.870050
v 0.832117 0.791817 -0.870050
v 0.804907 0.791791 -0.870112
v 0.796754 0.678012 -1.144798
v 0.759497 0.678012 -1.144798
v 0.759497 0.730543 -1.179898
v 0.759497 0.616049 -1.132473
v 0.750272 0.665981 -1.173845
v 0.772663 0.665981 -1.173845
v 0.750272 0.708311 -1.202129
v 0.750272 0.616049 -1.163913
v 0.772663 0.616049 -1.163913
v 0.750272 0.566116 -1.173845
v 0.772663 0.566116 -1.173845
v 0.750272 0.523786 -1.202129
v 0.759497 0.554085 -1.144798
v 0.796754 0.554085 -1.144798
v 0.759497 0.501555 -1.179898
v 0.759497 0.466455 -1.232428
v 0.796754 0.501555 -1.179898
v 0.796754 0.466455 -1.232428
v 0.832117 0.291271 -0.969615
v 0.804907 0.291319 -0.969663
v 0.832117 0.191706 -1.118624
v 0.832117 0.156744 -1.294392
v 0.874677 0.192658 -1.119018
v 0.804907 0.191769 -1.118650
v 0.701288 0.191769 -1.118650
v 0.804907 0.156812 -1.294392
v 0.701288 0.156812 -1.294392
v 0.804907 0.191769 -1.470134
v 0.804907 0.291319 -1.619122
v 0.832117 0.191706 -1.470160
v 0.701288 0.191769 -1.470134
v 0.701263 0.169338 -1.479426
v 0.701288 0.291319 -1.619122
v 0.701263 0.274151 -1.636290
v 0.701288 0.440306 -1.718672
v 0.701263 0.431015 -1.741103
v 0.701288 0.616049 -1.753629
v 0.804907 0.440306 -1.718672
v 0.804907 0.616049 -1.753629
v 0.832117 0.440280 -1.718734
v 0.796754 0.554085 -1.443985
v 0.832117 0.291271 -1.619169
v 0.832117 0.616049 -1.753697
v 0.874677 0.440675 -1.717782
v 0.831034 0.554417 -1.443184
v 0.874677 0.292000 -1.618441
v 0.874677 0.616049 -1.752666
v 0.949548 0.441085 -1.716793
v 0.949936 0.431778 -1.739259
v 0.949548 0.292757 -1.617683
v 0.949548 0.616049 -1.751595
v 0.949936 0.616049 -1.775913
v 0.949548 0.791013 -1.716793
v 0.874677 0.791423 -1.717782
v 0.949936 0.800319 -1.739259
v 0.949936 0.956535 -1.634879
v 0.875065 0.800729 -1.740249
v 0.875065 0.616049 -1.776985
v 0.875065 0.957293 -1.635636
v 0.832093 0.801108 -1.741165
v 0.832093 0.616049 -1.777976
v 0.832093 0.957994 -1.636338
v 0.804882 0.801082 -1.741103
v 0.804882 0.616049 -1.777908
v 0.804882 0.957946 -1.636290
v 0.701263 0.801082 -1.741103
v 0.701263 0.616049 -1.777908
v 0.701263 0.957946 -1.636290
v 0.701288 0.791791 -1.718672
v 0.804907 0.791791 -1.718672
v 0.701288 0.940778 -1.619121
v 0.832117 0.791817 -1.718734
v 0.796754 0.678012 -1.443985
v 0.796754 0.616049 -1.456311
v 0.796754 0.730543 -1.408886
v 0.759497 0.678012 -1.443985
v 0.759497 0.616049 -1.456311
v 0.759497 0.730543 -1.408886
v 0.750272 0.665981 -1.414939
v 0.750272 0.616049 -1.424871
v 0.750272 0.708311 -1.386655
v 0.772663 0.665981 -1.414939
v 0.772663 0.616049 -1.424871
v 0.772663 0.708311 -1.386655
v 0.772663 0.656567 -1.392211
v 0.772663 0.690916 -1.369259
v 0.772663 0.616049 -1.400270
v 0.772663 0.671560 -1.347331
v 0.772663 0.713867 -1.334910
v 0.772663 0.616049 -1.351693
v 0.772663 0.676825 -1.294392
v 0.772663 0.721927 -1.294392
v 0.772663 0.616049 -1.294392
v 0.772663 0.671560 -1.241453
v 0.772663 0.713867 -1.253874
v 0.772663 0.616049 -1.237091
v 0.772663 0.656567 -1.196573
v 0.772663 0.616049 -1.188514
v 0.772663 0.690916 -1.219525
v 0.772663 0.708311 -1.202129
v 0.772663 0.736596 -1.244460
v 0.772663 0.746528 -1.294392
v 0.750272 0.736596 -1.244460
v 0.750272 0.746528 -1.294392
v 0.750272 0.736596 -1.344324
v 0.759497 0.777967 -1.294392
v 0.759497 0.765642 -1.356356
v 0.772663 0.736596 -1.344324
v 0.772663 0.575531 -1.196573
v 0.772663 0.541181 -1.219525
v 0.772663 0.560537 -1.241453
v 0.772663 0.555272 -1.294392
v 0.772663 0.518230 -1.253874
v 0.772663 0.495501 -1.244460
v 0.772663 0.510170 -1.294392
v 0.772663 0.485569 -1.294392
v 0.772663 0.518230 -1.334910
v 0.772663 0.495501 -1.344324
v 0.772663 0.541181 -1.369259
v 0.772663 0.560537 -1.347331
v 0.772663 0.575531 -1.392211
v 0.772663 0.566116 -1.414939
v 0.772663 0.523786 -1.386655
v 0.750272 0.566116 -1.414939
v 0.750272 0.523786 -1.386655
v 0.759497 0.554085 -1.443985
v 0.759497 0.501555 -1.408886
v 0.759497 0.466455 -1.356356
v 0.796754 0.501555 -1.408886
v 0.796754 0.466455 -1.356356
v 0.796754 0.454130 -1.294392
v 0.831034 0.467256 -1.356024
v 0.831034 0.454997 -1.294392
v 0.831034 0.502168 -1.408273
v 0.851923 0.467256 -1.356024
v 0.874677 0.192658 -1.469766
v 0.874677 0.157774 -1.294392
v 0.949548 0.193648 -1.469356
v 0.949936 0.171181 -1.478662
v 0.949548 0.158846 -1.294392
v 0.949936 0.134527 -1.294392
v 0.949548 0.193648 -1.119428
v 0.949936 0.171181 -1.110122
v 0.949548 0.292757 -0.971101
v 0.874677 0.292000 -0.970343
v 0.949936 0.275562 -0.953905
v 0.949548 0.441085 -0.871992
v 0.949936 0.431778 -0.849525
v 0.875065 0.431368 -0.848535
v 0.949936 0.616049 -0.812871
v 0.875065 0.616049 -0.811799
v 0.949936 0.800319 -0.849525
v 0.875065 0.800729 -0.848535
v 0.875065 0.957293 -0.953148
v 0.832093 0.801108 -0.847619
v 0.832093 0.957994 -0.952446
v 0.832093 0.616049 -0.810808
v 0.804882 0.801082 -0.847681
v 0.804882 0.957946 -0.952494
v 0.804882 0.616049 -0.810876
v 0.701263 0.801082 -0.847681
v 0.701263 0.957946 -0.952494
v 0.701263 0.616049 -0.810876
v 0.701288 0.791791 -0.870112
v 0.701288 0.616049 -0.835155
v 0.701288 0.940778 -0.969663
v 0.701288 0.440306 -0.870112
v 0.701263 0.431015 -0.847681
v 0.701288 0.291319 -0.969663
v 0.804907 0.440306 -0.870112
v 0.701263 0.274151 -0.952495
v 0.701263 0.169338 -1.109358
v 0.804882 0.274151 -0.952495
v 0.804882 0.431015 -0.847681
v 0.804882 0.169338 -1.109358
v 0.832093 0.274103 -0.952446
v 0.832093 0.430989 -0.847619
v 0.832093 0.169275 -1.109332
v 0.875065 0.274804 -0.953148
v 0.875065 0.170191 -1.109712
v 0.875065 0.133456 -1.294392
v 0.875065 0.170191 -1.479072
v 0.832093 0.132465 -1.294392
v 0.832093 0.169275 -1.479452
v 0.804882 0.132532 -1.294392
v 0.804882 0.169338 -1.479426
v 0.701263 0.132532 -1.294392
v 0.804882 0.274151 -1.636290
v 0.804882 0.431015 -1.741103
v 0.832093 0.274103 -1.636338
v 0.832093 0.430989 -1.741165
v 0.875065 0.274804 -1.635636
v 0.949936 0.275562 -1.634879
v 0.875065 0.431368 -1.740249
v 0.701263 1.062759 -1.109358
v 0.701263 1.099565 -1.294392
v 0.804882 1.062759 -1.109358
v 0.804882 1.099565 -1.294392
v 0.832093 1.062822 -1.109332
v 0.832093 1.099633 -1.294392
v 0.875065 1.061906 -1.109712
v 0.875065 1.098641 -1.294392
v 0.875065 1.061906 -1.479072
v 0.832093 1.062822 -1.479452
v 0.804882 1.062759 -1.479426
v 0.701263 1.062759 -1.479426
v 0.831034 0.502168 -1.180511
v 0.831034 0.554417 -1.145600
v 0.831034 0.467256 -1.232760
v 0.851923 0.502168 -1.180511
v 0.851923 0.554417 -1.145600
v 0.851923 0.467256 -1.232760
v 0.846657 0.516116 -1.194459
v 0.825791 0.516116 -1.194459
v 0.846657 0.561965 -1.163823
v 0.846657 0.485480 -1.240309
v 0.825791 0.485480 -1.240309
v 0.846657 0.474722 -1.294392
v 0.825791 0.474722 -1.294392
v 0.846657 0.485480 -1.348475
v 0.851923 0.454997 -1.294392
v 0.846657 0.516116 -1.394325
v 0.825791 0.485480 -1.348475
v 0.825791 0.516116 -1.394325
v 0.810894 0.484732 -1.348785
v 0.810894 0.473912 -1.294392
v 0.810894 0.515543 -1.394898
v 0.804839 0.535339 -1.327823
v 0.804839 0.554276 -1.356165
v 0.804839 0.528689 -1.294392
v 0.826647 0.535339 -1.327823
v 0.826647 0.554276 -1.356165
v 0.826647 0.528689 -1.294392
v 0.826647 0.540793 -1.325564
v 0.826647 0.558450 -1.351990
v 0.826647 0.534592 -1.294392
v 0.826647 0.573341 -1.335120
v 0.826647 0.584877 -1.369648
v 0.826647 0.616049 -1.338476
v 0.826647 0.569291 -1.294392
v 0.826647 0.616049 -1.294392
v 0.826647 0.573341 -1.253664
v 0.826647 0.616049 -1.250308
v 0.826647 0.540793 -1.263220
v 0.826647 0.584877 -1.219136
v 0.826647 0.558450 -1.236794
v 0.826647 0.616049 -1.212936
v 0.826647 0.582617 -1.213682
v 0.826647 0.554276 -1.232619
v 0.826647 0.616049 -1.207032
v 0.804839 0.582617 -1.213682
v 0.804839 0.554276 -1.232619
v 0.804839 0.616049 -1.207032
v 0.810894 0.561655 -1.163075
v 0.810894 0.616049 -1.152256
v 0.810894 0.515543 -1.193887
v 0.825791 0.561965 -1.163823
v 0.825791 0.616049 -1.153065
v 0.825791 0.670132 -1.163823
v 0.846657 0.616049 -1.153065
v 0.846657 0.670132 -1.163823
v 0.851923 0.616049 -1.133341
v 0.851923 0.677680 -1.145600
v 0.810894 0.670442 -1.163075
v 0.810894 0.716554 -1.193887
v 0.804839 0.649480 -1.213682
v 0.804839 0.677821 -1.232619
v 0.826647 0.649480 -1.213682
v 0.826647 0.677821 -1.232619
v 0.826647 0.647221 -1.219136
v 0.826647 0.673647 -1.236794
v 0.826647 0.658756 -1.253664
v 0.826647 0.662807 -1.294392
v 0.826647 0.691304 -1.263220
v 0.826647 0.697505 -1.294392
v 0.826647 0.696759 -1.260961
v 0.826647 0.703408 -1.294392
v 0.804839 0.696759 -1.260961
v 0.804839 0.703408 -1.294392
v 0.804839 0.696759 -1.327823
v 0.810894 0.758185 -1.294392
v 0.810894 0.747365 -1.348785
v 0.810894 0.716554 -1.394898
v 0.825791 0.746617 -1.348475
v 0.825791 0.715982 -1.394325
v 0.846657 0.746617 -1.348475
v 0.846657 0.715982 -1.394325
v 0.851923 0.764841 -1.356024
v 0.851923 0.729929 -1.408273
v 0.851923 0.677680 -1.443184
v 0.831034 0.729929 -1.408273
v 0.831034 0.677680 -1.443184
v 0.831034 0.616049 -1.455444
v 0.851923 0.616049 -1.455444
v 0.851923 0.554417 -1.443184
v 0.846657 0.616049 -1.435719
v 0.846657 0.561965 -1.424961
v 0.846657 0.670132 -1.424961
v 0.825791 0.616049 -1.435719
v 0.825791 0.561965 -1.424961
v 0.825791 0.670132 -1.424961
v 0.810894 0.616049 -1.436528
v 0.810894 0.561655 -1.425709
v 0.810894 0.670442 -1.425709
v 0.804839 0.616049 -1.381752
v 0.804839 0.649480 -1.375102
v 0.804839 0.582617 -1.375102
v 0.826647 0.616049 -1.381752
v 0.826647 0.649480 -1.375102
v 0.826647 0.582617 -1.375102
v 0.826647 0.616049 -1.375848
v 0.826647 0.647221 -1.369648
v 0.826647 0.673647 -1.351990
v 0.826647 0.658756 -1.335120
v 0.826647 0.691304 -1.325564
v 0.826647 0.696759 -1.327823
v 0.826647 0.677821 -1.356165
v 0.804839 0.677821 -1.356165
v 0.851923 0.502168 -1.408273
v 0.810894 0.484732 -1.239999
v 0.804839 0.535339 -1.260961
v 0.826647 0.535339 -1.260961
v 0.759497 0.454130 -1.294392
v 0.750272 0.485569 -1.294392
v 0.750272 0.495501 -1.244460
v 0.750272 0.495501 -1.344324
v 0.772663 0.523786 -1.202129
v 1.003857 1.165063 -1.294392
v 1.003857 1.123272 -1.084293
v 1.003857 1.004260 -0.906180
v 1.003857 0.826147 -0.787169
v 1.003857 0.616049 -0.745378
v 1.003857 0.405950 -0.787169
v 1.003857 0.227837 -0.906180
v 1.003857 0.108826 -1.084293
v 1.003857 0.067034 -1.294392
v 1.003857 0.108826 -1.504491
v 1.003857 0.227837 -1.682604
v 1.003857 0.405950 -1.801615
v 1.003857 0.616049 -1.843406
v 1.003857 0.826147 -1.801615
v 1.003857 1.004260 -1.682604
v 1.003857 1.123272 -1.504491
v 1.003857 1.249384 -1.032056
v 1.003857 1.301566 -1.294392
v 1.003857 1.100782 -0.809658
v 1.003857 0.878385 -0.661057
v 1.003857 0.616049 -0.608875
v 1.003857 0.353713 -0.661057
v 1.003857 0.131315 -0.809658
v 1.003857 -0.017286 -1.032056
v 1.003857 -0.069468 -1.294392
v 1.003857 -0.017286 -1.556728
v 1.003857 0.131315 -1.779126
v 1.003857 0.353713 -1.927727
v 1.003857 0.616049 -1.979909
v 1.003857 0.878385 -1.927727
v 1.003857 1.100782 -1.779126
v 1.003857 1.249384 -1.556728
v 0.993042 0.603335 -0.611404
v 0.993042 0.366426 -0.658528
v 0.993042 0.628762 -1.977380
v 0.993042 0.865672 -1.930256
v 0.993042 0.342935 -0.668258
v 0.993042 0.142092 -0.802457
v 0.993042 0.889162 -1.920526
v 0.993042 1.090005 -1.786327
v 0.993042 0.124113 -0.820436
v 0.993042 -0.010085 -1.021278
v 0.993042 1.107984 -1.768348
v 0.993042 1.242182 -1.567506
v 0.993042 -0.019815 -1.044769
v 0.993042 -0.066940 -1.281679
v 0.993042 1.299037 -1.281679
v 0.993042 1.251913 -1.044769
v 0.993042 1.251913 -1.544015
v 0.993042 1.299037 -1.307105
v 0.993042 -0.066940 -1.307105
v 0.993042 -0.019815 -1.544015
v 0.993042 1.242182 -1.021278
v 0.993042 1.107984 -0.820436
v 0.993042 -0.010085 -1.567506
v 0.993042 0.124113 -1.768348
v 0.993042 1.090005 -0.802457
v 0.993042 0.889162 -0.668258
v 0.993042 0.142092 -1.786327
v 0.993042 0.342935 -1.920526
v 0.993042 0.865672 -0.658528
v 0.993042 0.628762 -0.611404
v 0.993042 0.366426 -1.930256
v 0.993042 0.603335 -1.977380
v 0.993042 0.360113 -0.626790
v 0.993042 0.597022 -0.579666
v 0.993042 0.871984 -1.961994
v 0.993042 0.635075 -2.009118
v 0.993042 0.124115 -0.775551
v 0.993042 0.324957 -0.641352
v 0.993042 1.107983 -1.813233
v 0.993042 0.907140 -1.947432
v 0.993042 -0.036991 -1.003300
v 0.993042 0.097208 -0.802458
v 0.993042 1.269088 -1.585484
v 0.993042 1.134890 -1.786326
v 0.993042 -0.098677 -1.275366
v 0.993042 -0.051553 -1.038456
v 0.993042 1.283650 -1.038456
v 0.993042 1.330775 -1.275366
v 0.993042 1.330775 -1.313418
v 0.993042 1.283650 -1.550328
v 0.993042 -0.051553 -1.550328
v 0.993042 -0.098677 -1.313418
v 0.993042 1.134890 -0.802458
v 0.993042 1.269088 -1.003300
v 0.993042 0.097208 -1.786326
v 0.993042 -0.036991 -1.585484
v 0.993042 0.907140 -0.641352
v 0.993042 1.107983 -0.775551
v 0.993042 0.324957 -1.947432
v 0.993042 0.124115 -1.813233
v 0.993042 0.635075 -0.579666
v 0.993042 0.871984 -0.626790
v 0.993042 0.597022 -2.009118
v 0.993042 0.360113 -1.961994
v 0.961964 1.053576 -1.113162
v 0.961964 1.089625 -1.294392
v 0.961964 1.053576 -1.475622
v 0.961964 0.950917 -1.629261
v 0.961964 0.797278 -1.731919
v 0.961964 0.616049 -1.767968
v 0.961964 0.434819 -1.731919
v 0.961964 0.281180 -1.629261
v 0.961964 0.178521 -1.475622
v 0.961964 0.142472 -1.294392
v 0.961964 0.178521 -1.113162
v 0.961964 0.281180 -0.959523
v 0.961964 0.434819 -0.856865
v 0.961964 0.616049 -0.820816
v 0.961964 0.797278 -0.856865
v 0.961964 0.950917 -0.959523
v 0.814299 0.421472 -1.951715
v 0.814299 0.810625 -0.637069
v 0.814299 0.184736 -1.827218
v 0.814299 1.047361 -0.761566
v 0.814299 0.013665 -1.621603
v 0.814299 1.297797 -1.222611
v 0.814299 1.218433 -0.967181
v 0.814299 -0.065700 -1.366173
v 0.814299 1.273372 -1.488969
v 0.814299 -0.041274 -1.099815
v 0.814299 1.148875 -1.725704
v 0.814299 0.083223 -0.863080
v 0.814299 0.687830 -1.976141
v 0.814299 0.943259 -1.896776
v 0.814299 0.544268 -0.612643
v 0.814299 0.288838 -0.692008
v 0.814299 0.531889 -0.616490
v 0.814299 0.301216 -0.688162
v 0.814299 0.700208 -1.972295
v 0.814299 0.930881 -1.900622
v 0.814299 0.278873 -0.700298
v 0.814299 0.093187 -0.854789
v 0.814299 0.953224 -1.888486
v 0.814299 1.138910 -1.733994
v 0.814299 0.077189 -0.874552
v 0.814299 -0.035241 -1.088343
v 0.814299 1.154908 -1.714232
v 0.814299 1.267338 -1.500441
v 0.814299 -0.042458 -1.112723
v 0.814299 -0.064516 -1.353265
v 0.814299 1.293951 -1.210232
v 0.814299 1.222279 -0.979560
v 0.814299 1.274555 -1.476061
v 0.814299 1.296614 -1.235519
v 0.814299 -0.061854 -1.378551
v 0.814299 0.009818 -1.609224
v 0.814299 1.210142 -0.957217
v 0.814299 1.055651 -0.771530
v 0.814299 0.021955 -1.631567
v 0.814299 0.176446 -1.817254
v 0.814299 1.035888 -0.755533
v 0.814299 0.822098 -0.643102
v 0.814299 0.196209 -1.833251
v 0.814299 0.409999 -1.945682
v 0.814299 0.797717 -0.635885
v 0.814299 0.557176 -0.613827
v 0.814299 0.434380 -1.952899
v 0.814299 0.674922 -1.974957
v 0.814299 0.522287 -0.585587
v 0.814299 0.291614 -0.657260
v 0.814299 0.709810 -2.003197
v 0.814299 0.940483 -1.931525
v 0.814299 0.258177 -0.675423
v 0.814299 0.072491 -0.829914
v 0.814299 0.973920 -1.913361
v 0.814299 1.159607 -1.758870
v 0.814299 0.048549 -0.859491
v 0.814299 -0.063881 -1.073281
v 0.814299 1.183548 -1.729293
v 0.814299 1.295979 -1.515503
v 0.814299 -0.074682 -1.109768
v 0.814299 -0.096740 -1.350310
v 0.814299 1.324853 -1.200631
v 0.814299 1.253181 -0.969958
v 0.814299 1.306780 -1.479016
v 0.814299 1.328838 -1.238474
v 0.814299 -0.092756 -1.388153
v 0.814299 -0.021084 -1.618826
v 0.814299 1.235018 -0.936520
v 0.814299 1.080527 -0.750834
v 0.814299 -0.002921 -1.652264
v 0.814299 0.151571 -1.837950
v 0.814299 1.050950 -0.726892
v 0.814299 0.837160 -0.614462
v 0.814299 0.181147 -1.861892
v 0.814299 0.394937 -1.974322
v 0.814299 0.800672 -0.603661
v 0.814299 0.560131 -0.581603
v 0.814299 0.431425 -1.985123
v 0.814299 0.671967 -2.007181
v 0.814299 1.053576 -1.113162
v 0.814299 1.089625 -1.294392
v 0.814299 1.053576 -1.475622
v 0.814299 0.950917 -1.629261
v 0.814299 0.797278 -1.731919
v 0.814299 0.616049 -1.767968
v 0.814299 0.434819 -1.731919
v 0.814299 0.281180 -1.629261
v 0.814299 0.178521 -1.475622
v 0.814299 0.142472 -1.294392
v 0.814299 0.178521 -1.113162
v 0.814299 0.281180 -0.959523
v 0.814299 0.434819 -0.856865
v 0.814299 0.616049 -0.820816
v 0.814299 0.797278 -0.856865
v 0.814299 0.950917 -0.959523
v 0.985444 0.375489 -1.964222
v 0.985444 0.587864 -2.007791
v 0.821898 0.656590 -2.004953
v 0.821898 0.440583 -1.986450
v 0.985444 0.856608 -0.624562
v 0.985444 0.644233 -0.580993
v 0.821898 0.575507 -0.583831
v 0.821898 0.791514 -0.602334
v 0.985444 0.137468 -1.821176
v 0.985444 0.317003 -1.942701
v 0.821898 0.381584 -1.966379
v 0.821898 0.189101 -1.866623
v 0.985444 1.094629 -0.767608
v 0.985444 0.915094 -0.646083
v 0.821898 0.850513 -0.622405
v 0.821898 1.042996 -0.722161
v 0.985444 -0.027694 -1.597932
v 0.985444 0.091670 -1.778912
v 0.821898 0.142273 -1.825502
v 0.821898 0.002617 -1.659678
v 0.985444 1.259791 -0.990852
v 0.985444 1.140428 -0.809873
v 0.821898 1.089824 -0.763282
v 0.821898 1.229480 -0.929106
v 0.985444 -0.094851 -1.328477
v 0.985444 -0.053832 -1.541358
v 0.821898 -0.024910 -1.603768
v 0.821898 -0.090477 -1.397123
v 0.985444 1.285878 -1.534952
v 0.985444 1.329448 -1.322577
v 0.821898 1.326610 -1.253850
v 0.821898 1.308107 -1.469857
v 0.985444 1.326949 -1.260307
v 0.985444 1.285929 -1.047425
v 0.821898 1.257007 -0.985016
v 0.821898 1.322574 -1.191662
v 0.985443 -0.053781 -1.053832
v 0.985444 -0.097350 -1.266207
v 0.821898 -0.094513 -1.334934
v 0.821898 -0.076009 -1.118927
v 0.985444 1.142832 -1.772973
v 0.985444 1.264357 -1.593437
v 0.821898 1.288036 -1.528857
v 0.821898 1.188279 -1.721340
v 0.985443 0.089265 -0.815811
v 0.985443 -0.032260 -0.995347
v 0.821898 -0.055939 -1.059928
v 0.821898 0.043818 -0.867444
v 0.985444 0.919588 -1.938134
v 0.985444 1.100568 -1.818771
v 0.821898 1.147158 -1.768167
v 0.821898 0.981335 -1.907824
v 0.985443 0.312509 -0.650650
v 0.985443 0.131529 -0.770013
v 0.821898 0.084939 -0.820617
v 0.821898 0.250762 -0.680960
v 0.985444 0.650133 -2.005292
v 0.985444 0.863015 -1.964272
v 0.821898 0.925424 -1.935350
v 0.821898 0.718779 -2.000918
v 0.985444 0.581964 -0.583492
v 0.985443 0.369082 -0.624511
v 0.821898 0.306673 -0.653434
v 0.821898 0.513318 -0.587866
v 0.624741 1.165063 -1.294392
v 0.624741 1.123272 -1.084293
v 0.624741 1.004260 -0.906180
v 0.624741 0.826147 -0.787169
v 0.624741 0.616049 -0.745378
v 0.624741 0.405950 -0.787169
v 0.624741 0.227837 -0.906180
v 0.624741 0.108826 -1.084293
v 0.624741 0.067034 -1.294392
v 0.624741 0.108826 -1.504491
v 0.624741 0.227837 -1.682604
v 0.624741 0.405950 -1.801615
v 0.624741 0.616049 -1.843406
v 0.624741 0.826147 -1.801615
v 0.624741 1.004260 -1.682604
v 0.624741 1.123272 -1.504491
v 0.624741 1.249384 -1.032056
v 0.624741 1.301566 -1.294392
v 0.624741 1.100782 -0.809658
v 0.624741 0.878385 -0.661057
v 0.624741 0.616049 -0.608875
v 0.624741 0.353713 -0.661057
v 0.624741 0.131315 -0.809658
v 0.624741 -0.017286 -1.032056
v 0.624741 -0.069468 -1.294392
v 0.624741 -0.017286 -1.556728
v 0.624741 0.131315 -1.779126
v 0.624741 0.353713 -1.927727
v 0.624741 0.616049 -1.979909
v 0.624741 0.878385 -1.927727
v 0.624741 1.100782 -1.779126
v 0.624741 1.249384 -1.556728
v 0.635555 0.603335 -0.611404
v 0.635555 0.366426 -0.658528
v 0.635555 0.628762 -1.977380
v 0.635555 0.865672 -1.930256
v 0.635555 0.342935 -0.668258
v 0.635555 0.142092 -0.802457
v 0.635555 0.889162 -1.920526
v 0.635555 1.090005 -1.786327
v 0.635555 0.124113 -0.820436
v 0.635555 -0.010085 -1.021278
v 0.635555 1.107984 -1.768348
v 0.635555 1.242182 -1.567506
v 0.635555 -0.019815 -1.044769
v 0.635555 -0.066940 -1.281679
v 0.635555 1.299037 -1.281679
v 0.635555 1.251913 -1.044769
v 0.635555 1.251913 -1.544015
v 0.635555 1.299037 -1.307105
v 0.635555 -0.066940 -1.307105
v 0.635555 -0.019815 -1.544015
v 0.635555 1.242182 -1.021278
v 0.635555 1.107984 -0.820436
v 0.635555 -0.010085 -1.567506
v 0.635555 0.124113 -1.768348
v 0.635555 1.090005 -0.802457
v 0.635555 0.889162 -0.668258
v 0.635555 0.142092 -1.786327
v 0.635555 0.342935 -1.920526
v 0.635555 0.865672 -0.658528
v 0.635555 0.628762 -0.611404
v 0.635555 0.366426 -1.930256
v 0.635555 0.603335 -1.977380
v 0.635555 0.360113 -0.626790
v 0.635555 0.597022 -0.579666
v 0.635555 0.871984 -1.961994
v 0.635555 0.635075 -2.009118
v 0.635555 0.124115 -0.775551
v 0.635555 0.324957 -0.641352
v 0.635555 1.107983 -1.813233
v 0.635555 0.907140 -1.947432
v 0.635555 -0.036991 -1.003300
v 0.635555 0.097208 -0.802458
v 0.635555 1.269088 -1.585484
v 0.635555 1.134890 -1.786326
v 0.635555 -0.098677 -1.275366
v 0.635555 -0.051553 -1.038456
v 0.635555 1.283650 -1.038456
v 0.635555 1.330775 -1.275366
v 0.635555 1.330775 -1.313418
v 0.635555 1.283650 -1.550328
v 0.635555 -0.051553 -1.550328
v 0.635555 -0.098677 -1.313418
v 0.635555 1.134890 -0.802458
v 0.635555 1.269088 -1.003300
v 0.635555 0.097208 -1.786326
v 0.635555 -0.036991 -1.585484
v 0.635555 0.907140 -0.641352
v 0.635555 1.107983 -0.775551
v 0.635555 0.324957 -1.947432
v 0.635555 0.124115 -1.813233
v 0.635555 0.635075 -0.579666
v 0.635555 0.871984 -0.626790
v 0.635555 0.597022 -2.009118
v 0.635555 0.360113 -1.961994
v 0.666634 1.053576 -1.113162
v 0.666634 1.089625 -1.294392
v 0.666634 1.053576 -1.475622
v 0.666634 0.950917 -1.629261
v 0.666634 0.797278 -1.731919
v 0.666634 0.616049 -1.767968
v 0.666634 0.434819 -1.731919
v 0.666634 0.281180 -1.629261
v 0.666634 0.178521 -1.475622
v 0.666634 0.142472 -1.294392
v 0.666634 0.178521 -1.113162
v 0.666634 0.281180 -0.959523
v 0.666634 0.434819 -0.856865
v 0.666634 0.616049 -0.820816
v 0.666634 0.797278 -0.856865
v 0.666634 0.950917 -0.959523
v 0.643154 0.375489 -1.964222
v 0.643154 0.587864 -2.007791
v 0.806700 0.656590 -2.004953
v 0.806700 0.440583 -1.986450
v 0.643154 0.856608 -0.624562
v 0.643154 0.644233 -0.580993
v 0.806700 0.575507 -0.583831
v 0.806700 0.791514 -0.602334
v 0.643154 0.137468 -1.821176
v 0.643154 0.317003 -1.942701
v 0.806700 0.381584 -1.966379
v 0.806700 0.189101 -1.866623
v 0.643154 1.094629 -0.767608
v 0.643154 0.915094 -0.646083
v 0.806700 0.850513 -0.622405
v 0.806700 1.042996 -0.722161
v 0.643154 -0.027694 -1.597932
v 0.643154 0.091670 -1.778912
v 0.806700 0.142273 -1.825502
v 0.806700 0.002617 -1.659678
v 0.643154 1.259791 -0.990852
v 0.643154 1.140428 -0.809873
v 0.806700 1.089824 -0.763282
v 0.806700 1.229480 -0.929106
v 0.643154 -0.094851 -1.328477
v 0.643154 -0.053832 -1.541359
v 0.806700 -0.024910 -1.603768
v 0.806700 -0.090477 -1.397123
v 0.643154 1.285878 -1.534952
v 0.643154 1.329448 -1.322577
v 0.806700 1.326610 -1.253850
v 0.806700 1.308107 -1.469857
v 0.643154 1.326949 -1.260307
v 0.643154 1.285929 -1.047425
v 0.806700 1.257007 -0.985016
v 0.806700 1.322574 -1.191662
v 0.643154 -0.053781 -1.053832
v 0.643154 -0.097350 -1.266207
v 0.806700 -0.094513 -1.334934
v 0.806700 -0.076009 -1.118927
v 0.643154 1.142832 -1.772973
v 0.643154 1.264357 -1.593437
v 0.806700 1.288036 -1.528857
v 0.806700 1.188279 -1.721340
v 0.643154 0.089265 -0.815811
v 0.643154 -0.032260 -0.995347
v 0.806700 -0.055939 -1.059928
v 0.806700 0.043818 -0.867444
v 0.643154 0.919588 -1.938134
v 0.643154 1.100568 -1.818771
v 0.806700 1.147158 -1.768167
v 0.806700 0.981335 -1.907824
v 0.643154 0.312509 -0.650650
v 0.643154 0.131529 -0.770013
v 0.806700 0.084939 -0.820617
v 0.806700 0.250762 -0.680960
v 0.643154 0.650133 -2.005292
v 0.643154 0.863015 -1.964272
v 0.806700 0.925424 -1.935350
v 0.806700 0.718779 -2.000918
v 0.643154 0.581964 -0.583492
v 0.643154 0.369082 -0.624511
v 0.806700 0.306673 -0.653434
v 0.806700 0.513318 -0.587866
v 0.735361 0.816858 -1.394373
v 0.735361 0.766677 -1.469473
v 0.735361 0.881134 -1.420997
v 0.692119 0.816858 -1.394373
v 0.692119 0.766677 -1.469473
v 0.692119 0.881134 -1.420997
v 0.692119 0.815872 -1.518669
v 0.735361 0.815872 -1.518669
v 0.692119 0.718201 -1.583931
v 0.735361 0.718201 -1.583931
v 0.692119 0.602990 -1.606847
v 0.692119 0.691577 -1.519654
v 0.692119 0.602990 -1.537275
v 0.735361 0.691577 -1.519654
v 0.735361 0.602990 -1.537275
v 0.735361 0.514403 -1.519654
v 0.735361 0.602990 -1.606847
v 0.735361 0.487779 -1.583931
v 0.692119 0.487779 -1.583931
v 0.735360 0.390107 -1.518669
v 0.692119 0.390107 -1.518669
v 0.735360 0.324845 -1.420997
v 0.735360 0.439302 -1.469473
v 0.735360 0.389122 -1.394373
v 0.692119 0.439302 -1.469473
v 0.692119 0.389122 -1.394373
v 0.692119 0.514403 -1.519654
v 0.692119 0.324845 -1.420997
vn 1.0000 -0.0000 -0.0000
vn -0.0000 -0.9239 0.3827
vn -0.0000 -1.0000 -0.0000
vn -0.0000 -0.9239 -0.3827
vn -1.0000 -0.0000 -0.0000
vn -0.0000 -0.7071 0.7071
vn -0.0000 -0.3827 0.9239
vn -0.0000 -0.0000 1.0000
vn -0.0000 0.3827 0.9239
vn -0.0000 0.3827 -0.9239
vn -0.0000 -0.0000 -1.0000
vn -0.0000 -0.3827 -0.9239
vn -0.0000 -0.7071 -0.7071
vn -0.0000 0.7071 0.7071
vn -0.0000 0.9239 0.3827
vn -0.0000 1.0000 -0.0000
vn -0.0000 0.9239 -0.3827
vn -0.0000 0.7071 -0.7071
vn -0.0272 -0.9996 -0.0000
vn 0.6484 -0.7613 -0.0000
vn 0.6484 -0.7033 -0.2913
vn -0.0272 -0.9235 -0.3825
vn -0.0543 -0.9225 -0.3821
vn -0.0543 -0.9985 -0.0000
vn 0.6484 -0.5383 -0.5383
vn -0.0272 -0.7068 -0.7068
vn -0.0543 -0.7061 -0.7061
vn 0.9662 -0.2579 -0.0000
vn 0.9662 -0.2383 -0.0987
vn 0.9662 -0.1824 -0.1824
vn 0.0084 0.8965 0.4431
vn 0.0084 0.7524 0.6587
vn 0.9894 -0.1453 -0.0000
vn 0.6105 -0.7920 -0.0000
vn 0.2563 -0.8712 -0.4188
vn 0.9890 -0.1452 -0.0289
vn 0.0084 0.8966 0.4428
vn 0.0084 0.7522 0.6589
vn -0.9927 0.1181 0.0235
vn -0.9930 0.1181 -0.0000
vn -0.5660 0.8244 -0.0000
vn -0.5660 0.7617 0.3155
vn -0.5660 0.5829 0.5829
vn 0.2563 -0.7203 -0.6446
vn -0.0064 -0.7522 -0.6589
vn -0.0064 -0.8966 -0.4428
vn 0.0012 -0.7071 -0.7071
vn 0.0012 -0.9239 -0.3827
vn 0.0012 -1.0000 -0.0000
vn 0.0025 -1.0000 -0.0000
vn 0.0012 -0.9239 0.3827
vn -0.0064 -0.8966 0.4428
vn 0.0012 -0.7071 0.7071
vn -0.0064 -0.7522 0.6589
vn -0.9927 0.1181 -0.0235
vn 0.2563 -0.7203 0.6446
vn 0.2563 -0.8712 0.4188
vn 0.9890 -0.1452 0.0289
vn -0.0143 -0.7070 0.7070
vn -0.0143 -0.9238 0.3826
vn -0.0143 -0.9999 -0.0000
vn 0.9999 -0.0113 0.0113
vn 0.9999 -0.0147 0.0061
vn 0.9999 -0.0160 -0.0000
vn 0.9999 -0.0147 -0.0061
vn -0.0143 -0.9238 -0.3826
vn 0.9999 -0.0113 -0.0113
vn -0.0143 -0.7070 -0.7070
vn 0.9999 -0.0061 -0.0147
vn -0.0143 -0.3826 -0.9238
vn 0.6105 -0.3031 -0.7317
vn 0.9890 -0.0823 -0.1231
vn 0.9894 -0.0556 -0.1342
vn 0.2563 0.0536 -0.9651
vn 0.9890 -0.0289 -0.1452
vn -0.0143 -0.0000 -0.9999
vn -0.0143 0.3826 -0.9238
vn 0.2563 0.3198 -0.9121
vn -0.0064 0.3208 -0.9471
vn -0.0064 0.0660 -0.9978
vn 0.0012 0.3827 -0.9239
vn 0.0012 -0.0000 -1.0000
vn 0.0012 -0.3827 -0.9239
vn 0.0025 -0.3827 -0.9239
vn -0.9927 0.0235 0.1181
vn -0.9930 0.0452 0.1091
vn -0.9927 0.0669 0.1001
vn -0.5660 0.3155 0.7617
vn -0.5660 -0.0000 0.8244
vn 0.0084 -0.0660 0.9978
vn -0.9595 0.1991 0.1991
vn -0.9595 0.1077 0.2601
vn -0.9595 -0.0000 0.2815
vn -0.9595 -0.1077 0.2601
vn -0.5660 -0.3155 0.7617
vn -0.9595 -0.1991 0.1991
vn -0.5660 -0.5829 0.5829
vn 0.0084 -0.3209 0.9471
vn -0.5660 -0.7617 0.3155
vn 0.0084 -0.9471 0.3209
vn -0.9595 -0.2601 0.1077
vn -0.9930 -0.0835 0.0835
vn -0.9927 -0.0669 0.1001
vn -0.9927 -0.1001 0.0669
vn -0.0064 0.9471 -0.3208
vn 0.0012 0.9239 -0.3827
vn 0.0012 0.7071 -0.7071
vn 0.0025 0.7071 -0.7071
vn -0.0108 0.9999 -0.0000
vn 0.0012 1.0000 -0.0000
vn -0.0193 0.9998 -0.0000
vn 0.2563 0.9121 -0.3198
vn 0.0012 0.9239 0.3827
vn -0.0064 0.9471 0.3208
vn 0.0025 0.7071 0.7071
vn 0.0012 0.7071 0.7071
vn -1.0000 0.0009 0.0004
vn -1.0000 0.0010 -0.0000
vn -1.0000 0.0007 0.0007
vn -1.0000 0.0004 0.0009
vn 0.0012 0.3827 0.9239
vn -1.0000 -0.0000 0.0010
vn 0.0012 -0.0000 1.0000
vn -0.0064 0.3208 0.9471
vn -0.0064 0.0660 0.9978
vn -0.9927 -0.0669 -0.1001
vn -0.9930 -0.0835 -0.0835
vn 0.2563 0.0536 0.9651
vn 0.2563 0.3198 0.9121
vn 0.9894 0.1027 0.1027
vn 0.6105 0.5600 0.5600
vn 0.9890 0.0823 0.1231
vn -0.0143 0.7070 0.7070
vn -0.0143 0.3826 0.9238
vn -0.0143 -0.0000 0.9999
vn 0.9999 0.0113 0.0113
vn 0.9999 0.0061 0.0147
vn 0.9999 -0.0000 0.0160
vn -0.0143 -0.3826 0.9238
vn 0.6105 -0.3031 0.7317
vn 0.9999 -0.0061 0.0147
vn 0.0187 0.3826 -0.9237
vn 0.0143 0.3826 -0.9238
vn 0.0143 -0.0000 -0.9999
vn 0.0187 -0.0000 -0.9998
vn 0.0187 0.7070 -0.7070
vn 0.0143 0.7070 -0.7070
vn 0.0103 -0.0000 -0.9999
vn 0.0103 0.3827 -0.9238
vn 0.0103 0.7071 -0.7071
vn -0.0012 -0.0000 -1.0000
vn -0.0012 0.3827 -0.9239
vn -0.0012 0.7071 -0.7071
vn -1.0000 -0.0004 0.0009
vn -1.0000 -0.0007 0.0007
vn 0.0012 -0.3827 0.9239
vn -1.0000 -0.0009 0.0004
vn 0.0025 -0.3827 0.9239
vn -0.9930 0.0452 -0.1091
vn -0.9927 0.0235 -0.1181
vn -0.9927 0.0669 -0.1001
vn 0.0084 -0.0660 -0.9978
vn -0.5660 -0.0000 -0.8244
vn -0.5660 0.3155 -0.7617
vn -0.5660 0.5829 -0.5829
vn 0.0084 0.7522 -0.6589
vn -0.9595 -0.0000 -0.2815
vn -0.9595 0.1077 -0.2601
vn -0.9595 0.1991 -0.1991
vn -0.9595 0.2815 -0.0000
vn -0.9595 0.2601 0.1077
vn -0.5660 0.7617 -0.3155
vn -0.9595 0.2601 -0.1077
vn 0.0084 0.8966 -0.4428
vn -0.5660 -0.5829 -0.5829
vn -0.9595 -0.1991 -0.1991
vn -0.9595 -0.1077 -0.2601
vn -0.5660 -0.3155 -0.7617
vn 0.0084 -0.3209 -0.9471
vn 0.0084 -0.9471 -0.3209
vn -0.5660 -0.7617 -0.3155
vn -0.9595 -0.2601 -0.1077
vn -0.9927 -0.1001 -0.0669
vn 0.0126 -0.9999 -0.0000
vn -0.5660 -0.8244 -0.0000
vn 0.0127 -0.9999 -0.0000
vn 0.0084 -0.9472 -0.3206
vn 0.9890 0.1231 0.0823
vn 0.2563 0.9121 0.3198
vn -0.0143 0.9238 0.3826
vn -0.0143 0.9999 -0.0000
vn 0.9999 0.0147 0.0061
vn 0.9999 0.0160 -0.0000
vn -0.0143 0.9238 -0.3826
vn 0.9999 0.0147 -0.0061
vn 0.6105 0.5600 -0.5600
vn -0.0143 0.7070 -0.7070
vn 0.9999 0.0113 -0.0113
vn 0.9999 0.0061 -0.0147
vn 0.9999 -0.0000 -0.0160
vn 0.0187 -0.3826 0.9237
vn 0.0143 -0.3826 0.9238
vn 0.0143 -0.0000 0.9999
vn 0.0187 -0.0000 0.9998
vn 0.0187 -0.7070 0.7070
vn 0.0143 -0.7070 0.7070
vn 0.0143 0.3826 0.9238
vn 0.0187 0.3826 0.9237
vn 0.0143 0.7070 0.7070
vn 0.0187 0.7070 0.7070
vn 0.0103 0.7071 0.7071
vn 0.0103 0.3827 0.9238
vn 0.0103 -0.0000 0.9999
vn -0.0012 0.7071 0.7071
vn -0.0012 0.3827 0.9239
vn -0.0012 -0.0000 1.0000
vn -1.0000 -0.0004 -0.0009
vn -1.0000 -0.0007 -0.0007
vn -1.0000 -0.0000 -0.0010
vn -1.0000 -0.0009 -0.0004
vn -1.0000 0.0004 -0.0009
vn -1.0000 0.0007 -0.0007
vn -1.0000 0.0009 -0.0004
vn -0.0012 -0.3827 0.9239
vn -0.0012 -0.7071 0.7071
vn -0.0012 -0.9239 0.3827
vn 0.0103 -0.3827 0.9238
vn 0.0103 -0.7071 0.7071
vn 0.0103 -0.9238 0.3827
vn 0.0187 -0.9237 0.3826
vn 0.0143 -0.9238 0.3826
vn 0.0187 -0.9998 -0.0000
vn 0.0143 -0.9999 -0.0000
vn 0.0103 -0.9999 -0.0000
vn 0.0103 -0.9238 -0.3827
vn 0.0187 -0.9237 -0.3826
vn 0.0143 -0.9238 -0.3826
vn -0.0012 -1.0000 -0.0000
vn -0.0012 -0.9239 -0.3827
vn -0.0012 -0.7071 -0.7071
vn 0.0103 -0.7071 -0.7071
vn -0.0012 -0.3827 -0.9239
vn 0.0103 -0.3827 -0.9238
vn 0.0187 -0.7070 -0.7070
vn 0.0187 -0.3826 -0.9237
vn 0.0143 -0.7070 -0.7070
vn 0.0143 -0.3826 -0.9238
vn -0.0012 0.9239 0.3827
vn -1.0000 -0.0010 -0.0000
vn -0.0012 1.0000 -0.0000
vn 0.0103 0.9999 -0.0000
vn 0.0103 0.9238 0.3827
vn 0.0187 0.9998 -0.0000
vn 0.0187 0.9237 0.3826
vn 0.0143 0.9238 0.3826
vn 0.0143 0.9999 -0.0000
vn 0.0143 0.9238 -0.3826
vn 0.0187 0.9237 -0.3826
vn 0.0103 0.9238 -0.3827
vn -0.0012 0.9239 -0.3827
vn 0.9890 0.0823 -0.1231
vn 0.9894 0.1027 -0.1027
vn 0.9890 0.1231 -0.0823
vn 0.0084 -0.3206 0.9472
vn 0.0084 -0.9472 0.3206
vn 0.6484 0.2913 -0.7033
vn 0.9662 0.0987 -0.2383
vn 0.9662 0.1824 -0.1824
vn 0.6484 0.5383 -0.5383
vn 0.9662 0.2383 -0.0987
vn 0.6484 0.7033 -0.2913
vn -0.0272 0.3825 -0.9235
vn -0.0272 0.7068 -0.7068
vn -0.0272 0.9235 -0.3825
vn 0.6484 0.7613 -0.0000
vn -0.0272 0.9996 -0.0000
vn 0.9662 0.2579 -0.0000
vn 0.6484 0.7033 0.2913
vn -0.0272 0.9235 0.3825
vn 0.9662 0.2383 0.0987
vn 0.6484 0.5383 0.5383
vn -0.0272 0.7068 0.7068
vn 0.9662 0.1824 0.1824
vn -0.0543 0.9225 0.3821
vn -0.0543 0.9985 -0.0000
vn -0.0543 0.7061 0.7061
vn 0.9939 0.1015 0.0420
vn 0.9939 0.1099 -0.0000
vn 0.9939 0.0777 0.0777
vn 0.9939 0.0777 -0.0777
vn 0.9939 0.0420 -0.1015
vn 0.9939 -0.0000 -0.1099
vn -0.0543 0.3821 -0.9225
vn -0.0543 -0.0000 -0.9985
vn -0.0272 -0.0000 -0.9996
vn -0.0543 0.7061 -0.7061
vn 0.6484 -0.0000 -0.7613
vn -0.0272 -0.3825 -0.9235
vn 0.6484 -0.2913 -0.7033
vn -0.0543 -0.3821 -0.9225
vn 0.9662 -0.0987 -0.2383
vn 0.9662 -0.0000 -0.2579
vn 0.0084 -0.0663 0.9978
vn 0.9939 -0.0420 -0.1015
vn 0.9939 -0.0777 -0.0777
vn 0.9939 -0.1015 -0.0420
vn 0.9939 -0.1099 -0.0000
vn 0.9939 -0.1015 0.0420
vn -0.0543 -0.9225 0.3821
vn -0.0272 -0.9235 0.3825
vn 0.9939 -0.0777 0.0777
vn -0.0543 -0.7061 0.7061
vn -0.0272 -0.7068 0.7068
vn 0.6484 -0.5383 0.5383
vn 0.6484 -0.7033 0.2913
vn 0.9662 -0.1824 0.1824
vn 0.9662 -0.2383 0.0987
vn 0.0084 0.8965 -0.4431
vn 0.0084 0.7524 -0.6587
vn 0.6484 -0.2913 0.7033
vn 0.9662 -0.0987 0.2383
vn 0.9894 -0.0556 0.1342
vn 0.9890 -0.0823 0.1231
vn 0.9890 -0.0289 0.1452
vn 0.0084 -0.0663 -0.9978
vn 0.0084 -0.3206 -0.9472
vn 0.6484 0.2913 0.7033
vn 0.9662 0.0987 0.2383
vn 0.9662 -0.0000 0.2579
vn 0.6484 -0.0000 0.7613
vn -0.0272 0.3825 0.9235
vn -0.0272 -0.0000 0.9996
vn -0.0272 -0.3825 0.9235
vn -0.0543 -0.0000 0.9985
vn -0.0543 0.3821 0.9225
vn -0.0543 -0.3821 0.9225
vn 0.9939 -0.0000 0.1099
vn 0.9939 0.0420 0.1015
vn 0.9939 -0.0420 0.1015
vn 0.9939 0.1015 -0.0420
vn -0.0543 0.9225 -0.3821
vn -0.9595 -0.2815 -0.0000
vn 0.3745 0.8987 0.2283
vn -0.0000 0.9692 0.2462
vn -0.0000 0.5984 -0.8012
vn -0.3745 0.5548 -0.7429
vn -0.3745 0.8987 0.2283
vn -0.0000 -0.8595 0.5112
vn -0.3745 -0.7969 0.4740
vn -0.0000 -0.8012 -0.5984
vn -0.3745 -0.7429 -0.5548
vn -0.0104 -0.0003 0.9999
vn 0.0447 -0.2396 0.9698
vn -0.0272 -0.2285 0.9732
vn -0.0104 -0.3830 0.9237
vn -0.0000 -0.1291 0.9916
vn -0.0000 -0.2810 0.9597
vn -0.0104 0.0003 -0.9999
vn 0.0447 0.2396 -0.9698
vn -0.0272 0.2285 -0.9732
vn -0.0104 0.3830 -0.9237
vn -0.0000 0.1291 -0.9916
vn -0.0000 0.2810 -0.9597
vn 0.0447 -0.5925 0.8043
vn -0.0272 -0.5835 0.8117
vn -0.0104 -0.7073 0.7068
vn -0.0000 -0.4988 0.8667
vn -0.0000 -0.6269 0.7791
vn 0.0447 0.5925 -0.8043
vn -0.0272 0.5835 -0.8117
vn -0.0104 0.7073 -0.7068
vn -0.0000 0.4988 -0.8667
vn -0.0000 0.6269 -0.7791
vn 0.0447 -0.8552 0.5164
vn -0.0272 -0.8497 0.5266
vn -0.0104 -0.9240 0.3823
vn -0.0000 -0.7925 0.6099
vn -0.0000 -0.8773 0.4799
vn 0.0447 0.8552 -0.5163
vn -0.0272 0.8497 -0.5266
vn -0.0104 0.9240 -0.3823
vn -0.0000 0.7925 -0.6099
vn -0.0000 0.8773 -0.4799
vn 0.0447 -0.9877 0.1498
vn -0.0272 -0.9865 0.1614
vn -0.0104 -0.9999 -0.0003
vn -0.0000 -0.9656 0.2602
vn -0.0000 -0.9942 0.1077
vn -0.0104 0.9999 0.0003
vn 0.0447 0.9698 0.2396
vn -0.0272 0.9732 0.2285
vn -0.0104 0.9237 0.3830
vn -0.0000 0.9916 0.1291
vn -0.0000 0.9597 0.2810
vn 0.0447 0.9877 -0.1498
vn -0.0272 0.9865 -0.1614
vn -0.0000 0.9656 -0.2602
vn -0.0000 0.9942 -0.1077
vn 0.0447 -0.9698 -0.2396
vn -0.0272 -0.9732 -0.2285
vn -0.0104 -0.9237 -0.3830
vn -0.0000 -0.9916 -0.1291
vn -0.0000 -0.9597 -0.2810
vn 0.0447 0.8043 0.5925
vn -0.0272 0.8117 0.5835
vn -0.0104 0.7068 0.7073
vn -0.0000 0.8667 0.4988
vn -0.0000 0.7791 0.6269
vn 0.0447 -0.8043 -0.5925
vn -0.0272 -0.8117 -0.5835
vn -0.0104 -0.7068 -0.7073
vn -0.0000 -0.8667 -0.4988
vn -0.0000 -0.7791 -0.6269
vn 0.0447 0.5164 0.8552
vn -0.0272 0.5266 0.8497
vn -0.0104 0.3823 0.9240
vn -0.0000 0.6099 0.7925
vn -0.0000 0.4799 0.8773
vn 0.0447 -0.5163 -0.8552
vn -0.0272 -0.5266 -0.8497
vn -0.0104 -0.3824 -0.9240
vn -0.0000 -0.6099 -0.7925
vn -0.0000 -0.4799 -0.8773
vn 0.0447 0.1498 0.9877
vn -0.0272 0.1614 0.9865
vn -0.0000 0.2602 0.9656
vn -0.0000 0.1077 0.9942
vn 0.0447 -0.1498 -0.9877
vn -0.0272 -0.1614 -0.9865
vn -0.0000 -0.2602 -0.9656
vn -0.0000 -0.1077 -0.9942
vn -0.0000 0.2462 -0.9692
vn -0.3745 0.2283 -0.8987
vn -0.0000 0.5112 0.8595
vn -0.3745 0.4740 0.7969
vn -0.0000 0.9897 -0.1434
vn -0.3745 0.9176 -0.1330
vn -0.0000 -0.9692 -0.2462
vn -0.3745 -0.8987 -0.2283
vn -0.0000 -0.5984 0.8012
vn -0.3745 -0.5548 0.7429
vn -0.0000 -0.1434 -0.9897
vn -0.3745 -0.1330 -0.9176
vn -0.0000 -0.5112 -0.8595
vn -0.3745 -0.4740 -0.7969
vn -0.0000 -0.9897 0.1434
vn -0.3745 -0.9176 0.1330
vn -0.0000 0.8012 0.5984
vn -0.3745 0.7429 0.5548
vn -0.0000 0.8595 -0.5112
vn -0.3745 0.7969 -0.4740
vn -0.0000 -0.2462 0.9692
vn -0.3745 -0.2283 0.8987
vn -0.0000 0.1434 0.9897
vn -0.3745 0.1330 0.9176
vn 0.8742 -0.4485 -0.1858
vn 0.5368 -0.7795 -0.3229
vn 0.5368 -0.8437 -0.0000
vn 0.8742 -0.4855 -0.0000
vn 0.5368 -0.7795 0.3229
vn 0.8742 -0.4485 0.1858
vn 0.5368 -0.5966 0.5966
vn 0.8742 -0.3433 0.3433
vn 0.5368 -0.3229 0.7795
vn 0.8742 -0.1858 0.4485
vn 0.5368 -0.0000 0.8437
vn 0.8742 -0.0000 0.4855
vn 0.5368 0.3229 0.7795
vn 0.8742 0.1858 0.4485
vn 0.5368 0.5966 0.5966
vn 0.8742 0.3433 0.3433
vn 0.5368 0.7795 0.3229
vn 0.8742 0.4485 0.1858
vn 0.5368 0.8437 -0.0000
vn 0.8742 0.4855 -0.0000
vn 0.5368 0.7795 -0.3229
vn 0.8742 0.4485 -0.1858
vn 0.5368 0.5966 -0.5966
vn 0.8742 0.3433 -0.3433
vn 0.5368 0.3229 -0.7795
vn 0.8742 0.1858 -0.4485
vn 0.5368 -0.0000 -0.8437
vn 0.8742 -0.0000 -0.4855
vn 0.5368 -0.3229 -0.7795
vn 0.8742 -0.1858 -0.4485
vn 0.5368 -0.5966 -0.5966
vn 0.8742 -0.3433 -0.3433
vn 0.3745 0.5548 -0.7429
vn 0.3745 0.1330 0.9176
vn 0.3745 0.4740 0.7969
vn 0.3745 0.9176 -0.1330
vn 0.3745 -0.7429 -0.5548
vn 0.3745 -0.7969 0.4740
vn 0.3745 0.2283 -0.8987
vn 0.3745 -0.1330 -0.9176
vn 0.3745 -0.9176 0.1330
vn 0.3745 -0.4740 -0.7969
vn 0.3745 -0.2283 0.8987
vn 0.0187 -0.1668 -0.9858
vn 0.0309 -0.1219 -0.9921
vn -0.0187 -0.1199 -0.9926
vn -0.0309 -0.1647 -0.9859
vn 0.0187 0.1668 0.9858
vn 0.0309 0.1219 0.9921
vn -0.0187 0.1199 0.9926
vn -0.0309 0.1647 0.9859
vn 0.0187 -0.5313 -0.8470
vn 0.0309 -0.4923 -0.8699
vn -0.0187 -0.4906 -0.8712
vn -0.0309 -0.5294 -0.8478
vn 0.0187 0.5313 0.8470
vn 0.0309 0.4923 0.8699
vn -0.0187 0.4906 0.8712
vn -0.0309 0.5294 0.8478
vn 0.0187 -0.8150 -0.5792
vn 0.0309 -0.7877 -0.6153
vn -0.0187 -0.7867 -0.6171
vn -0.0309 -0.8136 -0.5807
vn 0.0187 0.8150 0.5792
vn 0.0309 0.7877 0.6153
vn -0.0187 0.7867 0.6171
vn -0.0309 0.8136 0.5807
vn 0.0187 -0.9746 -0.2232
vn 0.0309 -0.9632 -0.2670
vn -0.0187 -0.9629 -0.2691
vn -0.0309 -0.9738 -0.2251
vn 0.0187 0.9858 -0.1668
vn 0.0309 0.9921 -0.1219
vn -0.0187 0.9926 -0.1199
vn -0.0309 0.9859 -0.1647
vn 0.0187 0.9746 0.2232
vn 0.0309 0.9632 0.2670
vn -0.0187 0.9629 0.2691
vn -0.0309 0.9738 0.2251
vn 0.0187 -0.9858 0.1668
vn 0.0309 -0.9921 0.1219
vn -0.0187 -0.9926 0.1199
vn -0.0309 -0.9859 0.1647
vn 0.0187 0.8470 -0.5313
vn 0.0309 0.8699 -0.4923
vn -0.0187 0.8712 -0.4906
vn -0.0309 0.8478 -0.5294
vn 0.0187 -0.8470 0.5313
vn 0.0309 -0.8699 0.4923
vn -0.0187 -0.8712 0.4906
vn -0.0309 -0.8478 0.5294
vn 0.0187 0.5792 -0.8150
vn 0.0309 0.6153 -0.7877
vn -0.0187 0.6171 -0.7867
vn -0.0309 0.5807 -0.8136
vn 0.0187 -0.5792 0.8150
vn 0.0309 -0.6153 0.7877
vn -0.0187 -0.6171 0.7867
vn -0.0309 -0.5807 0.8136
vn 0.0187 0.2232 -0.9746
vn 0.0309 0.2670 -0.9632
vn -0.0187 0.2691 -0.9629
vn -0.0309 0.2251 -0.9738
vn 0.0187 -0.2232 0.9746
vn 0.0309 -0.2670 0.9632
vn -0.0187 -0.2691 0.9629
vn -0.0309 -0.2251 0.9738
vn -0.0000 -0.1175 -0.9931
vn -0.0000 0.1175 0.9931
vn -0.0000 -0.4886 -0.8725
vn -0.0000 0.4886 0.8725
vn -0.0000 -0.7853 -0.6191
vn -0.0000 0.7853 0.6191
vn -0.0000 -0.9625 -0.2714
vn -0.0000 0.9931 -0.1175
vn -0.0000 0.9625 0.2714
vn -0.0000 -0.9931 0.1175
vn -0.0000 0.8725 -0.4886
vn -0.0000 -0.8725 0.4886
vn -0.0000 0.6191 -0.7853
vn -0.0000 -0.6191 0.7853
vn -0.0000 0.2715 -0.9625
vn -0.0000 -0.2714 0.9625
vn 0.3745 0.7429 0.5548
vn 0.3745 0.7969 -0.4740
vn 0.3745 -0.8987 -0.2283
vn 0.3745 -0.5548 0.7429
vn 0.0365 -0.1644 -0.9857
vn -0.0560 -0.1623 -0.9851
vn -0.0000 -0.1222 -0.9925
vn -0.0000 -0.1242 -0.9923
vn 0.0365 0.1644 0.9857
vn -0.0560 0.1623 0.9851
vn -0.0000 0.1222 0.9925
vn -0.0000 0.1242 0.9923
vn 0.0365 -0.5291 -0.8478
vn -0.0559 -0.5270 -0.8480
vn -0.0000 -0.4927 -0.8702
vn -0.0000 -0.4944 -0.8692
vn 0.0365 0.5291 0.8478
vn -0.0560 0.5270 0.8480
vn -0.0000 0.4927 0.8702
vn -0.0000 0.4944 0.8692
vn 0.0365 -0.8133 -0.5807
vn -0.0560 -0.8114 -0.5818
vn -0.0000 -0.7882 -0.6154
vn -0.0000 -0.7894 -0.6138
vn 0.0365 0.8133 0.5807
vn -0.0560 0.8114 0.5818
vn -0.0000 0.7882 0.6154
vn -0.0000 0.7894 0.6138
vn 0.0365 -0.9736 -0.2253
vn -0.0560 -0.9723 -0.2270
vn -0.0000 -0.9637 -0.2669
vn -0.0000 -0.9642 -0.2650
vn 0.0365 0.9857 -0.1644
vn -0.0560 0.9851 -0.1623
vn -0.0000 0.9925 -0.1222
vn -0.0000 0.9923 -0.1242
vn 0.0365 0.9736 0.2253
vn -0.0560 0.9723 0.2270
vn -0.0000 0.9637 0.2669
vn -0.0000 0.9642 0.2650
vn 0.0365 -0.9857 0.1644
vn -0.0560 -0.9851 0.1623
vn -0.0000 -0.9925 0.1222
vn -0.0000 -0.9923 0.1242
vn 0.0365 0.8478 -0.5291
vn -0.0560 0.8480 -0.5270
vn -0.0000 0.8702 -0.4927
vn -0.0000 0.8692 -0.4944
vn 0.0365 -0.8478 0.5291
vn -0.0560 -0.8480 0.5270
vn -0.0000 -0.8702 0.4927
vn -0.0000 -0.8692 0.4944
vn 0.0365 0.5807 -0.8133
vn -0.0560 0.5818 -0.8114
vn -0.0000 0.6154 -0.7882
vn -0.0000 0.6138 -0.7894
vn 0.0365 -0.5807 0.8133
vn -0.0560 -0.5818 0.8114
vn -0.0000 -0.6154 0.7882
vn -0.0000 -0.6138 0.7894
vn 0.0365 0.2253 -0.9736
vn -0.0560 0.2270 -0.9723
vn -0.0000 0.2669 -0.9637
vn -0.0000 0.2650 -0.9642
vn 0.0365 -0.2253 0.9736
vn -0.0560 -0.2270 0.9723
vn -0.0000 -0.2669 0.9637
vn -0.0000 -0.2650 0.9642
vn 0.0104 -0.0003 0.9999
vn 0.0104 -0.3830 0.9237
vn 0.0272 -0.2285 0.9732
vn -0.0447 -0.2396 0.9698
vn 0.0104 0.0003 -0.9999
vn 0.0104 0.3830 -0.9237
vn 0.0272 0.2285 -0.9732
vn -0.0447 0.2396 -0.9698
vn 0.0104 -0.7073 0.7068
vn 0.0272 -0.5835 0.8117
vn -0.0447 -0.5925 0.8043
vn 0.0104 0.7073 -0.7068
vn 0.0272 0.5835 -0.8117
vn -0.0447 0.5925 -0.8043
vn 0.0104 -0.9240 0.3823
vn 0.0272 -0.8497 0.5266
vn -0.0447 -0.8552 0.5164
vn 0.0104 0.9240 -0.3823
vn 0.0272 0.8497 -0.5266
vn -0.0447 0.8552 -0.5163
vn 0.0104 -0.9999 -0.0003
vn 0.0272 -0.9865 0.1614
vn -0.0447 -0.9877 0.1498
vn 0.0104 0.9999 0.0003
vn 0.0104 0.9237 0.3830
vn 0.0272 0.9732 0.2285
vn -0.0447 0.9698 0.2396
vn 0.0272 0.9865 -0.1614
vn -0.0447 0.9877 -0.1498
vn 0.0104 -0.9237 -0.3830
vn 0.0272 -0.9732 -0.2285
vn -0.0447 -0.9698 -0.2396
vn 0.0104 0.7068 0.7073
vn 0.0272 0.8117 0.5835
vn -0.0447 0.8043 0.5925
vn 0.0104 -0.7068 -0.7073
vn 0.0272 -0.8117 -0.5835
vn -0.0447 -0.8043 -0.5925
vn 0.0104 0.3823 0.9240
vn 0.0272 0.5266 0.8497
vn -0.0447 0.5164 0.8552
vn 0.0104 -0.3824 -0.9240
vn 0.0272 -0.5266 -0.8497
vn -0.0447 -0.5164 -0.8552
vn 0.0272 0.1614 0.9865
vn -0.0447 0.1498 0.9877
vn 0.0272 -0.1614 -0.9865
vn -0.0447 -0.1498 -0.9877
vn -0.8742 -0.4485 -0.1858
vn -0.8742 -0.4855 -0.0000
vn -0.5368 -0.8437 -0.0000
vn -0.5368 -0.7795 -0.3229
vn -0.8742 -0.4485 0.1858
vn -0.5368 -0.7795 0.3229
vn -0.8742 -0.3433 0.3433
vn -0.5368 -0.5966 0.5966
vn -0.8742 -0.1858 0.4485
vn -0.5368 -0.3229 0.7795
vn -0.8742 -0.0000 0.4855
vn -0.5368 -0.0000 0.8437
vn -0.8742 0.1858 0.4485
vn -0.5368 0.3229 0.7795
vn -0.8742 0.3433 0.3433
vn -0.5368 0.5966 0.5966
vn -0.8742 0.4485 0.1858
vn -0.5368 0.7795 0.3229
vn -0.8742 0.4855 -0.0000
vn -0.5368 0.8437 -0.0000
vn -0.8742 0.4485 -0.1858
vn -0.5368 0.7795 -0.3229
vn -0.8742 0.3433 -0.3433
vn -0.5368 0.5966 -0.5966
vn -0.8742 0.1858 -0.4485
vn -0.5368 0.3229 -0.7795
vn -0.8742 -0.0000 -0.4855
vn -0.5368 -0.0000 -0.8437
vn -0.8742 -0.1858 -0.4485
vn -0.5368 -0.3229 -0.7795
vn -0.8742 -0.3433 -0.3433
vn -0.5368 -0.5966 -0.5966
vn -0.0187 -0.1668 -0.9858
vn 0.0309 -0.1647 -0.9859
vn 0.0187 -0.1199 -0.9926
vn -0.0309 -0.1219 -0.9921
vn -0.0187 0.1668 0.9858
vn 0.0309 0.1647 0.9859
vn 0.0187 0.1199 0.9926
vn -0.0309 0.1219 0.9921
vn -0.0187 -0.5313 -0.8470
vn 0.0309 -0.5294 -0.8478
vn 0.0187 -0.4906 -0.8712
vn -0.0309 -0.4923 -0.8699
vn -0.0187 0.5313 0.8470
vn 0.0309 0.5294 0.8478
vn 0.0187 0.4906 0.8712
vn -0.0309 0.4923 0.8699
vn -0.0187 -0.8150 -0.5792
vn 0.0309 -0.8136 -0.5807
vn 0.0187 -0.7867 -0.6171
vn -0.0309 -0.7877 -0.6153
vn -0.0187 0.8150 0.5792
vn 0.0309 0.8136 0.5807
vn 0.0187 0.7867 0.6171
vn -0.0309 0.7877 0.6153
vn -0.0187 -0.9746 -0.2232
vn 0.0309 -0.9738 -0.2251
vn 0.0187 -0.9629 -0.2691
vn -0.0309 -0.9632 -0.2670
vn -0.0187 0.9858 -0.1668
vn 0.0309 0.9859 -0.1647
vn 0.0187 0.9926 -0.1199
vn -0.0309 0.9921 -0.1219
vn -0.0187 0.9746 0.2232
vn 0.0309 0.9738 0.2251
vn 0.0187 0.9629 0.2691
vn -0.0309 0.9632 0.2670
vn -0.0187 -0.9858 0.1667
vn 0.0309 -0.9859 0.1647
vn 0.0187 -0.9926 0.1199
vn -0.0309 -0.9921 0.1219
vn -0.0187 0.8470 -0.5313
vn 0.0309 0.8478 -0.5294
vn 0.0187 0.8712 -0.4906
vn -0.0309 0.8699 -0.4923
vn -0.0187 -0.8470 0.5313
vn 0.0309 -0.8478 0.5294
vn 0.0187 -0.8712 0.4906
vn -0.0309 -0.8699 0.4923
vn -0.0187 0.5792 -0.8150
vn 0.0309 0.5807 -0.8136
vn 0.0187 0.6171 -0.7867
vn -0.0309 0.6153 -0.7877
vn -0.0187 -0.5792 0.8150
vn 0.0309 -0.5807 0.8136
vn 0.0187 -0.6171 0.7867
vn -0.0309 -0.6153 0.7877
vn -0.0187 0.2232 -0.9746
vn 0.0309 0.2251 -0.9738
vn 0.0187 0.2691 -0.9629
vn -0.0309 0.2670 -0.9632
vn -0.0187 -0.2232 0.9746
vn 0.0309 -0.2251 0.9738
vn 0.0187 -0.2691 0.9629
vn -0.0309 -0.2670 0.9632
vn -0.0365 -0.1644 -0.9857
vn 0.0560 -0.1623 -0.9851
vn -0.0365 0.1644 0.9857
vn 0.0560 0.1623 0.9851
vn -0.0365 -0.5291 -0.8478
vn 0.0559 -0.5270 -0.8480
vn -0.0365 0.5291 0.8478
vn 0.0560 0.5270 0.8480
vn -0.0365 -0.8133 -0.5807
vn 0.0560 -0.8114 -0.5818
vn -0.0365 0.8133 0.5807
vn 0.0560 0.8114 0.5818
vn -0.0365 -0.9736 -0.2253
vn 0.0560 -0.9723 -0.2270
vn -0.0365 0.9857 -0.1644
vn 0.0560 0.9851 -0.1623
vn -0.0365 0.9736 0.2253
vn 0.0560 0.9723 0.2270
vn -0.0365 -0.9857 0.1644
vn 0.0560 -0.9851 0.1623
vn -0.0365 0.8478 -0.5291
vn 0.0560 0.8480 -0.5270
vn -0.0365 -0.8478 0.5291
vn 0.0560 -0.8480 0.5270
vn -0.0365 0.5807 -0.8133
vn 0.0560 0.5818 -0.8114
vn -0.0365 -0.5807 0.8133
vn 0.0560 -0.5818 0.8114
vn -0.0365 0.2253 -0.9736
vn 0.0560 0.2270 -0.9723
vn -0.0365 -0.2253 0.9736
vn 0.0560 -0.2270 0.9723
vn -0.0000 -0.8315 0.5556
vn -0.0000 0.8315 -0.5556
vn -0.0000 -0.8315 -0.5556
vn -0.0000 0.8315 0.5556
vt 0.088994 0.622531
vt 0.133561 0.592749
vt 0.144565 0.619319
vt 0.091995 0.629777
vt 0.815030 0.515173
vt 0.815123 0.507617
vt 0.818002 0.507628
vt 0.817909 0.515184
vt 0.144565 0.648077
vt 0.091995 0.637619
vt 0.857444 0.501335
vt 0.857441 0.508546
vt 0.854561 0.508545
vt 0.854564 0.501334
vt 0.836816 0.480260
vt 0.840537 0.479520
vt 0.840537 0.488843
vt 0.836816 0.488103
vt 0.833814 0.473014
vt 0.836969 0.470906
vt 0.836969 0.497456
vt 0.833814 0.495348
vt 0.815030 0.522958
vt 0.817909 0.522969
vt 0.815123 0.529785
vt 0.818002 0.529795
vt 0.830377 0.504049
vt 0.828269 0.500894
vt 0.859757 0.519580
vt 0.857444 0.519572
vt 0.857444 0.510318
vt 0.859757 0.510327
vt 0.859868 0.527696
vt 0.857556 0.527687
vt 0.862185 0.509993
vt 0.859871 0.509993
vt 0.859869 0.501334
vt 0.862182 0.501334
vt 0.821763 0.507617
vt 0.821023 0.503895
vt 0.862185 0.519315
vt 0.859871 0.519315
vt 0.812440 0.507617
vt 0.813181 0.503895
vt 0.823948 0.514900
vt 0.823946 0.507617
vt 0.826827 0.507617
vt 0.826829 0.514900
vt 0.823948 0.522742
vt 0.826829 0.522742
vt 0.068362 0.613984
vt 0.057905 0.561408
vt 0.086661 0.561408
vt 0.076204 0.613984
vt 0.061117 0.616985
vt 0.031338 0.572414
vt 0.604446 0.842591
vt 0.604438 0.869017
vt 0.601557 0.869017
vt 0.601566 0.842591
vt 0.232184 0.561408
vt 0.232196 0.581975
vt 0.229315 0.581975
vt 0.229303 0.561408
vt 0.576658 0.607361
vt 0.574550 0.604207
vt 0.593839 0.584918
vt 0.596994 0.587026
vt 0.604278 0.559716
vt 0.607999 0.560456
vt 0.866787 0.868629
vt 0.869101 0.868629
vt 0.869113 0.888137
vt 0.866799 0.888137
vt 0.869157 0.921239
vt 0.871471 0.921239
vt 0.871463 0.946304
vt 0.869149 0.946304
vt 0.869117 0.913456
vt 0.866803 0.913456
vt 0.550089 0.618367
vt 0.549349 0.614646
vt 0.869113 0.940733
vt 0.866799 0.940733
vt 0.521330 0.618367
vt 0.522070 0.614646
vt 0.232200 0.608669
vt 0.232196 0.637425
vt 0.229315 0.637425
vt 0.229320 0.608668
vt 0.055572 0.622531
vt 0.011004 0.592749
vt 0.052571 0.629776
vt 0.000000 0.619318
vt 0.823946 0.529949
vt 0.826827 0.529949
vt 0.820974 0.515184
vt 0.821067 0.507617
vt 0.823946 0.507628
vt 0.823853 0.515195
vt 0.803827 0.504049
vt 0.805935 0.500894
vt 0.797235 0.497456
vt 0.800389 0.495348
vt 0.862182 0.527882
vt 0.859869 0.527882
vt 0.861911 0.145183
vt 0.859598 0.145174
vt 0.859709 0.136178
vt 0.862021 0.136187
vt 0.861911 0.154431
vt 0.859598 0.154422
vt 0.793667 0.488843
vt 0.797388 0.488103
vt 0.862021 0.162523
vt 0.859709 0.162514
vt 0.793667 0.479520
vt 0.797388 0.480260
vt 0.820974 0.522963
vt 0.823853 0.522975
vt 0.821067 0.529771
vt 0.823946 0.529782
vt 0.052571 0.637619
vt 0.000000 0.648077
vt 0.055572 0.644865
vt 0.011004 0.674647
vt 0.232184 0.663867
vt 0.229303 0.663867
vt 0.226407 0.745157
vt 0.226750 0.717446
vt 0.229629 0.717457
vt 0.229286 0.745168
vt 0.474425 0.587026
vt 0.477580 0.584918
vt 0.496869 0.604207
vt 0.494761 0.607361
vt 0.463094 0.856833
vt 0.460781 0.856824
vt 0.461107 0.830540
vt 0.463420 0.830549
vt 0.869101 0.965814
vt 0.866787 0.965813
vt 0.461107 0.803464
vt 0.463420 0.803473
vt 0.463420 0.560456
vt 0.467141 0.559716
vt 0.460781 0.779719
vt 0.463094 0.779728
vt 0.463420 0.531698
vt 0.467141 0.532438
vt 0.226750 0.688901
vt 0.226407 0.663867
vt 0.229286 0.663878
vt 0.229629 0.688912
vt 0.061117 0.650410
vt 0.031338 0.694982
vt 0.068362 0.653412
vt 0.057905 0.705988
vt 0.829709 0.522665
vt 0.829711 0.529949
vt 0.826831 0.529949
vt 0.826829 0.522665
vt 0.829709 0.514823
vt 0.826829 0.514823
vt 0.800389 0.473014
vt 0.797234 0.470906
vt 0.803827 0.464314
vt 0.805935 0.467469
vt 0.829711 0.507617
vt 0.826831 0.507617
vt 0.812440 0.460746
vt 0.813181 0.464468
vt 0.859598 0.171090
vt 0.861912 0.171090
vt 0.861912 0.180412
vt 0.859598 0.180412
vt 0.859601 0.162523
vt 0.861915 0.162523
vt 0.205473 0.717772
vt 0.207787 0.717772
vt 0.207791 0.724440
vt 0.205477 0.724439
vt 0.821763 0.460746
vt 0.821023 0.464468
vt 0.205471 0.709118
vt 0.207785 0.709119
vt 0.830377 0.464314
vt 0.828269 0.467469
vt 0.857441 0.523667
vt 0.857444 0.529276
vt 0.854564 0.529276
vt 0.854561 0.523667
vt 0.857440 0.516388
vt 0.854559 0.516387
vt 0.083449 0.650410
vt 0.113228 0.694982
vt 0.086661 0.705988
vt 0.076204 0.653412
vt 0.088994 0.644865
vt 0.133561 0.674647
vt 0.222331 0.879237
vt 0.222331 0.850481
vt 0.225211 0.850481
vt 0.225211 0.879237
vt 0.222339 0.824054
vt 0.225219 0.824054
vt 0.521330 0.473787
vt 0.522070 0.477509
vt 0.496869 0.487948
vt 0.494761 0.484793
vt 0.477580 0.507236
vt 0.474425 0.505128
vt 0.232193 0.688934
vt 0.229879 0.688934
vt 0.229886 0.663867
vt 0.232200 0.663867
vt 0.232193 0.716210
vt 0.229879 0.716210
vt 0.607089 0.946132
vt 0.604777 0.946123
vt 0.605099 0.919803
vt 0.607412 0.919812
vt 0.550089 0.473787
vt 0.549349 0.477509
vt 0.605099 0.892744
vt 0.607412 0.892753
vt 0.576658 0.484793
vt 0.574550 0.487948
vt 0.791506 0.786299
vt 0.791506 0.757772
vt 0.794385 0.757783
vt 0.794385 0.786310
vt 0.791166 0.814048
vt 0.794045 0.814059
vt 0.791166 0.732810
vt 0.794045 0.732822
vt 0.596994 0.505128
vt 0.593839 0.507236
vt 0.604438 0.787126
vt 0.604446 0.813834
vt 0.601566 0.813834
vt 0.601557 0.787126
vt 0.607999 0.531698
vt 0.604278 0.532438
vt 0.083449 0.616985
vt 0.113227 0.572414
vt 0.604777 0.869068
vt 0.607089 0.869077
vt 0.869149 0.868629
vt 0.871463 0.868629
vt 0.871471 0.893963
vt 0.869157 0.893963
vt 0.365761 0.591791
vt 0.362607 0.593899
vt 0.343320 0.574610
vt 0.345428 0.571456
vt 0.318121 0.564171
vt 0.318861 0.560450
vt 0.607665 0.813886
vt 0.607665 0.842642
vt 0.604785 0.842642
vt 0.604785 0.813886
vt 0.607657 0.787177
vt 0.604777 0.787177
vt 0.547053 0.344471
vt 0.550089 0.329208
vt 0.576658 0.340213
vt 0.568012 0.353153
vt 0.596994 0.360549
vt 0.584054 0.369195
vt 0.449879 0.624578
vt 0.449365 0.624576
vt 0.449094 0.604828
vt 0.449608 0.604830
vt 0.449094 0.582310
vt 0.449608 0.582312
vt 0.488143 0.627049
vt 0.496676 0.639819
vt 0.484872 0.651623
vt 0.472101 0.643090
vt 0.509103 0.618367
vt 0.512099 0.633431
vt 0.701037 0.748173
vt 0.701551 0.748173
vt 0.701551 0.764865
vt 0.701037 0.764865
vt 0.701032 0.732669
vt 0.701547 0.732669
vt 0.666674 0.763465
vt 0.685536 0.750862
vt 0.691924 0.766285
vt 0.669676 0.770710
vt 0.661129 0.757919
vt 0.673732 0.739058
vt 0.697266 0.807147
vt 0.697266 0.799363
vt 0.700145 0.799374
vt 0.700145 0.807158
vt 0.697360 0.813974
vt 0.700239 0.813985
vt 0.840086 0.139899
vt 0.840827 0.136178
vt 0.849439 0.139746
vt 0.847331 0.142901
vt 0.856031 0.146338
vt 0.852876 0.148446
vt 0.598677 0.713160
vt 0.598675 0.705877
vt 0.601555 0.705877
vt 0.601558 0.713160
vt 0.832245 0.139899
vt 0.831504 0.136178
vt 0.598677 0.721002
vt 0.601558 0.721002
vt 0.825000 0.142901
vt 0.822892 0.139746
vt 0.691924 0.782979
vt 0.669676 0.778553
vt 0.685536 0.798402
vt 0.666674 0.785799
vt 0.225621 0.690095
vt 0.226135 0.690095
vt 0.226142 0.702034
vt 0.225628 0.702034
vt 0.701547 0.780205
vt 0.701032 0.780205
vt 0.531789 0.618367
vt 0.528793 0.633431
vt 0.552749 0.627049
vt 0.544216 0.639819
vt 0.450486 0.674334
vt 0.449972 0.674334
vt 0.449965 0.653265
vt 0.450480 0.653265
vt 0.450486 0.697019
vt 0.449972 0.697019
vt 0.592736 0.390154
vt 0.607999 0.387118
vt 0.607999 0.415877
vt 0.592736 0.412841
vt 0.607657 0.869068
vt 0.229287 0.561408
vt 0.229299 0.581975
vt 0.226419 0.581975
vt 0.226407 0.561408
vt 0.290105 0.560450
vt 0.290845 0.564171
vt 0.265646 0.574610
vt 0.263538 0.571456
vt 0.229303 0.608669
vt 0.226423 0.608668
vt 0.246359 0.593899
vt 0.243205 0.591791
vt 0.235921 0.619101
vt 0.232200 0.618361
vt 0.229299 0.637426
vt 0.226419 0.637425
vt 0.596994 0.442446
vt 0.584054 0.433800
vt 0.576658 0.462782
vt 0.568012 0.449842
vt 0.226138 0.583300
vt 0.225624 0.583298
vt 0.225892 0.561408
vt 0.226407 0.561410
vt 0.450480 0.717866
vt 0.449965 0.717866
vt 0.568791 0.643090
vt 0.556020 0.651623
vt 0.577472 0.664050
vt 0.562409 0.667046
vt 0.226145 0.717529
vt 0.225631 0.717529
vt 0.226142 0.734222
vt 0.225628 0.734222
vt 0.661129 0.791344
vt 0.673732 0.810206
vt 0.658309 0.816594
vt 0.653883 0.794346
vt 0.598675 0.728209
vt 0.601555 0.728209
vt 0.818002 0.515184
vt 0.818095 0.507617
vt 0.820974 0.507628
vt 0.820881 0.515195
vt 0.819455 0.148446
vt 0.816300 0.146338
vt 0.816454 0.155692
vt 0.812733 0.154952
vt 0.816454 0.163534
vt 0.812733 0.164275
vt 0.818002 0.522963
vt 0.820881 0.522975
vt 0.819455 0.170780
vt 0.816300 0.172888
vt 0.818095 0.529771
vt 0.820974 0.529782
vt 0.641615 0.816594
vt 0.646040 0.794346
vt 0.626192 0.810206
vt 0.638795 0.791344
vt 0.449680 0.671766
vt 0.449166 0.671764
vt 0.449365 0.655679
vt 0.449879 0.655681
vt 0.226135 0.749571
vt 0.225621 0.749570
vt 0.577472 0.686737
vt 0.562409 0.683740
vt 0.568791 0.707696
vt 0.556020 0.699163
vt 0.226138 0.605804
vt 0.225624 0.605802
vt 0.226407 0.625495
vt 0.225892 0.625493
vt 0.547053 0.458524
vt 0.550089 0.473787
vt 0.521330 0.473787
vt 0.524366 0.458524
vt 0.229287 0.663867
vt 0.226407 0.663867
vt 0.604777 0.787166
vt 0.605120 0.759455
vt 0.607999 0.759466
vt 0.607656 0.787177
vt 0.232200 0.647119
vt 0.235921 0.646379
vt 0.246359 0.671581
vt 0.243205 0.673689
vt 0.605120 0.730910
vt 0.607999 0.730921
vt 0.265646 0.690869
vt 0.263538 0.694024
vt 0.604777 0.705877
vt 0.607656 0.705888
vt 0.290845 0.701308
vt 0.290105 0.705030
vt 0.494761 0.462782
vt 0.503407 0.449842
vt 0.474425 0.442446
vt 0.487365 0.433800
vt 0.225624 0.646341
vt 0.226139 0.646341
vt 0.226139 0.669026
vt 0.225624 0.669026
vt 0.226145 0.690095
vt 0.225631 0.690095
vt 0.552749 0.723738
vt 0.544216 0.710968
vt 0.531789 0.732420
vt 0.528793 0.717356
vt 0.449365 0.639109
vt 0.449879 0.639111
vt 0.449166 0.624578
vt 0.449680 0.624579
vt 0.633249 0.785799
vt 0.614388 0.798402
vt 0.607999 0.782979
vt 0.630248 0.778553
vt 0.832592 0.522665
vt 0.832594 0.529949
vt 0.829714 0.529949
vt 0.829711 0.522665
vt 0.832592 0.514823
vt 0.829711 0.514823
vt 0.832245 0.179327
vt 0.831505 0.183048
vt 0.822892 0.179481
vt 0.825000 0.176326
vt 0.832594 0.507617
vt 0.829714 0.507617
vt 0.840087 0.179327
vt 0.840827 0.183048
vt 0.811294 0.178646
vt 0.811297 0.184255
vt 0.808417 0.184254
vt 0.808413 0.178646
vt 0.847331 0.176326
vt 0.849439 0.179480
vt 0.607999 0.766285
vt 0.630248 0.770711
vt 0.614387 0.750862
vt 0.633249 0.763465
vt 0.701028 0.764702
vt 0.700513 0.764702
vt 0.700513 0.748009
vt 0.701028 0.748009
vt 0.701032 0.780205
vt 0.700518 0.780205
vt 0.509103 0.732420
vt 0.512099 0.717356
vt 0.488143 0.723738
vt 0.496676 0.710968
vt 0.225631 0.625495
vt 0.226145 0.625495
vt 0.450107 0.625051
vt 0.450621 0.625051
vt 0.450630 0.641276
vt 0.450116 0.641276
vt 0.478683 0.412841
vt 0.463420 0.415877
vt 0.463420 0.387118
vt 0.478683 0.390154
vt 0.225227 0.905945
vt 0.225219 0.879237
vt 0.228100 0.879237
vt 0.228108 0.905945
vt 0.225219 0.850481
vt 0.228100 0.850481
vt 0.318861 0.705030
vt 0.318121 0.701308
vt 0.343320 0.690869
vt 0.345428 0.694024
vt 0.232200 0.741543
vt 0.229886 0.741543
vt 0.225227 0.824054
vt 0.228108 0.824054
vt 0.362607 0.671581
vt 0.365761 0.673689
vt 0.601557 0.787114
vt 0.601897 0.759365
vt 0.604777 0.759376
vt 0.604437 0.787126
vt 0.373045 0.646379
vt 0.376766 0.647119
vt 0.474425 0.360549
vt 0.487365 0.369195
vt 0.494761 0.340213
vt 0.503407 0.353153
vt 0.450107 0.581309
vt 0.450621 0.581309
vt 0.450618 0.603994
vt 0.450103 0.603994
vt 0.472101 0.707696
vt 0.484872 0.699163
vt 0.463420 0.686736
vt 0.478483 0.683740
vt 0.700518 0.732669
vt 0.701032 0.732669
vt 0.449680 0.718925
vt 0.449166 0.718923
vt 0.449363 0.702815
vt 0.449877 0.702817
vt 0.638795 0.757919
vt 0.626192 0.739058
vt 0.641615 0.732669
vt 0.646040 0.754918
vt 0.811293 0.171367
vt 0.808412 0.171366
vt 0.811294 0.163525
vt 0.808413 0.163524
vt 0.855877 0.163534
vt 0.859598 0.164275
vt 0.856031 0.172888
vt 0.852876 0.170780
vt 0.205473 0.699796
vt 0.207787 0.699796
vt 0.855877 0.155692
vt 0.859598 0.154952
vt 0.205477 0.691224
vt 0.207791 0.691224
vt 0.857556 0.501334
vt 0.859868 0.501343
vt 0.811297 0.156314
vt 0.808417 0.156313
vt 0.697360 0.791806
vt 0.700239 0.791817
vt 0.653883 0.754918
vt 0.658309 0.732669
vt 0.449363 0.686256
vt 0.449877 0.686258
vt 0.449166 0.671766
vt 0.449680 0.671768
vt 0.478483 0.667046
vt 0.463420 0.664050
vt 0.450116 0.560450
vt 0.450630 0.560450
vt 0.449365 0.560450
vt 0.449879 0.560452
vt 0.521330 0.329208
vt 0.524366 0.344471
vt 0.601897 0.730838
vt 0.601557 0.705877
vt 0.604437 0.705888
vt 0.604777 0.730850
vt 0.373045 0.619101
vt 0.376766 0.618361
vt 0.861915 0.189071
vt 0.859601 0.189071
vt 0.222339 0.905945
vt 0.225219 0.905945
vt 0.927736 0.276684
vt 0.932844 0.276685
vt 0.932839 0.289097
vt 0.927730 0.289096
vt 0.924083 0.289055
vt 0.924089 0.276571
vt 0.932837 0.302596
vt 0.927728 0.302596
vt 0.924081 0.302632
vt 0.130481 0.954579
vt 0.135235 0.953637
vt 0.135235 0.969021
vt 0.130481 0.968079
vt 0.129348 0.983234
vt 0.125315 0.980552
vt 0.861305 0.305291
vt 0.856194 0.305271
vt 0.856194 0.290011
vt 0.861305 0.290031
vt 0.861123 0.320136
vt 0.856012 0.320116
vt 0.926679 0.710866
vt 0.855177 0.696619
vt 0.871928 0.656174
vt 0.932565 0.696653
vt 0.869700 0.305339
vt 0.869517 0.320263
vt 0.980225 0.456050
vt 0.980225 0.517713
vt 0.971891 0.516707
vt 0.969880 0.454792
vt 0.701551 0.848192
vt 0.768819 0.820331
vt 0.777378 0.863362
vt 0.704569 0.863362
vt 0.869700 0.289996
vt 0.878817 0.290032
vt 0.878817 0.305374
vt 0.878634 0.320299
vt 0.794378 0.084167
vt 0.783958 0.084212
vt 0.783964 0.040340
vt 0.794384 0.040394
vt 0.777296 0.084208
vt 0.777303 0.040343
vt 0.777321 0.000008
vt 0.783983 -0.000000
vt 0.751928 0.084205
vt 0.751935 0.040339
vt 0.751953 0.000005
vt 0.180468 0.726017
vt 0.205824 0.726113
vt 0.205300 0.768383
vt 0.179944 0.768287
vt 0.173809 0.725984
vt 0.173285 0.768260
vt 0.205300 0.811925
vt 0.179944 0.811829
vt 0.173285 0.811809
vt 0.971044 0.657424
vt 0.981391 0.656174
vt 0.979379 0.718027
vt 0.971044 0.719026
vt 0.768819 0.906394
vt 0.701551 0.878532
vt 0.162878 0.811690
vt 0.162878 0.768239
vt 0.926679 0.726250
vt 0.855177 0.740394
vt 0.144565 0.811539
vt 0.144565 0.768189
vt 0.145087 0.726107
vt 0.163401 0.726058
vt 0.409989 0.351760
vt 0.413297 0.346810
vt 0.445819 0.379335
vt 0.440868 0.382642
vt 0.463420 0.421830
vt 0.457580 0.422992
vt 0.463420 0.467827
vt 0.457580 0.466666
vt 0.794402 0.000144
vt 0.812733 0.000295
vt 0.812714 0.040450
vt 0.445819 0.510323
vt 0.440868 0.507015
vt 0.812708 0.084122
vt 0.413298 0.542848
vt 0.409989 0.537898
vt 0.812714 0.124660
vt 0.794384 0.124800
vt 0.967800 0.869712
vt 0.978174 0.868708
vt 0.976157 0.941017
vt 0.967800 0.941816
vt 0.855639 0.572681
vt 0.916198 0.532122
vt 0.932950 0.572564
vt 0.861526 0.586893
vt 0.932950 0.616336
vt 0.861526 0.602276
vt 0.812733 0.155893
vt 0.794402 0.156107
vt 0.505881 0.732562
vt 0.524212 0.732711
vt 0.524199 0.772842
vt 0.505869 0.772788
vt 0.603457 0.908368
vt 0.603457 0.973825
vt 0.595101 0.973034
vt 0.593084 0.907376
vt 0.495449 0.772736
vt 0.495462 0.732420
vt 0.488788 0.772739
vt 0.488800 0.732429
vt 0.783983 0.156313
vt 0.777321 0.156299
vt 0.777303 0.124927
vt 0.783964 0.124937
vt 0.133725 0.894799
vt 0.066460 0.922658
vt 0.057900 0.879626
vt 0.130708 0.879629
vt 0.066460 0.836594
vt 0.133725 0.864459
vt 0.892328 0.276571
vt 0.901449 0.276571
vt 0.901445 0.290784
vt 0.892324 0.290784
vt 0.901445 0.306250
vt 0.892324 0.306250
vt 0.232676 0.936766
vt 0.239076 0.941043
vt 0.234306 0.952559
vt 0.226757 0.951056
vt 0.234306 0.965022
vt 0.226757 0.966523
vt 0.231888 0.769091
vt 0.231890 0.780660
vt 0.226408 0.780660
vt 0.226407 0.769091
vt 0.231895 0.789574
vt 0.226414 0.789573
vt 0.875510 0.616337
vt 0.875507 0.627790
vt 0.870025 0.627790
vt 0.870029 0.616337
vt 0.239076 0.976538
vt 0.232676 0.980813
vt 0.875507 0.640252
vt 0.870025 0.640252
vt 0.247889 0.985351
vt 0.243613 0.991750
vt 0.901449 0.320615
vt 0.892328 0.320615
vt 0.451164 0.809153
vt 0.460281 0.809187
vt 0.460465 0.822651
vt 0.451349 0.822616
vt 0.460465 0.838003
vt 0.451349 0.837969
vt 0.259405 0.990121
vt 0.257903 0.997669
vt 0.927363 0.458305
vt 0.854560 0.458303
vt 0.863119 0.415271
vt 0.930381 0.443135
vt 0.930381 0.473475
vt 0.863119 0.501334
vt 0.495462 0.857354
vt 0.488800 0.857345
vt 0.488788 0.816604
vt 0.495449 0.816607
vt 0.970951 0.593733
vt 0.970951 0.532122
vt 0.979285 0.533130
vt 0.981296 0.594992
vt 0.823106 0.617978
vt 0.829765 0.617999
vt 0.830283 0.656075
vt 0.823624 0.656060
vt 0.812699 0.617857
vt 0.813216 0.655853
vt 0.463432 0.857345
vt 0.463420 0.816604
vt 0.855121 0.618098
vt 0.855639 0.656174
vt 0.829765 0.574484
vt 0.855121 0.574584
vt 0.823106 0.574457
vt 0.823624 0.532122
vt 0.830283 0.532156
vt 0.855639 0.532255
vt 0.053637 0.538791
vt 0.050335 0.543733
vt 0.017675 0.511073
vt 0.022618 0.507771
vt 0.094166 0.555578
vt 0.093006 0.561408
vt 0.138034 0.555578
vt 0.139194 0.561408
vt 0.829809 0.740788
vt 0.855177 0.740788
vt 0.855165 0.781099
vt 0.829797 0.781099
vt 0.178563 0.538791
vt 0.181866 0.543733
vt 0.829809 0.696923
vt 0.855177 0.696923
vt 0.823147 0.740791
vt 0.823135 0.781109
vt 0.823147 0.696920
vt 0.854559 0.357072
vt 0.921821 0.329208
vt 0.930381 0.372239
vt 0.857577 0.372242
vt 0.969880 0.391868
vt 0.978214 0.392874
vt 0.980225 0.454792
vt 0.969880 0.453534
vt 0.812728 0.696966
vt 0.812728 0.740739
vt 0.447989 0.907871
vt 0.376765 0.893611
vt 0.393517 0.853169
vt 0.453876 0.893658
vt 0.812716 0.780966
vt 0.794385 0.780818
vt 0.794398 0.740685
vt 0.794398 0.697014
vt 0.254749 0.382642
vt 0.249801 0.379335
vt 0.282322 0.346810
vt 0.285628 0.351760
vt 0.324814 0.329208
vt 0.325974 0.335047
vt 0.794385 0.656455
vt 0.812716 0.656312
vt 0.370806 0.329208
vt 0.369643 0.335047
vt 0.163401 0.849796
vt 0.145087 0.849556
vt 0.836230 0.418249
vt 0.854560 0.418194
vt 0.854547 0.460460
vt 0.836217 0.460609
vt 0.836230 0.372153
vt 0.854559 0.372201
vt 0.825696 0.460746
vt 0.825709 0.418299
vt 0.825709 0.372109
vt 0.819035 0.460737
vt 0.819048 0.418296
vt 0.819048 0.372112
vt 0.793667 0.460737
vt 0.793680 0.418296
vt 0.793680 0.372112
vt 0.209583 0.507771
vt 0.214525 0.511073
vt 0.226370 0.467242
vt 0.232200 0.468402
vt 0.829797 0.656183
vt 0.855165 0.656183
vt 0.205824 0.850111
vt 0.180468 0.850015
vt 0.226370 0.423374
vt 0.232200 0.422214
vt 0.173809 0.850001
vt 0.823135 0.656174
vt 0.231708 0.876882
vt 0.304516 0.876878
vt 0.295956 0.919910
vt 0.228691 0.892052
vt 0.228691 0.861712
vt 0.295956 0.833847
vt 0.910570 0.320615
vt 0.901449 0.320615
vt 0.901453 0.306402
vt 0.910575 0.306402
vt 0.901453 0.290936
vt 0.910575 0.290936
vt 0.304516 0.951056
vt 0.296967 0.952559
vt 0.292197 0.941043
vt 0.298597 0.936766
vt 0.283384 0.932230
vt 0.287660 0.925829
vt 0.872846 0.751970
vt 0.872842 0.740395
vt 0.878324 0.740394
vt 0.878328 0.751970
vt 0.802933 0.191544
vt 0.802784 0.180694
vt 0.808263 0.180715
vt 0.808412 0.191565
vt 0.979458 0.387098
vt 0.976112 0.382091
vt 0.983264 0.374939
vt 0.988271 0.378285
vt 0.987134 0.365595
vt 0.993041 0.366770
vt 0.987134 0.355481
vt 0.980211 0.363764
vt 0.969505 0.372202
vt 0.983264 0.346137
vt 0.974083 0.352271
vt 0.961711 0.360538
vt 0.976112 0.338985
vt 0.965810 0.342211
vt 0.953917 0.348874
vt 0.966768 0.335115
vt 0.956654 0.335115
vt 0.947310 0.338985
vt 0.967943 0.329208
vt 0.955479 0.329208
vt 0.943964 0.333978
vt 0.979458 0.333978
vt 0.231890 0.756628
vt 0.226408 0.756628
vt 0.988271 0.342791
vt 0.231895 0.745168
vt 0.226414 0.745168
vt 0.257903 0.919910
vt 0.259405 0.927460
vt 0.247889 0.932230
vt 0.243613 0.925829
vt 0.273370 0.919910
vt 0.271868 0.927460
vt 0.802784 0.168323
vt 0.802933 0.156313
vt 0.808412 0.156334
vt 0.808263 0.168344
vt 0.869517 0.276571
vt 0.878634 0.276607
vt 0.901449 0.276571
vt 0.910570 0.276571
vt 0.993041 0.354306
vt 0.940158 0.346137
vt 0.935150 0.342791
vt 0.943210 0.357312
vt 0.936288 0.355481
vt 0.930381 0.354306
vt 0.936288 0.365595
vt 0.949339 0.368805
vt 0.940158 0.374939
vt 0.930381 0.366770
vt 0.935150 0.378285
vt 0.947310 0.382091
vt 0.943964 0.387098
vt 0.957611 0.378865
vt 0.956654 0.385961
vt 0.955479 0.391868
vt 0.966768 0.385961
vt 0.967943 0.391868
vt 0.872842 0.775886
vt 0.872846 0.764433
vt 0.878328 0.764432
vt 0.878324 0.775886
vt 0.298597 0.980813
vt 0.292197 0.976538
vt 0.296967 0.965022
vt 0.304516 0.966523
vt 0.688018 0.929536
vt 0.678897 0.929535
vt 0.678895 0.915178
vt 0.688016 0.915180
vt 0.678888 0.904117
vt 0.688009 0.904118
vt 0.688016 0.945002
vt 0.678895 0.945001
vt 0.287660 0.991750
vt 0.283384 0.985351
vt 0.921821 0.415271
vt 0.854559 0.387412
vt 0.688009 0.959224
vt 0.678888 0.959222
vt 0.696402 0.959105
vt 0.696408 0.944960
vt 0.980300 0.061655
vt 0.969954 0.062903
vt 0.971965 0.000998
vt 0.980300 0.000000
vt 0.701522 0.944960
vt 0.701516 0.959105
vt 0.447989 0.923255
vt 0.376765 0.937387
vt 0.696410 0.929576
vt 0.701525 0.929577
vt 0.812699 0.574434
vt 0.794385 0.574380
vt 0.794902 0.532239
vt 0.813216 0.532194
vt 0.794385 0.617702
vt 0.238038 0.422992
vt 0.232200 0.421830
vt 0.238038 0.466666
vt 0.232200 0.467827
vt 0.794902 0.655609
vt 0.254749 0.507015
vt 0.249801 0.510323
vt 0.505869 0.816561
vt 0.524199 0.816513
vt 0.524212 0.857073
vt 0.505881 0.857216
vt 0.285628 0.537898
vt 0.282322 0.542848
vt 0.325974 0.554611
vt 0.324814 0.560450
vt 0.369644 0.554611
vt 0.370806 0.560450
vt 0.395108 0.853037
vt 0.376778 0.852894
vt 0.376766 0.810177
vt 0.395095 0.810225
vt 0.323394 0.745276
vt 0.305065 0.745289
vt 0.304516 0.705250
vt 0.322844 0.705148
vt 0.376766 0.764184
vt 0.395095 0.764129
vt 0.376778 0.721917
vt 0.395108 0.721768
vt 0.405629 0.721630
vt 0.405616 0.764079
vt 0.405616 0.810269
vt 0.412290 0.721640
vt 0.412277 0.764082
vt 0.412277 0.810266
vt 0.437658 0.721640
vt 0.437645 0.764082
vt 0.437645 0.810266
vt 0.094166 0.335038
vt 0.093006 0.329208
vt 0.139194 0.329208
vt 0.138034 0.335038
vt 0.053637 0.351825
vt 0.050335 0.346883
vt 0.751953 0.156295
vt 0.751935 0.124923
vt 0.181866 0.346883
vt 0.178563 0.351825
vt 0.022617 0.382845
vt 0.017675 0.379542
vt 0.463420 0.772739
vt 0.463432 0.732429
vt 0.005830 0.423374
vt 0.000000 0.422214
vt 0.005830 0.467242
vt 0.000000 0.468402
vt 0.340023 0.705066
vt 0.365379 0.705162
vt 0.365930 0.745367
vt 0.340575 0.745271
vt 0.365930 0.791211
vt 0.340575 0.791115
vt 0.333365 0.705030
vt 0.333917 0.745240
vt 0.333917 0.791091
vt 0.323394 0.791033
vt 0.305065 0.790944
vt 0.322844 0.835452
vt 0.304516 0.835264
vt 0.333365 0.835601
vt 0.187115 0.725849
vt 0.176595 0.725984
vt 0.176615 0.683512
vt 0.187135 0.683463
vt 0.205465 0.683411
vt 0.205445 0.725703
vt 0.340023 0.835619
vt 0.169933 0.725974
vt 0.169953 0.683507
vt 0.365379 0.835716
vt 0.144565 0.725971
vt 0.144585 0.683504
vt 0.169960 0.637323
vt 0.176621 0.637321
vt 0.144592 0.637319
vt 0.169953 0.594452
vt 0.176615 0.594444
vt 0.144585 0.594448
vt 0.187142 0.637367
vt 0.187135 0.594578
vt 0.205471 0.637417
vt 0.205465 0.594723
vt 0.187115 0.561610
vt 0.205445 0.561829
vt 0.176595 0.561408
vt 0.169933 0.561421
vt 0.144565 0.561417
vt 0.412290 0.853160
vt 0.405629 0.853169
vt 0.437658 0.853160
vt 0.108369 0.791929
vt 0.133725 0.792028
vt 0.133179 0.836594
vt 0.107823 0.836495
vt 0.214525 0.379542
vt 0.209583 0.382845
vt 0.108369 0.746114
vt 0.133725 0.746213
vt 0.101711 0.746082
vt 0.101711 0.791904
vt 0.101165 0.836476
vt 0.091188 0.746118
vt 0.091188 0.791846
vt 0.090643 0.836327
vt 0.072859 0.791756
vt 0.072859 0.746130
vt 0.072315 0.836138
vt 0.072315 0.706206
vt 0.090643 0.706106
vt 0.101165 0.705988
vt 0.836217 0.329340
vt 0.854547 0.329483
vt 0.825696 0.329208
vt 0.819035 0.329217
vt 0.107823 0.706025
vt 0.793667 0.329217
vt 0.133179 0.706124
vt 0.144565 0.890648
vt 0.204958 0.850111
vt 0.221710 0.890552
vt 0.150452 0.904859
vt 0.221710 0.934326
vt 0.150452 0.920243
vt 0.442954 0.822651
vt 0.437842 0.822632
vt 0.437658 0.809240
vt 0.442770 0.809259
vt 0.442954 0.837921
vt 0.437842 0.837902
vt 0.089800 0.995264
vt 0.088876 1.000000
vt 0.074664 0.994113
vt 0.077329 0.990098
vt 0.063787 0.983234
vt 0.067784 0.980552
vt 0.867730 0.752912
vt 0.872839 0.752912
vt 0.872839 0.766411
vt 0.867730 0.766411
vt 0.872842 0.778948
vt 0.867734 0.778948
vt 0.860443 0.778604
vt 0.855337 0.778584
vt 0.855177 0.766866
vt 0.860283 0.766886
vt 0.057900 0.969021
vt 0.062618 0.968079
vt 0.855177 0.753475
vt 0.860283 0.753495
vt 0.057900 0.953637
vt 0.062618 0.954579
vt 0.442770 0.852745
vt 0.437658 0.852725
vt 0.855337 0.740449
vt 0.860443 0.740469
vt 0.063787 0.939424
vt 0.067784 0.942107
vt 0.863922 0.753495
vt 0.863922 0.766963
vt 0.864083 0.740394
vt 0.304516 0.950576
vt 0.317646 0.953193
vt 0.317646 0.961538
vt 0.304516 0.964154
vt 0.309711 0.938032
vt 0.320839 0.945483
vt 0.226411 0.803287
vt 0.231750 0.803288
vt 0.231749 0.811633
vt 0.226410 0.811632
vt 0.231746 0.819305
vt 0.226407 0.819305
vt 0.753346 0.173399
vt 0.751928 0.173117
vt 0.755121 0.165408
vt 0.756323 0.166211
vt 0.753346 0.181180
vt 0.751928 0.181462
vt 0.761824 0.160709
vt 0.760704 0.169550
vt 0.761676 0.179523
vt 0.769013 0.157731
vt 0.770797 0.166705
vt 0.772903 0.177290
vt 0.775008 0.187875
vt 0.764594 0.189109
vt 0.756323 0.188369
vt 0.776793 0.196849
vt 0.769013 0.196849
vt 0.761824 0.193871
vt 0.768731 0.198266
vt 0.761022 0.195073
vt 0.777075 0.198266
vt 0.460781 0.787004
vt 0.455445 0.786983
vt 0.455345 0.779719
vt 0.460682 0.779740
vt 0.815029 0.531379
vt 0.809690 0.531379
vt 0.809688 0.523629
vt 0.815027 0.523629
vt 0.319311 0.986298
vt 0.326740 0.975148
vt 0.334449 0.978342
vt 0.331853 0.991494
vt 0.342793 0.978342
vt 0.345430 0.991494
vt 0.864083 0.752871
vt 0.864087 0.740394
vt 0.867734 0.740507
vt 0.864083 0.766447
vt 0.872842 0.740507
vt 0.927730 0.315126
vt 0.932839 0.315127
vt 0.932844 0.324782
vt 0.927736 0.324781
vt 0.924089 0.324944
vt 0.924083 0.315234
vt 0.115770 0.990098
vt 0.118471 0.994113
vt 0.104259 1.000000
vt 0.103299 0.995264
vt 0.883931 0.306212
vt 0.878817 0.306212
vt 0.878817 0.290829
vt 0.883931 0.290829
vt 0.883936 0.320499
vt 0.878821 0.320499
vt 0.878821 0.276692
vt 0.883936 0.276692
vt 0.357972 0.986298
vt 0.350502 0.975148
vt 0.356402 0.969247
vt 0.367572 0.976698
vt 0.809688 0.515285
vt 0.815027 0.515285
vt 0.809690 0.507617
vt 0.815029 0.507617
vt 0.783981 0.193871
vt 0.784784 0.195073
vt 0.789482 0.188369
vt 0.790684 0.189172
vt 0.785101 0.185030
vt 0.792460 0.181180
vt 0.784129 0.175057
vt 0.792460 0.173399
vt 0.793877 0.173117
vt 0.793877 0.181462
vt 0.809688 0.523158
vt 0.804352 0.523137
vt 0.804352 0.514860
vt 0.809688 0.514881
vt 0.809590 0.531210
vt 0.804253 0.531190
vt 0.372767 0.964154
vt 0.359595 0.961538
vt 0.359595 0.953193
vt 0.372767 0.950576
vt 0.804253 0.507617
vt 0.809590 0.507638
vt 0.356402 0.945483
vt 0.367572 0.938032
vt 0.799144 0.156389
vt 0.802784 0.156313
vt 0.802622 0.169396
vt 0.798983 0.169397
vt 0.350502 0.939582
vt 0.357972 0.928432
vt 0.802622 0.182873
vt 0.798983 0.182797
vt 0.793877 0.182777
vt 0.793877 0.169378
vt 0.794038 0.156369
vt 0.115770 0.932561
vt 0.118471 0.928545
vt 0.129348 0.939424
vt 0.125315 0.942106
vt 0.918963 0.276687
vt 0.924077 0.276687
vt 0.924081 0.290975
vt 0.918967 0.290975
vt 0.856012 0.276658
vt 0.861123 0.276678
vt 0.103299 0.927394
vt 0.104259 0.922658
vt 0.924081 0.306358
vt 0.918967 0.306358
vt 0.927381 0.247144
vt 0.856012 0.232799
vt 0.872764 0.192359
vt 0.933268 0.232932
vt 0.842554 0.526572
vt 0.840537 0.460746
vt 0.850910 0.461738
vt 0.850910 0.527362
vt 0.927381 0.262527
vt 0.856012 0.276571
vt 0.924077 0.320494
vt 0.918963 0.320494
vt 0.696408 0.915297
vt 0.696402 0.904295
vt 0.701516 0.904295
vt 0.701522 0.915297
vt 0.463420 0.718960
vt 0.453134 0.720583
vt 0.453134 0.654564
vt 0.461420 0.653265
vt 0.077329 0.932561
vt 0.074664 0.928545
vt 0.088876 0.922658
vt 0.089800 0.927394
vt 0.860751 0.642481
vt 0.855643 0.642481
vt 0.855643 0.628982
vt 0.860751 0.628982
vt 0.855639 0.616445
vt 0.860748 0.616445
vt 0.864399 0.628946
vt 0.864399 0.642522
vt 0.864395 0.616337
vt 0.331853 0.923236
vt 0.334449 0.936389
vt 0.326740 0.939582
vt 0.319311 0.928432
vt 0.345430 0.923236
vt 0.342793 0.936389
vt 0.691927 0.807900
vt 0.697266 0.807900
vt 0.697264 0.815568
vt 0.691925 0.815568
vt 0.226407 0.789574
vt 0.231746 0.789575
vt 0.231749 0.795542
vt 0.226410 0.795542
vt 0.768731 0.156313
vt 0.777075 0.156313
vt 0.776793 0.157731
vt 0.761022 0.159507
vt 0.781211 0.165471
vt 0.783981 0.160709
vt 0.789482 0.166211
vt 0.784784 0.159507
vt 0.790684 0.165408
vt 0.691925 0.791806
vt 0.697264 0.791806
vt 0.697266 0.799556
vt 0.691927 0.799556
vt 0.802784 0.194691
vt 0.799144 0.194548
vt 0.864395 0.654999
vt 0.860748 0.654887
vt 0.794038 0.194529
vt 0.855639 0.654887
vt 0.309711 0.976698
vt 0.320839 0.969247
vt 0.864087 0.779057
vt 0.864083 0.778748
vt 0.460682 0.803328
vt 0.455345 0.803307
vt 0.455445 0.795266
vt 0.460781 0.795287
vt 0.755121 0.189172
vt 0.451164 0.852872
vt 0.969954 0.073164
vt 0.959585 0.074168
vt 0.961601 0.000800
vt 0.969954 0.000000
vt 0.460281 0.852907
vt 0.271868 0.990121
vt 0.273370 0.997669
vt 0.864546 0.651545
vt 0.864399 0.640726
vt 0.869878 0.640748
vt 0.870025 0.651566
vt 0.864399 0.628363
vt 0.869878 0.628384
vt 0.864546 0.616337
vt 0.870025 0.616358
vt 0.875510 0.651828
vt 0.870028 0.651828
vt 0.974328 0.868588
vt 0.966470 0.868618
vt 0.968212 0.824319
vt 0.976132 0.824314
vt 0.160410 0.934326
vt 0.168331 0.934326
vt 0.168331 0.993463
vt 0.160410 0.993463
vt 0.964055 0.824881
vt 0.956167 0.824882
vt 0.958548 0.781109
vt 0.966470 0.781109
vt 0.980300 0.000000
vt 0.988222 0.000001
vt 0.988222 0.059136
vt 0.980300 0.059136
vt 0.600079 0.662657
vt 0.607999 0.662652
vt 0.603558 0.705846
vt 0.595700 0.705877
vt 0.786558 0.776023
vt 0.778637 0.776027
vt 0.782988 0.732840
vt 0.790851 0.732810
vt 0.152488 0.934326
vt 0.160410 0.934326
vt 0.160410 0.993457
vt 0.152488 0.993457
vt 0.986888 0.778161
vt 0.978967 0.778160
vt 0.978967 0.719026
vt 0.986888 0.719027
vt 0.963156 0.699921
vt 0.971044 0.699921
vt 0.968688 0.743694
vt 0.960766 0.743694
vt 0.625610 0.138382
vt 0.658383 0.131862
vt 0.658383 0.197346
vt 0.625610 0.190826
vt 0.633326 0.257845
vt 0.605542 0.239278
vt 0.587027 0.304148
vt 0.568462 0.276362
vt 0.526534 0.329208
vt 0.520015 0.296431
vt 0.461057 0.329208
vt 0.467576 0.296431
vt 0.400564 0.304148
vt 0.419129 0.276362
vt 0.354265 0.257845
vt 0.382049 0.239278
vt 0.329208 0.197346
vt 0.361981 0.190826
vt 0.329208 0.131862
vt 0.361981 0.138382
vt 0.354265 0.071363
vt 0.382049 0.089930
vt 0.400564 0.025059
vt 0.419128 0.052846
vt 0.461057 0.000000
vt 0.467576 0.032777
vt 0.526534 0.000000
vt 0.520015 0.032777
vt 0.587027 0.025059
vt 0.568462 0.052846
vt 0.633326 0.071363
vt 0.605542 0.089930
vt 0.700833 0.454861
vt 0.703481 0.457808
vt 0.703498 0.512727
vt 0.700851 0.515675
vt 0.747244 0.471970
vt 0.747245 0.474778
vt 0.700815 0.529906
vt 0.698168 0.526990
vt 0.698184 0.472650
vt 0.700833 0.469734
vt 0.654413 0.514899
vt 0.654414 0.511868
vt 0.607999 0.532122
vt 0.610683 0.534895
vt 0.611390 0.586371
vt 0.608781 0.589124
vt 0.654665 0.546216
vt 0.654693 0.549127
vt 0.698185 0.466561
vt 0.698185 0.407429
vt 0.700833 0.404256
vt 0.654427 0.452353
vt 0.654427 0.449193
vt 0.611427 0.592283
vt 0.611427 0.650981
vt 0.608781 0.654121
vt 0.655245 0.606279
vt 0.655235 0.609452
vt 0.698184 0.401309
vt 0.698168 0.346388
vt 0.700815 0.343441
vt 0.654422 0.387147
vt 0.654421 0.384339
vt 0.611390 0.657188
vt 0.610683 0.714170
vt 0.607999 0.717218
vt 0.655031 0.671753
vt 0.654984 0.674705
vt 0.659157 0.056837
vt 0.661803 0.059995
vt 0.661803 0.118655
vt 0.659157 0.121793
vt 0.705621 0.073975
vt 0.705610 0.077147
vt 0.658383 0.000000
vt 0.661067 0.002765
vt 0.661766 0.054093
vt 0.705046 0.014045
vt 0.705074 0.016949
vt 0.794367 0.732809
vt 0.791720 0.729892
vt 0.791737 0.675519
vt 0.794385 0.672601
vt 0.747966 0.717789
vt 0.747966 0.714757
vt 0.661766 0.124865
vt 0.661067 0.181926
vt 0.658383 0.184978
vt 0.705409 0.139442
vt 0.705362 0.142400
vt 0.791738 0.669428
vt 0.791738 0.610295
vt 0.794385 0.607122
vt 0.747980 0.655216
vt 0.747979 0.652056
vt 0.700851 0.329209
vt 0.703498 0.332125
vt 0.703481 0.386466
vt 0.700833 0.389382
vt 0.747252 0.344216
vt 0.747252 0.347248
vt 0.791737 0.604176
vt 0.791720 0.549286
vt 0.794367 0.546340
vt 0.747974 0.590018
vt 0.747973 0.587212
vt 0.703481 0.392556
vt 0.703481 0.451687
vt 0.747239 0.406764
vt 0.747239 0.409924
vt 0.453134 0.700096
vt 0.450486 0.697824
vt 0.450486 0.655533
vt 0.453134 0.653265
vt 0.453071 0.606847
vt 0.450630 0.606846
vt 0.461205 0.563096
vt 0.463420 0.560450
vt 0.692647 0.860368
vt 0.685080 0.860366
vt 0.694245 0.816594
vt 0.701525 0.816597
vt 0.983194 0.087477
vt 0.991116 0.087476
vt 0.991116 0.146610
vt 0.983194 0.146611
vt 0.784946 0.864104
vt 0.777379 0.864102
vt 0.786542 0.820331
vt 0.793822 0.820333
vt 0.980225 0.391868
vt 0.988147 0.391869
vt 0.988147 0.451000
vt 0.980225 0.451000
vt 0.152488 0.993457
vt 0.144565 0.993457
vt 0.144565 0.934326
vt 0.152487 0.934326
vt 0.588016 0.662656
vt 0.595266 0.662559
vt 0.584348 0.705846
vt 0.577472 0.705967
vt 0.941422 0.699923
vt 0.948992 0.699925
vt 0.939849 0.743697
vt 0.932565 0.743694
vt 0.989312 0.715311
vt 0.981391 0.715310
vt 0.981391 0.656174
vt 0.989312 0.656175
vt 0.215081 0.692236
vt 0.207815 0.692334
vt 0.218658 0.649053
vt 0.225553 0.648932
vt 0.986096 0.986979
vt 0.978174 0.986979
vt 0.978174 0.927843
vt 0.986096 0.927843
vt 0.211565 0.605180
vt 0.205471 0.605176
vt 0.220024 0.561408
vt 0.225553 0.561412
vt 0.986923 0.251493
vt 0.979001 0.251494
vt 0.979001 0.192360
vt 0.986923 0.192359
vt 0.947785 0.435618
vt 0.954789 0.435615
vt 0.959578 0.479388
vt 0.952224 0.479391
vt 0.988147 0.510133
vt 0.980225 0.510132
vt 0.980225 0.451000
vt 0.988147 0.451001
vt 0.979001 0.251497
vt 0.986923 0.251496
vt 0.986923 0.310628
vt 0.979001 0.310628
vt 0.970951 0.575390
vt 0.963581 0.575300
vt 0.960777 0.532122
vt 0.968411 0.532188
vt 0.960982 0.236631
vt 0.968367 0.236719
vt 0.971079 0.279902
vt 0.963434 0.279838
vt 0.978174 0.868708
vt 0.986096 0.868709
vt 0.986096 0.927843
vt 0.978174 0.927842
vt 0.960777 0.575895
vt 0.953768 0.575897
vt 0.949004 0.532124
vt 0.956361 0.532122
vt 0.991976 0.840245
vt 0.984055 0.840245
vt 0.984055 0.781109
vt 0.991976 0.781109
vt 0.960766 0.699947
vt 0.953757 0.699949
vt 0.948992 0.656176
vt 0.956349 0.656174
vt 0.978874 0.594993
vt 0.986795 0.594992
vt 0.986795 0.654128
vt 0.978874 0.654129
vt 0.967467 0.435641
vt 0.959578 0.435642
vt 0.961958 0.391868
vt 0.969880 0.391868
vt 0.989219 0.591254
vt 0.981296 0.591254
vt 0.981296 0.532123
vt 0.989219 0.532122
vt 0.607353 0.187224
vt 0.607353 0.141986
vt 0.590043 0.100192
vt 0.558058 0.068203
vt 0.516268 0.050892
vt 0.471034 0.050892
vt 0.429244 0.068203
vt 0.397259 0.100192
vt 0.379949 0.141986
vt 0.379949 0.187224
vt 0.397259 0.229018
vt 0.429244 0.261007
vt 0.471034 0.278318
vt 0.516268 0.278318
vt 0.558058 0.261007
vt 0.590043 0.229018
vt 0.959879 0.868708
vt 0.967800 0.868708
vt 0.963986 0.912455
vt 0.956097 0.912456
vt 0.957594 0.087476
vt 0.965515 0.087476
vt 0.961700 0.131223
vt 0.953811 0.131224
vt 0.133940 0.705988
vt 0.141220 0.705990
vt 0.144565 0.749737
vt 0.136998 0.749735
vt 0.956167 0.868588
vt 0.949291 0.868708
vt 0.943908 0.824431
vt 0.951158 0.824333
vt 0.957176 0.279880
vt 0.949255 0.279880
vt 0.953094 0.236133
vt 0.960982 0.236132
vt 0.967408 0.087506
vt 0.975271 0.087476
vt 0.973436 0.131781
vt 0.965515 0.131785
vt 0.365930 0.705030
vt 0.373210 0.705032
vt 0.376557 0.748779
vt 0.368990 0.748777
vt 0.938284 0.087476
vt 0.943813 0.087480
vt 0.953811 0.131229
vt 0.947718 0.131225
vt 0.941370 0.532122
vt 0.949004 0.532188
vt 0.940320 0.576428
vt 0.932950 0.576338
vt 0.445012 0.809151
vt 0.437658 0.809153
vt 0.448074 0.765404
vt 0.455078 0.765401
vt 0.217862 0.736534
vt 0.225219 0.736531
vt 0.214824 0.780280
vt 0.207815 0.780283
vt 0.053873 0.836694
vt 0.043819 0.876724
vt 0.002794 0.876699
vt 0.017056 0.836666
vt 0.867669 0.782969
vt 0.851007 0.823007
vt 0.798186 0.823011
vt 0.814602 0.782969
vt 0.611451 0.989774
vt 0.627786 0.949737
vt 0.674563 0.949732
vt 0.660834 0.989775
vt 0.863191 0.870489
vt 0.848744 0.910527
vt 0.797954 0.910532
vt 0.814545 0.870489
vt 0.611800 0.902254
vt 0.628465 0.862216
vt 0.681280 0.862212
vt 0.664869 0.902254
vt 0.869077 0.085623
vt 0.885435 0.045533
vt 0.934798 0.045720
vt 0.920377 0.085613
vt 0.875069 0.866768
vt 0.889527 0.826731
vt 0.940338 0.826726
vt 0.923744 0.866769
vt 0.527607 0.993843
vt 0.540988 0.953509
vt 0.589688 0.952862
vt 0.573514 0.993027
vt 0.528012 0.905522
vt 0.544444 0.865433
vt 0.597513 0.865615
vt 0.580620 0.905513
vt 0.933941 0.089329
vt 0.917605 0.129419
vt 0.868342 0.129231
vt 0.882711 0.089339
vt 0.371122 0.837576
vt 0.354782 0.877614
vt 0.307970 0.877618
vt 0.321712 0.837576
vt 0.597535 0.734273
vt 0.581086 0.774362
vt 0.528013 0.774179
vt 0.544892 0.734283
vt 0.774835 0.734671
vt 0.758174 0.774709
vt 0.705352 0.774713
vt 0.721768 0.734671
vt 0.767195 0.908306
vt 0.753763 0.948641
vt 0.704956 0.949287
vt 0.721153 0.909124
vt 0.940275 0.870489
vt 0.925828 0.910527
vt 0.875039 0.910532
vt 0.891630 0.870489
vt 0.457607 0.943014
vt 0.473947 0.902976
vt 0.520757 0.902971
vt 0.507016 0.943014
vt 0.698165 0.532121
vt 0.654412 0.517340
vt 0.747244 0.468810
vt 0.747952 0.534928
vt 0.747951 0.532122
vt 0.747239 0.403733
vt 0.747975 0.593178
vt 0.704490 0.197521
vt 0.704443 0.200479
vt 0.747979 0.658248
vt 0.705593 0.071070
vt 0.705419 0.136269
vt 0.654103 0.729717
vt 0.654056 0.732669
vt 0.654400 0.332016
vt 0.654399 0.329208
vt 0.655041 0.668580
vt 0.654422 0.390307
vt 0.655217 0.603369
vt 0.654426 0.455384
vt 0.747266 0.527099
vt 0.747267 0.529907
vt 0.940913 0.279902
vt 0.933268 0.279838
vt 0.941870 0.235602
vt 0.949255 0.235690
vt 0.940427 0.391870
vt 0.947785 0.391868
vt 0.937390 0.435617
vt 0.930381 0.435620
vt 0.144545 0.881033
vt 0.137261 0.881030
vt 0.133940 0.837284
vt 0.141510 0.837285
vt 0.943909 0.868829
vt 0.950804 0.868708
vt 0.956097 0.912992
vt 0.948831 0.913090
vt 0.731191 0.244129
vt 0.767325 0.244271
vt 0.767325 0.289144
vt 0.731191 0.289002
vt 0.658923 0.200479
vt 0.695057 0.200616
vt 0.694517 0.244206
vt 0.658383 0.244068
vt 0.767860 0.328409
vt 0.731725 0.328267
vt 0.694517 0.289107
vt 0.658383 0.288970
vt 0.072315 0.834804
vt 0.036164 0.834804
vt 0.036151 0.792791
vt 0.072303 0.792791
vt 0.695057 0.328486
vt 0.658923 0.328349
vt 0.036151 0.747557
vt 0.072303 0.747556
vt 0.232200 0.705030
vt 0.268352 0.705030
vt 0.268364 0.747042
vt 0.232213 0.747042
vt 0.036164 0.705988
vt 0.072315 0.705988
vt 0.268364 0.792276
vt 0.232213 0.792277
vt 0.449094 0.721630
vt 0.412943 0.721625
vt 0.412924 0.689274
vt 0.449075 0.689279
vt 0.268352 0.833846
vt 0.232200 0.833847
vt 0.449075 0.602054
vt 0.412924 0.602049
vt 0.412943 0.560455
vt 0.449094 0.560460
vt 0.412917 0.647284
vt 0.449068 0.647289
vt 0.731725 0.200479
vt 0.767860 0.200620
vt 0.207332 0.691224
vt 0.205471 0.688645
vt 0.205472 0.650466
vt 0.207332 0.648932
vt 0.015392 0.834805
vt -0.000000 0.878557
vt 0.045483 0.878585
vt 0.056668 0.834836
vt 0.871470 0.781109
vt 0.812338 0.781109
vt 0.794385 0.824872
vt 0.853271 0.824867
vt 0.607999 0.991635
vt 0.662890 0.991635
vt 0.678015 0.947872
vt 0.625730 0.947877
vt 0.866760 0.868629
vt 0.812418 0.868629
vt 0.794385 0.912392
vt 0.850871 0.912387
vt 0.608000 0.904115
vt 0.667133 0.904115
vt 0.685080 0.860352
vt 0.626202 0.860356
vt 0.865480 0.087476
vt 0.922545 0.087476
vt 0.938396 0.043866
vt 0.883268 0.043670
vt 0.871499 0.868629
vt 0.925871 0.868629
vt 0.943908 0.824865
vt 0.887400 0.824870
vt 0.524212 0.995755
vt 0.575537 0.994855
vt 0.593084 0.950950
vt 0.538965 0.951681
vt 0.524212 0.907376
vt 0.582872 0.907376
vt 0.601314 0.863761
vt 0.542192 0.863570
vt 0.937532 0.087476
vt 0.880546 0.087476
vt 0.864751 0.131084
vt 0.919769 0.131283
vt 0.374577 0.835716
vt 0.319656 0.835716
vt 0.304516 0.879479
vt 0.356839 0.879474
vt 0.601337 0.732420
vt 0.542639 0.732420
vt 0.524212 0.776032
vt 0.583339 0.776225
vt 0.778636 0.732810
vt 0.719504 0.732810
vt 0.701551 0.776573
vt 0.760438 0.776569
vt 0.770599 0.906394
vt 0.719126 0.907296
vt 0.701551 0.951199
vt 0.755791 0.950469
vt 0.943843 0.868629
vt 0.889503 0.868629
vt 0.871471 0.912392
vt 0.927955 0.912387
vt 0.454153 0.944874
vt 0.509073 0.944874
vt 0.524212 0.901111
vt 0.471890 0.901116
vt 0.974328 0.781109
vt 0.966470 0.781139
vt 0.055456 0.922356
vt 0.055456 0.981493
vt 0.047534 0.981493
vt 0.047534 0.922356
vt 0.966470 0.868629
vt 0.958548 0.868629
vt 0.979001 0.192359
vt 0.979001 0.251496
vt 0.971079 0.251496
vt 0.971079 0.192359
vt 0.595700 0.618398
vt 0.603558 0.618367
vt 0.790851 0.820289
vt 0.782988 0.820318
vt 0.983194 0.087476
vt 0.983194 0.146613
vt 0.975271 0.146613
vt 0.975271 0.087476
vt 0.015845 0.981492
vt 0.015845 0.922356
vt 0.023767 0.922356
vt 0.023767 0.981492
vt 0.960766 0.656174
vt 0.968688 0.656174
vt 0.032777 0.138382
vt 0.032777 0.190826
vt -0.000000 0.197346
vt -0.000000 0.131862
vt 0.052846 0.239278
vt 0.025059 0.257845
vt 0.089930 0.276362
vt 0.071363 0.304148
vt 0.138382 0.296431
vt 0.131862 0.329208
vt 0.190826 0.296431
vt 0.197346 0.329208
vt 0.239278 0.276362
vt 0.257845 0.304148
vt 0.276362 0.239278
vt 0.304148 0.257844
vt 0.296431 0.190826
vt 0.329208 0.197346
vt 0.296431 0.138382
vt 0.329208 0.131862
vt 0.276362 0.089930
vt 0.304148 0.071363
vt 0.239278 0.052846
vt 0.257844 0.025059
vt 0.190826 0.032777
vt 0.197346 -0.000000
vt 0.138382 0.032777
vt 0.131862 -0.000000
vt 0.089930 0.052846
vt 0.071363 0.025059
vt 0.052846 0.089930
vt 0.025059 0.071363
vt 0.793648 0.454860
vt 0.793667 0.515674
vt 0.791018 0.512727
vt 0.791002 0.457807
vt 0.607999 0.529907
vt 0.608018 0.469735
vt 0.610664 0.472651
vt 0.610648 0.526991
vt 0.700769 0.532475
vt 0.701551 0.589476
vt 0.698867 0.586704
vt 0.698161 0.535227
vt 0.608018 0.404257
vt 0.610665 0.407430
vt 0.610665 0.466562
vt 0.701551 0.654473
vt 0.698905 0.651313
vt 0.698905 0.592616
vt 0.607999 0.343441
vt 0.610648 0.346389
vt 0.610664 0.401310
vt 0.700769 0.717570
vt 0.698161 0.714502
vt 0.698867 0.657521
vt 0.751928 0.057201
vt 0.751928 0.122156
vt 0.749282 0.118998
vt 0.749282 0.060338
vt 0.751154 0.000363
vt 0.749244 0.054436
vt 0.748545 0.003107
vt 0.701551 0.732810
vt 0.701570 0.672602
vt 0.704217 0.675520
vt 0.704200 0.729892
vt 0.751154 0.185341
vt 0.748545 0.182269
vt 0.749244 0.125208
vt 0.701570 0.607123
vt 0.704218 0.610296
vt 0.704218 0.669429
vt 0.793667 0.329208
vt 0.793648 0.389382
vt 0.791002 0.386466
vt 0.791018 0.332124
vt 0.701551 0.546341
vt 0.704200 0.549287
vt 0.704217 0.604177
vt 0.791001 0.451687
vt 0.791001 0.392555
vt 0.850910 0.507577
vt 0.850910 0.460746
vt 0.853558 0.463018
vt 0.853558 0.505309
vt 0.463420 0.653265
vt 0.461205 0.650616
vt 0.701525 0.904117
vt 0.694245 0.904115
vt 0.984054 0.781109
vt 0.984054 0.840245
vt 0.976132 0.840245
vt 0.976132 0.781109
vt 0.793822 0.907853
vt 0.786542 0.907851
vt 0.463420 0.720583
vt 0.463420 0.779719
vt 0.455497 0.779719
vt 0.455497 0.720583
vt 0.970951 0.654129
vt 0.970951 0.594992
vt 0.978874 0.594992
vt 0.978874 0.654129
vt 0.577472 0.618487
vt 0.584348 0.618367
vt 0.932565 0.656174
vt 0.939849 0.656177
vt 0.031689 0.981492
vt 0.031689 0.922356
vt 0.039611 0.922356
vt 0.039611 0.981492
vt 0.225553 0.736411
vt 0.218658 0.736531
vt 0.971079 0.310633
vt 0.971079 0.251496
vt 0.979001 0.251496
vt 0.979001 0.310633
vt 0.225553 0.648932
vt 0.220024 0.648928
vt 0.039611 0.981493
vt 0.039611 0.922356
vt 0.047534 0.922356
vt 0.047534 0.981493
vt 0.952224 0.391870
vt 0.959578 0.391868
vt 0.691925 0.791806
vt 0.691925 0.732669
vt 0.699847 0.732669
vt 0.699847 0.791806
vt 0.978966 0.719026
vt 0.978966 0.778163
vt 0.971044 0.778163
vt 0.971044 0.719026
vt 0.968411 0.619666
vt 0.960777 0.619601
vt 0.963434 0.192359
vt 0.971079 0.192423
vt 0.031689 0.922356
vt 0.031689 0.981492
vt 0.023767 0.981492
vt 0.023767 0.922356
vt 0.956361 0.619642
vt 0.949004 0.619645
vt -0.000000 0.981492
vt -0.000000 0.922356
vt 0.007922 0.922356
vt 0.007922 0.981492
vt 0.956349 0.743694
vt 0.948992 0.743696
vt 0.144545 0.881033
vt 0.144545 0.940169
vt 0.136623 0.940169
vt 0.136623 0.881033
vt 0.969880 0.479388
vt 0.961958 0.479388
vt 0.007922 0.981493
vt 0.007922 0.922356
vt 0.015845 0.922356
vt 0.015844 0.981493
vt 0.050886 0.141984
vt 0.050886 0.187222
vt 0.068198 0.100190
vt 0.100186 0.068202
vt 0.141981 0.050890
vt 0.187219 0.050890
vt 0.229013 0.068202
vt 0.261001 0.100190
vt 0.278313 0.141984
vt 0.278313 0.187222
vt 0.261001 0.229016
vt 0.229013 0.261005
vt 0.187219 0.278316
vt 0.141981 0.278316
vt 0.100186 0.261005
vt 0.068198 0.229017
vt 0.959879 0.956229
vt 0.967800 0.956229
vt 0.957594 0.174996
vt 0.965515 0.174996
vt 0.133940 0.793508
vt 0.141220 0.793510
vt 0.956167 0.781109
vt 0.949291 0.781229
vt 0.957176 0.192359
vt 0.949255 0.192359
vt 0.967408 0.174984
vt 0.975271 0.174954
vt 0.365930 0.792550
vt 0.373210 0.792552
vt 0.938284 0.174996
vt 0.943813 0.175000
vt 0.941370 0.619601
vt 0.949004 0.619666
vt 0.445012 0.721630
vt 0.437658 0.721633
vt 0.217862 0.824054
vt 0.225219 0.824052
vt 0.053873 0.920494
vt 0.017056 0.920466
vt 0.002794 0.880420
vt 0.043819 0.880444
vt 0.867670 0.866769
vt 0.814603 0.866768
vt 0.798186 0.826732
vt 0.851007 0.826728
vt 0.611476 0.905975
vt 0.660859 0.905975
vt 0.674564 0.946011
vt 0.627787 0.946016
vt 0.863217 0.954289
vt 0.814571 0.954288
vt 0.797955 0.914252
vt 0.848745 0.914248
vt 0.611800 0.818455
vt 0.664868 0.818455
vt 0.681280 0.858491
vt 0.628465 0.858496
vt 0.868379 0.001866
vt 0.919679 0.001856
vt 0.934767 0.042001
vt 0.885404 0.041814
vt 0.875042 0.782969
vt 0.923717 0.782969
vt 0.940337 0.823005
vt 0.889526 0.823010
vt 0.527607 0.910083
vt 0.573514 0.909266
vt 0.589688 0.949143
vt 0.540988 0.949790
vt 0.528340 0.821763
vt 0.580948 0.821753
vt 0.597528 0.861896
vt 0.544458 0.861714
vt 0.934661 0.173085
vt 0.883430 0.173096
vt 0.868374 0.132949
vt 0.917637 0.133138
vt 0.371098 0.921376
vt 0.321688 0.921375
vt 0.307969 0.881339
vt 0.354781 0.881334
vt 0.597217 0.818031
vt 0.544574 0.818041
vt 0.527999 0.777898
vt 0.581072 0.778081
vt 0.774836 0.818470
vt 0.721769 0.818470
vt 0.705352 0.778434
vt 0.758174 0.778429
vt 0.767195 0.992065
vt 0.721153 0.992883
vt 0.704956 0.953006
vt 0.753763 0.952360
vt 0.940301 0.954289
vt 0.891656 0.954289
vt 0.875040 0.914252
vt 0.925830 0.914248
vt 0.457632 0.859214
vt 0.507040 0.859214
vt 0.520758 0.899251
vt 0.473948 0.899255
vt 0.610645 0.532122
vt 0.940913 0.192423
vt 0.933268 0.192359
vt 0.940427 0.479391
vt 0.947785 0.479388
vt 0.144545 0.793512
vt 0.137261 0.793510
vt 0.943909 0.956307
vt 0.950804 0.956187
vt 0.803459 0.244412
vt 0.803459 0.289285
vt 0.731191 0.200753
vt 0.730651 0.244343
vt 0.803994 0.328550
vt 0.730651 0.289245
vt 0.000013 0.834805
vt -0.000000 0.792791
vt 0.731191 0.328623
vt -0.000000 0.747557
vt 0.304503 0.705030
vt 0.304516 0.747042
vt 0.000013 0.705988
vt 0.304516 0.792276
vt 0.376791 0.721620
vt 0.376772 0.689269
vt 0.304503 0.833846
vt 0.376772 0.602044
vt 0.376791 0.560450
vt 0.376766 0.647279
vt 0.803994 0.200762
vt 0.205824 0.768276
vt 0.205824 0.725984
vt 0.207684 0.727521
vt 0.207684 0.765700
vt 0.015392 0.922325
vt 0.056668 0.922356
vt 0.871471 0.868629
vt 0.812339 0.868629
vt 0.608025 0.904115
vt 0.662916 0.904115
vt 0.866787 0.956149
vt 0.812446 0.956149
vt 0.607999 0.816594
vt 0.667132 0.816594
vt 0.864751 0.000000
vt 0.921816 0.000000
vt 0.871471 0.781109
vt 0.925843 0.781109
vt 0.524212 0.908276
vt 0.575537 0.907376
vt 0.524554 0.819897
vt 0.583214 0.819897
vt 0.938284 0.174951
vt 0.881298 0.174951
vt 0.374551 0.923236
vt 0.319630 0.923236
vt 0.601004 0.819897
vt 0.542307 0.819897
vt 0.778637 0.820331
vt 0.719505 0.820331
vt 0.770599 0.993872
vt 0.719126 0.994774
vt 0.943871 0.956149
vt 0.889531 0.956149
vt 0.454178 0.857354
vt 0.509098 0.857354
vt 0.366071 0.792552
vt 0.376652 0.792660
vt 0.376511 0.814608
vt 0.365931 0.814500
vt 0.846364 0.028018
vt 0.834321 0.015975
vt 0.858232 -0.000000
vt 0.864751 0.015735
vt 0.588053 0.705968
vt 0.598640 0.705967
vt 0.598640 0.722628
vt 0.588053 0.722630
vt 0.803994 0.208096
vt 0.810512 0.192359
vt 0.834424 0.208337
vt 0.822380 0.220381
vt 0.948982 0.000000
vt 0.948990 0.026709
vt 0.938404 0.026709
vt 0.938396 0.000000
vt 0.948990 0.055465
vt 0.938404 0.055465
vt 0.850401 0.232249
vt 0.834665 0.238767
vt 0.948982 0.081891
vt 0.938396 0.081891
vt 0.856012 0.260455
vt 0.838979 0.260455
vt 0.777379 0.907853
vt 0.787965 0.907853
vt 0.787971 0.928389
vt 0.777385 0.928389
vt 0.376652 0.833858
vt 0.366071 0.833750
vt 0.829765 0.068088
vt 0.812733 0.068087
vt 0.818343 0.039884
vt 0.834079 0.046402
vt 0.787971 0.950500
vt 0.777385 0.950500
vt 0.834079 0.089774
vt 0.818343 0.096291
vt 0.959576 0.000003
vt 0.959585 0.020570
vt 0.948999 0.020567
vt 0.948990 0.000000
vt 0.846364 0.108159
vt 0.834321 0.120201
vt 0.959585 0.047263
vt 0.948999 0.047260
vt 0.959577 0.076020
vt 0.948990 0.076017
vt 0.864751 0.120443
vt 0.858232 0.136178
vt 0.787965 0.970820
vt 0.777379 0.970820
vt 0.577472 0.706055
vt 0.588053 0.705967
vt 0.588053 0.727305
vt 0.577472 0.727393
vt 0.822380 0.300529
vt 0.834424 0.312573
vt 0.810512 0.328550
vt 0.803994 0.312814
vt 0.834665 0.282143
vt 0.850401 0.288661
vt 0.804253 0.521904
vt 0.793667 0.521899
vt 0.793667 0.507617
vt 0.804253 0.507622
s 1
f 2/1/1 111/2/1 4/3/1 1/4/1
f 2/5/2 1/6/3 5/7/3 8/8/2
f 1/4/1 4/3/1 107/9/1 3/10/1
f 1/11/3 3/12/4 7/13/4 5/14/3
f 5/15/5 6/16/5 9/17/5 8/18/5
f 7/19/5 243/20/5 6/16/5 5/15/5
f 8/18/5 9/17/5 13/21/5 10/22/5
f 12/23/6 2/5/2 8/8/2 10/24/6
f 23/25/7 12/23/6 10/24/6 11/26/7
f 10/22/5 13/21/5 15/27/5 11/28/5
f 14/29/6 13/30/6 9/31/2 244/32/2
f 16/33/7 15/34/7 13/30/6 14/29/6
f 18/35/8 17/36/8 15/37/7 16/38/7
f 11/28/5 15/27/5 17/39/5 20/40/5
f 256/41/9 19/42/9 17/36/8 18/35/8
f 20/40/5 17/39/5 19/43/5 21/44/5
f 22/45/8 23/46/7 11/47/7 20/48/8
f 24/49/9 22/45/8 20/48/8 21/50/9
f 22/51/1 25/52/1 26/53/1 23/54/1
f 24/55/1 27/56/1 25/52/1 22/51/1
f 26/57/10 25/58/11 28/59/11 30/60/10
f 25/61/11 27/62/12 29/63/12 28/64/11
f 29/65/5 34/66/5 31/67/5 28/68/5
f 28/68/5 31/67/5 33/69/5 30/70/5
f 32/71/11 31/72/11 34/73/12 35/74/12
f 116/75/10 33/76/10 31/77/11 32/78/11
f 35/74/12 34/73/12 36/79/13 37/80/13
f 39/81/5 36/82/5 34/66/5 29/65/5
f 37/80/13 36/79/13 38/83/4 255/84/4
f 40/85/5 38/86/5 36/82/5 39/81/5
f 41/87/13 42/88/4 40/89/4 39/90/13
f 27/62/12 41/87/13 39/90/13 29/63/12
f 43/91/1 41/92/1 27/56/1 24/55/1
f 44/93/1 42/94/1 41/92/1 43/91/1
f 43/95/14 24/49/9 21/50/9 45/96/14
f 44/97/15 43/98/14 45/99/14 46/100/15
f 21/44/5 19/43/5 47/101/5 45/102/5
f 45/102/5 47/101/5 49/103/5 46/104/5
f 48/105/14 47/106/14 19/42/9 256/41/9
f 50/107/15 49/108/15 47/109/14 48/110/14
f 52/111/16 51/112/16 49/108/15 50/107/15
f 46/104/5 49/103/5 51/113/5 54/114/5
f 254/115/17 53/116/17 51/112/16 52/111/16
f 54/114/5 51/113/5 53/117/5 55/118/5
f 56/119/16 44/97/15 46/100/15 54/120/16
f 57/121/17 56/119/16 54/120/16 55/122/17
f 56/123/1 58/124/1 42/94/1 44/93/1
f 57/125/1 59/126/1 58/124/1 56/123/1
f 42/88/4 58/127/3 60/128/3 40/89/4
f 58/129/3 59/130/2 61/131/2 60/132/3
f 61/133/5 64/134/5 62/135/5 60/136/5
f 60/136/5 62/135/5 38/86/5 40/85/5
f 63/137/3 62/138/3 64/139/2 65/140/2
f 255/84/4 38/83/4 62/141/3 63/142/3
f 65/140/2 64/139/2 66/143/6 67/144/6
f 69/145/5 66/146/5 64/134/5 61/133/5
f 67/144/6 66/143/6 68/147/7 223/148/7
f 70/149/5 68/150/5 66/146/5 69/145/5
f 71/151/6 72/152/7 70/153/7 69/154/6
f 59/130/2 71/151/6 69/154/6 61/131/2
f 73/155/1 71/156/1 59/126/1 57/125/1
f 74/157/1 72/158/1 71/156/1 73/155/1
f 73/159/18 57/160/17 55/161/17 75/162/18
f 74/163/10 73/159/18 75/162/18 77/164/10
f 75/165/5 76/166/5 79/167/5 77/168/5
f 55/118/5 53/117/5 76/166/5 75/165/5
f 89/169/11 74/163/10 77/164/10 78/170/11
f 77/168/5 79/167/5 81/171/5 78/172/5
f 80/173/10 79/174/10 76/175/18 204/176/18
f 82/177/11 81/178/11 79/174/10 80/173/10
f 85/179/12 83/180/12 81/181/11 82/182/11
f 78/172/5 81/171/5 83/183/5 86/184/5
f 240/185/13 84/186/13 83/180/12 85/179/12
f 86/184/5 83/183/5 84/187/5 87/188/5
f 88/189/12 89/190/11 78/191/11 86/192/12
f 90/193/13 88/189/12 86/192/12 87/194/13
f 88/195/1 91/196/1 92/197/1 89/198/1
f 90/199/1 93/200/1 91/196/1 88/195/1
f 92/201/8 91/202/9 94/203/9 96/204/8
f 91/202/9 93/205/14 95/206/14 94/203/9
f 95/207/5 100/208/5 97/209/5 94/210/5
f 94/210/5 97/209/5 99/211/5 96/212/5
f 98/213/9 97/214/9 100/215/14 101/216/14
f 222/217/8 99/218/8 97/214/9 98/213/9
f 101/219/14 100/220/14 102/221/15 104/222/15
f 105/223/5 102/224/5 100/208/5 95/207/5
f 104/222/15 102/221/15 103/225/16 253/226/16
f 106/227/5 103/228/5 102/224/5 105/223/5
f 107/229/15 4/230/16 106/231/16 105/232/15
f 93/233/14 107/229/15 105/232/15 95/234/14
f 3/10/1 107/9/1 93/200/1 90/199/1
f 4/230/16 111/235/17 108/236/17 106/231/16
f 108/237/5 110/238/5 103/228/5 106/227/5
f 111/239/17 112/240/18 109/241/18 108/242/17
f 109/243/5 114/244/5 110/238/5 108/237/5
f 12/245/1 112/246/1 111/2/1 2/1/1
f 112/240/18 26/57/10 30/60/10 109/241/18
f 23/54/1 26/53/1 112/246/1 12/245/1
f 253/226/16 103/225/16 110/247/17 113/248/17
f 113/249/17 110/250/17 114/251/18 115/252/18
f 115/252/18 114/251/18 33/76/10 116/75/10
f 30/70/5 33/69/5 114/244/5 109/243/5
f 119/253/1 113/254/1 115/255/1 117/256/1
f 117/256/1 115/255/1 116/257/1 118/258/1
f 117/259/18 118/260/10 122/261/10 120/262/18
f 119/263/17 117/259/18 120/262/18 121/264/17
f 125/265/5 121/266/5 120/267/5 123/268/5
f 123/268/5 120/267/5 122/269/5 124/270/5
f 124/271/7 128/272/7 126/273/6 123/274/6
f 123/274/6 126/273/6 127/275/2 125/276/2
f 126/277/5 129/278/5 131/279/5 127/280/5
f 128/281/5 130/282/5 129/278/5 126/277/5
f 132/283/18 129/284/18 130/285/10 133/286/10
f 134/287/17 131/288/17 129/284/18 132/283/18
f 135/289/5 132/290/5 133/291/5 137/292/5
f 136/293/5 134/294/5 132/290/5 135/289/5
f 138/295/6 139/296/2 136/297/2 135/298/6
f 140/299/7 138/295/6 135/298/6 137/300/7
f 140/301/1 16/302/1 14/303/1 138/304/1
f 138/304/1 14/303/1 244/305/1 139/306/1
f 141/307/8 140/308/7 137/309/7 143/310/8
f 141/311/1 18/312/1 16/302/1 140/301/1
f 142/313/9 141/307/8 143/310/8 144/314/9
f 142/315/1 256/316/1 18/312/1 141/311/1
f 137/292/5 133/291/5 145/317/5 143/318/5
f 143/318/5 145/317/5 146/319/5 144/320/5
f 145/321/11 147/322/11 148/323/12 146/324/12
f 133/286/10 130/285/10 147/325/11 145/326/11
f 149/327/5 147/328/5 130/282/5 128/281/5
f 150/329/5 148/330/5 147/328/5 149/327/5
f 151/331/8 149/332/8 128/333/7 124/334/7
f 152/335/9 150/336/9 149/332/8 151/331/8
f 151/337/5 153/338/5 154/339/5 152/340/5
f 124/270/5 122/269/5 153/338/5 151/337/5
f 118/260/10 155/341/11 153/247/11 122/261/10
f 155/342/11 156/343/12 154/344/12 153/345/11
f 155/346/1 32/347/1 35/348/1 156/349/1
f 118/258/1 116/257/1 32/347/1 155/346/1
f 156/343/12 157/350/13 159/351/13 154/344/12
f 156/349/1 35/348/1 37/352/1 157/353/1
f 157/353/1 37/352/1 255/354/1 158/355/1
f 157/350/13 158/356/4 160/357/4 159/351/13
f 152/340/5 154/339/5 159/358/5 161/359/5
f 161/359/5 159/358/5 160/360/5 162/361/5
f 162/362/15 164/363/15 163/364/14 161/365/14
f 161/366/14 163/367/14 150/336/9 152/335/9
f 163/368/5 165/369/5 148/330/5 150/329/5
f 164/370/5 166/371/5 165/369/5 163/368/5
f 146/324/12 148/323/12 165/372/13 167/373/13
f 167/373/13 165/372/13 166/374/4 168/375/4
f 169/376/5 167/377/5 168/378/5 170/379/5
f 144/320/5 146/319/5 167/377/5 169/376/5
f 171/380/14 142/313/9 144/314/9 169/381/14
f 172/382/15 171/383/14 169/384/14 170/385/15
f 171/386/1 48/387/1 256/316/1 142/315/1
f 172/388/1 50/389/1 48/387/1 171/386/1
f 173/390/1 52/391/1 50/389/1 172/388/1
f 173/392/16 172/382/15 170/385/15 175/393/16
f 174/394/1 254/395/1 52/391/1 173/390/1
f 174/396/17 173/392/16 175/393/16 176/397/17
f 170/379/5 168/378/5 177/398/5 175/399/5
f 175/399/5 177/398/5 178/400/5 176/401/5
f 177/402/3 179/403/3 180/404/2 178/405/2
f 168/375/4 166/374/4 179/406/3 177/407/3
f 181/408/5 179/409/5 166/371/5 164/370/5
f 182/410/5 180/411/5 179/409/5 181/408/5
f 183/412/16 181/413/16 164/363/15 162/362/15
f 184/414/17 182/415/17 181/413/16 183/412/16
f 183/416/5 185/417/5 186/418/5 184/419/5
f 162/361/5 160/360/5 185/417/5 183/416/5
f 158/356/4 187/420/3 185/421/3 160/357/4
f 187/422/3 188/423/2 186/424/2 185/425/3
f 187/426/1 63/427/1 65/428/1 188/429/1
f 158/355/1 255/354/1 63/427/1 187/426/1
f 188/423/2 189/430/6 191/431/6 186/424/2
f 188/429/1 65/428/1 67/432/1 189/433/1
f 189/430/6 190/434/7 192/435/7 191/431/6
f 189/433/1 67/432/1 223/436/1 190/437/1
f 184/419/5 186/418/5 191/438/5 193/439/5
f 193/439/5 191/438/5 192/440/5 194/441/5
f 194/442/10 196/443/10 195/444/18 193/445/18
f 193/445/18 195/444/18 182/446/17 184/447/17
f 195/448/5 197/449/5 180/411/5 182/410/5
f 196/450/5 198/451/5 197/449/5 195/448/5
f 178/405/2 180/404/2 197/452/6 199/453/6
f 199/453/6 197/452/6 198/454/7 200/455/7
f 201/456/5 199/457/5 200/458/5 202/459/5
f 176/401/5 178/400/5 199/457/5 201/456/5
f 203/460/18 174/461/17 176/462/17 201/463/18
f 205/464/10 203/460/18 201/463/18 202/465/10
f 205/466/1 80/467/1 204/468/1 203/469/1
f 203/469/1 204/468/1 254/395/1 174/394/1
f 206/470/11 205/464/10 202/465/10 208/471/11
f 206/472/1 82/473/1 80/467/1 205/466/1
f 207/474/12 206/475/11 208/476/11 209/477/12
f 207/478/1 85/479/1 82/473/1 206/472/1
f 202/459/5 200/458/5 210/480/5 208/481/5
f 208/481/5 210/480/5 211/482/5 209/483/5
f 210/484/8 212/485/8 213/486/9 211/487/9
f 200/488/7 198/489/7 212/485/8 210/484/8
f 214/490/5 212/491/5 198/451/5 196/450/5
f 215/492/5 213/493/5 212/491/5 214/490/5
f 216/494/11 214/495/11 196/443/10 194/442/10
f 217/496/12 215/497/12 214/498/11 216/499/11
f 216/500/5 218/501/5 219/502/5 217/503/5
f 194/441/5 192/440/5 218/501/5 216/500/5
f 190/504/7 220/505/8 218/506/8 192/507/7
f 220/505/8 221/508/9 219/509/9 218/506/8
f 220/510/1 222/511/1 98/512/1 221/513/1
f 190/437/1 223/436/1 222/511/1 220/510/1
f 223/514/7 68/515/7 99/218/8 222/217/8
f 221/508/9 224/516/14 226/517/14 219/509/9
f 221/513/1 98/512/1 101/518/1 224/519/1
f 224/520/14 225/521/15 227/522/15 226/523/14
f 224/519/1 101/518/1 104/524/1 225/525/1
f 217/503/5 219/502/5 226/526/5 228/527/5
f 228/527/5 226/526/5 227/528/5 229/529/5
f 229/530/4 231/531/4 230/532/13 228/533/13
f 228/533/13 230/532/13 215/497/12 217/496/12
f 230/534/5 232/535/5 213/493/5 215/492/5
f 231/536/5 233/537/5 232/535/5 230/534/5
f 211/487/9 213/486/9 232/538/14 234/539/14
f 234/540/14 232/541/14 233/542/15 235/543/15
f 236/544/5 234/545/5 235/546/5 237/547/5
f 209/483/5 211/482/5 234/545/5 236/544/5
f 238/548/13 207/474/12 209/477/12 236/549/13
f 239/550/4 238/548/13 236/549/13 237/551/4
f 239/552/1 241/553/1 240/554/1 238/555/1
f 238/555/1 240/554/1 85/479/1 207/478/1
f 241/556/4 243/557/4 84/186/13 240/185/13
f 245/558/1 242/559/1 241/553/1 239/552/1
f 242/560/3 6/561/3 243/557/4 241/556/4
f 87/188/5 84/187/5 243/20/5 7/19/5
f 244/32/2 9/31/2 6/562/3 242/563/3
f 139/306/1 244/305/1 242/559/1 245/558/1
f 245/564/3 239/550/4 237/551/4 246/565/3
f 139/296/2 245/566/3 246/567/3 136/297/2
f 246/568/5 247/569/5 134/294/5 136/293/5
f 237/547/5 235/546/5 247/569/5 246/568/5
f 235/543/15 233/542/15 248/570/16 247/571/16
f 247/571/16 248/570/16 131/572/17 134/573/17
f 127/280/5 131/279/5 248/574/5 249/575/5
f 249/575/5 248/574/5 233/537/5 231/536/5
f 250/576/3 249/577/3 231/531/4 229/530/4
f 125/276/2 127/275/2 249/578/3 250/579/3
f 229/529/5 227/528/5 251/580/5 250/581/5
f 250/581/5 251/580/5 121/266/5 125/265/5
f 252/582/16 119/583/17 121/584/17 251/585/16
f 225/521/15 252/582/16 251/585/16 227/522/15
f 225/525/1 104/524/1 253/586/1 252/587/1
f 252/587/1 253/586/1 113/254/1 119/253/1
f 204/176/18 76/175/18 53/588/17 254/589/17
f 96/212/5 99/211/5 68/150/5 70/149/5
f 72/590/7 92/201/8 96/204/8 70/591/7
f 89/198/1 92/197/1 72/158/1 74/157/1
f 3/12/4 90/193/13 87/194/13 7/13/4
f 258/592/19 262/593/20 261/594/21 257/595/22
f 257/595/22 260/596/23 596/597/24 258/592/19
f 257/595/22 261/594/21 263/598/25 259/599/26
f 259/599/26 580/600/27 260/596/23 257/595/22
f 262/601/20 265/602/28 264/603/29 261/604/21
f 261/604/21 264/603/29 266/605/30 263/606/25
f 267/607/31 264/608/15 265/609/16 268/610/16
f 269/611/32 266/612/14 264/608/15 267/607/31
f 268/613/33 292/614/34 270/615/35 267/616/36
f 267/607/31 271/617/37 273/618/38 269/611/32
f 275/619/7 271/620/7 267/621/7 270/622/7
f 271/623/39 275/624/39 277/625/40 272/626/40
f 272/627/16 421/628/41 274/629/42 271/617/37
f 271/617/37 274/629/42 318/630/43 273/618/38
f 303/631/44 276/632/45 275/633/46 270/634/35
f 276/632/45 280/635/47 278/636/48 275/633/46
f 275/633/46 278/636/48 281/637/49 277/638/50
f 280/635/47 481/639/13 279/640/4 278/636/48
f 278/636/48 279/640/4 282/641/3 281/637/49
f 281/642/49 282/643/3 284/644/2 283/645/51
f 277/646/50 281/642/49 283/645/51 286/647/52
f 283/645/51 284/644/2 386/648/6 285/649/53
f 286/647/52 283/645/51 285/649/53 288/650/54
f 286/651/12 289/652/12 290/653/12 287/654/12
f 272/626/40 277/625/40 286/655/55 287/656/55
f 288/650/54 291/657/56 289/658/57 286/647/52
f 290/659/58 289/660/57 292/614/34 268/613/33
f 291/657/56 295/661/59 293/662/60 289/658/57
f 289/658/57 293/662/60 296/663/61 292/664/34
f 295/665/62 371/666/62 294/667/63 293/668/63
f 293/668/63 294/667/63 297/669/64 296/670/64
f 296/670/64 297/669/64 299/671/65 298/672/65
f 292/673/34 296/674/61 298/675/66 270/634/35
f 298/672/65 299/671/65 301/676/67 300/677/67
f 270/634/35 298/675/66 300/678/68 303/631/44
f 300/677/67 301/676/67 467/679/69 302/680/69
f 303/631/44 300/678/68 302/681/70 304/682/71
f 276/683/18 303/684/18 269/685/18 273/686/18
f 269/687/72 303/688/44 304/689/71 305/690/73
f 305/690/73 304/689/71 306/691/74 308/692/75
f 304/682/71 302/681/70 307/693/76 306/694/74
f 306/695/74 307/696/76 462/697/77 309/698/78
f 310/699/3 312/700/3 308/701/3 306/702/3
f 309/698/78 313/703/79 310/704/80 306/695/74
f 313/703/79 485/705/81 311/706/82 310/704/80
f 310/707/80 311/708/82 315/709/83 314/710/84
f 312/711/85 310/712/85 314/713/86 316/714/86
f 314/710/84 315/709/83 280/635/47 276/632/45
f 316/714/86 314/713/86 276/715/87 273/716/87
f 273/717/38 318/718/43 317/719/88 316/720/9
f 316/720/9 317/719/88 319/721/89 312/722/90
f 318/723/43 322/724/91 320/725/92 317/726/88
f 317/726/88 320/725/92 323/727/93 319/728/89
f 415/729/13 321/730/12 320/731/12 322/732/13
f 321/730/12 324/733/11 323/734/11 320/731/12
f 324/735/11 326/736/10 325/737/10 323/738/11
f 319/728/89 323/727/93 325/739/94 328/740/95
f 326/736/10 642/741/18 327/742/18 325/737/10
f 328/740/95 325/739/94 327/743/96 330/744/97
f 312/722/90 319/721/89 328/745/95 329/746/98
f 329/747/98 328/748/95 330/749/97 332/750/6
f 332/750/6 330/749/97 331/751/99 333/752/100
f 330/744/97 327/743/96 640/753/101 331/754/99
f 332/755/102 334/756/102 313/757/103 329/758/103
f 333/759/104 336/760/104 334/756/102 332/755/102
f 336/761/105 339/762/106 335/763/107 334/764/108
f 334/764/108 335/763/107 485/705/81 313/703/79
f 336/765/12 333/766/12 524/767/12 338/768/12
f 337/769/109 341/770/110 339/771/106 336/772/105
f 452/773/111 337/769/109 336/772/105 338/774/112
f 339/762/106 340/775/17 484/776/18 335/763/107
f 341/770/110 342/777/16 340/778/17 339/771/106
f 343/779/113 346/780/15 342/777/16 341/770/110
f 345/781/114 343/779/113 341/770/110 337/769/109
f 357/782/115 344/783/116 343/779/113 345/781/114
f 344/783/116 348/784/14 346/780/15 343/779/113
f 346/785/117 347/786/117 502/787/118 342/788/118
f 348/789/119 349/790/119 347/786/117 346/785/117
f 350/791/120 351/792/120 349/790/119 348/789/119
f 353/793/121 350/794/9 348/795/14 344/796/116
f 352/797/122 382/798/122 351/792/120 350/791/120
f 354/799/123 352/800/8 350/794/9 353/793/121
f 355/801/124 353/793/121 344/796/116 357/802/115
f 358/803/125 354/799/123 353/793/121 355/801/124
f 356/804/126 355/805/126 357/806/127 444/807/127
f 356/808/17 360/809/17 359/810/17 355/811/17
f 362/812/128 358/803/125 355/801/124 359/813/129
f 449/814/130 361/815/131 359/816/129 360/817/132
f 361/818/131 365/819/133 363/820/134 359/813/129
f 359/813/129 363/820/134 366/821/135 362/812/128
f 365/822/136 508/823/136 364/824/137 363/825/137
f 363/825/137 364/824/137 367/826/138 366/827/138
f 362/812/128 366/821/135 368/828/139 369/829/140
f 366/827/138 367/826/138 370/830/141 368/831/141
f 369/832/140 368/833/139 295/661/59 291/657/56
f 368/831/141 370/830/141 371/666/62 295/665/62
f 372/834/142 370/835/143 367/836/144 373/837/145
f 374/838/146 371/839/147 370/835/143 372/834/142
f 373/837/145 376/840/148 375/841/149 372/834/142
f 372/834/142 375/841/149 377/842/150 374/838/146
f 376/840/148 379/843/151 378/844/152 375/841/149
f 375/841/149 378/844/152 380/845/153 377/842/150
f 379/843/151 382/846/11 381/847/10 378/844/152
f 378/844/152 381/847/10 383/848/18 380/845/153
f 384/849/154 381/850/154 382/798/122 352/797/122
f 386/851/155 383/852/155 381/850/154 384/849/154
f 385/853/156 384/854/7 352/800/8 354/799/123
f 285/649/53 386/648/6 384/855/7 385/856/156
f 284/857/157 521/858/157 383/852/155 386/851/155
f 288/650/54 285/649/53 385/856/156 387/859/158
f 387/860/158 385/853/156 354/799/123 358/803/125
f 388/861/159 387/862/159 358/863/160 389/864/160
f 390/865/161 288/866/161 387/862/159 388/861/159
f 389/867/162 392/868/163 391/869/164 388/870/10
f 388/870/10 391/869/164 393/871/165 390/872/166
f 392/873/163 395/874/167 394/875/168 391/876/164
f 391/876/164 394/875/168 396/877/169 393/878/165
f 398/879/8 397/880/7 394/881/7 395/882/8
f 397/883/7 399/884/6 396/885/6 394/886/7
f 398/887/5 402/888/5 400/889/5 397/890/5
f 397/890/5 400/889/5 401/891/5 399/892/5
f 404/893/5 401/891/5 400/889/5 403/894/5
f 403/894/5 400/889/5 402/888/5 405/895/5
f 407/896/5 404/893/5 403/894/5 406/897/5
f 406/897/5 403/894/5 405/895/5 408/898/5
f 410/899/5 407/896/5 406/897/5 409/900/5
f 409/900/5 406/897/5 408/898/5 411/901/5
f 414/902/5 410/899/5 409/900/5 412/903/5
f 412/903/5 409/900/5 411/901/5 413/904/5
f 415/905/5 414/902/5 412/903/5 321/906/5
f 321/906/5 412/903/5 413/904/5 324/907/5
f 416/908/5 410/899/5 414/902/5 415/905/5
f 416/909/4 415/729/13 322/732/13 418/910/4
f 417/911/5 407/896/5 410/899/5 416/908/5
f 417/912/3 416/909/4 418/910/4 419/913/3
f 421/914/41 419/915/170 418/916/171 274/917/42
f 274/917/42 418/916/171 322/724/91 318/723/43
f 422/918/172 420/919/173 419/915/170 421/914/41
f 423/920/2 417/921/3 419/922/3 420/923/2
f 287/924/174 422/925/172 421/628/41 272/627/16
f 390/872/166 393/871/165 422/926/172 287/927/174
f 393/878/165 396/877/169 420/919/173 422/918/172
f 399/884/6 423/920/2 420/923/2 396/885/6
f 399/892/5 401/891/5 404/893/5 423/928/5
f 423/928/5 404/893/5 407/896/5 417/911/5
f 324/907/5 413/904/5 424/929/5 326/930/5
f 413/904/5 411/901/5 426/931/5 424/929/5
f 326/930/5 424/929/5 425/932/5 642/933/5
f 424/929/5 426/931/5 428/934/5 425/932/5
f 411/901/5 408/898/5 427/935/5 426/931/5
f 426/931/5 427/935/5 430/936/5 428/934/5
f 642/933/5 425/932/5 428/934/5 429/937/5
f 429/937/5 428/934/5 430/936/5 431/938/5
f 431/938/5 430/936/5 432/939/5 433/940/5
f 427/935/5 435/941/5 432/939/5 430/936/5
f 433/940/5 432/939/5 434/942/5 438/943/5
f 435/941/5 436/944/5 434/942/5 432/939/5
f 408/898/5 405/895/5 435/941/5 427/935/5
f 405/895/5 402/888/5 436/944/5 435/941/5
f 438/943/5 434/942/5 436/944/5 437/945/5
f 437/945/5 436/944/5 402/888/5 398/887/5
f 438/946/14 437/947/9 439/948/9 440/949/14
f 437/947/9 398/879/8 395/882/8 439/948/9
f 442/950/175 440/951/176 439/952/177 441/953/178
f 441/953/178 439/952/177 395/874/167 392/873/163
f 444/954/13 442/955/175 441/956/178 356/957/179
f 356/957/179 441/956/178 392/958/163 389/959/162
f 445/960/180 443/961/181 442/955/175 444/954/13
f 443/962/181 641/963/182 440/951/176 442/950/175
f 444/807/127 357/806/127 345/964/183 445/965/183
f 446/966/184 638/967/185 443/961/181 445/960/180
f 448/968/186 446/966/184 445/960/180 447/969/187
f 345/970/7 451/971/7 447/972/7 445/973/7
f 447/969/187 450/974/4 536/975/3 448/968/186
f 447/976/188 451/977/189 361/815/131 449/814/130
f 449/978/13 634/979/13 450/974/4 447/969/187
f 451/980/189 453/981/190 365/982/133 361/983/131
f 451/980/189 345/781/114 337/769/109 452/773/111
f 452/773/111 455/984/191 453/981/190 451/980/189
f 453/985/192 454/986/192 508/823/136 365/822/136
f 455/987/193 456/988/193 454/986/192 453/985/192
f 338/774/112 457/989/194 455/984/191 452/773/111
f 457/990/195 458/991/195 456/988/193 455/987/193
f 460/992/196 459/993/197 457/994/194 338/995/112
f 459/996/198 461/997/198 458/991/195 457/990/195
f 309/698/78 462/697/77 459/993/197 460/992/196
f 462/998/199 463/999/199 461/997/198 459/996/198
f 307/1000/200 465/1001/200 463/999/199 462/998/199
f 464/1002/201 463/1003/202 465/1004/203 466/1005/204
f 494/1006/205 461/1007/206 463/1008/202 464/1009/201
f 466/1005/204 465/1004/203 467/1010/207 468/1011/208
f 302/680/69 467/679/69 465/1001/200 307/1000/200
f 468/1011/208 467/1010/207 301/1012/209 469/1013/210
f 469/1013/210 471/1014/211 470/1015/212 468/1011/208
f 468/1011/208 470/1015/212 472/1016/213 466/1005/204
f 471/1014/211 474/1017/214 473/1018/215 470/1015/212
f 470/1015/212 473/1018/215 475/1019/216 472/1016/213
f 474/1017/214 477/1020/14 476/1021/9 473/1018/215
f 473/1018/215 476/1021/9 478/1022/8 475/1019/216
f 479/1023/217 476/1024/217 477/1025/218 481/1026/218
f 480/1027/219 478/1028/219 476/1024/217 479/1023/217
f 311/708/82 480/1029/11 479/1030/12 315/709/83
f 315/709/83 479/1030/12 481/639/13 280/635/47
f 481/1026/218 477/1025/218 510/1031/220 279/1032/220
f 482/1033/221 483/1034/221 478/1028/219 480/1027/219
f 485/705/81 482/1035/10 480/1036/11 311/706/82
f 484/1037/222 486/1038/222 483/1034/221 482/1033/221
f 335/763/107 484/776/18 482/1035/10 485/705/81
f 340/1039/223 487/1040/223 486/1038/222 484/1037/222
f 489/1041/224 483/1042/7 486/1043/6 488/1044/225
f 488/1044/225 486/1043/6 487/1045/2 490/1046/226
f 492/1047/227 489/1041/224 488/1044/225 491/1048/228
f 491/1048/228 488/1044/225 490/1046/226 493/1049/229
f 464/1009/201 492/1047/227 491/1048/228 494/1006/205
f 494/1006/205 491/1048/228 493/1049/229 495/1050/230
f 495/1050/230 458/1051/231 461/1007/206 494/1006/205
f 496/1052/232 456/1053/233 458/1051/231 495/1050/230
f 495/1050/230 493/1049/229 498/1054/234 496/1052/232
f 496/1055/232 498/1056/234 499/1057/235 497/1058/236
f 497/1058/236 454/1059/237 456/1060/233 496/1055/232
f 493/1049/229 490/1046/226 500/1061/238 498/1054/234
f 498/1056/234 500/1062/238 501/1063/239 499/1057/235
f 490/1046/226 487/1045/2 502/1064/3 500/1061/238
f 500/1062/238 502/1065/3 347/1066/4 501/1063/239
f 342/788/118 502/787/118 487/1040/223 340/1039/223
f 499/1057/235 501/1063/239 503/1067/240 505/1068/241
f 501/1063/239 347/1066/4 349/1069/13 503/1067/240
f 505/1068/241 503/1067/240 504/1070/242 506/1071/243
f 503/1067/240 349/1069/13 351/1072/12 504/1070/242
f 497/1058/236 499/1057/235 505/1068/241 507/1073/244
f 507/1073/244 505/1068/241 506/1071/243 509/1074/245
f 507/1073/244 508/1075/246 454/1059/237 497/1058/236
f 509/1074/245 364/1076/247 508/1075/246 507/1073/244
f 373/1077/145 367/1078/144 364/1076/247 509/1074/245
f 509/1074/245 506/1071/243 376/1079/148 373/1077/145
f 506/1071/243 504/1070/242 379/1080/151 376/1079/148
f 504/1070/242 351/1072/12 382/1081/11 379/1080/151
f 472/1016/213 475/1019/216 489/1082/224 492/1083/227
f 466/1005/204 472/1016/213 492/1083/227 464/1002/201
f 475/1019/216 478/1022/8 483/1084/7 489/1082/224
f 512/1085/248 510/1086/15 477/1087/14 474/1088/214
f 279/1032/220 510/1031/220 511/1089/249 282/1090/249
f 513/1091/250 511/1092/16 510/1086/15 512/1085/248
f 515/1093/251 513/1091/250 512/1085/248 514/1094/252
f 514/1094/252 512/1085/248 474/1088/214 471/1095/211
f 517/1096/253 515/1093/251 514/1094/252 516/1097/254
f 516/1097/254 514/1094/252 471/1095/211 469/1098/210
f 516/1097/254 299/1099/255 297/1100/256 517/1096/253
f 469/1098/210 301/1101/209 299/1099/255 516/1097/254
f 517/1096/253 297/1100/256 294/1102/257 518/1103/258
f 518/1103/258 519/1104/259 515/1093/251 517/1096/253
f 518/1105/258 294/1106/257 371/839/147 374/838/146
f 374/838/146 377/842/150 519/1107/259 518/1105/258
f 377/842/150 380/845/153 520/1108/260 519/1107/259
f 519/1104/259 520/1109/260 513/1091/250 515/1093/251
f 380/845/153 383/848/18 521/1110/17 520/1108/260
f 520/1109/260 521/1111/17 511/1092/16 513/1091/250
f 282/1090/249 511/1089/249 521/858/157 284/857/157
f 523/1112/261 309/1113/78 460/1114/196 522/1115/262
f 522/1115/262 460/1114/196 338/1116/112 524/1117/263
f 522/1118/6 525/1119/6 526/1120/7 523/1121/264
f 524/1122/265 527/1123/2 525/1119/6 522/1118/6
f 530/1124/266 526/1125/267 525/1126/268 528/1127/269
f 528/1127/269 525/1126/268 527/1128/270 531/1129/271
f 572/1130/272 530/1131/266 528/1132/269 529/1133/273
f 529/1133/273 528/1132/269 531/1134/271 532/1135/274
f 532/1136/274 531/1137/271 533/1138/275 534/1139/276
f 531/1129/271 527/1128/270 536/1140/277 533/1141/275
f 534/1139/276 533/1138/275 535/1142/278 538/1143/279
f 533/1141/275 536/1140/277 450/1144/280 535/1145/278
f 448/1146/186 536/1147/3 527/1123/2 524/1122/265
f 538/1143/279 535/1142/278 537/1148/281 539/1149/282
f 535/1145/278 450/1144/280 634/1150/283 537/1151/281
f 538/1143/279 540/1152/284 541/1153/285 534/1139/276
f 539/1149/282 542/1154/286 540/1152/284 538/1143/279
f 540/1155/287 543/1156/287 545/1157/288 541/1158/288
f 542/1159/289 544/1160/289 543/1156/287 540/1155/287
f 544/1161/13 547/1162/13 546/1163/4 543/1164/4
f 543/1164/4 546/1163/4 548/1165/3 545/1166/3
f 549/1167/1 546/1168/1 547/1169/1 550/1170/1
f 551/1171/1 548/1172/1 546/1168/1 549/1167/1
f 553/1173/1 552/1174/1 549/1167/1 550/1170/1
f 552/1174/1 555/1175/1 551/1171/1 549/1167/1
f 626/1176/1 554/1177/1 552/1174/1 553/1173/1
f 554/1177/1 556/1178/1 555/1175/1 552/1174/1
f 556/1178/1 558/1179/1 557/1180/1 555/1175/1
f 555/1175/1 557/1180/1 559/1181/1 551/1171/1
f 558/1179/1 562/1182/1 560/1183/1 557/1180/1
f 557/1180/1 560/1183/1 561/1184/1 559/1181/1
f 560/1183/1 563/1185/1 564/1186/1 561/1184/1
f 562/1182/1 565/1187/1 563/1185/1 560/1183/1
f 567/1188/6 564/1189/6 563/1190/7 566/1191/7
f 566/1192/7 563/1193/7 565/1194/8 568/1195/8
f 571/1196/290 567/1197/290 566/1198/291 569/1199/291
f 569/1199/291 566/1198/291 568/1200/292 570/1201/292
f 572/1130/272 569/1202/293 570/1203/294 573/1204/295
f 529/1133/273 571/1205/296 569/1202/293 572/1130/272
f 573/1204/295 575/1206/297 530/1131/266 572/1130/272
f 574/1207/298 576/1208/299 575/1209/297 573/1210/295
f 573/1210/295 570/1211/294 579/1212/300 574/1207/298
f 576/1213/299 578/1214/301 577/1215/302 575/1216/297
f 575/1216/297 577/1215/302 526/1125/267 530/1124/266
f 308/1217/303 577/1218/8 578/1219/9 305/1220/9
f 523/1221/264 526/1222/7 577/1218/8 308/1217/303
f 305/1220/9 578/1219/9 266/1223/14 269/1224/32
f 263/606/25 266/605/30 578/1214/301 576/1213/299
f 259/599/26 263/598/25 576/1208/299 574/1207/298
f 574/1207/298 579/1212/300 580/600/27 259/599/26
f 579/1225/304 581/1226/304 582/1227/305 580/1228/305
f 570/1201/292 568/1200/292 581/1226/304 579/1225/304
f 568/1195/8 565/1194/8 583/1229/9 581/1230/9
f 581/1230/9 583/1229/9 584/1231/14 582/1232/14
f 585/1233/1 583/1234/1 565/1187/1 562/1182/1
f 586/1235/1 584/1236/1 583/1234/1 585/1233/1
f 587/1237/1 585/1233/1 562/1182/1 558/1179/1
f 589/1238/1 586/1235/1 585/1233/1 587/1237/1
f 588/1239/1 587/1237/1 558/1179/1 556/1178/1
f 590/1240/1 589/1238/1 587/1237/1 588/1239/1
f 590/1240/1 592/1241/1 591/1242/1 589/1238/1
f 589/1238/1 591/1242/1 584/1236/1 586/1235/1
f 593/1243/15 591/1244/15 592/1245/16 594/1246/16
f 582/1247/14 584/1248/14 591/1244/15 593/1243/15
f 260/1249/306 593/1250/306 594/1251/307 596/1252/307
f 580/1228/305 582/1227/305 593/1250/306 260/1249/306
f 594/1246/16 592/1245/16 631/1253/17 595/1254/17
f 596/1252/307 594/1251/307 595/1255/308 597/1256/308
f 258/1257/19 596/1258/24 597/1259/309 599/1260/310
f 597/1256/308 595/1255/308 633/1261/311 598/1262/311
f 599/1260/310 597/1259/309 598/1263/312 600/1264/313
f 600/1264/313 602/1265/314 601/1266/315 599/1260/310
f 599/1260/310 601/1266/315 262/1267/20 258/1257/19
f 602/1268/314 604/1269/316 603/1270/317 601/1271/315
f 601/1271/315 603/1270/317 265/602/28 262/601/20
f 290/1272/318 603/1273/17 604/1274/18 606/1275/319
f 268/610/16 265/609/16 603/1276/17 290/1277/318
f 613/1278/320 605/1279/321 604/1269/316 602/1268/314
f 606/1275/319 604/1274/18 605/1280/10 607/1281/10
f 607/1282/322 369/1283/140 291/1284/56 606/1285/323
f 606/1275/319 390/872/166 287/927/174 290/1272/318
f 606/1286/14 291/1287/14 288/1288/14 390/1289/14
f 608/1290/324 362/1291/128 369/1283/140 607/1282/322
f 607/1281/10 605/1280/10 609/1292/11 608/1293/325
f 360/1294/326 356/957/179 389/959/162 608/1295/325
f 608/1295/325 609/1296/11 610/1297/12 360/1294/326
f 358/1298/3 362/1299/3 608/1300/3 389/1301/3
f 612/1302/327 610/1303/328 609/1304/329 611/1305/330
f 611/1305/330 609/1304/329 605/1279/321 613/1278/320
f 615/1306/331 612/1307/327 611/1308/330 614/1309/332
f 614/1309/332 611/1308/330 613/1310/320 616/1311/333
f 614/1309/332 617/1312/334 618/1313/335 615/1306/331
f 616/1311/333 619/1314/336 617/1312/334 614/1309/332
f 617/1315/337 620/1316/337 622/1317/338 618/1318/338
f 619/1319/339 621/1320/339 620/1316/337 617/1315/337
f 621/1321/10 624/1322/10 623/1323/11 620/1324/11
f 620/1325/11 623/1326/11 625/1327/12 622/1328/12
f 626/1176/1 623/1329/1 624/1330/1 627/1331/1
f 553/1173/1 625/1332/1 623/1329/1 626/1176/1
f 627/1331/1 629/1333/1 554/1177/1 626/1176/1
f 628/1334/1 630/1335/1 629/1333/1 627/1331/1
f 627/1331/1 624/1330/1 632/1336/1 628/1334/1
f 630/1335/1 590/1240/1 588/1239/1 629/1333/1
f 629/1333/1 588/1239/1 556/1178/1 554/1177/1
f 630/1335/1 631/1337/1 592/1241/1 590/1240/1
f 628/1334/1 632/1336/1 631/1337/1 630/1335/1
f 595/1338/17 631/1339/17 632/1340/18 633/1341/18
f 633/1341/18 632/1340/18 624/1322/10 621/1321/10
f 598/1262/311 633/1261/311 621/1320/339 619/1319/339
f 550/1170/1 547/1169/1 625/1332/1 553/1173/1
f 622/1328/12 625/1327/12 547/1162/13 544/1161/13
f 618/1318/338 622/1317/338 544/1160/289 542/1159/289
f 600/1264/313 598/1263/312 619/1342/336 616/1343/333
f 615/1306/331 618/1313/335 542/1344/286 539/1345/282
f 616/1343/333 613/1346/320 602/1265/314 600/1264/313
f 539/1345/282 537/1347/281 612/1307/327 615/1306/331
f 537/1151/281 634/1150/283 610/1303/328 612/1302/327
f 360/1294/326 610/1297/12 634/979/13 449/978/13
f 635/1348/340 636/1349/340 567/1197/290 571/1196/290
f 532/1135/274 635/1350/341 571/1205/296 529/1133/273
f 541/1158/288 545/1157/288 636/1349/340 635/1348/340
f 534/1139/276 541/1153/285 635/1351/341 532/1136/274
f 545/1352/3 548/1353/3 637/1354/2 636/1355/2
f 636/1355/2 637/1354/2 564/1189/6 567/1188/6
f 559/1181/1 637/1356/1 548/1172/1 551/1171/1
f 561/1184/1 564/1186/1 637/1356/1 559/1181/1
f 524/1122/265 333/752/100 446/1357/184 448/1146/186
f 308/1217/303 312/722/90 329/746/98 523/1221/264
f 313/1358/15 309/1359/15 523/1360/15 329/1361/15
f 333/752/100 331/751/99 638/1362/185 446/1357/184
f 331/754/99 640/753/101 639/1363/342 638/1364/185
f 638/1364/185 639/1363/342 641/963/182 443/962/181
f 429/1365/17 431/1366/16 639/1367/16 640/1368/17
f 431/1366/16 433/1369/15 641/1370/15 639/1367/16
f 433/1369/15 438/1371/14 440/1372/14 641/1370/15
f 642/741/18 429/1373/17 640/1374/17 327/742/18
f 678/1375/343 709/1376/343 806/1377/344 774/1378/344
f 689/1379/1 722/1380/1 721/1381/1 690/1382/1
f 791/1383/345 823/1384/345 728/1385/346 695/1386/346
f 695/1387/1 728/1388/1 727/1389/1 696/1390/1
f 771/1391/344 803/1392/344 708/1393/347 675/1394/347
f 797/1395/348 829/1396/348 734/1397/349 701/1398/349
f 675/1399/1 708/1400/1 707/1401/1 676/1402/1
f 701/1403/1 734/1404/1 733/1405/1 702/1406/1
f 777/1407/350 809/1408/350 714/1409/351 681/1410/351
f 643/1411/1 660/1412/1 659/1413/1 644/1414/1
f 644/1414/1 659/1413/1 661/1415/1 645/1416/1
f 645/1416/1 661/1415/1 662/1417/1 646/1418/1
f 646/1418/1 662/1417/1 663/1419/1 647/1420/1
f 647/1420/1 663/1419/1 664/1421/1 648/1422/1
f 648/1422/1 664/1421/1 665/1423/1 649/1424/1
f 649/1424/1 665/1423/1 666/1425/1 650/1426/1
f 650/1426/1 666/1425/1 667/1427/1 651/1428/1
f 651/1428/1 667/1427/1 668/1429/1 652/1430/1
f 652/1430/1 668/1429/1 669/1431/1 653/1432/1
f 653/1432/1 669/1431/1 670/1433/1 654/1434/1
f 654/1434/1 670/1433/1 671/1435/1 655/1436/1
f 655/1436/1 671/1435/1 672/1437/1 656/1438/1
f 656/1438/1 672/1437/1 673/1439/1 657/1440/1
f 657/1440/1 673/1439/1 674/1441/1 658/1442/1
f 658/1442/1 674/1441/1 660/1412/1 643/1411/1
f 663/1443/352 675/1444/353 676/1445/354 664/1446/355
f 769/1447/356 771/1448/357 675/1444/353 663/1443/352
f 671/1449/358 677/1450/359 678/1451/360 672/1452/361
f 767/1453/362 773/1454/363 677/1450/359 671/1449/358
f 664/1455/355 679/1456/364 680/1457/365 665/1458/366
f 770/1459/367 775/1460/368 679/1456/364 664/1455/355
f 672/1452/361 681/1461/369 682/1462/370 673/1463/371
f 768/1464/372 777/1465/373 681/1461/369 672/1452/361
f 665/1458/366 683/1466/374 684/1467/375 666/1468/376
f 766/1469/377 779/1470/378 683/1466/374 665/1458/366
f 673/1463/371 685/1471/379 686/1472/380 674/1473/381
f 765/1474/382 781/1475/383 685/1471/379 673/1463/371
f 666/1468/376 687/1476/384 688/1477/385 667/1478/386
f 764/1479/387 783/1480/388 687/1476/384 666/1468/376
f 660/1481/389 689/1482/390 690/1483/391 659/1484/392
f 760/1485/393 785/1486/394 689/1482/390 660/1481/389
f 674/1487/381 691/1488/395 692/1489/396 660/1481/389
f 763/1490/397 787/1491/398 691/1488/395 674/1487/381
f 667/1492/386 693/1493/399 694/1494/400 668/1495/401
f 762/1496/402 789/1497/403 693/1493/399 667/1492/386
f 659/1484/392 695/1498/404 696/1499/405 661/1500/406
f 761/1501/407 791/1502/408 695/1498/404 659/1484/392
f 668/1495/401 697/1503/409 698/1504/410 669/1505/411
f 759/1506/412 793/1507/413 697/1503/409 668/1495/401
f 661/1508/406 699/1509/414 700/1510/415 662/1511/416
f 758/1512/417 795/1513/418 699/1509/414 661/1508/406
f 669/1505/411 701/1514/419 702/1515/420 670/1516/421
f 757/1517/422 797/1518/423 701/1514/419 669/1505/411
f 662/1511/416 703/1519/424 704/1520/425 663/1443/352
f 756/1521/426 799/1522/427 703/1519/424 662/1511/416
f 670/1523/421 705/1524/428 706/1525/429 671/1526/358
f 755/1527/430 801/1528/431 705/1529/428 670/1530/421
f 785/1531/432 817/1532/432 722/1533/433 689/1534/433
f 683/1535/1 716/1536/1 715/1537/1 684/1538/1
f 779/1539/434 811/1540/434 716/1541/435 683/1542/435
f 703/1543/1 736/1544/1 735/1545/1 704/1546/1
f 677/1547/1 710/1548/1 709/1549/1 678/1550/1
f 799/1551/436 831/1552/436 736/1553/437 703/1554/437
f 773/1555/438 805/1556/438 710/1557/439 677/1558/439
f 697/1559/1 730/1560/1 729/1561/1 698/1562/1
f 793/1563/440 825/1564/440 730/1565/441 697/1566/441
f 691/1567/1 724/1568/1 723/1569/1 692/1570/1
f 787/1571/442 819/1572/442 724/1573/443 691/1574/443
f 685/1575/1 718/1576/1 717/1577/1 686/1578/1
f 781/1579/444 813/1580/444 718/1581/445 685/1582/445
f 705/1583/1 738/1584/1 737/1585/1 706/1586/1
f 679/1587/1 712/1588/1 711/1589/1 680/1590/1
f 801/1591/446 833/1592/446 738/1593/447 705/1594/447
f 775/1595/448 807/1596/448 712/1597/449 679/1598/449
f 699/1599/1 732/1600/1 731/1601/1 700/1602/1
f 795/1603/450 827/1604/450 732/1605/451 699/1606/451
f 693/1607/1 726/1608/1 725/1609/1 694/1610/1
f 789/1611/452 821/1612/452 726/1613/453 693/1614/453
f 687/1615/1 720/1616/1 719/1617/1 688/1618/1
f 783/1619/454 815/1620/454 720/1621/455 687/1622/455
f 681/1623/1 714/1624/1 713/1625/1 682/1626/1
f 644/1414/456 739/1627/457 740/1628/458 643/1411/459
f 643/1411/459 740/1628/458 741/1629/460 658/1442/461
f 658/1442/461 741/1629/460 742/1630/462 657/1440/463
f 657/1440/463 742/1630/462 743/1631/464 656/1438/465
f 656/1438/465 743/1631/464 744/1632/466 655/1436/467
f 655/1436/467 744/1632/466 745/1633/468 654/1434/469
f 654/1434/469 745/1633/468 746/1634/470 653/1432/471
f 653/1432/471 746/1634/470 747/1635/472 652/1430/473
f 652/1430/473 747/1635/472 748/1636/474 651/1428/475
f 651/1428/475 748/1636/474 749/1637/476 650/1426/477
f 650/1426/477 749/1637/476 750/1638/478 649/1424/479
f 649/1424/479 750/1638/478 751/1639/480 648/1422/481
f 648/1422/481 751/1639/480 752/1640/482 647/1420/483
f 647/1420/483 752/1640/482 753/1641/484 646/1418/485
f 646/1418/485 753/1641/484 754/1642/486 645/1416/487
f 645/1416/487 754/1642/486 739/1627/457 644/1414/456
f 698/1643/488 729/1644/488 826/1645/345 794/1646/345
f 692/1647/489 723/1648/489 820/1649/454 788/1650/454
f 686/1651/490 717/1652/490 814/1653/434 782/1654/434
f 706/1655/491 737/1656/491 834/1657/436 802/1658/436
f 680/1659/492 711/1660/492 808/1661/350 776/1662/350
f 700/1663/493 731/1664/493 828/1665/348 796/1666/348
f 694/1667/494 725/1668/494 822/1669/432 790/1670/432
f 688/1671/495 719/1672/495 816/1673/442 784/1674/442
f 704/1675/496 735/1676/496 832/1677/446 800/1678/446
f 684/1679/497 715/1680/497 812/1681/444 780/1682/444
f 690/1683/498 721/1684/498 818/1685/452 786/1686/452
f 851/1687/499 854/1688/500 853/1689/501 852/1690/502
f 855/1691/503 858/1692/504 857/1693/505 856/1694/506
f 859/1695/507 862/1696/508 861/1697/509 860/1698/510
f 863/1699/511 866/1700/512 865/1701/513 864/1702/514
f 867/1703/515 870/1704/516 869/1705/517 868/1706/518
f 871/1707/519 874/1708/520 873/1709/521 872/1710/522
f 875/1711/523 878/1712/524 877/1713/525 876/1714/526
f 879/1715/527 882/1716/528 881/1717/529 880/1718/530
f 883/1719/531 886/1720/532 885/1721/533 884/1722/534
f 887/1723/535 890/1724/536 889/1725/537 888/1726/538
f 891/1727/539 894/1728/540 893/1729/541 892/1730/542
f 895/1731/543 898/1732/544 897/1733/545 896/1734/546
f 899/1735/547 902/1736/548 901/1737/549 900/1738/550
f 903/1739/551 906/1740/552 905/1741/553 904/1742/554
f 907/1743/555 910/1744/556 909/1745/557 908/1746/558
f 911/1747/559 914/1748/560 913/1749/561 912/1750/562
f 671/1449/358 706/1751/429 802/1752/563 767/1453/362
f 663/1443/352 704/1520/425 800/1753/564 769/1447/356
f 670/1516/421 702/1515/420 798/1754/565 755/1755/430
f 662/1511/416 700/1510/415 796/1756/566 756/1521/426
f 669/1505/411 698/1504/410 794/1757/567 757/1517/422
f 661/1500/406 696/1499/405 792/1758/568 758/1759/417
f 668/1495/401 694/1494/400 790/1760/569 759/1506/412
f 660/1481/389 692/1489/396 788/1761/570 760/1485/393
f 659/1484/392 690/1483/391 786/1762/571 761/1501/407
f 667/1478/386 688/1477/385 784/1763/572 762/1764/402
f 674/1473/381 686/1472/380 782/1765/573 763/1766/397
f 666/1468/376 684/1467/375 780/1767/574 764/1479/387
f 673/1463/371 682/1462/370 778/1768/575 765/1474/382
f 665/1458/366 680/1457/365 776/1769/576 766/1469/377
f 672/1452/361 678/1451/360 774/1770/577 768/1464/372
f 664/1446/355 676/1445/354 772/1771/578 770/1772/367
f 682/1773/579 713/1774/579 810/1775/448 778/1776/448
f 702/1777/580 733/1778/580 830/1779/450 798/1780/450
f 676/1781/581 707/1782/581 804/1783/438 772/1784/438
f 696/1785/582 727/1786/582 824/1787/440 792/1788/440
f 747/1789/472 843/1790/15 844/1791/16 748/1792/474
f 740/1793/458 836/1794/3 837/1795/2 741/1796/460
f 748/1792/474 844/1791/16 845/1797/17 749/1798/476
f 741/1796/460 837/1795/2 838/1799/6 742/1800/462
f 749/1801/476 845/1802/17 846/1803/18 750/1804/478
f 742/1800/462 838/1799/6 839/1805/7 743/1806/464
f 750/1804/478 846/1803/18 847/1807/10 751/1808/480
f 743/1809/464 839/1810/7 840/1811/8 744/1812/466
f 751/1808/480 847/1807/10 848/1813/11 752/1814/482
f 744/1812/466 840/1811/8 841/1815/9 745/1816/468
f 752/1817/482 848/1818/11 849/1819/12 753/1820/484
f 745/1816/468 841/1815/9 842/1821/14 746/1822/470
f 739/1823/457 835/1824/4 836/1825/3 740/1826/458
f 753/1820/484 849/1819/12 850/1827/13 754/1828/486
f 746/1829/470 842/1830/14 843/1790/15 747/1789/472
f 754/1828/486 850/1827/13 835/1824/4 739/1823/457
f 738/1831/583 851/1832/499 852/1833/502 737/1834/584
f 737/1835/584 852/1690/502 853/1689/501 834/1836/585
f 834/1836/585 853/1689/501 854/1688/500 833/1837/586
f 833/1837/586 854/1688/500 851/1687/499 738/1838/583
f 736/1839/587 855/1691/503 856/1694/506 735/1840/588
f 735/1840/588 856/1694/506 857/1693/505 832/1841/589
f 832/1841/589 857/1693/505 858/1692/504 831/1842/590
f 831/1842/590 858/1692/504 855/1691/503 736/1839/587
f 734/1843/591 859/1695/507 860/1698/510 733/1844/592
f 733/1844/592 860/1698/510 861/1697/509 830/1845/593
f 830/1845/593 861/1697/509 862/1696/508 829/1846/594
f 829/1846/594 862/1696/508 859/1695/507 734/1843/591
f 732/1847/595 863/1699/511 864/1702/514 731/1848/596
f 731/1848/596 864/1702/514 865/1701/513 828/1849/597
f 828/1849/597 865/1701/513 866/1700/512 827/1850/598
f 827/1850/598 866/1700/512 863/1699/511 732/1847/595
f 730/1851/599 867/1703/515 868/1706/518 729/1852/600
f 729/1852/600 868/1706/518 869/1705/517 826/1853/601
f 826/1853/601 869/1705/517 870/1704/516 825/1854/602
f 825/1854/602 870/1704/516 867/1703/515 730/1851/599
f 728/1855/603 871/1707/519 872/1710/522 727/1856/604
f 727/1856/604 872/1710/522 873/1709/521 824/1857/605
f 824/1857/605 873/1709/521 874/1708/520 823/1858/606
f 823/1858/606 874/1708/520 871/1707/519 728/1855/603
f 726/1859/607 875/1711/523 876/1714/526 725/1860/608
f 725/1860/608 876/1714/526 877/1713/525 822/1861/609
f 822/1861/609 877/1713/525 878/1712/524 821/1862/610
f 821/1862/610 878/1712/524 875/1711/523 726/1859/607
f 724/1863/611 879/1715/527 880/1718/530 723/1864/612
f 723/1864/612 880/1718/530 881/1717/529 820/1865/613
f 820/1865/613 881/1717/529 882/1716/528 819/1866/614
f 819/1866/614 882/1716/528 879/1715/527 724/1863/611
f 722/1867/615 883/1719/531 884/1722/534 721/1868/616
f 721/1868/616 884/1722/534 885/1721/533 818/1869/617
f 818/1869/617 885/1721/533 886/1720/532 817/1870/618
f 817/1870/618 886/1720/532 883/1719/531 722/1867/615
f 720/1871/619 887/1723/535 888/1726/538 719/1872/620
f 719/1872/620 888/1726/538 889/1725/537 816/1873/621
f 816/1873/621 889/1725/537 890/1724/536 815/1874/622
f 815/1874/622 890/1724/536 887/1723/535 720/1871/619
f 718/1875/623 891/1727/539 892/1730/542 717/1876/624
f 717/1876/624 892/1730/542 893/1729/541 814/1877/625
f 814/1877/625 893/1729/541 894/1728/540 813/1878/626
f 813/1878/626 894/1728/540 891/1727/539 718/1875/623
f 716/1879/627 895/1731/543 896/1734/546 715/1880/628
f 715/1880/628 896/1734/546 897/1733/545 812/1881/629
f 812/1881/629 897/1733/545 898/1732/544 811/1882/630
f 811/1882/630 898/1732/544 895/1731/543 716/1879/627
f 714/1883/631 899/1735/547 900/1738/550 713/1884/632
f 713/1884/632 900/1738/550 901/1737/549 810/1885/633
f 810/1885/633 901/1737/549 902/1736/548 809/1886/634
f 809/1886/634 902/1736/548 899/1735/547 714/1883/631
f 712/1887/635 903/1739/551 904/1742/554 711/1888/636
f 711/1888/636 904/1742/554 905/1741/553 808/1889/637
f 808/1889/637 905/1741/553 906/1740/552 807/1890/638
f 807/1890/638 906/1740/552 903/1739/551 712/1887/635
f 710/1891/639 907/1743/555 908/1746/558 709/1892/640
f 709/1892/640 908/1746/558 909/1745/557 806/1893/641
f 806/1893/641 909/1745/557 910/1744/556 805/1894/642
f 805/1894/642 910/1744/556 907/1743/555 710/1891/639
f 708/1895/643 911/1747/559 912/1750/562 707/1896/644
f 707/1896/644 912/1750/562 913/1749/561 804/1897/645
f 804/1897/645 913/1749/561 914/1748/560 803/1898/646
f 803/1898/646 914/1748/560 911/1747/559 708/1895/643
f 950/1899/347 774/1378/344 806/1377/344 981/1900/347
f 961/1901/5 962/1902/5 993/1903/5 994/1904/5
f 791/1383/345 967/1905/488 1000/1906/488 823/1384/345
f 967/1907/5 968/1908/5 999/1909/5 1000/1910/5
f 771/1391/344 947/1911/343 980/1912/343 803/1392/344
f 797/1395/348 973/1913/493 1006/1914/493 829/1396/348
f 947/1915/5 948/1916/5 979/1917/5 980/1918/5
f 973/1919/5 974/1920/5 1005/1921/5 1006/1922/5
f 777/1407/350 953/1923/492 986/1924/492 809/1408/350
f 915/1925/5 916/1926/5 931/1927/5 932/1928/5
f 916/1926/5 917/1929/5 933/1930/5 931/1927/5
f 917/1929/5 918/1931/5 934/1932/5 933/1930/5
f 918/1931/5 919/1933/5 935/1934/5 934/1932/5
f 919/1933/5 920/1935/5 936/1936/5 935/1934/5
f 920/1935/5 921/1937/5 937/1938/5 936/1936/5
f 921/1937/5 922/1939/5 938/1940/5 937/1938/5
f 922/1939/5 923/1941/5 939/1942/5 938/1940/5
f 923/1941/5 924/1943/5 940/1944/5 939/1942/5
f 924/1943/5 925/1945/5 941/1946/5 940/1944/5
f 925/1945/5 926/1947/5 942/1948/5 941/1946/5
f 926/1947/5 927/1949/5 943/1950/5 942/1948/5
f 927/1949/5 928/1951/5 944/1952/5 943/1950/5
f 928/1951/5 929/1953/5 945/1954/5 944/1952/5
f 929/1953/5 930/1955/5 946/1956/5 945/1954/5
f 930/1955/5 915/1925/5 932/1928/5 946/1956/5
f 935/1957/647 936/1958/648 948/1959/649 947/1960/650
f 769/1447/356 935/1957/647 947/1960/650 771/1448/357
f 943/1961/651 944/1962/652 950/1963/653 949/1964/654
f 767/1453/362 943/1961/651 949/1964/654 773/1454/363
f 936/1965/648 937/1966/655 952/1967/656 951/1968/657
f 770/1459/367 936/1965/648 951/1968/657 775/1460/368
f 944/1962/652 945/1969/658 954/1970/659 953/1971/660
f 768/1464/372 944/1962/652 953/1971/660 777/1465/373
f 937/1966/655 938/1972/661 956/1973/662 955/1974/663
f 766/1469/377 937/1966/655 955/1974/663 779/1470/378
f 945/1969/658 946/1975/664 958/1976/665 957/1977/666
f 765/1474/382 945/1969/658 957/1977/666 781/1475/383
f 938/1972/661 939/1978/667 960/1979/668 959/1980/669
f 764/1479/387 938/1972/661 959/1980/669 783/1480/388
f 932/1981/670 931/1982/671 962/1983/672 961/1984/673
f 760/1485/393 932/1981/670 961/1984/673 785/1486/394
f 946/1985/664 932/1981/670 964/1986/674 963/1987/675
f 763/1490/397 946/1985/664 963/1987/675 787/1491/398
f 939/1988/667 940/1989/676 966/1990/677 965/1991/678
f 762/1496/402 939/1988/667 965/1991/678 789/1497/403
f 931/1982/671 933/1992/679 968/1993/680 967/1994/681
f 761/1501/407 931/1982/671 967/1994/681 791/1502/408
f 940/1989/676 941/1995/682 970/1996/683 969/1997/684
f 759/1506/412 940/1989/676 969/1997/684 793/1507/413
f 933/1998/679 934/1999/685 972/2000/686 971/2001/687
f 758/1512/417 933/1998/679 971/2001/687 795/1513/418
f 941/1995/682 942/2002/688 974/2003/689 973/2004/690
f 757/1517/422 941/1995/682 973/2004/690 797/1518/423
f 934/1999/685 935/1957/647 976/2005/691 975/2006/692
f 756/1521/426 934/1999/685 975/2006/692 799/1522/427
f 942/2007/688 943/2008/651 978/2009/693 977/2010/694
f 755/1527/430 942/2011/688 977/2012/694 801/1528/431
f 785/1531/432 961/2013/494 994/2014/494 817/1532/432
f 955/2015/5 956/2016/5 987/2017/5 988/2018/5
f 779/1539/434 955/2019/490 988/2020/490 811/1540/434
f 975/2021/5 976/2022/5 1007/2023/5 1008/2024/5
f 949/2025/5 950/2026/5 981/2027/5 982/2028/5
f 799/1551/436 975/2029/491 1008/2030/491 831/1552/436
f 773/1555/438 949/2031/581 982/2032/581 805/1556/438
f 969/2033/5 970/2034/5 1001/2035/5 1002/2036/5
f 793/1563/440 969/2037/582 1002/2038/582 825/1564/440
f 963/2039/5 964/2040/5 995/2041/5 996/2042/5
f 787/1571/442 963/2043/495 996/2044/495 819/1572/442
f 957/2045/5 958/2046/5 989/2047/5 990/2048/5
f 781/1579/444 957/2049/497 990/2050/497 813/1580/444
f 977/2051/5 978/2052/5 1009/2053/5 1010/2054/5
f 951/2055/5 952/2056/5 983/2057/5 984/2058/5
f 801/1591/446 977/2059/496 1010/2060/496 833/1592/446
f 775/1595/448 951/2061/579 984/2062/579 807/1596/448
f 971/2063/5 972/2064/5 1003/2065/5 1004/2066/5
f 795/1603/450 971/2067/580 1004/2068/580 827/1604/450
f 965/2069/5 966/2070/5 997/2071/5 998/2072/5
f 789/1611/452 965/2073/498 998/2074/498 821/1612/452
f 959/2075/5 960/2076/5 991/2077/5 992/2078/5
f 783/1619/454 959/2079/489 992/2080/489 815/1620/454
f 953/2081/5 954/2082/5 985/2083/5 986/2084/5
f 916/1926/695 915/1925/696 1012/2085/697 1011/2086/698
f 915/1925/696 930/1955/699 1013/2087/700 1012/2085/697
f 930/1955/699 929/1953/701 1014/2088/702 1013/2087/700
f 929/1953/701 928/1951/703 1015/2089/704 1014/2088/702
f 928/1951/703 927/1949/705 1016/2090/706 1015/2089/704
f 927/1949/705 926/1947/707 1017/2091/708 1016/2090/706
f 926/1947/707 925/1945/709 1018/2092/710 1017/2091/708
f 925/1945/709 924/1943/711 1019/2093/712 1018/2092/710
f 924/1943/711 923/1941/713 1020/2094/714 1019/2093/712
f 923/1941/713 922/1939/715 1021/2095/716 1020/2094/714
f 922/1939/715 921/1937/717 1022/2096/718 1021/2095/716
f 921/1937/717 920/1935/719 1023/2097/720 1022/2096/718
f 920/1935/719 919/1933/721 1024/2098/722 1023/2097/720
f 919/1933/721 918/1931/723 1025/2099/724 1024/2098/722
f 918/1931/723 917/1929/725 1026/2100/726 1025/2099/724
f 917/1929/725 916/1926/695 1011/2086/698 1026/2100/726
f 970/2101/346 794/1646/345 826/1645/345 1001/2102/346
f 964/2103/455 788/1650/454 820/1649/454 995/2104/455
f 958/2105/435 782/1654/434 814/1653/434 989/2106/435
f 978/2107/437 802/1658/436 834/1657/436 1009/2108/437
f 952/2109/351 776/1662/350 808/1661/350 983/2110/351
f 972/2111/349 796/1666/348 828/1665/348 1003/2112/349
f 966/2113/433 790/1670/432 822/1669/432 997/2114/433
f 960/2115/443 784/1674/442 816/1673/442 991/2116/443
f 976/2117/447 800/1678/446 832/1677/446 1007/2118/447
f 956/2119/445 780/1682/444 812/1681/444 987/2120/445
f 962/2121/453 786/1686/452 818/1685/452 993/2122/453
f 1027/2123/727 1028/2124/728 1029/2125/729 1030/2126/730
f 1031/2127/731 1032/2128/732 1033/2129/733 1034/2130/734
f 1035/2131/735 1036/2132/736 1037/2133/737 1038/2134/738
f 1039/2135/739 1040/2136/740 1041/2137/741 1042/2138/742
f 1043/2139/743 1044/2140/744 1045/2141/745 1046/2142/746
f 1047/2143/747 1048/2144/748 1049/2145/749 1050/2146/750
f 1051/2147/751 1052/2148/752 1053/2149/753 1054/2150/754
f 1055/2151/755 1056/2152/756 1057/2153/757 1058/2154/758
f 1059/2155/759 1060/2156/760 1061/2157/761 1062/2158/762
f 1063/2159/763 1064/2160/764 1065/2161/765 1066/2162/766
f 1067/2163/767 1068/2164/768 1069/2165/769 1070/2166/770
f 1071/2167/771 1072/2168/772 1073/2169/773 1074/2170/774
f 1075/2171/775 1076/2172/776 1077/2173/777 1078/2174/778
f 1079/2175/779 1080/2176/780 1081/2177/781 1082/2178/782
f 1083/2179/783 1084/2180/784 1085/2181/785 1086/2182/786
f 1087/2183/787 1088/2184/788 1089/2185/789 1090/2186/790
f 943/1961/651 767/1453/362 802/1752/563 978/2187/693
f 935/1957/647 769/1447/356 800/1753/564 976/2005/691
f 942/2002/688 755/1755/430 798/1754/565 974/2003/689
f 934/1999/685 756/1521/426 796/1756/566 972/2000/686
f 941/1995/682 757/1517/422 794/1757/567 970/1996/683
f 933/1992/679 758/1759/417 792/1758/568 968/1993/680
f 940/1989/676 759/1506/412 790/1760/569 966/1990/677
f 932/1981/670 760/1485/393 788/1761/570 964/1986/674
f 931/1982/671 761/1501/407 786/1762/571 962/1983/672
f 939/1978/667 762/1764/402 784/1763/572 960/1979/668
f 946/1975/664 763/1766/397 782/1765/573 958/1976/665
f 938/1972/661 764/1479/387 780/1767/574 956/1973/662
f 945/1969/658 765/1474/382 778/1768/575 954/1970/659
f 937/1966/655 766/1469/377 776/1769/576 952/1967/656
f 944/1962/652 768/1464/372 774/1770/577 950/1963/653
f 936/1958/648 770/1772/367 772/1771/578 948/1959/649
f 954/2188/449 778/1776/448 810/1775/448 985/2189/449
f 974/2190/451 798/1780/450 830/1779/450 1005/2191/451
f 948/2192/439 772/1784/438 804/1783/438 979/2193/439
f 968/2194/441 792/1788/440 824/1787/440 999/2195/441
f 1019/2196/712 1020/2197/714 844/1791/16 843/1790/15
f 1012/2198/697 1013/2199/700 837/1795/2 836/1794/3
f 1020/2197/714 1021/2200/716 845/1797/17 844/1791/16
f 1013/2199/700 1014/2201/702 838/1799/6 837/1795/2
f 1021/2202/716 1022/2203/718 846/1803/18 845/1802/17
f 1014/2201/702 1015/2204/704 839/1805/7 838/1799/6
f 1022/2203/718 1023/2205/720 847/1807/10 846/1803/18
f 1015/2206/704 1016/2207/706 840/1811/8 839/1810/7
f 1023/2205/720 1024/2208/722 848/1813/11 847/1807/10
f 1016/2207/706 1017/2209/708 841/1815/9 840/1811/8
f 1024/2210/722 1025/2211/724 849/1819/12 848/1818/11
f 1017/2209/708 1018/2212/710 842/1821/14 841/1815/9
f 1011/2213/698 1012/2214/697 836/1825/3 835/1824/4
f 1025/2211/724 1026/2215/726 850/1827/13 849/1819/12
f 1018/2216/710 1019/2196/712 843/1790/15 842/1830/14
f 1026/2215/726 1011/2213/698 835/1824/4 850/1827/13
f 1010/2217/791 1009/2218/792 1028/2219/728 1027/2220/727
f 1009/2221/792 834/1836/585 1029/2125/729 1028/2124/728
f 834/1836/585 833/1837/586 1030/2126/730 1029/2125/729
f 833/1837/586 1010/2222/791 1027/2123/727 1030/2126/730
f 1008/2223/793 1007/2224/794 1032/2128/732 1031/2127/731
f 1007/2224/794 832/1841/589 1033/2129/733 1032/2128/732
f 832/1841/589 831/1842/590 1034/2130/734 1033/2129/733
f 831/1842/590 1008/2223/793 1031/2127/731 1034/2130/734
f 1006/2225/795 1005/2226/796 1036/2132/736 1035/2131/735
f 1005/2226/796 830/1845/593 1037/2133/737 1036/2132/736
f 830/1845/593 829/1846/594 1038/2134/738 1037/2133/737
f 829/1846/594 1006/2225/795 1035/2131/735 1038/2134/738
f 1004/2227/797 1003/2228/798 1040/2136/740 1039/2135/739
f 1003/2228/798 828/1849/597 1041/2137/741 1040/2136/740
f 828/1849/597 827/1850/598 1042/2138/742 1041/2137/741
f 827/1850/598 1004/2227/797 1039/2135/739 1042/2138/742
f 1002/2229/799 1001/2230/800 1044/2140/744 1043/2139/743
f 1001/2230/800 826/1853/601 1045/2141/745 1044/2140/744
f 826/1853/601 825/1854/602 1046/2142/746 1045/2141/745
f 825/1854/602 1002/2229/799 1043/2139/743 1046/2142/746
f 1000/2231/801 999/2232/802 1048/2144/748 1047/2143/747
f 999/2232/802 824/1857/605 1049/2145/749 1048/2144/748
f 824/1857/605 823/1858/606 1050/2146/750 1049/2145/749
f 823/1858/606 1000/2231/801 1047/2143/747 1050/2146/750
f 998/2233/803 997/2234/804 1052/2148/752 1051/2147/751
f 997/2234/804 822/1861/609 1053/2149/753 1052/2148/752
f 822/1861/609 821/1862/610 1054/2150/754 1053/2149/753
f 821/1862/610 998/2233/803 1051/2147/751 1054/2150/754
f 996/2235/805 995/2236/806 1056/2152/756 1055/2151/755
f 995/2236/806 820/1865/613 1057/2153/757 1056/2152/756
f 820/1865/613 819/1866/614 1058/2154/758 1057/2153/757
f 819/1866/614 996/2235/805 1055/2151/755 1058/2154/758
f 994/2237/807 993/2238/808 1060/2156/760 1059/2155/759
f 993/2238/808 818/1869/617 1061/2157/761 1060/2156/760
f 818/1869/617 817/1870/618 1062/2158/762 1061/2157/761
f 817/1870/618 994/2237/807 1059/2155/759 1062/2158/762
f 992/2239/809 991/2240/810 1064/2160/764 1063/2159/763
f 991/2240/810 816/1873/621 1065/2161/765 1064/2160/764
f 816/1873/621 815/1874/622 1066/2162/766 1065/2161/765
f 815/1874/622 992/2239/809 1063/2159/763 1066/2162/766
f 990/2241/811 989/2242/812 1068/2164/768 1067/2163/767
f 989/2242/812 814/1877/625 1069/2165/769 1068/2164/768
f 814/1877/625 813/1878/626 1070/2166/770 1069/2165/769
f 813/1878/626 990/2241/811 1067/2163/767 1070/2166/770
f 988/2243/813 987/2244/814 1072/2168/772 1071/2167/771
f 987/2244/814 812/1881/629 1073/2169/773 1072/2168/772
f 812/1881/629 811/1882/630 1074/2170/774 1073/2169/773
f 811/1882/630 988/2243/813 1071/2167/771 1074/2170/774
f 986/2245/815 985/2246/816 1076/2172/776 1075/2171/775
f 985/2246/816 810/1885/633 1077/2173/777 1076/2172/776
f 810/1885/633 809/1886/634 1078/2174/778 1077/2173/777
f 809/1886/634 986/2245/815 1075/2171/775 1078/2174/778
f 984/2247/817 983/2248/818 1080/2176/780 1079/2175/779
f 983/2248/818 808/1889/637 1081/2177/781 1080/2176/780
f 808/1889/637 807/1890/638 1082/2178/782 1081/2177/781
f 807/1890/638 984/2247/817 1079/2175/779 1082/2178/782
f 982/2249/819 981/2250/820 1084/2180/784 1083/2179/783
f 981/2250/820 806/1893/641 1085/2181/785 1084/2180/784
f 806/1893/641 805/1894/642 1086/2182/786 1085/2181/785
f 805/1894/642 982/2249/819 1083/2179/783 1086/2182/786
f 980/2251/821 979/2252/822 1088/2184/788 1087/2183/787
f 979/2252/822 804/1897/645 1089/2185/789 1088/2184/788
f 804/1897/645 803/1898/646 1090/2186/790 1089/2185/789
f 803/1898/646 980/2251/821 1087/2183/787 1090/2186/790
f 1091/2253/823 1094/2254/823 1095/2255/6 1092/2256/6
f 1092/2257/1 1098/2258/1 1093/2259/1 1091/2260/1
f 1093/2261/9 1096/2262/9 1094/2263/9 1091/2264/9
f 1094/2265/5 1096/2266/5 1097/2267/5 1095/2268/5
f 1093/2269/824 1098/2270/18 1097/2271/18 1096/2272/824
f 1098/2270/18 1100/2273/10 1099/2274/10 1097/2271/18
f 1095/2268/5 1097/2267/5 1099/2275/5 1102/2276/5
f 1100/2273/10 1107/2277/11 1101/2278/11 1099/2274/10
f 1102/2276/5 1099/2275/5 1101/2279/5 1103/2280/5
f 1104/2281/7 1102/2282/7 1103/2283/8 1105/2284/8
f 1092/2256/6 1095/2255/6 1102/2285/7 1104/2286/7
f 1105/2287/1 1107/2288/1 1100/2289/1 1104/2290/1
f 1104/2290/1 1100/2289/1 1098/2258/1 1092/2257/1
f 1105/2284/8 1103/2283/8 1117/2291/9 1106/2292/9
f 1106/2293/1 1108/2294/1 1107/2288/1 1105/2287/1
f 1107/2295/11 1108/2296/12 1109/2297/12 1101/2298/11
f 1113/2299/1 1110/2300/1 1108/2294/1 1106/2293/1
f 1108/2296/12 1110/2301/13 1111/2302/13 1109/2297/12
f 1110/2301/13 1112/2303/825 1118/2304/825 1111/2302/13
f 1114/2305/1 1112/2306/1 1110/2300/1 1113/2299/1
f 1106/2292/9 1117/2291/9 1115/2307/14 1113/2308/14
f 1113/2309/14 1115/2310/14 1116/2311/826 1114/2312/826
f 1115/2313/5 1111/2314/5 1118/2315/5 1116/2316/5
f 1117/2317/5 1109/2318/5 1111/2314/5 1115/2313/5
f 1103/2280/5 1101/2279/5 1109/2318/5 1117/2317/5
f 1118/2319/7 1112/2320/7 1114/2321/7 1116/2322/7
