# Blender 4.1.1
# www.blender.org
mtllib R_Tras_DER.mtl
o Circle.009
v -0.834951 0.746617 -1.240309
v -0.834951 0.757375 -1.294392
v -0.834951 0.715982 -1.194459
v -0.820054 0.747366 -1.239999
v -0.855817 0.746617 -1.240309
v -0.855817 0.757375 -1.294392
v -0.855817 0.715982 -1.194459
v -0.861083 0.764841 -1.232760
v -0.861083 0.777100 -1.294392
v -0.861083 0.729929 -1.180511
v -0.840194 0.764841 -1.232760
v -0.840194 0.777100 -1.294392
v -0.840193 0.729929 -1.180511
v -0.883836 1.039439 -1.119018
v -0.805913 0.765642 -1.232428
v -0.805913 0.777968 -1.294392
v -0.805913 0.730543 -1.179898
v -0.768657 0.765642 -1.232428
v -0.841277 1.040391 -1.118624
v -0.841277 0.940826 -0.969615
v -0.841277 1.075354 -1.294392
v -0.814066 1.040328 -1.118650
v -0.710447 1.040328 -1.118650
v -0.814066 0.940778 -0.969663
v -0.814066 1.075286 -1.294392
v -0.710447 1.075286 -1.294392
v -0.814066 1.040328 -1.470134
v -0.710447 1.040328 -1.470134
v -0.814066 0.940778 -1.619122
v -0.841277 1.040391 -1.470160
v -0.805913 0.765642 -1.356356
v -0.841277 0.940826 -1.619170
v -0.883836 1.039439 -1.469766
v -0.840194 0.764841 -1.356024
v -0.883836 0.940098 -1.618441
v -0.883836 1.074323 -1.294392
v -0.958707 1.038449 -1.469356
v -0.959095 1.060916 -1.478662
v -0.958707 0.939340 -1.617683
v -0.958707 1.073252 -1.294392
v -0.959095 1.097570 -1.294392
v -0.958707 1.038449 -1.119428
v -0.959095 1.060916 -1.110122
v -0.958707 0.939340 -0.971101
v -0.959095 0.956536 -0.953905
v -0.958707 0.791013 -0.871992
v -0.883836 0.940097 -0.970343
v -0.883836 0.791423 -0.871002
v -0.840194 0.677680 -1.145600
v -0.883836 0.616049 -0.836118
v -0.958707 0.616049 -0.837189
v -0.840193 0.616049 -1.133341
v -0.883836 0.440675 -0.871002
v -0.841277 0.616049 -0.835087
v -0.814066 0.616049 -0.835155
v -0.805913 0.616049 -1.132473
v -0.841277 0.440280 -0.870050
v -0.841277 0.791817 -0.870050
v -0.814066 0.791791 -0.870113
v -0.805913 0.678012 -1.144799
v -0.768657 0.678012 -1.144799
v -0.768657 0.730543 -1.179898
v -0.768657 0.616049 -1.132473
v -0.759432 0.665981 -1.173845
v -0.781823 0.665981 -1.173845
v -0.759432 0.708311 -1.202129
v -0.759432 0.616049 -1.163913
v -0.781823 0.616049 -1.163913
v -0.759432 0.566116 -1.173845
v -0.781823 0.566116 -1.173845
v -0.759432 0.523786 -1.202129
v -0.768657 0.554085 -1.144799
v -0.805913 0.554085 -1.144799
v -0.768657 0.501555 -1.179898
v -0.768657 0.466455 -1.232428
v -0.805913 0.501555 -1.179898
v -0.805913 0.466455 -1.232428
v -0.841277 0.291271 -0.969615
v -0.814066 0.291319 -0.969663
v -0.841277 0.191706 -1.118624
v -0.841277 0.156744 -1.294392
v -0.883836 0.192658 -1.119018
v -0.814066 0.191769 -1.118650
v -0.710447 0.191769 -1.118650
v -0.814066 0.156812 -1.294392
v -0.710447 0.156812 -1.294392
v -0.814066 0.191769 -1.470134
v -0.814066 0.291319 -1.619122
v -0.841277 0.191706 -1.470160
v -0.710447 0.191769 -1.470134
v -0.710423 0.169338 -1.479426
v -0.710447 0.291319 -1.619122
v -0.710423 0.274151 -1.636290
v -0.710447 0.440306 -1.718672
v -0.710423 0.431015 -1.741103
v -0.710447 0.616049 -1.753629
v -0.814066 0.440306 -1.718672
v -0.814066 0.616049 -1.753629
v -0.841277 0.440280 -1.718734
v -0.805913 0.554085 -1.443986
v -0.841277 0.291271 -1.619170
v -0.841277 0.616049 -1.753697
v -0.883836 0.440675 -1.717782
v -0.840193 0.554417 -1.443184
v -0.883836 0.292000 -1.618441
v -0.883836 0.616049 -1.752666
v -0.958707 0.441085 -1.716793
v -0.959095 0.431778 -1.739260
v -0.958707 0.292757 -1.617683
v -0.958707 0.616049 -1.751595
v -0.959096 0.616049 -1.775913
v -0.958707 0.791013 -1.716793
v -0.883836 0.791423 -1.717782
v -0.959096 0.800319 -1.739260
v -0.959096 0.956536 -1.634879
v -0.884224 0.800729 -1.740249
v -0.884224 0.616049 -1.776985
v -0.884224 0.957293 -1.635637
v -0.841252 0.801108 -1.741165
v -0.841252 0.616049 -1.777976
v -0.841252 0.957994 -1.636338
v -0.814041 0.801082 -1.741103
v -0.814041 0.616049 -1.777908
v -0.814042 0.957946 -1.636290
v -0.710422 0.801082 -1.741103
v -0.710422 0.616049 -1.777908
v -0.710422 0.957946 -1.636290
v -0.710447 0.791791 -1.718672
v -0.814066 0.791791 -1.718672
v -0.710447 0.940778 -1.619122
v -0.841277 0.791817 -1.718734
v -0.805913 0.678012 -1.443986
v -0.805913 0.616049 -1.456311
v -0.805913 0.730543 -1.408886
v -0.768657 0.678012 -1.443986
v -0.768656 0.616049 -1.456311
v -0.768657 0.730543 -1.408886
v -0.759432 0.665981 -1.414939
v -0.759432 0.616049 -1.424871
v -0.759432 0.708311 -1.386655
v -0.781823 0.665981 -1.414939
v -0.781823 0.616049 -1.424871
v -0.781823 0.708311 -1.386655
v -0.781823 0.656567 -1.392211
v -0.781823 0.690916 -1.369259
v -0.781823 0.616049 -1.400270
v -0.781823 0.671560 -1.347331
v -0.781823 0.713868 -1.334910
v -0.781823 0.616049 -1.351693
v -0.781823 0.676826 -1.294392
v -0.781823 0.721927 -1.294392
v -0.781823 0.616049 -1.294392
v -0.781823 0.671560 -1.241453
v -0.781823 0.713868 -1.253874
v -0.781823 0.616049 -1.237091
v -0.781823 0.656567 -1.196573
v -0.781823 0.616049 -1.188514
v -0.781823 0.690916 -1.219525
v -0.781823 0.708311 -1.202129
v -0.781823 0.736596 -1.244460
v -0.781823 0.746528 -1.294392
v -0.759432 0.736596 -1.244460
v -0.759432 0.746528 -1.294392
v -0.759432 0.736596 -1.344324
v -0.768657 0.777968 -1.294392
v -0.768657 0.765642 -1.356356
v -0.781823 0.736596 -1.344324
v -0.781823 0.575531 -1.196573
v -0.781823 0.541181 -1.219525
v -0.781823 0.560537 -1.241453
v -0.781823 0.555272 -1.294392
v -0.781823 0.518230 -1.253874
v -0.781823 0.495502 -1.244460
v -0.781823 0.510170 -1.294392
v -0.781823 0.485569 -1.294392
v -0.781823 0.518230 -1.334910
v -0.781823 0.495502 -1.344324
v -0.781823 0.541181 -1.369259
v -0.781823 0.560537 -1.347331
v -0.781823 0.575531 -1.392211
v -0.781823 0.566116 -1.414939
v -0.781823 0.523786 -1.386655
v -0.759432 0.566116 -1.414939
v -0.759432 0.523786 -1.386655
v -0.768657 0.554085 -1.443986
v -0.768657 0.501555 -1.408886
v -0.768656 0.466455 -1.356356
v -0.805913 0.501555 -1.408886
v -0.805913 0.466455 -1.356356
v -0.805913 0.454130 -1.294392
v -0.840193 0.467256 -1.356024
v -0.840193 0.454997 -1.294392
v -0.840193 0.502168 -1.408273
v -0.861083 0.467256 -1.356024
v -0.883836 0.192658 -1.469766
v -0.883836 0.157774 -1.294392
v -0.958707 0.193648 -1.469356
v -0.959096 0.171181 -1.478662
v -0.958707 0.158846 -1.294392
v -0.959096 0.134528 -1.294392
v -0.958707 0.193648 -1.119428
v -0.959096 0.171181 -1.110122
v -0.958707 0.292757 -0.971101
v -0.883836 0.292000 -0.970343
v -0.959096 0.275562 -0.953905
v -0.958707 0.441085 -0.871992
v -0.959095 0.431778 -0.849524
v -0.884224 0.431369 -0.848535
v -0.959095 0.616049 -0.812871
v -0.884224 0.616049 -0.811800
v -0.959095 0.800319 -0.849524
v -0.884224 0.800729 -0.848535
v -0.884224 0.957293 -0.953148
v -0.841252 0.801108 -0.847619
v -0.841252 0.957994 -0.952447
v -0.841252 0.616049 -0.810808
v -0.814042 0.801082 -0.847681
v -0.814041 0.957946 -0.952495
v -0.814042 0.616049 -0.810876
v -0.710423 0.801082 -0.847681
v -0.710423 0.957946 -0.952495
v -0.710423 0.616049 -0.810876
v -0.710447 0.791791 -0.870113
v -0.710447 0.616049 -0.835155
v -0.710447 0.940778 -0.969663
v -0.710447 0.440306 -0.870113
v -0.710423 0.431015 -0.847681
v -0.710447 0.291319 -0.969663
v -0.814066 0.440306 -0.870113
v -0.710422 0.274151 -0.952495
v -0.710422 0.169338 -1.109358
v -0.814042 0.274151 -0.952495
v -0.814042 0.431015 -0.847681
v -0.814041 0.169338 -1.109358
v -0.841252 0.274103 -0.952446
v -0.841252 0.430989 -0.847619
v -0.841252 0.169275 -1.109332
v -0.884224 0.274804 -0.953148
v -0.884224 0.170191 -1.109712
v -0.884224 0.133456 -1.294392
v -0.884224 0.170191 -1.479072
v -0.841252 0.132465 -1.294392
v -0.841252 0.169275 -1.479452
v -0.814041 0.132533 -1.294392
v -0.814041 0.169338 -1.479426
v -0.710422 0.132533 -1.294392
v -0.814041 0.274151 -1.636290
v -0.814041 0.431015 -1.741103
v -0.841252 0.274103 -1.636338
v -0.841252 0.430989 -1.741165
v -0.884224 0.274804 -1.635637
v -0.959095 0.275562 -1.634879
v -0.884224 0.431369 -1.740249
v -0.710423 1.062759 -1.109358
v -0.710423 1.099565 -1.294392
v -0.814042 1.062759 -1.109358
v -0.814042 1.099565 -1.294392
v -0.841252 1.062822 -1.109332
v -0.841252 1.099633 -1.294392
v -0.884224 1.061906 -1.109712
v -0.884224 1.098641 -1.294392
v -0.884224 1.061906 -1.479072
v -0.841252 1.062822 -1.479452
v -0.814042 1.062759 -1.479426
v -0.710422 1.062759 -1.479426
v -0.840193 0.502168 -1.180511
v -0.840193 0.554417 -1.145600
v -0.840193 0.467256 -1.232760
v -0.861083 0.502168 -1.180511
v -0.861083 0.554417 -1.145600
v -0.861083 0.467256 -1.232760
v -0.855817 0.516116 -1.194459
v -0.834951 0.516116 -1.194459
v -0.855817 0.561965 -1.163823
v -0.855817 0.485480 -1.240309
v -0.834951 0.485480 -1.240309
v -0.855817 0.474722 -1.294392
v -0.834951 0.474722 -1.294392
v -0.855817 0.485480 -1.348475
v -0.861083 0.454997 -1.294392
v -0.855817 0.516116 -1.394325
v -0.834951 0.485480 -1.348475
v -0.834951 0.516116 -1.394325
v -0.820054 0.484732 -1.348785
v -0.820054 0.473912 -1.294392
v -0.820054 0.515543 -1.394898
v -0.813999 0.535339 -1.327823
v -0.813999 0.554276 -1.356165
v -0.813999 0.528689 -1.294392
v -0.835807 0.535339 -1.327823
v -0.835807 0.554276 -1.356165
v -0.835807 0.528689 -1.294392
v -0.835807 0.540793 -1.325564
v -0.835807 0.558450 -1.351990
v -0.835807 0.534592 -1.294392
v -0.835807 0.573341 -1.335120
v -0.835807 0.584877 -1.369648
v -0.835807 0.616049 -1.338476
v -0.835807 0.569291 -1.294392
v -0.835807 0.616049 -1.294392
v -0.835807 0.573341 -1.253664
v -0.835807 0.616049 -1.250308
v -0.835807 0.540793 -1.263220
v -0.835807 0.584877 -1.219136
v -0.835807 0.558450 -1.236794
v -0.835807 0.616049 -1.212936
v -0.835807 0.582618 -1.213682
v -0.835807 0.554276 -1.232619
v -0.835807 0.616049 -1.207032
v -0.813999 0.582618 -1.213682
v -0.813999 0.554276 -1.232619
v -0.813999 0.616049 -1.207032
v -0.820054 0.561655 -1.163075
v -0.820054 0.616049 -1.152256
v -0.820054 0.515543 -1.193887
v -0.834951 0.561965 -1.163823
v -0.834951 0.616049 -1.153065
v -0.834951 0.670132 -1.163823
v -0.855817 0.616049 -1.153065
v -0.855817 0.670132 -1.163823
v -0.861083 0.616049 -1.133341
v -0.861083 0.677680 -1.145600
v -0.820054 0.670442 -1.163075
v -0.820054 0.716554 -1.193887
v -0.813999 0.649480 -1.213682
v -0.813999 0.677821 -1.232619
v -0.835807 0.649480 -1.213682
v -0.835807 0.677821 -1.232619
v -0.835807 0.647221 -1.219136
v -0.835807 0.673647 -1.236794
v -0.835807 0.658756 -1.253664
v -0.835807 0.662807 -1.294392
v -0.835807 0.691305 -1.263220
v -0.835807 0.697505 -1.294392
v -0.835807 0.696759 -1.260961
v -0.835807 0.703408 -1.294392
v -0.813999 0.696759 -1.260961
v -0.813999 0.703408 -1.294392
v -0.813999 0.696759 -1.327823
v -0.820054 0.758185 -1.294392
v -0.820054 0.747365 -1.348785
v -0.820054 0.716554 -1.394898
v -0.834951 0.746617 -1.348475
v -0.834951 0.715982 -1.394325
v -0.855817 0.746617 -1.348475
v -0.855817 0.715982 -1.394325
v -0.861083 0.764841 -1.356024
v -0.861083 0.729929 -1.408273
v -0.861083 0.677680 -1.443184
v -0.840193 0.729929 -1.408273
v -0.840194 0.677680 -1.443184
v -0.840193 0.616049 -1.455444
v -0.861083 0.616049 -1.455444
v -0.861083 0.554417 -1.443184
v -0.855817 0.616049 -1.435719
v -0.855817 0.561965 -1.424961
v -0.855817 0.670132 -1.424961
v -0.834951 0.616049 -1.435719
v -0.834951 0.561965 -1.424961
v -0.834951 0.670132 -1.424961
v -0.820054 0.616049 -1.436528
v -0.820054 0.561655 -1.425709
v -0.820054 0.670442 -1.425709
v -0.813999 0.616049 -1.381752
v -0.813999 0.649480 -1.375102
v -0.813999 0.582618 -1.375102
v -0.835807 0.616049 -1.381752
v -0.835807 0.649480 -1.375102
v -0.835807 0.582618 -1.375102
v -0.835807 0.616049 -1.375848
v -0.835807 0.647221 -1.369648
v -0.835807 0.673647 -1.351990
v -0.835807 0.658756 -1.335120
v -0.835807 0.691305 -1.325564
v -0.835807 0.696759 -1.327823
v -0.835807 0.677821 -1.356165
v -0.813999 0.677821 -1.356165
v -0.861083 0.502168 -1.408273
v -0.820054 0.484732 -1.239999
v -0.813999 0.535339 -1.260961
v -0.835807 0.535339 -1.260961
v -0.768657 0.454130 -1.294392
v -0.759432 0.485569 -1.294392
v -0.759432 0.495502 -1.244460
v -0.759432 0.495502 -1.344324
v -0.781823 0.523786 -1.202129
v -1.013015 1.165063 -1.294392
v -1.013015 1.123272 -1.084293
v -1.013015 1.123272 -1.504490
v -1.013015 1.301566 -1.294392
v -0.971122 1.089625 -1.294392
v -0.971122 1.053576 -1.113162
v -0.971122 1.053576 -1.475622
v -0.823457 1.089625 -1.294392
v -0.823457 1.053576 -1.113162
v -0.823457 1.053576 -1.475622
v -0.675792 1.089625 -1.294392
v -0.675792 1.053576 -1.113162
v -0.675792 1.053576 -1.475621
v -0.633899 1.165063 -1.294392
v -0.633899 1.123272 -1.084293
v -0.633899 1.123272 -1.504490
v -0.633899 1.301566 -1.294392
v -0.633899 1.249384 -1.032056
v -0.633899 1.249384 -1.556728
v -0.823457 1.297797 -1.222611
v -0.644714 1.299037 -1.281679
v -0.644714 1.299037 -1.307105
v -0.644714 1.251913 -1.544015
v -0.823457 1.296614 -1.235519
v -0.644714 1.330775 -1.313418
v -0.644714 1.283651 -1.550328
v -0.823457 1.328838 -1.238474
v -0.652312 1.329448 -1.322577
v -0.652312 1.285879 -1.534951
v -0.815858 1.326610 -1.253850
v -0.815858 1.308107 -1.469857
v -0.823457 1.306780 -1.479016
v -1.002201 1.283651 -1.550328
v -0.823457 1.274555 -1.476061
v -0.831056 1.308107 -1.469857
v -0.831056 1.326610 -1.253850
v -0.994602 1.285879 -1.534951
v -0.994602 1.329448 -1.322577
v -1.002201 1.330775 -1.313418
v -1.002201 1.299037 -1.307105
v -1.002201 1.251913 -1.544015
v -1.013015 1.249384 -1.556728
v -1.013015 1.100783 -1.779126
v -1.002201 1.242183 -1.567506
v -0.823457 1.273372 -1.488969
v -0.823457 1.267339 -1.500441
v -0.823457 1.295979 -1.515503
v -0.644714 1.242183 -1.567505
v -0.644714 1.107984 -1.768348
v -0.644714 1.269089 -1.585483
v -0.644714 1.134890 -1.786326
v -0.652312 1.264358 -1.593437
v -0.652312 1.142833 -1.772973
v -0.815858 1.288036 -1.528856
v -0.815858 1.188279 -1.721340
v -0.823457 1.183548 -1.729293
v -1.002201 1.134890 -1.786326
v -0.823457 1.154908 -1.714231
v -0.831056 1.188279 -1.721340
v -0.831056 1.288036 -1.528856
v -0.994602 1.142833 -1.772973
v -0.994602 1.264358 -1.593437
v -1.002201 1.269089 -1.585484
v -1.002201 1.107984 -1.768348
v -0.823457 1.148875 -1.725704
v -0.823457 1.138910 -1.733994
v -0.633899 1.100783 -1.779126
v -0.633899 0.878385 -1.927727
v -0.633899 1.004260 -1.682603
v -0.644714 1.090005 -1.786327
v -0.644713 0.889163 -1.920526
v -0.644714 1.107983 -1.813233
v -0.644713 0.907140 -1.947432
v -0.823457 1.159607 -1.758870
v -0.652312 1.100568 -1.818771
v -0.652312 0.919589 -1.938134
v -0.815858 1.147159 -1.768167
v -0.815858 0.981335 -1.907823
v -0.823457 0.973921 -1.913361
v -1.002201 0.907140 -1.947432
v -0.823457 0.953224 -1.888486
v -0.831056 0.981335 -1.907823
v -0.831056 1.147159 -1.768167
v -0.994602 0.919589 -1.938134
v -0.994602 1.100568 -1.818771
v -1.002201 1.107983 -1.813233
v -1.002201 1.090005 -1.786327
v -1.002201 0.889162 -1.920526
v -1.013015 0.878385 -1.927727
v -1.013015 0.616049 -1.979909
v -1.013015 0.826147 -1.801615
v -1.002201 0.865672 -1.930256
v -0.823457 0.943260 -1.896776
v -0.823457 0.930881 -1.900622
v -0.823457 0.940483 -1.931524
v -0.644713 0.865672 -1.930256
v -0.644713 0.628762 -1.977380
v -0.644713 0.871985 -1.961994
v -0.644713 0.635075 -2.009118
v -0.652312 0.863015 -1.964272
v -0.652312 0.650133 -2.005292
v -0.815858 0.925424 -1.935350
v -0.815858 0.718779 -2.000918
v -0.823457 0.709810 -2.003197
v -1.002201 0.635075 -2.009118
v -0.823457 0.700208 -1.972294
v -0.831056 0.718779 -2.000918
v -0.831056 0.925424 -1.935350
v -0.994602 0.650133 -2.005292
v -0.994602 0.863015 -1.964272
v -1.002201 0.871985 -1.961994
v -1.002201 0.628762 -1.977380
v -0.823457 0.687830 -1.976140
v -0.823457 0.674922 -1.974957
v -0.633899 0.616049 -1.979909
v -0.633899 0.353713 -1.927727
v -0.633899 0.616049 -1.843406
v -0.644713 0.603336 -1.977380
v -0.644713 0.366426 -1.930256
v -0.644713 0.597023 -2.009118
v -0.644713 0.360113 -1.961993
v -0.823457 0.671967 -2.007181
v -0.652312 0.587864 -2.007791
v -0.652312 0.375489 -1.964221
v -0.815858 0.656590 -2.004953
v -0.815858 0.440584 -1.986450
v -0.823457 0.431425 -1.985123
v -1.002201 0.360113 -1.961993
v -0.823457 0.434380 -1.952899
v -0.831056 0.440584 -1.986450
v -0.831056 0.656590 -2.004953
v -0.994602 0.375489 -1.964221
v -0.994602 0.587864 -2.007791
v -1.002201 0.597023 -2.009118
v -1.002201 0.603336 -1.977380
v -1.002201 0.366426 -1.930256
v -1.013015 0.353713 -1.927727
v -1.013015 0.131315 -1.779126
v -1.013015 0.405950 -1.801615
v -1.002201 0.342935 -1.920526
v -0.823457 0.421472 -1.951715
v -0.823457 0.409999 -1.945682
v -0.823457 0.394938 -1.974322
v -0.644713 0.342935 -1.920526
v -0.644713 0.142093 -1.786327
v -0.644713 0.324957 -1.947432
v -0.644713 0.124115 -1.813233
v -0.652312 0.317003 -1.942701
v -0.652312 0.137468 -1.821176
v -0.815858 0.381584 -1.966379
v -0.815858 0.189101 -1.866622
v -0.823457 0.181147 -1.861892
v -1.002201 0.124115 -1.813233
v -0.823457 0.196209 -1.833251
v -0.831056 0.189101 -1.866622
v -0.831056 0.381584 -1.966379
v -0.994602 0.137468 -1.821176
v -0.994602 0.317003 -1.942701
v -1.002201 0.324957 -1.947432
v -1.002201 0.142093 -1.786327
v -0.823457 0.184736 -1.827218
v -0.823457 0.176446 -1.817253
v -0.633899 0.131315 -1.779126
v -0.633899 -0.017287 -1.556728
v -0.633899 0.227837 -1.682603
v -0.644713 0.124113 -1.768348
v -0.644713 -0.010085 -1.567505
v -0.644713 0.097207 -1.786326
v -0.644713 -0.036991 -1.585483
v -0.823457 0.151571 -1.837950
v -0.652312 0.091670 -1.778911
v -0.652312 -0.027694 -1.597932
v -0.815858 0.142273 -1.825502
v -0.815858 0.002617 -1.659678
v -0.823457 -0.002921 -1.652264
v -1.002201 -0.036991 -1.585483
v -0.823457 0.021955 -1.631567
v -0.831056 0.002617 -1.659678
v -0.831056 0.142273 -1.825502
v -0.994602 -0.027694 -1.597932
v -0.994602 0.091670 -1.778911
v -1.002201 0.097207 -1.786326
v -1.002201 0.124113 -1.768348
v -1.002201 -0.010085 -1.567506
v -1.013015 -0.017287 -1.556728
v -1.013015 -0.069468 -1.294392
v -1.013015 0.108826 -1.504490
v -1.002201 -0.019815 -1.544015
v -0.823457 0.013664 -1.621603
v -0.823457 0.009818 -1.609224
v -0.823457 -0.021084 -1.618826
v -0.644713 -0.019815 -1.544015
v -0.644713 -0.066940 -1.307105
v -0.644713 -0.051553 -1.550328
v -0.644713 -0.098677 -1.313418
v -0.652312 -0.053832 -1.541358
v -0.652312 -0.094851 -1.328476
v -0.815858 -0.024910 -1.603767
v -0.815858 -0.090477 -1.397122
v -0.823457 -0.092756 -1.388153
v -1.002201 -0.098677 -1.313418
v -0.823457 -0.061854 -1.378551
v -0.831056 -0.090477 -1.397122
v -0.831056 -0.024910 -1.603767
v -0.994602 -0.094851 -1.328476
v -0.994602 -0.053832 -1.541358
v -1.002201 -0.051553 -1.550328
v -1.002201 -0.066940 -1.307105
v -0.823457 -0.065700 -1.366173
v -0.823457 -0.064516 -1.353265
v -0.633899 -0.069468 -1.294392
v -0.633899 -0.017287 -1.032056
v -0.633899 0.067034 -1.294392
v -0.644713 -0.066940 -1.281679
v -0.644713 -0.019815 -1.044769
v -0.644713 -0.098677 -1.275366
v -0.644713 -0.051553 -1.038456
v -0.823457 -0.096740 -1.350310
v -0.652312 -0.097350 -1.266207
v -0.652312 -0.053781 -1.053832
v -0.815858 -0.094513 -1.334933
v -0.815858 -0.076009 -1.118927
v -0.823457 -0.074682 -1.109768
v -1.002201 -0.051553 -1.038456
v -0.823457 -0.042458 -1.112723
v -0.831056 -0.076009 -1.118927
v -0.831056 -0.094513 -1.334933
v -0.994602 -0.053781 -1.053832
v -0.994602 -0.097350 -1.266207
v -1.002201 -0.098677 -1.275366
v -1.002201 -0.066940 -1.281679
v -1.002201 -0.019815 -1.044769
v -1.013015 -0.017287 -1.032056
v -1.013015 0.131315 -0.809658
v -1.013015 0.108826 -1.084293
v -1.002201 -0.010085 -1.021278
v -0.823457 -0.041274 -1.099815
v -0.823457 -0.035241 -1.088342
v -0.823457 -0.063882 -1.073281
v -0.644713 -0.010085 -1.021278
v -0.644714 0.124113 -0.820436
v -0.644713 -0.036991 -1.003300
v -0.644714 0.097207 -0.802458
v -0.652312 -0.032260 -0.995346
v -0.652312 0.089265 -0.815811
v -0.815858 -0.055939 -1.059927
v -0.815858 0.043818 -0.867444
v -0.823457 0.048549 -0.859490
v -1.002201 0.097207 -0.802458
v -0.823457 0.077189 -0.874552
v -0.831056 0.043818 -0.867444
v -0.831056 -0.055939 -1.059927
v -0.994602 0.089265 -0.815811
v -0.994602 -0.032260 -0.995346
v -1.002201 -0.036991 -1.003300
v -1.002201 0.124113 -0.820436
v -0.823457 0.083223 -0.863079
v -0.823457 0.093187 -0.854789
v -0.633899 0.131315 -0.809658
v -0.633899 0.353713 -0.661056
v -0.633899 0.227837 -0.906180
v -0.644714 0.142093 -0.802456
v -0.644714 0.342935 -0.668258
v -0.644714 0.124115 -0.775551
v -0.644714 0.324957 -0.641352
v -0.823457 0.072491 -0.829914
v -0.652312 0.131529 -0.770013
v -0.652312 0.312509 -0.650649
v -0.815858 0.084939 -0.820616
v -0.815858 0.250762 -0.680960
v -0.823457 0.258177 -0.675422
v -1.002201 0.324957 -0.641352
v -0.823457 0.278873 -0.700298
v -0.831056 0.250762 -0.680960
v -0.831056 0.084939 -0.820616
v -0.994602 0.312509 -0.650649
v -0.994602 0.131529 -0.770013
v -1.002201 0.124115 -0.775551
v -1.002201 0.142093 -0.802456
v -1.002201 0.342935 -0.668258
v -1.013015 0.353713 -0.661056
v -1.013015 0.616049 -0.608875
v -1.013015 0.405950 -0.787169
v -1.002201 0.366426 -0.658528
v -0.823457 0.288838 -0.692008
v -0.823457 0.301216 -0.688161
v -0.823457 0.291615 -0.657259
v -0.644714 0.366426 -0.658528
v -0.644714 0.603336 -0.611403
v -0.644714 0.360113 -0.626790
v -0.644714 0.597023 -0.579666
v -0.652312 0.369082 -0.624511
v -0.652312 0.581964 -0.583492
v -0.815858 0.306673 -0.653433
v -0.815858 0.513318 -0.587866
v -0.823457 0.522288 -0.585587
v -1.002201 0.597023 -0.579666
v -0.823457 0.531889 -0.616489
v -0.831056 0.513318 -0.587866
v -0.831056 0.306673 -0.653433
v -0.994602 0.581964 -0.583492
v -0.994602 0.369082 -0.624511
v -1.002201 0.360113 -0.626790
v -1.002201 0.603336 -0.611403
v -0.823457 0.544268 -0.612643
v -0.823457 0.557176 -0.613827
v -0.633899 0.616049 -0.608875
v -0.633899 0.878385 -0.661056
v -0.633899 0.616049 -0.745377
v -0.644714 0.628762 -0.611403
v -0.644714 0.865672 -0.658528
v -0.644714 0.635075 -0.579666
v -0.644714 0.871985 -0.626790
v -0.823457 0.560131 -0.581602
v -0.652312 0.644234 -0.580993
v -0.652312 0.856608 -0.624562
v -0.815858 0.575507 -0.583830
v -0.815858 0.791514 -0.602334
v -0.823457 0.800673 -0.603661
v -1.002201 0.871985 -0.626790
v -0.823457 0.797718 -0.635885
v -0.831056 0.791514 -0.602334
v -0.831056 0.575507 -0.583830
v -0.994602 0.856608 -0.624562
v -0.994602 0.644234 -0.580993
v -1.002201 0.635075 -0.579666
v -1.002201 0.628762 -0.611403
v -1.002201 0.865672 -0.658528
v -1.013015 0.878385 -0.661056
v -1.013015 1.100783 -0.809658
v -1.013015 0.826147 -0.787169
v -1.002201 0.889163 -0.668258
v -0.823457 0.810626 -0.637069
v -0.823457 0.822098 -0.643102
v -0.823457 0.837160 -0.614461
v -0.644714 0.889163 -0.668258
v -0.644714 1.090005 -0.802456
v -0.644714 0.907140 -0.641352
v -0.644714 1.107983 -0.775551
v -0.652312 0.915094 -0.646083
v -0.652312 1.094630 -0.767608
v -0.815858 0.850513 -0.622404
v -0.815858 1.042997 -0.722161
v -0.823457 1.050950 -0.726892
v -1.002201 1.107983 -0.775551
v -0.823457 1.035888 -0.755532
v -0.831056 1.042997 -0.722161
v -0.831056 0.850513 -0.622404
v -0.994602 1.094630 -0.767608
v -0.994602 0.915094 -0.646083
v -1.002201 0.907140 -0.641352
v -1.002201 1.090005 -0.802456
v -0.823457 1.047361 -0.761566
v -0.823457 1.055651 -0.771530
v -0.633899 1.100783 -0.809658
v -0.633899 1.004260 -0.906180
v -0.644714 1.107984 -0.820436
v -0.644714 1.242183 -1.021278
v -0.644714 1.134890 -0.802458
v -0.644714 1.269089 -1.003300
v -0.823457 1.080527 -0.750834
v -0.652312 1.140428 -0.809872
v -0.652312 1.259791 -0.990852
v -0.815858 1.089824 -0.763282
v -0.815858 1.229480 -0.929105
v -0.823457 1.235018 -0.936520
v -1.002201 1.269089 -1.003300
v -0.823457 1.210143 -0.957216
v -0.831056 1.229480 -0.929105
v -0.831056 1.089824 -0.763282
v -0.994602 1.259791 -0.990852
v -0.994602 1.140428 -0.809872
v -1.002201 1.134890 -0.802458
v -1.002201 1.107984 -0.820436
v -1.002201 1.242183 -1.021278
v -1.013015 1.249384 -1.032056
v -1.002201 1.251913 -1.044769
v -0.823457 1.218433 -0.967181
v -0.823457 1.222279 -0.979559
v -0.823457 1.253181 -0.969958
v -0.644714 1.251913 -1.044769
v -0.644714 1.283651 -1.038456
v -0.644714 1.330775 -1.275366
v -0.652312 1.285929 -1.047425
v -0.652312 1.326949 -1.260307
v -0.815858 1.257007 -0.985016
v -0.815858 1.322575 -1.191661
v -0.823457 1.324853 -1.200631
v -1.002201 1.330775 -1.275366
v -0.823457 1.293951 -1.210232
v -0.831056 1.322575 -1.191661
v -0.831056 1.257007 -0.985016
v -0.994602 1.326949 -1.260307
v -0.994602 1.285929 -1.047425
v -1.002201 1.283651 -1.038456
v -1.002201 1.299037 -1.281679
v -0.633899 0.826147 -0.787169
v -0.675792 0.950918 -0.959523
v -0.675792 0.797279 -0.856864
v -0.823457 0.950918 -0.959523
v -0.823457 0.797279 -0.856864
v -0.971122 0.950918 -0.959523
v -0.971122 0.797279 -0.856864
v -1.013015 1.004260 -0.906180
v -0.971122 0.616049 -0.820816
v -0.971122 0.434819 -0.856864
v -1.013015 0.616049 -0.745377
v -0.823457 0.616049 -0.820816
v -0.823457 0.434819 -0.856864
v -0.675792 0.616049 -0.820816
v -0.675792 0.434819 -0.856864
v -0.675792 0.281180 -0.959523
v -0.633899 0.405950 -0.787169
v -0.675792 0.178521 -1.113162
v -0.823457 0.281180 -0.959523
v -0.823457 0.178521 -1.113162
v -0.971122 0.281180 -0.959523
v -0.971122 0.178521 -1.113162
v -1.013015 0.227837 -0.906180
v -0.971122 0.142473 -1.294392
v -0.971122 0.178521 -1.475622
v -1.013015 0.067034 -1.294392
v -0.823457 0.142473 -1.294392
v -0.823457 0.178521 -1.475622
v -0.675792 0.142473 -1.294392
v -0.675792 0.178521 -1.475621
v -0.675792 0.281180 -1.629261
v -0.633899 0.108826 -1.504490
v -0.675792 0.434819 -1.731919
v -0.823457 0.281180 -1.629261
v -0.823457 0.434819 -1.731919
v -0.971122 0.281180 -1.629261
v -0.971122 0.434819 -1.731919
v -1.013015 0.227837 -1.682603
v -0.971122 0.616049 -1.767968
v -0.971122 0.797279 -1.731919
v -1.013015 0.616049 -1.843406
v -0.823457 0.616049 -1.767968
v -0.823457 0.797279 -1.731919
v -0.675792 0.616049 -1.767968
v -0.675792 0.797279 -1.731919
v -0.675792 0.950918 -1.629261
v -0.633899 0.826147 -1.801615
v -0.823457 0.950918 -1.629261
v -0.971122 0.950918 -1.629261
v -1.013015 1.004260 -1.682603
v -0.633899 0.405950 -1.801615
v -0.633899 0.108826 -1.084293
v -0.739390 0.685091 -1.293091
v -0.739390 0.678842 -1.324510
v -0.739390 0.678842 -1.261672
v -0.739390 0.904051 -1.293091
v -0.727624 0.685091 -1.293091
v -0.727624 0.700589 -1.293091
v -0.727624 0.678842 -1.261672
v -0.727624 0.678842 -1.324510
v -0.727624 0.693160 -1.330441
v -0.727624 0.661044 -1.351145
v -0.727624 0.634409 -1.368942
v -0.739390 0.661044 -1.351145
v -0.727624 0.672003 -1.362104
v -0.718173 0.672003 -1.362104
v -0.727624 0.640340 -1.383261
v -0.718173 0.640340 -1.383261
v -0.727624 0.602990 -1.390690
v -0.718173 0.602990 -1.390690
v -0.727624 0.565640 -1.383261
v -0.727624 0.602990 -1.375192
v -0.727624 0.571571 -1.368942
v -0.739390 0.602990 -1.375192
v -0.739390 0.634409 -1.368942
v -0.739390 0.571571 -1.368942
v -0.739390 0.602990 -1.594152
v -0.739390 0.718201 -1.571235
v -0.739390 0.487779 -1.571235
v -0.727624 0.602990 -1.594152
v -0.727624 0.487779 -1.571235
v -0.727624 0.718201 -1.571235
v -0.727624 0.602990 -1.578655
v -0.718173 0.602990 -1.578655
v -0.727624 0.712270 -1.556917
v -0.727624 0.493710 -1.556917
v -0.718173 0.493710 -1.556917
v -0.727624 0.401066 -1.495015
v -0.718173 0.401066 -1.495015
v -0.727624 0.339164 -1.402371
v -0.727624 0.390107 -1.505974
v -0.727624 0.324845 -1.408302
v -0.739390 0.390107 -1.505974
v -0.739390 0.324845 -1.408302
v -0.739390 0.544936 -1.351145
v -0.739390 0.527139 -1.324510
v -0.727624 0.544936 -1.351145
v -0.727624 0.527139 -1.324510
v -0.727624 0.533977 -1.362104
v -0.718173 0.533977 -1.362104
v -0.727624 0.512820 -1.330441
v -0.718173 0.512820 -1.330441
v -0.727624 0.505391 -1.293091
v -0.718173 0.505391 -1.293091
v -0.727624 0.512820 -1.255741
v -0.727624 0.520889 -1.293091
v -0.727624 0.527139 -1.261672
v -0.739390 0.520889 -1.293091
v -0.739390 0.527139 -1.261672
v -0.739390 0.301928 -1.293091
v -0.739390 0.324845 -1.177880
v -0.727624 0.301928 -1.293091
v -0.727624 0.324845 -1.177880
v -0.727624 0.317427 -1.293091
v -0.718173 0.317427 -1.293091
v -0.727624 0.339164 -1.183811
v -0.718173 0.339164 -1.183811
v -0.727624 0.401066 -1.091167
v -0.718173 0.401066 -1.091167
v -0.727624 0.493710 -1.029265
v -0.727624 0.390107 -1.080208
v -0.727624 0.487779 -1.014946
v -0.739390 0.390107 -1.080208
v -0.739390 0.487779 -1.014946
v -0.739390 0.544936 -1.235037
v -0.739390 0.571571 -1.217240
v -0.727624 0.544936 -1.235037
v -0.727624 0.533977 -1.224078
v -0.727624 0.571571 -1.217240
v -0.727624 0.602990 -1.210990
v -0.727624 0.565640 -1.202921
v -0.718173 0.565640 -1.202921
v -0.727624 0.602990 -1.195492
v -0.718173 0.602990 -1.195492
v -0.727624 0.640340 -1.202921
v -0.727624 0.672003 -1.224078
v -0.718173 0.640340 -1.202921
v -0.727624 0.634409 -1.217240
v -0.727624 0.661044 -1.235037
v -0.739390 0.634409 -1.217240
v -0.739390 0.602990 -1.210990
v -0.739390 0.661044 -1.235037
v -0.739390 0.718201 -1.014946
v -0.739390 0.602990 -0.992030
v -0.739390 0.815873 -1.080208
v -0.727624 0.718201 -1.014946
v -0.727624 0.815873 -1.080208
v -0.727624 0.602990 -0.992030
v -0.727624 0.712270 -1.029265
v -0.718173 0.712270 -1.029265
v -0.727624 0.602990 -1.007528
v -0.727624 0.804914 -1.091167
v -0.718173 0.804914 -1.091167
v -0.727624 0.866816 -1.183811
v -0.727624 0.888553 -1.293091
v -0.718173 0.866816 -1.183811
v -0.727624 0.881135 -1.177880
v -0.727624 0.904051 -1.293091
v -0.739390 0.881135 -1.177880
v -0.727624 0.881135 -1.408302
v -0.727624 0.815873 -1.505974
v -0.727624 0.866816 -1.402371
v -0.739390 0.881135 -1.408302
v -0.739390 0.815873 -1.505974
v -0.718173 0.866816 -1.402371
v -0.727624 0.804914 -1.495015
v -0.718173 0.804914 -1.495015
v -0.718173 0.712270 -1.556917
v -0.718173 0.815873 -1.505974
v -0.718173 0.718201 -1.571235
v -0.718173 0.881135 -1.408302
v -0.706407 0.815873 -1.505974
v -0.706407 0.881135 -1.408302
v -0.706407 0.718201 -1.571235
v -0.706407 0.770924 -1.461025
v -0.706407 0.693875 -1.512508
v -0.706407 0.822406 -1.383976
v -0.708508 0.770924 -1.461025
v -0.708508 0.822406 -1.383976
v -0.708508 0.693875 -1.512508
v -0.708508 0.726564 -1.416665
v -0.708508 0.669868 -1.454548
v -0.708508 0.764447 -1.359969
v -0.706407 0.726564 -1.416665
v -0.706407 0.669868 -1.454548
v -0.706407 0.764447 -1.359969
v -0.706407 0.661044 -1.351145
v -0.706407 0.678842 -1.324510
v -0.706407 0.634409 -1.368942
v -0.718173 0.661044 -1.351145
v -0.718173 0.678842 -1.324510
v -0.718173 0.634409 -1.368942
v -0.718173 0.602990 -1.375192
v -0.718173 0.571571 -1.368942
v -0.706407 0.602990 -1.375192
v -0.706407 0.571571 -1.368942
v -0.706407 0.602990 -1.467851
v -0.706407 0.536112 -1.454548
v -0.708508 0.602990 -1.467851
v -0.708508 0.536112 -1.454548
v -0.708508 0.602990 -1.530586
v -0.708508 0.512105 -1.512508
v -0.706407 0.602990 -1.530586
v -0.706407 0.512105 -1.512508
v -0.706407 0.602990 -1.594152
v -0.706407 0.487779 -1.571235
v -0.718173 0.602990 -1.594152
v -0.718173 0.487779 -1.571235
v -0.718173 0.390107 -1.505974
v -0.718173 0.324845 -1.408302
v -0.706407 0.390107 -1.505974
v -0.706407 0.324845 -1.408302
v -0.706407 0.435056 -1.461025
v -0.706407 0.383574 -1.383976
v -0.708508 0.435056 -1.461025
v -0.708508 0.383574 -1.383976
v -0.708508 0.479416 -1.416665
v -0.708508 0.441533 -1.359969
v -0.706407 0.479416 -1.416665
v -0.706407 0.441533 -1.359969
v -0.706407 0.544936 -1.351145
v -0.706407 0.527138 -1.324510
v -0.718173 0.544936 -1.351145
v -0.718173 0.527139 -1.324510
v -0.718173 0.520889 -1.293091
v -0.718173 0.527139 -1.261672
v -0.706407 0.520889 -1.293091
v -0.706407 0.527138 -1.261672
v -0.706407 0.428230 -1.293091
v -0.706407 0.441533 -1.226213
v -0.708508 0.428230 -1.293091
v -0.708508 0.441533 -1.226213
v -0.708508 0.365495 -1.293091
v -0.708508 0.383574 -1.202206
v -0.706407 0.365495 -1.293091
v -0.706407 0.383574 -1.202206
v -0.706407 0.301928 -1.293091
v -0.706407 0.324845 -1.177880
v -0.718173 0.301928 -1.293091
v -0.718173 0.324845 -1.177880
v -0.718173 0.390107 -1.080208
v -0.718173 0.487779 -1.014946
v -0.706407 0.390107 -1.080208
v -0.706407 0.487779 -1.014946
v -0.706407 0.435056 -1.125157
v -0.706407 0.512105 -1.073675
v -0.708508 0.435056 -1.125157
v -0.708508 0.512105 -1.073675
v -0.708508 0.479416 -1.169517
v -0.708508 0.536112 -1.131634
v -0.706407 0.479416 -1.169517
v -0.706407 0.536112 -1.131634
v -0.706407 0.544936 -1.235037
v -0.706407 0.571571 -1.217240
v -0.718173 0.544936 -1.235037
v -0.718173 0.533977 -1.224078
v -0.718173 0.571571 -1.217240
v -0.718173 0.602990 -1.210990
v -0.718173 0.634409 -1.217240
v -0.706407 0.602990 -1.210990
v -0.706407 0.634409 -1.217240
v -0.706407 0.602990 -1.118331
v -0.706407 0.669868 -1.131634
v -0.708508 0.602990 -1.118331
v -0.708508 0.669868 -1.131634
v -0.708508 0.602990 -1.055596
v -0.708508 0.693875 -1.073675
v -0.706407 0.602990 -1.055596
v -0.706407 0.693875 -1.073675
v -0.706407 0.602990 -0.992030
v -0.706407 0.718201 -1.014946
v -0.718173 0.602990 -0.992030
v -0.718173 0.718201 -1.014946
v -0.718173 0.602990 -1.007528
v -0.718173 0.493710 -1.029265
v -0.718173 0.815873 -1.080208
v -0.718173 0.881135 -1.177880
v -0.706407 0.815873 -1.080208
v -0.706407 0.881135 -1.177880
v -0.706407 0.770924 -1.125157
v -0.706407 0.822406 -1.202206
v -0.708508 0.770924 -1.125157
v -0.708508 0.822406 -1.202206
v -0.708508 0.726564 -1.169517
v -0.708508 0.764447 -1.226213
v -0.706407 0.726564 -1.169517
v -0.706407 0.764447 -1.226213
v -0.706407 0.661044 -1.235037
v -0.706407 0.678842 -1.261672
v -0.718173 0.661044 -1.235037
v -0.718173 0.678842 -1.261672
v -0.718173 0.672003 -1.224078
v -0.718173 0.693160 -1.255741
v -0.718173 0.700589 -1.293091
v -0.727624 0.693160 -1.255741
v -0.718173 0.693160 -1.330441
v -0.718173 0.685091 -1.293091
v -0.706407 0.685091 -1.293091
v -0.706407 0.777750 -1.293091
v -0.708508 0.777750 -1.293091
v -0.708508 0.840485 -1.293091
v -0.706407 0.840485 -1.293091
v -0.706407 0.904051 -1.293091
v -0.718173 0.904051 -1.293091
v -0.718173 0.888553 -1.293091
v -0.718173 0.512820 -1.255741
v -0.718173 0.339164 -1.402371
v -0.718173 0.565640 -1.383261
v -0.744520 0.816858 -1.394373
v -0.744520 0.766677 -1.469473
v -0.744520 0.881135 -1.420997
v -0.701278 0.816858 -1.394373
v -0.701278 0.766677 -1.469473
v -0.701278 0.881135 -1.420997
v -0.701278 0.815873 -1.518668
v -0.744520 0.815873 -1.518668
v -0.701278 0.718201 -1.583931
v -0.744520 0.718201 -1.583931
v -0.701278 0.602990 -1.606847
v -0.701278 0.691577 -1.519654
v -0.701278 0.602990 -1.537275
v -0.744520 0.691577 -1.519654
v -0.744520 0.602990 -1.537275
v -0.744520 0.514403 -1.519654
v -0.744520 0.602990 -1.606847
v -0.744520 0.487779 -1.583931
v -0.701278 0.487779 -1.583931
v -0.744520 0.390107 -1.518668
v -0.701278 0.390107 -1.518668
v -0.744520 0.324845 -1.420997
v -0.744520 0.439303 -1.469473
v -0.744520 0.389122 -1.394373
v -0.701278 0.439303 -1.469473
v -0.701278 0.389122 -1.394373
v -0.701278 0.514403 -1.519654
v -0.701278 0.324845 -1.420997
vn 0.0272 -0.9996 -0.0000
vn 0.0272 -0.9235 -0.3825
vn -0.0000 -0.9239 -0.3827
vn -0.0000 -1.0000 -0.0000
vn 0.0543 -0.9985 -0.0000
vn 0.0543 -0.9225 -0.3821
vn 0.0272 -0.7068 -0.7068
vn -0.0000 -0.7071 -0.7071
vn 0.0543 -0.7061 -0.7061
vn -0.9662 -0.2579 -0.0000
vn -0.9662 -0.2383 -0.0987
vn -0.9662 -0.1824 -0.1824
vn -0.0084 0.8965 0.4431
vn -0.0000 1.0000 -0.0000
vn -0.0000 0.9239 0.3827
vn -0.0084 0.7524 0.6587
vn -0.0000 0.7071 0.7071
vn -0.9894 -0.1453 -0.0000
vn -0.9890 -0.1452 -0.0289
vn -0.0084 0.7522 0.6589
vn -0.0084 0.8966 0.4428
vn -0.0000 -0.3827 0.9239
vn 0.9927 0.1181 0.0235
vn 0.9930 0.1181 -0.0000
vn 0.0176 -0.7524 -0.6585
vn 0.0176 -0.8963 -0.4431
vn 0.0064 -0.8966 -0.4428
vn 0.0064 -0.7522 -0.6589
vn -0.0012 -0.9239 -0.3827
vn -0.0012 -0.7071 -0.7071
vn -0.0025 -1.0000 -0.0000
vn -0.0012 -1.0000 -0.0000
vn -0.0012 -0.9239 0.3827
vn -0.0000 -0.9239 0.3827
vn 0.0064 -0.8966 0.4428
vn -0.0012 -0.7071 0.7071
vn -0.0000 -0.7071 0.7071
vn 0.0064 -0.7522 0.6589
vn -0.0000 -0.3827 -0.9239
vn 0.9927 0.1181 -0.0235
vn 0.0176 -0.8963 0.4431
vn 0.0176 -0.7524 0.6585
vn -0.9890 -0.1452 0.0289
vn 0.0143 -0.9238 0.3826
vn 0.0143 -0.7070 0.7070
vn 0.0143 -0.9999 -0.0000
vn -0.9999 -0.0113 0.0113
vn -0.9999 -0.0147 0.0061
vn -0.9999 -0.0160 -0.0000
vn -0.9999 -0.0147 -0.0061
vn 0.0143 -0.9238 -0.3826
vn -0.9999 -0.0113 -0.0113
vn 0.0143 -0.7070 -0.7070
vn -0.9999 -0.0061 -0.0147
vn 0.0143 -0.3826 -0.9238
vn -0.0000 0.7071 -0.7071
vn -0.9890 -0.0823 -0.1231
vn -0.9894 -0.0556 -0.1342
vn -0.9890 -0.0289 -0.1452
vn 0.0176 0.0664 -0.9976
vn 0.0143 -0.0000 -0.9999
vn 0.0176 0.3205 -0.9471
vn 0.0143 0.3826 -0.9238
vn 0.0064 0.0660 -0.9978
vn 0.0064 0.3208 -0.9471
vn -0.0012 -0.0000 -1.0000
vn -0.0012 0.3827 -0.9239
vn -0.0025 -0.3827 -0.9239
vn -0.0012 -0.3827 -0.9239
vn 0.9927 0.0235 0.1181
vn 0.9930 0.0452 0.1091
vn 0.9927 0.0669 0.1001
vn -0.0000 0.3827 0.9239
vn -0.0084 -0.0660 0.9978
vn -0.0000 -0.0000 1.0000
vn 0.9595 0.1991 0.1991
vn 0.9595 0.1077 0.2601
vn 0.9595 -0.0000 0.2815
vn -0.0000 -0.0000 -1.0000
vn -0.0000 0.3827 -0.9239
vn 0.9595 -0.1077 0.2601
vn 0.9595 -0.1991 0.1991
vn -0.0084 -0.3209 0.9471
vn -0.0084 -0.9471 0.3209
vn 0.9595 -0.2601 0.1077
vn 0.9930 -0.0835 0.0835
vn 0.9927 -0.0669 0.1001
vn 0.9927 -0.1001 0.0669
vn 0.0064 0.9471 -0.3208
vn -0.0025 0.7071 -0.7071
vn -0.0012 0.7071 -0.7071
vn -0.0012 0.9239 -0.3827
vn 0.0108 0.9999 -0.0000
vn -0.0012 1.0000 -0.0000
vn 0.0193 0.9998 -0.0000
vn 0.0176 0.9471 -0.3205
vn -0.0000 0.9239 -0.3827
vn -0.0012 0.9239 0.3827
vn 0.0064 0.9471 0.3208
vn -0.0025 0.7071 0.7071
vn -0.0012 0.7071 0.7071
vn 1.0000 0.0009 0.0004
vn 1.0000 0.0010 -0.0000
vn 1.0000 0.0007 0.0007
vn 1.0000 0.0004 0.0009
vn -0.0012 0.3827 0.9239
vn 1.0000 -0.0000 0.0010
vn -0.0012 -0.0000 1.0000
vn 0.0064 0.3208 0.9471
vn 0.0064 0.0660 0.9978
vn 0.9927 -0.0669 -0.1001
vn 0.9930 -0.0835 -0.0835
vn 0.0176 0.0664 0.9976
vn 0.0176 0.3205 0.9471
vn -0.9894 0.1027 0.1027
vn -0.9890 0.0823 0.1231
vn 0.0143 0.7070 0.7070
vn 0.0143 0.3826 0.9238
vn 0.0143 -0.0000 0.9999
vn -0.9999 0.0113 0.0113
vn -0.9999 0.0061 0.0147
vn -0.9999 -0.0000 0.0160
vn 0.0143 -0.3826 0.9238
vn -0.9999 -0.0061 0.0147
vn -0.0187 0.3826 -0.9237
vn -0.0187 -0.0000 -0.9998
vn -0.0143 -0.0000 -0.9999
vn -0.0143 0.3826 -0.9238
vn -0.0187 0.7070 -0.7070
vn -0.0143 0.7070 -0.7070
vn -0.0103 0.3827 -0.9238
vn -0.0103 -0.0000 -0.9999
vn -0.0103 0.7071 -0.7071
vn 0.0012 0.3827 -0.9239
vn 0.0012 -0.0000 -1.0000
vn 0.0012 0.7071 -0.7071
vn 1.0000 -0.0004 0.0009
vn 1.0000 -0.0007 0.0007
vn -0.0012 -0.3827 0.9239
vn 1.0000 -0.0009 0.0004
vn -0.0025 -0.3827 0.9239
vn 0.9930 0.0452 -0.1091
vn 0.9927 0.0235 -0.1181
vn 0.9927 0.0669 -0.1001
vn -0.0084 -0.0660 -0.9978
vn -0.0084 0.7522 -0.6589
vn 0.9595 -0.0000 -0.2815
vn 0.9595 0.1077 -0.2601
vn 0.9595 0.1991 -0.1991
vn 1.0000 -0.0000 -0.0000
vn 0.9595 0.2815 -0.0000
vn 0.9595 0.2601 0.1077
vn 0.9595 0.2601 -0.1077
vn -0.0084 0.8966 -0.4428
vn 0.9595 -0.1991 -0.1991
vn 0.9595 -0.1077 -0.2601
vn -0.0084 -0.3209 -0.9471
vn -0.0084 -0.9471 -0.3209
vn 0.9595 -0.2601 -0.1077
vn 0.9927 -0.1001 -0.0669
vn -0.0126 -0.9999 -0.0000
vn -0.0127 -0.9999 -0.0000
vn -0.0084 -0.9472 -0.3206
vn -0.9890 0.1231 0.0823
vn 0.0176 0.9471 0.3205
vn 0.0143 0.9238 0.3826
vn 0.0143 0.9999 -0.0000
vn -0.9999 0.0147 0.0061
vn -0.9999 0.0160 -0.0000
vn 0.0143 0.9238 -0.3826
vn -0.9999 0.0147 -0.0061
vn 0.0143 0.7070 -0.7070
vn -0.9999 0.0113 -0.0113
vn -0.9999 0.0061 -0.0147
vn -0.9999 -0.0000 -0.0160
vn -0.0187 -0.3826 0.9237
vn -0.0187 -0.0000 0.9998
vn -0.0143 -0.0000 0.9999
vn -0.0143 -0.3826 0.9238
vn -0.0187 -0.7070 0.7070
vn -0.0143 -0.7070 0.7070
vn -0.0187 0.3826 0.9237
vn -0.0143 0.3826 0.9238
vn -0.0187 0.7070 0.7070
vn -0.0143 0.7070 0.7070
vn -0.0103 0.3827 0.9238
vn -0.0103 0.7071 0.7071
vn -0.0103 -0.0000 0.9999
vn 0.0012 0.3827 0.9239
vn 0.0012 0.7071 0.7071
vn 0.0012 -0.0000 1.0000
vn 1.0000 -0.0004 -0.0009
vn 1.0000 -0.0007 -0.0007
vn 1.0000 -0.0000 -0.0010
vn 1.0000 -0.0009 -0.0004
vn 1.0000 0.0004 -0.0009
vn 1.0000 0.0007 -0.0007
vn 1.0000 0.0009 -0.0004
vn 0.0012 -0.3827 0.9239
vn 0.0012 -0.7071 0.7071
vn 0.0012 -0.9239 0.3827
vn -0.0103 -0.3827 0.9238
vn -0.0103 -0.7071 0.7071
vn -0.0103 -0.9238 0.3827
vn -0.0187 -0.9237 0.3826
vn -0.0143 -0.9238 0.3826
vn -0.0187 -0.9998 -0.0000
vn -0.0143 -0.9999 -0.0000
vn -0.0103 -0.9999 -0.0000
vn -0.0187 -0.9237 -0.3826
vn -0.0103 -0.9238 -0.3827
vn -0.0143 -0.9238 -0.3826
vn 0.0012 -1.0000 -0.0000
vn 0.0012 -0.9239 -0.3827
vn -0.0103 -0.7071 -0.7071
vn 0.0012 -0.7071 -0.7071
vn -0.0103 -0.3827 -0.9238
vn 0.0012 -0.3827 -0.9239
vn -0.0187 -0.7070 -0.7070
vn -0.0187 -0.3826 -0.9237
vn -0.0143 -0.7070 -0.7070
vn -0.0143 -0.3826 -0.9238
vn 0.0012 0.9239 0.3827
vn 1.0000 -0.0010 -0.0000
vn 0.0012 1.0000 -0.0000
vn -0.0103 0.9999 -0.0000
vn -0.0103 0.9238 0.3827
vn -0.0187 0.9998 -0.0000
vn -0.0187 0.9237 0.3826
vn -0.0143 0.9999 -0.0000
vn -0.0143 0.9238 0.3826
vn -0.0187 0.9237 -0.3826
vn -0.0143 0.9238 -0.3826
vn -0.0103 0.9238 -0.3827
vn 0.0012 0.9239 -0.3827
vn -0.9890 0.0823 -0.1231
vn -0.9894 0.1027 -0.1027
vn -0.9890 0.1231 -0.0823
vn -0.0084 -0.3206 0.9472
vn -0.0084 -0.9472 0.3206
vn -0.9662 0.0987 -0.2383
vn -0.9662 0.1824 -0.1824
vn -0.9662 0.2383 -0.0987
vn 0.0272 0.3825 -0.9235
vn 0.0272 0.7068 -0.7068
vn 0.0272 0.9235 -0.3825
vn 0.0272 0.9996 -0.0000
vn -0.9662 0.2579 -0.0000
vn 0.0272 0.9235 0.3825
vn -0.9662 0.2383 0.0987
vn 0.0272 0.7068 0.7068
vn -0.9662 0.1824 0.1824
vn 0.0543 0.9985 -0.0000
vn 0.0543 0.9225 0.3821
vn 0.0543 0.7061 0.7061
vn -0.9939 0.1015 0.0420
vn -0.9939 0.1099 -0.0000
vn -0.9939 0.0777 0.0777
vn -1.0000 -0.0000 -0.0000
vn -0.9939 0.0777 -0.0777
vn -0.9939 0.0420 -0.1015
vn -0.9939 -0.0000 -0.1099
vn 0.0272 -0.0000 -0.9996
vn 0.0543 -0.0000 -0.9985
vn 0.0543 0.3821 -0.9225
vn 0.0543 0.7061 -0.7061
vn 0.0272 -0.3825 -0.9235
vn 0.0543 -0.3821 -0.9225
vn -0.9662 -0.0987 -0.2383
vn -0.9662 -0.0000 -0.2579
vn -0.0084 -0.0663 0.9978
vn -0.9939 -0.0420 -0.1015
vn -0.9939 -0.0777 -0.0777
vn -0.9939 -0.1015 -0.0420
vn -0.9939 -0.1099 -0.0000
vn -0.9939 -0.1015 0.0420
vn 0.0272 -0.9235 0.3825
vn 0.0543 -0.9225 0.3821
vn -0.9939 -0.0777 0.0777
vn 0.0272 -0.7068 0.7068
vn 0.0543 -0.7061 0.7061
vn -0.9662 -0.1824 0.1824
vn -0.9662 -0.2383 0.0987
vn -0.0084 0.8965 -0.4431
vn -0.0084 0.7524 -0.6587
vn -0.9662 -0.0987 0.2383
vn -0.9894 -0.0556 0.1342
vn -0.9890 -0.0823 0.1231
vn -0.9890 -0.0289 0.1452
vn -0.0084 -0.0663 -0.9978
vn -0.0084 -0.3206 -0.9472
vn -0.9662 0.0987 0.2383
vn -0.9662 -0.0000 0.2579
vn 0.0272 0.3825 0.9235
vn 0.0272 -0.0000 0.9996
vn 0.0272 -0.3825 0.9235
vn 0.0543 0.3821 0.9225
vn 0.0543 -0.0000 0.9985
vn 0.0543 -0.3821 0.9225
vn -0.9939 -0.0000 0.1099
vn -0.9939 0.0420 0.1015
vn -0.9939 -0.0420 0.1015
vn -0.9939 0.1015 -0.0420
vn 0.0543 0.9225 -0.3821
vn 0.9595 -0.2815 -0.0000
vn -0.8742 -0.4485 -0.1858
vn -0.8742 -0.4855 -0.0000
vn -0.8742 -0.4485 0.1858
vn 0.8742 -0.4485 -0.1858
vn 0.8742 -0.4855 -0.0000
vn 0.8742 -0.4485 0.1858
vn -0.0104 0.9999 0.0003
vn 0.0447 0.9698 0.2396
vn -0.0272 0.9732 0.2284
vn -0.0104 0.9237 0.3830
vn -0.0104 0.9240 -0.3823
vn 0.0447 0.9877 -0.1498
vn -0.0272 0.9865 -0.1614
vn -0.0000 0.9931 -0.1175
vn -0.0000 0.9916 0.1291
vn -0.0000 0.9597 0.2810
vn 0.3745 0.1330 0.9176
vn -0.0000 0.1434 0.9897
vn 0.0365 0.9857 -0.1644
vn 0.0187 0.9858 -0.1668
vn -0.0309 0.9859 -0.1647
vn -0.0560 0.9851 -0.1623
vn -0.0187 0.9926 -0.1199
vn -0.0000 0.9925 -0.1222
vn 0.0309 0.9921 -0.1219
vn -0.0000 0.9923 -0.1242
vn -0.0365 0.9857 -0.1644
vn -0.0187 0.9858 -0.1668
vn -0.0309 0.9921 -0.1219
vn -0.0000 -0.1434 -0.9897
vn 0.3745 -0.1330 -0.9176
vn -0.3745 -0.1330 -0.9176
vn 0.0187 0.9926 -0.1199
vn 0.0309 0.9859 -0.1647
vn 0.0560 0.9851 -0.1623
vn -0.3745 0.1330 0.9176
vn 0.0104 0.9240 -0.3823
vn 0.0104 0.9999 0.0003
vn 0.0272 0.9865 -0.1614
vn -0.0447 0.9877 -0.1498
vn -0.0000 0.9656 -0.2602
vn -0.0000 0.9942 -0.1077
vn 0.0104 0.7073 -0.7068
vn 0.0272 0.8497 -0.5266
vn -0.0447 0.8552 -0.5164
vn -0.0000 0.8725 -0.4886
vn -0.0272 0.8497 -0.5266
vn -0.3745 0.4740 0.7969
vn -0.0000 0.5112 0.8595
vn 0.3745 0.4740 0.7969
vn -0.0104 0.7073 -0.7068
vn 0.0447 0.8552 -0.5164
vn 0.0365 0.8478 -0.5291
vn 0.0187 0.8470 -0.5313
vn -0.0309 0.8478 -0.5294
vn -0.0560 0.8480 -0.5270
vn -0.0187 0.8712 -0.4906
vn -0.0000 0.8702 -0.4927
vn 0.0309 0.8699 -0.4923
vn -0.0000 0.8692 -0.4944
vn -0.0365 0.8478 -0.5291
vn -0.0187 0.8470 -0.5313
vn -0.0309 0.8699 -0.4923
vn -0.0000 -0.5112 -0.8595
vn 0.3745 -0.4740 -0.7969
vn -0.3745 -0.4740 -0.7969
vn 0.0187 0.8712 -0.4906
vn 0.0309 0.8478 -0.5294
vn 0.0560 0.8480 -0.5270
vn -0.0000 0.7925 -0.6099
vn -0.0000 0.8773 -0.4799
vn -0.0000 0.6191 -0.7853
vn 0.0272 0.5835 -0.8117
vn -0.0272 0.5835 -0.8117
vn -0.0104 0.3830 -0.9237
vn 0.0447 0.5925 -0.8043
vn 0.3745 0.7429 0.5548
vn -0.0000 0.8012 0.5984
vn 0.0365 0.5807 -0.8133
vn 0.0187 0.5792 -0.8150
vn -0.0309 0.5807 -0.8136
vn -0.0560 0.5818 -0.8114
vn -0.0187 0.6171 -0.7867
vn -0.0000 0.6154 -0.7882
vn 0.0309 0.6153 -0.7877
vn -0.0000 0.6138 -0.7894
vn -0.0365 0.5807 -0.8133
vn -0.0187 0.5792 -0.8150
vn -0.0309 0.6153 -0.7877
vn -0.0000 -0.8012 -0.5984
vn 0.3745 -0.7429 -0.5548
vn -0.3745 -0.7429 -0.5548
vn 0.0187 0.6171 -0.7867
vn 0.0309 0.5807 -0.8136
vn 0.0560 0.5818 -0.8114
vn -0.3745 0.7429 0.5548
vn 0.0104 0.3830 -0.9237
vn -0.0447 0.5925 -0.8043
vn -0.0000 0.4988 -0.8667
vn -0.0000 0.6269 -0.7791
vn 0.0104 0.0003 -0.9999
vn 0.0272 0.2285 -0.9732
vn -0.0447 0.2396 -0.9698
vn -0.0000 0.2714 -0.9625
vn -0.0272 0.2285 -0.9732
vn -0.3745 0.8987 0.2283
vn -0.0000 0.9692 0.2462
vn 0.3745 0.8987 0.2283
vn -0.0104 0.0003 -0.9999
vn 0.0447 0.2396 -0.9698
vn 0.0365 0.2253 -0.9736
vn 0.0187 0.2232 -0.9746
vn -0.0309 0.2251 -0.9738
vn -0.0560 0.2270 -0.9723
vn -0.0187 0.2691 -0.9629
vn -0.0000 0.2669 -0.9637
vn 0.0309 0.2670 -0.9632
vn -0.0000 0.2650 -0.9642
vn -0.0365 0.2253 -0.9736
vn -0.0187 0.2232 -0.9746
vn -0.0309 0.2670 -0.9632
vn -0.0000 -0.9692 -0.2462
vn 0.3745 -0.8987 -0.2283
vn -0.3745 -0.8987 -0.2283
vn 0.0187 0.2691 -0.9629
vn 0.0309 0.2251 -0.9738
vn 0.0560 0.2270 -0.9723
vn -0.0000 0.1291 -0.9916
vn -0.0000 0.2810 -0.9597
vn -0.0000 -0.1175 -0.9931
vn 0.0272 -0.1614 -0.9865
vn -0.0272 -0.1614 -0.9865
vn -0.0104 -0.3823 -0.9240
vn 0.0447 -0.1498 -0.9877
vn 0.3745 0.9176 -0.1330
vn -0.0000 0.9897 -0.1434
vn 0.0365 -0.1644 -0.9857
vn 0.0187 -0.1668 -0.9858
vn -0.0309 -0.1647 -0.9859
vn -0.0560 -0.1623 -0.9851
vn -0.0187 -0.1199 -0.9926
vn -0.0000 -0.1222 -0.9925
vn 0.0309 -0.1219 -0.9921
vn -0.0000 -0.1242 -0.9923
vn -0.0365 -0.1644 -0.9857
vn -0.0187 -0.1668 -0.9858
vn -0.0309 -0.1219 -0.9921
vn -0.0000 -0.9897 0.1434
vn 0.3745 -0.9176 0.1330
vn -0.3745 -0.9176 0.1330
vn 0.0187 -0.1199 -0.9926
vn 0.0309 -0.1647 -0.9859
vn 0.0560 -0.1623 -0.9851
vn -0.3745 0.9176 -0.1330
vn 0.0104 -0.3823 -0.9240
vn -0.0447 -0.1498 -0.9877
vn -0.0000 -0.2602 -0.9656
vn -0.0000 -0.1077 -0.9942
vn 0.0104 -0.7068 -0.7073
vn 0.0272 -0.5266 -0.8497
vn -0.0447 -0.5164 -0.8552
vn -0.0000 -0.4886 -0.8725
vn -0.0272 -0.5266 -0.8497
vn -0.3745 0.7969 -0.4740
vn -0.0000 0.8595 -0.5112
vn 0.3745 0.7969 -0.4740
vn -0.0104 -0.7068 -0.7073
vn 0.0447 -0.5164 -0.8552
vn 0.0365 -0.5291 -0.8478
vn 0.0187 -0.5313 -0.8470
vn -0.0309 -0.5294 -0.8478
vn -0.0560 -0.5270 -0.8480
vn -0.0187 -0.4906 -0.8712
vn -0.0000 -0.4927 -0.8702
vn 0.0309 -0.4923 -0.8699
vn -0.0000 -0.4944 -0.8692
vn -0.0365 -0.5291 -0.8478
vn -0.0187 -0.5313 -0.8470
vn -0.0309 -0.4923 -0.8699
vn -0.0000 -0.8595 0.5112
vn 0.3745 -0.7969 0.4740
vn -0.3745 -0.7969 0.4740
vn 0.0187 -0.4907 -0.8712
vn 0.0309 -0.5294 -0.8478
vn 0.0560 -0.5270 -0.8480
vn -0.0000 -0.6099 -0.7925
vn -0.0000 -0.4799 -0.8773
vn -0.0000 -0.7853 -0.6191
vn 0.0272 -0.8117 -0.5835
vn -0.0272 -0.8117 -0.5835
vn -0.0104 -0.9237 -0.3830
vn 0.0447 -0.8043 -0.5925
vn 0.3745 0.5548 -0.7429
vn -0.0000 0.5984 -0.8012
vn 0.0365 -0.8133 -0.5807
vn 0.0187 -0.8150 -0.5792
vn -0.0309 -0.8136 -0.5807
vn -0.0560 -0.8114 -0.5818
vn -0.0187 -0.7867 -0.6171
vn -0.0000 -0.7882 -0.6154
vn 0.0309 -0.7877 -0.6153
vn -0.0000 -0.7894 -0.6138
vn -0.0365 -0.8133 -0.5807
vn -0.0187 -0.8150 -0.5792
vn -0.0309 -0.7877 -0.6153
vn -0.0000 -0.5984 0.8012
vn 0.3745 -0.5548 0.7429
vn -0.3745 -0.5548 0.7429
vn 0.0187 -0.7867 -0.6171
vn 0.0309 -0.8136 -0.5807
vn 0.0560 -0.8114 -0.5818
vn -0.3745 0.5548 -0.7429
vn 0.0104 -0.9237 -0.3830
vn -0.0447 -0.8043 -0.5925
vn -0.0000 -0.8667 -0.4988
vn -0.0000 -0.7791 -0.6269
vn 0.0104 -0.9999 -0.0003
vn 0.0272 -0.9732 -0.2284
vn -0.0447 -0.9698 -0.2396
vn -0.0000 -0.9625 -0.2714
vn -0.0272 -0.9732 -0.2284
vn -0.3745 0.2283 -0.8987
vn -0.0000 0.2462 -0.9692
vn 0.3745 0.2283 -0.8987
vn -0.0104 -0.9999 -0.0003
vn 0.0447 -0.9698 -0.2396
vn 0.0365 -0.9736 -0.2253
vn 0.0187 -0.9746 -0.2232
vn -0.0309 -0.9738 -0.2251
vn -0.0560 -0.9723 -0.2270
vn -0.0187 -0.9629 -0.2691
vn -0.0000 -0.9637 -0.2669
vn 0.0309 -0.9632 -0.2670
vn -0.0000 -0.9642 -0.2650
vn -0.0365 -0.9736 -0.2253
vn -0.0187 -0.9746 -0.2232
vn -0.0309 -0.9632 -0.2670
vn -0.0000 -0.2462 0.9692
vn 0.3745 -0.2283 0.8987
vn -0.3745 -0.2283 0.8987
vn 0.0187 -0.9629 -0.2691
vn 0.0309 -0.9738 -0.2251
vn 0.0560 -0.9723 -0.2270
vn -0.0000 -0.9916 -0.1291
vn -0.0000 -0.9597 -0.2810
vn -0.0000 -0.9931 0.1175
vn 0.0272 -0.9865 0.1614
vn -0.0272 -0.9865 0.1614
vn -0.0104 -0.9240 0.3823
vn 0.0447 -0.9877 0.1498
vn 0.0365 -0.9857 0.1644
vn 0.0187 -0.9858 0.1668
vn -0.0309 -0.9859 0.1647
vn -0.0560 -0.9851 0.1623
vn -0.0187 -0.9926 0.1199
vn -0.0000 -0.9925 0.1222
vn 0.0309 -0.9921 0.1219
vn -0.0000 -0.9923 0.1242
vn -0.0365 -0.9857 0.1644
vn -0.0187 -0.9858 0.1668
vn -0.0309 -0.9921 0.1219
vn 0.0187 -0.9926 0.1199
vn 0.0309 -0.9859 0.1647
vn 0.0560 -0.9851 0.1623
vn 0.0104 -0.9240 0.3823
vn -0.0447 -0.9877 0.1498
vn -0.0000 -0.9656 0.2602
vn -0.0000 -0.9942 0.1077
vn 0.0104 -0.7073 0.7068
vn 0.0272 -0.8497 0.5266
vn -0.0447 -0.8552 0.5164
vn -0.0000 -0.8725 0.4886
vn -0.0272 -0.8497 0.5266
vn -0.0104 -0.7073 0.7068
vn 0.0447 -0.8552 0.5164
vn 0.0365 -0.8478 0.5291
vn 0.0187 -0.8470 0.5313
vn -0.0309 -0.8478 0.5294
vn -0.0560 -0.8480 0.5270
vn -0.0187 -0.8712 0.4906
vn -0.0000 -0.8702 0.4927
vn 0.0309 -0.8699 0.4923
vn -0.0000 -0.8692 0.4944
vn -0.0365 -0.8478 0.5291
vn -0.0187 -0.8470 0.5313
vn -0.0309 -0.8699 0.4923
vn 0.0187 -0.8712 0.4906
vn 0.0309 -0.8478 0.5294
vn 0.0560 -0.8480 0.5270
vn -0.0000 -0.7925 0.6099
vn -0.0000 -0.8773 0.4799
vn -0.0000 -0.6191 0.7853
vn 0.0272 -0.5835 0.8117
vn -0.0272 -0.5835 0.8117
vn -0.0104 -0.3830 0.9237
vn 0.0447 -0.5925 0.8043
vn 0.0365 -0.5807 0.8133
vn 0.0187 -0.5792 0.8150
vn -0.0309 -0.5807 0.8136
vn -0.0560 -0.5818 0.8114
vn -0.0187 -0.6171 0.7867
vn -0.0000 -0.6154 0.7882
vn 0.0309 -0.6153 0.7877
vn -0.0000 -0.6138 0.7894
vn -0.0365 -0.5807 0.8133
vn -0.0187 -0.5792 0.8150
vn -0.0309 -0.6153 0.7877
vn 0.0187 -0.6171 0.7867
vn 0.0309 -0.5807 0.8136
vn 0.0560 -0.5818 0.8114
vn 0.0104 -0.3830 0.9237
vn -0.0447 -0.5925 0.8043
vn -0.0000 -0.4988 0.8667
vn -0.0000 -0.6269 0.7791
vn 0.0104 -0.0003 0.9999
vn 0.0272 -0.2285 0.9732
vn -0.0447 -0.2396 0.9698
vn -0.0000 -0.2714 0.9625
vn -0.0272 -0.2284 0.9732
vn -0.0104 -0.0003 0.9999
vn 0.0447 -0.2396 0.9698
vn 0.0365 -0.2253 0.9736
vn 0.0187 -0.2232 0.9746
vn -0.0309 -0.2251 0.9738
vn -0.0560 -0.2270 0.9723
vn -0.0187 -0.2691 0.9629
vn -0.0000 -0.2669 0.9637
vn 0.0309 -0.2670 0.9632
vn -0.0000 -0.2650 0.9642
vn -0.0365 -0.2253 0.9736
vn -0.0187 -0.2232 0.9746
vn -0.0309 -0.2670 0.9632
vn 0.0187 -0.2691 0.9629
vn 0.0309 -0.2251 0.9738
vn 0.0560 -0.2270 0.9723
vn -0.0000 -0.1291 0.9916
vn -0.0000 -0.2810 0.9597
vn -0.0000 0.1175 0.9931
vn 0.0272 0.1614 0.9865
vn -0.0272 0.1614 0.9865
vn -0.0104 0.3823 0.9240
vn 0.0447 0.1498 0.9877
vn 0.0365 0.1644 0.9857
vn 0.0187 0.1668 0.9858
vn -0.0309 0.1647 0.9859
vn -0.0560 0.1623 0.9851
vn -0.0187 0.1199 0.9926
vn -0.0000 0.1222 0.9925
vn 0.0309 0.1219 0.9921
vn -0.0000 0.1242 0.9923
vn -0.0365 0.1644 0.9857
vn -0.0187 0.1668 0.9858
vn -0.0309 0.1219 0.9921
vn 0.0187 0.1199 0.9926
vn 0.0309 0.1647 0.9859
vn 0.0560 0.1623 0.9851
vn 0.0104 0.3823 0.9240
vn -0.0447 0.1498 0.9877
vn -0.0000 0.2602 0.9656
vn -0.0000 0.1077 0.9942
vn 0.0104 0.7068 0.7073
vn 0.0272 0.5266 0.8497
vn -0.0447 0.5164 0.8552
vn -0.0000 0.4886 0.8725
vn -0.0272 0.5266 0.8497
vn -0.0104 0.7068 0.7073
vn 0.0447 0.5164 0.8552
vn 0.0365 0.5291 0.8478
vn 0.0187 0.5313 0.8470
vn -0.0309 0.5294 0.8478
vn -0.0560 0.5270 0.8480
vn -0.0187 0.4906 0.8712
vn -0.0000 0.4927 0.8702
vn 0.0309 0.4923 0.8699
vn -0.0000 0.4944 0.8692
vn -0.0365 0.5291 0.8478
vn -0.0187 0.5313 0.8470
vn -0.0309 0.4923 0.8699
vn 0.0187 0.4906 0.8712
vn 0.0309 0.5294 0.8478
vn 0.0560 0.5270 0.8480
vn -0.0000 0.6099 0.7925
vn -0.0000 0.4799 0.8773
vn -0.0000 0.7853 0.6191
vn 0.0272 0.8117 0.5835
vn -0.0272 0.8117 0.5835
vn 0.0447 0.8043 0.5925
vn 0.0365 0.8133 0.5807
vn 0.0187 0.8150 0.5792
vn -0.0309 0.8136 0.5807
vn -0.0560 0.8114 0.5818
vn -0.0187 0.7867 0.6171
vn -0.0000 0.7882 0.6154
vn 0.0309 0.7877 0.6153
vn -0.0000 0.7894 0.6138
vn -0.0365 0.8133 0.5807
vn -0.0187 0.8150 0.5792
vn -0.0309 0.7877 0.6153
vn 0.0187 0.7867 0.6171
vn 0.0309 0.8136 0.5807
vn 0.0560 0.8114 0.5818
vn 0.0104 0.9237 0.3830
vn -0.0447 0.8043 0.5925
vn -0.0000 0.8667 0.4988
vn -0.0000 0.7791 0.6269
vn 0.0272 0.9732 0.2284
vn -0.0447 0.9698 0.2396
vn -0.0000 0.9625 0.2714
vn 0.0365 0.9736 0.2253
vn 0.0187 0.9746 0.2232
vn -0.0309 0.9738 0.2251
vn -0.0560 0.9723 0.2270
vn -0.0187 0.9629 0.2691
vn -0.0000 0.9637 0.2669
vn 0.0309 0.9632 0.2670
vn -0.0000 0.9642 0.2650
vn -0.0365 0.9736 0.2253
vn -0.0187 0.9746 0.2232
vn -0.0309 0.9632 0.2670
vn 0.0187 0.9629 0.2691
vn 0.0309 0.9738 0.2251
vn 0.0560 0.9723 0.2270
vn 0.8742 -0.3433 -0.3433
vn 0.8742 -0.1858 -0.4485
vn -0.8742 -0.3433 -0.3433
vn -0.8742 -0.1858 -0.4485
vn -0.8742 -0.0000 -0.4855
vn -0.8742 0.1858 -0.4485
vn 0.8742 0.1858 -0.4485
vn 0.8742 -0.0000 -0.4855
vn 0.8742 0.3433 -0.3433
vn 0.8742 0.4485 -0.1858
vn -0.8742 0.4485 -0.1858
vn -0.8742 0.3433 -0.3433
vn -0.8742 0.4855 -0.0000
vn -0.8742 0.4485 0.1858
vn 0.8742 0.4485 0.1858
vn 0.8742 0.4855 -0.0000
vn 0.8742 0.3433 0.3433
vn 0.8742 0.1858 0.4485
vn -0.8742 0.1858 0.4485
vn -0.8742 0.3433 0.3433
vn -0.8742 -0.0000 0.4855
vn -0.8742 -0.1858 0.4485
vn 0.8742 -0.1858 0.4485
vn 0.8742 -0.0000 0.4855
vn 0.8742 -0.3433 0.3433
vn -0.8742 -0.3433 0.3433
vn -0.0000 -0.8315 0.5556
vn -0.0000 0.8315 -0.5556
vn -0.0000 -0.8315 -0.5556
vn -0.0000 0.8315 0.5556
vt 0.139955 0.798795
vt 0.139960 0.811288
vt 0.134819 0.811289
vt 0.134813 0.798795
vt 0.143625 0.798681
vt 0.143631 0.811246
vt 0.139962 0.824875
vt 0.134821 0.824876
vt 0.143633 0.824911
vt 0.177652 0.908246
vt 0.165099 0.913446
vt 0.162382 0.909404
vt 0.176686 0.903478
vt 0.155492 0.923055
vt 0.151433 0.920354
vt 0.373748 0.812077
vt 0.373742 0.797839
vt 0.378889 0.797838
vt 0.378896 0.812076
vt 0.373751 0.827561
vt 0.378898 0.827560
vt 0.866068 0.386490
vt 0.860142 0.372186
vt 0.921046 0.331353
vt 0.937907 0.372057
vt 0.365304 0.827601
vt 0.365301 0.812034
vt 0.937757 0.578942
vt 0.948198 0.577927
vt 0.946169 0.650438
vt 0.937757 0.651247
vt 0.828914 0.058581
vt 0.831951 0.043312
vt 0.905235 0.043312
vt 0.896620 0.086624
vt 0.365295 0.797719
vt 0.356121 0.812036
vt 0.356114 0.797720
vt 0.356123 0.827602
vt 0.252188 0.794340
vt 0.252182 0.750282
vt 0.262669 0.750228
vt 0.262675 0.794386
vt 0.269374 0.750230
vt 0.269381 0.794381
vt 0.262650 0.709625
vt 0.269356 0.709633
vt 0.294907 0.750227
vt 0.294914 0.794378
vt 0.294889 0.709630
vt 0.025558 0.710603
vt 0.025540 0.742025
vt 0.000006 0.742029
vt 0.000024 0.710607
vt 0.032263 0.710589
vt 0.032245 0.742015
vt 0.025533 0.782926
vt 0.000000 0.782930
vt 0.032238 0.782922
vt 0.944066 0.427695
vt 0.944066 0.489698
vt 0.935677 0.488693
vt 0.933653 0.426437
vt 0.828914 0.028043
vt 0.896620 -0.000000
vt 0.042732 0.742153
vt 0.042726 0.782969
vt 0.866068 0.401973
vt 0.937907 0.416114
vt 0.061182 0.742296
vt 0.061176 0.783016
vt 0.042750 0.710797
vt 0.061200 0.711013
vt 0.412664 0.354052
vt 0.372056 0.337230
vt 0.373223 0.331353
vt 0.415992 0.349070
vt 0.328101 0.337231
vt 0.326931 0.331353
vt 0.287493 0.354053
vt 0.284162 0.349071
vt 0.252163 0.709769
vt 0.233732 0.750339
vt 0.233713 0.709921
vt 0.256412 0.385137
vt 0.251429 0.381808
vt 0.233738 0.794294
vt 0.239591 0.425749
vt 0.233713 0.424580
vt 0.252182 0.835238
vt 0.233732 0.835096
vt 0.933653 0.417124
vt 0.933653 0.489698
vt 0.925241 0.488894
vt 0.923211 0.416114
vt 0.870805 0.842428
vt 0.870805 0.857912
vt 0.798840 0.872247
vt 0.798840 0.828186
vt 0.876730 0.872218
vt 0.815700 0.912955
vt 0.252163 0.866749
vt 0.233713 0.866533
vt 0.755987 0.701337
vt 0.756005 0.741825
vt 0.737555 0.741882
vt 0.737537 0.701489
vt 0.951879 0.326276
vt 0.941469 0.327560
vt 0.943493 0.266221
vt 0.951879 0.265195
vt 0.766474 0.701192
vt 0.766493 0.741771
vt 0.773179 0.701201
vt 0.773198 0.741773
vt 0.262650 0.866957
vt 0.262669 0.835375
vt 0.269374 0.835365
vt 0.269356 0.866942
vt 0.828914 0.145208
vt 0.831951 0.129940
vt 0.905233 0.129936
vt 0.896618 0.173248
vt 0.828914 0.114671
vt 0.896618 0.086624
vt 0.365301 0.842050
vt 0.356121 0.842052
vt 0.365295 0.853182
vt 0.356114 0.853183
vt 0.938408 0.712070
vt 0.932450 0.726453
vt 0.926008 0.722150
vt 0.930808 0.710559
vt 0.921442 0.737461
vt 0.917137 0.731020
vt 0.706265 0.662783
vt 0.711783 0.662782
vt 0.711781 0.674426
vt 0.706263 0.674427
vt 0.711776 0.683398
vt 0.706258 0.683399
vt 0.227128 0.658487
vt 0.232646 0.658487
vt 0.232651 0.670014
vt 0.227133 0.670015
vt 0.907059 0.743419
vt 0.905547 0.735821
vt 0.232653 0.682558
vt 0.227135 0.682559
vt 0.891491 0.743419
vt 0.893001 0.735821
vt 0.906792 0.273163
vt 0.906798 0.287507
vt 0.897617 0.287509
vt 0.897611 0.273164
vt 0.906800 0.303075
vt 0.897620 0.303076
vt 0.906798 0.317496
vt 0.897617 0.317497
vt 0.877108 0.737461
vt 0.881411 0.731020
vt 0.469478 0.868598
vt 0.466441 0.853329
vt 0.534141 0.825283
vt 0.542756 0.868595
vt 0.466441 0.883866
vt 0.534141 0.911907
vt 0.766493 0.826941
vt 0.766499 0.785928
vt 0.773204 0.785924
vt 0.773198 0.826931
vt 0.941469 0.327207
vt 0.931056 0.328475
vt 0.933081 0.266209
vt 0.941469 0.265195
vt 0.766474 0.858565
vt 0.773179 0.858551
vt 0.755987 0.858357
vt 0.756005 0.826804
vt 0.798737 0.785920
vt 0.798731 0.826927
vt 0.798713 0.858547
vt 0.320454 0.826342
vt 0.320472 0.866943
vt 0.294939 0.866946
vt 0.294920 0.826346
vt 0.327159 0.826345
vt 0.327177 0.866951
vt 0.327152 0.782187
vt 0.320447 0.782191
vt 0.294914 0.782194
vt 0.210948 0.511080
vt 0.227846 0.470287
vt 0.233713 0.471454
vt 0.215923 0.514404
vt 0.179727 0.542302
vt 0.183051 0.547276
vt 0.138934 0.559199
vt 0.140101 0.565067
vt 0.320454 0.741210
vt 0.294920 0.741214
vt 0.094780 0.559199
vt 0.093612 0.565067
vt 0.320472 0.709639
vt 0.294939 0.709643
vt 0.327159 0.741200
vt 0.327177 0.709625
vt 0.688278 0.855955
vt 0.685241 0.871224
vt 0.611963 0.871221
vt 0.620578 0.827909
vt 0.233527 0.797717
vt 0.233527 0.859785
vt 0.223114 0.861051
vt 0.225139 0.798730
vt 0.337665 0.709833
vt 0.337646 0.741338
vt 0.866068 0.607644
vt 0.866068 0.592160
vt 0.937757 0.577927
vt 0.937757 0.621988
vt 0.337640 0.782232
vt 0.356096 0.741479
vt 0.356090 0.782278
vt 0.356114 0.710048
vt 0.443745 0.510319
vt 0.460565 0.469706
vt 0.466441 0.470875
vt 0.448726 0.513648
vt 0.460565 0.425748
vt 0.466441 0.424579
vt 0.042750 0.867628
vt 0.042732 0.827029
vt 0.061182 0.826974
vt 0.061200 0.867477
vt 0.443745 0.385135
vt 0.448726 0.381806
vt 0.817296 0.454272
vt 0.817315 0.496908
vt 0.798866 0.496761
vt 0.798846 0.454220
vt 0.817289 0.407876
vt 0.798840 0.407927
vt 0.827885 0.454321
vt 0.827904 0.497045
vt 0.827878 0.407830
vt 0.834590 0.454317
vt 0.834609 0.497035
vt 0.834583 0.407832
vt 0.860123 0.454314
vt 0.860142 0.497031
vt 0.860116 0.407829
vt 0.053987 0.542302
vt 0.050663 0.547276
vt 0.022765 0.511080
vt 0.017790 0.514404
vt 0.025540 0.827079
vt 0.025558 0.867763
vt 0.000024 0.867767
vt 0.000006 0.827083
vt 0.005868 0.470287
vt -0.000000 0.471454
vt 0.032245 0.827082
vt 0.032263 0.867772
vt 0.902196 0.216564
vt 0.905233 0.231833
vt 0.837529 0.259873
vt 0.828914 0.216561
vt 0.905233 0.201295
vt 0.837529 0.173248
vt 0.725692 0.707990
vt 0.725686 0.693684
vt 0.734866 0.693683
vt 0.734873 0.707988
vt 0.725684 0.678118
vt 0.734864 0.678117
vt 0.877108 0.671111
vt 0.891491 0.665154
vt 0.893001 0.672752
vt 0.881411 0.677553
vt 0.907059 0.665154
vt 0.905547 0.672752
vt 0.437098 0.859123
vt 0.431581 0.859123
vt 0.431576 0.847564
vt 0.437093 0.847564
vt 0.431574 0.835019
vt 0.437092 0.835019
vt 0.885404 0.416115
vt 0.897949 0.416115
vt 0.896767 0.422060
vt 0.886587 0.422060
vt 0.909540 0.420915
vt 0.906172 0.425956
vt 0.913370 0.433154
vt 0.902548 0.432186
vt 0.888922 0.433800
vt 0.917266 0.442559
vt 0.906365 0.444727
vt 0.891677 0.447649
vt 0.917266 0.452739
vt 0.907638 0.457775
vt 0.894431 0.461497
vt 0.913370 0.462144
vt 0.906172 0.469342
vt 0.896767 0.473238
vt 0.918410 0.465512
vt 0.909540 0.474382
vt 0.897949 0.479183
vt 0.923211 0.453921
vt 0.706263 0.650238
vt 0.711781 0.650238
vt 0.923211 0.441376
vt 0.706258 0.638704
vt 0.711776 0.638703
vt 0.932450 0.682119
vt 0.938408 0.696502
vt 0.930808 0.698014
vt 0.926008 0.686424
vt 0.921442 0.671111
vt 0.917137 0.677553
vt 0.437093 0.823398
vt 0.431576 0.823399
vt 0.431581 0.814471
vt 0.437098 0.814470
vt 0.725686 0.663660
vt 0.725692 0.652511
vt 0.734873 0.652510
vt 0.734866 0.663658
vt 0.918410 0.429786
vt 0.885404 0.479183
vt 0.886587 0.473238
vt 0.880806 0.463112
vt 0.873814 0.474382
vt 0.877182 0.469342
vt 0.869984 0.462144
vt 0.876988 0.450571
vt 0.866088 0.452739
vt 0.864943 0.465512
vt 0.860142 0.453921
vt 0.860142 0.441376
vt 0.866088 0.442559
vt 0.875716 0.437523
vt 0.864943 0.429786
vt 0.869984 0.433154
vt 0.877182 0.425956
vt 0.873814 0.420915
vt 0.711776 0.704012
vt 0.706258 0.704013
vt 0.706260 0.692369
vt 0.711777 0.692369
vt 0.706265 0.683399
vt 0.711783 0.683399
vt 0.860142 0.696502
vt 0.866100 0.682119
vt 0.872541 0.686424
vt 0.867740 0.698014
vt 0.727111 0.622217
vt 0.727818 0.607785
vt 0.736988 0.608231
vt 0.736280 0.622664
vt 0.728368 0.596665
vt 0.737537 0.597111
vt 0.726353 0.637766
vt 0.735523 0.638213
vt 0.860142 0.712070
vt 0.867740 0.710559
vt 0.688278 0.886492
vt 0.620578 0.914533
vt 0.725662 0.652063
vt 0.734831 0.652510
vt 0.717230 0.651532
vt 0.717919 0.637311
vt 0.937002 0.163131
vt 0.937002 0.090824
vt 0.945413 0.091635
vt 0.947443 0.164150
vt 0.712089 0.651281
vt 0.712777 0.637061
vt 0.860143 0.621950
vt 0.920897 0.662694
vt 0.718672 0.621846
vt 0.713530 0.621595
vt 0.337646 0.826291
vt 0.356096 0.826234
vt 0.337665 0.866806
vt 0.356114 0.866655
vt 0.412664 0.541402
vt 0.415992 0.546385
vt 0.372056 0.558225
vt 0.373223 0.564102
vt 0.737537 0.858142
vt 0.737555 0.826662
vt 0.328101 0.558225
vt 0.326931 0.564103
vt 0.756012 0.785883
vt 0.737562 0.785837
vt 0.287493 0.541403
vt 0.284162 0.546386
vt 0.256412 0.510320
vt 0.251429 0.513650
vt 0.239591 0.469708
vt 0.233713 0.470877
vt 0.841686 0.705582
vt 0.841667 0.662829
vt 0.860117 0.662975
vt 0.860135 0.705633
vt 0.841693 0.751981
vt 0.860142 0.751928
vt 0.780365 0.700989
vt 0.780384 0.667812
vt 0.798833 0.667665
vt 0.798814 0.700769
vt 0.780390 0.624747
vt 0.798840 0.624696
vt 0.769795 0.667947
vt 0.769802 0.624794
vt 0.769776 0.701192
vt 0.763090 0.667939
vt 0.763097 0.624792
vt 0.763071 0.701179
vt 0.737556 0.667942
vt 0.737563 0.624795
vt 0.737537 0.701183
vt 0.094780 0.337221
vt 0.053987 0.354118
vt 0.050663 0.349143
vt 0.093612 0.331353
vt 0.138934 0.337221
vt 0.140101 0.331353
vt 0.294907 0.835362
vt 0.294889 0.866938
vt 0.022765 0.385340
vt 0.017790 0.382016
vt 0.179727 0.354118
vt 0.183051 0.349144
vt 0.798713 0.701197
vt 0.798731 0.741770
vt 0.210948 0.385340
vt 0.215923 0.382016
vt 0.227846 0.426133
vt 0.233713 0.424966
vt 0.824392 0.705539
vt 0.824399 0.752026
vt 0.798865 0.752030
vt 0.798859 0.705542
vt 0.824392 0.795089
vt 0.798859 0.795093
vt 0.831097 0.705534
vt 0.831104 0.752028
vt 0.831097 0.795098
vt 0.841686 0.794962
vt 0.860135 0.794814
vt 0.841667 0.827982
vt 0.860117 0.827761
vt 0.831078 0.828186
vt 0.817315 0.662557
vt 0.817296 0.619895
vt 0.827885 0.619944
vt 0.827904 0.662694
vt 0.798866 0.662411
vt 0.798847 0.619843
vt 0.824373 0.828173
vt 0.834590 0.619940
vt 0.834609 0.662683
vt 0.798840 0.828176
vt 0.860123 0.619936
vt 0.860143 0.662680
vt 0.827878 0.573452
vt 0.834583 0.573454
vt 0.860116 0.573451
vt 0.827885 0.530296
vt 0.834590 0.530304
vt 0.860123 0.530301
vt 0.817289 0.573499
vt 0.817296 0.530431
vt 0.798840 0.573550
vt 0.798847 0.530577
vt 0.817315 0.497248
vt 0.798866 0.497469
vt 0.827904 0.497045
vt 0.834609 0.497058
vt 0.860143 0.497054
vt 0.831078 0.662694
vt 0.824373 0.662704
vt 0.798840 0.662708
vt 0.763090 0.578306
vt 0.737556 0.578310
vt 0.005868 0.426133
vt 0.000000 0.424966
vt 0.763071 0.535559
vt 0.737537 0.535563
vt 0.769776 0.535549
vt 0.769795 0.578302
vt 0.780365 0.535685
vt 0.780384 0.578351
vt 0.798814 0.535832
vt 0.798833 0.578403
vt 0.817315 0.331556
vt 0.817296 0.364784
vt 0.798847 0.364930
vt 0.798866 0.331776
vt 0.827904 0.331353
vt 0.827885 0.364650
vt 0.834590 0.364658
vt 0.834609 0.331366
vt 0.860123 0.364654
vt 0.860142 0.331362
vt 0.139009 0.888488
vt 0.133083 0.902793
vt 0.061200 0.888372
vt 0.078061 0.847667
vt 0.133083 0.918276
vt 0.061200 0.932430
vt 0.915247 0.303033
vt 0.915245 0.287549
vt 0.920392 0.287548
vt 0.920395 0.303033
vt 0.915245 0.317377
vt 0.920392 0.317376
vt 0.155492 0.961750
vt 0.165099 0.971358
vt 0.162382 0.975399
vt 0.151433 0.964450
vt 0.177652 0.976558
vt 0.176686 0.981325
vt 0.223455 0.671086
vt 0.223457 0.684673
vt 0.218316 0.684674
vt 0.218314 0.671087
vt 0.223455 0.697293
vt 0.218314 0.697293
vt 0.223450 0.707023
vt 0.218308 0.707024
vt 0.191239 0.976558
vt 0.192169 0.981324
vt 0.117236 0.847256
vt 0.117230 0.834762
vt 0.122372 0.834761
vt 0.122377 0.847256
vt 0.203791 0.971358
vt 0.206474 0.975399
vt 0.915239 0.328397
vt 0.920386 0.328396
vt 0.117228 0.821175
vt 0.122370 0.821174
vt 0.213399 0.961750
vt 0.217422 0.964449
vt 0.113565 0.847369
vt 0.113559 0.834803
vt 0.113557 0.821138
vt 0.882719 0.323346
vt 0.870094 0.328576
vt 0.867482 0.315338
vt 0.875241 0.312124
vt 0.892381 0.313683
vt 0.881180 0.306185
vt 0.726306 0.302503
vt 0.726307 0.310901
vt 0.720934 0.310902
vt 0.720932 0.302503
vt 0.726311 0.318624
vt 0.720937 0.318625
vt 0.694937 0.326502
vt 0.700475 0.320964
vt 0.701684 0.321773
vt 0.695746 0.327712
vt 0.687703 0.329499
vt 0.687986 0.330926
vt 0.703472 0.313729
vt 0.695682 0.318177
vt 0.686035 0.321113
vt 0.703472 0.305897
vt 0.694440 0.307694
vt 0.683787 0.309813
vt 0.675998 0.322092
vt 0.673134 0.311932
vt 0.679871 0.329499
vt 0.667099 0.320964
vt 0.664102 0.313729
vt 0.672637 0.326502
vt 0.671828 0.327712
vt 0.665890 0.321773
vt 0.662676 0.314013
vt 0.731694 0.304839
vt 0.731693 0.296440
vt 0.737067 0.296439
vt 0.737068 0.304838
vt 0.731689 0.288700
vt 0.737063 0.288700
vt 0.843805 0.323346
vt 0.834143 0.313683
vt 0.845385 0.306185
vt 0.851324 0.312124
vt 0.828914 0.301057
vt 0.842171 0.298425
vt 0.223450 0.658600
vt 0.227121 0.658487
vt 0.227126 0.671044
vt 0.227128 0.684709
vt 0.218308 0.658601
vt 0.139960 0.837488
vt 0.139955 0.847205
vt 0.134813 0.847206
vt 0.134819 0.837488
vt 0.143631 0.837596
vt 0.143625 0.847369
vt 0.150293 0.935608
vt 0.150293 0.949196
vt 0.145508 0.950144
vt 0.145508 0.934659
vt 0.373742 0.853004
vt 0.373748 0.841932
vt 0.378896 0.841932
vt 0.378889 0.853003
vt 0.915239 0.273282
vt 0.920386 0.273281
vt 0.828914 0.287391
vt 0.834143 0.274766
vt 0.845386 0.282266
vt 0.842171 0.290026
vt 0.726311 0.318624
vt 0.726314 0.312618
vt 0.731688 0.312618
vt 0.731685 0.318623
vt 0.726316 0.304823
vt 0.731690 0.304822
vt 0.664103 0.305897
vt 0.662676 0.305613
vt 0.667099 0.298661
vt 0.665890 0.297853
vt 0.671892 0.301449
vt 0.672637 0.293124
vt 0.681540 0.298512
vt 0.679872 0.290126
vt 0.671829 0.291914
vt 0.679588 0.288700
vt 0.726314 0.296424
vt 0.726311 0.288700
vt 0.731685 0.288700
vt 0.731688 0.296423
vt 0.843806 0.265102
vt 0.856430 0.259873
vt 0.859084 0.273112
vt 0.851324 0.276326
vt 0.720932 0.288700
vt 0.720929 0.294715
vt 0.715555 0.294715
vt 0.715559 0.288700
vt 0.870095 0.259873
vt 0.867482 0.273112
vt 0.128619 0.798848
vt 0.128614 0.808518
vt 0.124943 0.808408
vt 0.124948 0.798683
vt 0.882719 0.265102
vt 0.875241 0.276326
vt 0.128612 0.821105
vt 0.124941 0.821068
vt 0.133755 0.808517
vt 0.133754 0.821104
vt 0.133761 0.798847
vt 0.203791 0.913446
vt 0.191239 0.908246
vt 0.192169 0.903478
vt 0.206474 0.909404
vt 0.717239 0.663777
vt 0.717237 0.678158
vt 0.712089 0.678159
vt 0.712091 0.663778
vt 0.717245 0.652688
vt 0.712098 0.652689
vt 0.213399 0.923054
vt 0.217422 0.920353
vt 0.717239 0.693641
vt 0.712091 0.693642
vt 0.866067 0.798480
vt 0.860142 0.784174
vt 0.920901 0.743419
vt 0.937762 0.784125
vt 0.934972 0.163585
vt 0.926561 0.164392
vt 0.926561 0.091837
vt 0.937002 0.090824
vt 0.866067 0.813964
vt 0.937762 0.828186
vt 0.717245 0.707870
vt 0.712098 0.707870
vt 0.719375 0.607490
vt 0.719922 0.596430
vt 0.714234 0.607240
vt 0.714780 0.596180
vt 0.722574 0.535850
vt 0.712089 0.535549
vt 0.218598 0.949196
vt 0.218598 0.935608
vt 0.223347 0.934659
vt 0.223347 0.950143
vt 0.117230 0.808563
vt 0.117236 0.798847
vt 0.122377 0.798847
vt 0.122372 0.808562
vt 0.128619 0.847213
vt 0.128614 0.834693
vt 0.133755 0.834692
vt 0.133761 0.847212
vt 0.113559 0.808455
vt 0.113565 0.798683
vt 0.124948 0.847325
vt 0.124943 0.834733
vt 0.897611 0.287391
vt 0.897611 0.301057
vt 0.884394 0.298425
vt 0.884394 0.290026
vt 0.892382 0.274766
vt 0.881180 0.282266
vt 0.720929 0.310914
vt 0.720932 0.318632
vt 0.715559 0.318633
vt 0.715555 0.310915
vt 0.726311 0.288700
vt 0.726307 0.294706
vt 0.720934 0.294707
vt 0.720937 0.288700
vt 0.700475 0.298661
vt 0.701685 0.297853
vt 0.704898 0.305613
vt 0.704898 0.314013
vt 0.691577 0.297533
vt 0.694938 0.293124
vt 0.687703 0.290126
vt 0.695746 0.291914
vt 0.687987 0.288700
vt 0.720928 0.302515
vt 0.715554 0.302516
vt 0.856430 0.328576
vt 0.859083 0.315338
vt 0.227126 0.697401
vt 0.227121 0.707187
vt 0.731689 0.318597
vt 0.731693 0.312619
vt 0.737067 0.312619
vt 0.737063 0.318596
vt 0.679588 0.330926
vt 0.906792 0.328575
vt 0.937762 0.827165
vt 0.937762 0.754929
vt 0.946172 0.755742
vt 0.948202 0.828186
vt 0.897611 0.328576
vt 0.866100 0.726453
vt 0.872541 0.722150
vt 0.227133 0.694210
vt 0.232651 0.694209
vt 0.232646 0.703193
vt 0.227128 0.703194
vt 0.711783 0.728092
vt 0.706265 0.728093
vt 0.706260 0.716557
vt 0.711777 0.716557
vt 0.421861 0.053191
vt 0.470625 0.032990
vt 0.474392 0.051228
vt 0.432329 0.068652
vt 0.403176 0.025223
vt 0.464064 0.000000
vt 0.523406 0.032990
vt 0.519920 0.051228
vt 0.529968 -0.000000
vt 0.145527 0.606942
vt 0.145508 0.565077
vt 0.181895 0.565072
vt 0.181914 0.606936
vt 0.828914 0.162225
vt 0.828895 0.194628
vt 0.792508 0.194633
vt 0.792527 0.162230
vt 0.218301 0.606931
vt 0.218282 0.565067
vt 0.756140 0.162235
vt 0.756121 0.194638
vt 0.053190 0.090516
vt 0.068643 0.100843
vt 0.051218 0.142909
vt 0.032990 0.139284
vt 0.051218 0.188442
vt 0.032990 0.192070
vt 0.000000 0.132721
vt 0.025223 0.071828
vt 0.000000 0.198632
vt 0.662676 0.002233
vt 0.665342 0.005170
vt 0.665358 0.059901
vt 0.662694 0.062838
vt 0.451751 0.861670
vt 0.449086 0.859385
vt 0.449086 0.816759
vt 0.451751 0.814470
vt 0.665339 -0.000000
vt 0.709391 0.014894
vt 0.709393 0.017353
vt 0.709393 0.020406
vt 0.755122 0.263749
vt 0.747148 0.263749
vt 0.747148 0.204227
vt 0.755122 0.204227
vt 0.975699 0.173253
vt 0.981301 0.173248
vt 0.991264 0.217305
vt 0.985099 0.217309
vt 0.233713 0.650317
vt 0.231841 0.647721
vt 0.231841 0.609241
vt 0.233713 0.607692
vt 0.585636 0.913404
vt 0.583959 0.911533
vt 0.598328 0.871226
vt 0.601145 0.869351
vt 0.546841 0.911561
vt 0.556982 0.871251
vt 0.555305 0.869379
vt 0.544024 0.913435
vt 0.544024 0.825345
vt 0.546841 0.827215
vt 0.556982 0.867506
vt 0.595317 0.666454
vt 0.581237 0.622401
vt 0.586802 0.622397
vt 0.601450 0.666450
vt 0.586802 0.710487
vt 0.581237 0.710491
vt 0.598328 0.867481
vt 0.583959 0.827187
vt 0.231841 0.607692
vt 0.231841 0.565067
vt 0.233713 0.566613
vt 0.233713 0.605093
vt 0.585636 0.825314
vt 0.575918 0.972952
vt 0.575918 0.913435
vt 0.583892 0.913435
vt 0.583892 0.972952
vt 0.975699 0.261343
vt 0.981301 0.261339
vt 0.376319 0.756825
vt 0.376319 0.709625
vt 0.378984 0.711910
vt 0.378984 0.754535
vt 0.756096 0.002234
vt 0.753430 0.000001
vt 0.228747 0.611766
vt 0.218308 0.565067
vt 0.220541 0.567730
vt 0.231206 0.611765
vt 0.611963 0.406891
vt 0.611981 0.345679
vt 0.614645 0.348645
vt 0.614628 0.403924
vt 0.572169 0.053190
vt 0.590855 0.025223
vt 0.658699 0.331353
vt 0.658698 0.334179
vt 0.220541 0.655820
vt 0.218308 0.658487
vt 0.705401 0.345680
vt 0.702736 0.348646
vt 0.714537 0.834172
vt 0.724672 0.878207
vt 0.717622 0.878204
vt 0.707136 0.834170
vt 0.714537 0.922263
vt 0.707136 0.922261
vt 0.964150 0.814452
vt 0.956176 0.814452
vt 0.956176 0.754929
vt 0.964150 0.754929
vt 0.705383 0.406892
vt 0.702719 0.403925
vt 0.294940 0.955042
vt 0.298416 0.953169
vt 0.348148 0.953169
vt 0.350219 0.955042
vt 0.361956 0.912872
vt 0.365432 0.911000
vt 0.314838 0.912867
vt 0.312767 0.910995
vt 0.294914 0.866951
vt 0.298391 0.868824
vt 0.314837 0.909122
vt 0.999473 0.375388
vt 0.995004 0.419446
vt 0.987602 0.419444
vt 0.992423 0.375385
vt 0.987602 0.331353
vt 0.995004 0.331355
vt 0.361955 0.909127
vt 0.348123 0.868824
vt 0.350193 0.866951
vt 0.551998 0.972953
vt 0.551998 0.913436
vt 0.559971 0.913435
vt 0.559971 0.972952
vt 0.658676 0.389670
vt 0.658677 0.386843
vt 0.658676 0.392850
vt 0.614627 0.410085
vt 0.702718 0.410085
vt 0.705383 0.472796
vt 0.702718 0.469602
vt 0.090516 0.278163
vt 0.071828 0.306130
vt 0.025223 0.259525
vt 0.053190 0.240837
vt 0.971364 0.150346
vt 0.963390 0.150346
vt 0.963390 0.090824
vt 0.971364 0.090824
vt 0.474414 0.999998
vt 0.466441 0.999998
vt 0.470309 0.955939
vt 0.478248 0.955940
vt 0.145508 0.815388
vt 0.149334 0.813515
vt 0.202747 0.813515
vt 0.205025 0.815388
vt 0.219270 0.773218
vt 0.223096 0.771345
vt 0.166105 0.773214
vt 0.163826 0.771341
vt 0.145509 0.727297
vt 0.149335 0.729170
vt 0.166105 0.769469
vt 0.609557 0.754519
vt 0.611963 0.798578
vt 0.603989 0.798578
vt 0.601618 0.754519
vt 0.603989 0.710487
vt 0.611963 0.710487
vt 0.219270 0.769473
vt 0.202748 0.729170
vt 0.205026 0.727297
vt 0.822760 0.972475
vt 0.822760 0.912955
vt 0.830734 0.912955
vt 0.830734 0.972474
vt 0.474414 0.911907
vt 0.466441 0.911907
vt 0.611963 0.472795
vt 0.614627 0.469602
vt 0.658671 0.455301
vt 0.658671 0.452120
vt 0.611981 0.533360
vt 0.614628 0.475731
vt 0.614645 0.530425
vt 0.629689 0.139284
vt 0.609491 0.090516
vt 0.637456 0.071828
vt 0.662676 0.132721
vt 0.658672 0.458352
vt 0.702719 0.475731
vt 0.512502 0.911907
vt 0.509451 0.955940
vt 0.501831 0.955941
vt 0.505170 0.911910
vt 0.512502 0.999998
vt 0.505170 1.000000
vt 0.955417 0.150346
vt 0.947443 0.150346
vt 0.947443 0.090824
vt 0.955417 0.090824
vt 0.705401 0.533361
vt 0.702736 0.530426
vt 0.379222 0.951544
vt 0.382815 0.949672
vt 0.431777 0.949671
vt 0.433916 0.951544
vt 0.448501 0.909374
vt 0.452094 0.907502
vt 0.397380 0.909370
vt 0.395241 0.907497
vt 0.379249 0.863453
vt 0.382841 0.865326
vt 0.397382 0.905625
vt 0.963060 0.375387
vt 0.971974 0.419444
vt 0.964642 0.419446
vt 0.955441 0.375389
vt 0.964642 0.331355
vt 0.971974 0.331353
vt 0.448502 0.905629
vt 0.431803 0.865326
vt 0.433943 0.863453
vt 0.838708 0.972476
vt 0.838708 0.912955
vt 0.846681 0.912955
vt 0.846681 0.972476
vt 0.658685 0.518255
vt 0.658684 0.515204
vt 0.658686 0.520711
vt 0.614648 0.535589
vt 0.702738 0.535590
vt 0.442428 0.861606
vt 0.439763 0.859323
vt 0.439763 0.816756
vt 0.442428 0.814470
vt 0.192070 0.298363
vt 0.198632 0.331353
vt 0.132721 0.331353
vt 0.139284 0.298363
vt 0.956172 0.637449
vt 0.948198 0.637449
vt 0.948198 0.577927
vt 0.956172 0.577927
vt 0.991143 0.088091
vt 0.985568 0.088095
vt 0.975530 0.044038
vt 0.981671 0.044034
vt 0.738940 0.331267
vt 0.737068 0.328674
vt 0.737068 0.290246
vt 0.738940 0.288700
vt 0.974729 0.577895
vt 0.973054 0.576024
vt 0.987409 0.535717
vt 0.990222 0.533843
vt 0.935997 0.576052
vt 0.946117 0.535742
vt 0.944442 0.533871
vt 0.933185 0.577927
vt 0.933185 0.489836
vt 0.935997 0.491707
vt 0.946117 0.531997
vt 0.362254 0.753662
vt 0.376319 0.797715
vt 0.370746 0.797719
vt 0.356114 0.753666
vt 0.370746 0.709629
vt 0.376319 0.709624
vt 0.987409 0.531972
vt 0.973054 0.491679
vt 0.734873 0.695077
vt 0.734873 0.652510
vt 0.736745 0.654053
vt 0.736746 0.692481
vt 0.974729 0.489805
vt 0.567945 0.972957
vt 0.567945 0.913435
vt 0.575918 0.913435
vt 0.575918 0.972957
vt 0.991143 -0.000000
vt 0.985568 0.000004
vt 0.437098 0.861606
vt 0.437098 0.814470
vt 0.439763 0.816752
vt 0.439763 0.859319
vt 0.462437 0.797643
vt 0.452021 0.750943
vt 0.454250 0.753606
vt 0.464894 0.797641
vt 0.611963 0.611078
vt 0.611981 0.549901
vt 0.614645 0.552866
vt 0.614628 0.608114
vt 0.609490 0.240837
vt 0.629688 0.192069
vt 0.662675 0.198632
vt 0.637455 0.259525
vt 0.658699 0.535590
vt 0.658698 0.538414
vt 0.454250 0.841697
vt 0.452021 0.844363
vt 0.705402 0.549902
vt 0.702736 0.552866
vt 0.945813 0.665156
vt 0.955925 0.709190
vt 0.948870 0.709188
vt 0.938407 0.665154
vt 0.945813 0.753246
vt 0.938407 0.753244
vt 0.705383 0.611079
vt 0.702719 0.608114
vt 0.962702 0.485959
vt 0.954729 0.485959
vt 0.954729 0.426437
vt 0.962702 0.426437
vt 0.294888 0.866957
vt 0.291414 0.868829
vt 0.241710 0.868829
vt 0.239640 0.866957
vt 0.227916 0.909126
vt 0.224442 0.910999
vt 0.274997 0.909131
vt 0.277067 0.911004
vt 0.294914 0.955047
vt 0.291439 0.953174
vt 0.274999 0.912876
vt 0.464894 0.888398
vt 0.460339 0.932456
vt 0.452953 0.932454
vt 0.457862 0.888395
vt 0.452953 0.844363
vt 0.460339 0.844365
vt 0.227917 0.912871
vt 0.241735 0.953175
vt 0.239666 0.955047
vt 0.846681 0.972476
vt 0.846681 0.912955
vt 0.854654 0.912955
vt 0.854654 0.972477
vt 0.658676 0.593863
vt 0.658677 0.591039
vt 0.658676 0.597043
vt 0.614627 0.614272
vt 0.702718 0.614273
vt 0.705383 0.676985
vt 0.702718 0.673791
vt 0.278163 0.240837
vt 0.306130 0.259525
vt 0.259525 0.306130
vt 0.240837 0.278163
vt 0.956176 0.814452
vt 0.948202 0.814452
vt 0.948202 0.754929
vt 0.956176 0.754929
vt 0.498025 0.999998
vt 0.490051 0.999998
vt 0.493891 0.955939
vt 0.501831 0.955940
vt 0.544024 0.737193
vt 0.540199 0.739065
vt 0.486785 0.739065
vt 0.484506 0.737193
vt 0.470266 0.779362
vt 0.466441 0.781235
vt 0.523425 0.779367
vt 0.525703 0.781239
vt 0.544024 0.825283
vt 0.540198 0.823410
vt 0.523425 0.783112
vt 0.530779 0.955940
vt 0.533097 0.999998
vt 0.525123 0.999998
vt 0.522844 0.955939
vt 0.525123 0.911907
vt 0.533097 0.911907
vt 0.470266 0.783107
vt 0.486784 0.823411
vt 0.484505 0.825283
vt 0.798840 0.972474
vt 0.798840 0.912955
vt 0.806813 0.912956
vt 0.806813 0.972475
vt 0.498025 0.911907
vt 0.490051 0.911907
vt 0.611963 0.676984
vt 0.614627 0.673791
vt 0.658671 0.659486
vt 0.658671 0.656306
vt 0.611981 0.737585
vt 0.614628 0.679921
vt 0.614645 0.734648
vt 0.523404 0.298363
vt 0.572168 0.278163
vt 0.590853 0.306130
vt 0.529965 0.331353
vt 0.658671 0.662538
vt 0.702719 0.679922
vt 0.145508 0.710588
vt 0.142429 0.754621
vt 0.134813 0.754623
vt 0.138181 0.710591
vt 0.145508 0.798679
vt 0.138181 0.798681
vt 0.963390 0.150346
vt 0.955417 0.150346
vt 0.955417 0.090824
vt 0.963390 0.090824
vt 0.705402 0.737586
vt 0.702736 0.734649
vt 0.949640 0.828186
vt 0.946045 0.830058
vt 0.897053 0.830058
vt 0.894913 0.828186
vt 0.880325 0.870355
vt 0.876730 0.872227
vt 0.931467 0.870360
vt 0.933607 0.872233
vt 0.949612 0.916276
vt 0.946018 0.914403
vt 0.931466 0.874105
vt 0.973823 0.872220
vt 0.982660 0.916276
vt 0.975313 0.916278
vt 0.966191 0.872221
vt 0.975313 0.828188
vt 0.982660 0.828186
vt 0.880324 0.874100
vt 0.897026 0.914404
vt 0.894885 0.916276
vt 0.862628 0.972472
vt 0.862628 0.912955
vt 0.870602 0.912955
vt 0.870602 0.972473
vt 0.658685 0.722467
vt 0.658684 0.719415
vt 0.658686 0.724927
vt 0.614648 0.739818
vt 0.702738 0.739818
vt 0.870602 0.912955
vt 0.873267 0.915226
vt 0.873267 0.957584
vt 0.870602 0.959859
vt 0.298363 0.139284
vt 0.331353 0.132721
vt 0.331353 0.198632
vt 0.298363 0.192070
vt 0.747148 0.263749
vt 0.755122 0.263749
vt 0.755122 0.323271
vt 0.747148 0.323271
vt 0.987602 0.419444
vt 0.982037 0.419448
vt 0.971974 0.375391
vt 0.978107 0.375387
vt 0.744558 0.288700
vt 0.746431 0.291278
vt 0.746431 0.329520
vt 0.744558 0.331058
vt 0.015506 0.867803
vt 0.017184 0.869674
vt 0.002816 0.909981
vt -0.000000 0.911856
vt 0.054295 0.869646
vt 0.044156 0.909956
vt 0.045833 0.911828
vt 0.057111 0.867771
vt 0.057111 0.955862
vt 0.054295 0.953991
vt 0.044156 0.913701
vt 0.437739 0.770413
vt 0.451751 0.814466
vt 0.446149 0.814470
vt 0.431574 0.770417
vt 0.446149 0.726380
vt 0.451751 0.726376
vt 0.002816 0.913726
vt 0.017184 0.954020
vt 0.744559 0.288700
vt 0.744559 0.331058
vt 0.742686 0.329523
vt 0.742686 0.291281
vt 0.015506 0.955894
vt 0.567945 0.913435
vt 0.567945 0.972952
vt 0.559971 0.972952
vt 0.559971 0.913435
vt 0.982037 0.331357
vt 0.876730 0.912955
vt 0.876730 0.959859
vt 0.874065 0.957588
vt 0.874065 0.915230
vt 0.454480 0.704243
vt 0.464917 0.750943
vt 0.462684 0.748280
vt 0.452021 0.704245
vt 0.798840 0.460236
vt 0.798821 0.521290
vt 0.796158 0.518331
vt 0.796174 0.463195
vt 0.421860 0.278163
vt 0.470623 0.298363
vt 0.464061 0.331353
vt 0.403174 0.306130
vt 0.752104 0.535549
vt 0.752105 0.532732
vt 0.462684 0.660189
vt 0.464917 0.657523
vt 0.705401 0.521290
vt 0.708067 0.518331
vt 0.948039 0.419444
vt 0.937907 0.375409
vt 0.944957 0.375412
vt 0.955441 0.419446
vt 0.948039 0.331353
vt 0.955441 0.331355
vt 0.972124 0.754929
vt 0.972124 0.814451
vt 0.964150 0.814451
vt 0.705419 0.460235
vt 0.708083 0.463194
vt 0.975530 0.000016
vt 0.972064 0.001887
vt 0.922458 0.001873
vt 0.920393 0.000000
vt 0.908701 0.042166
vt 0.905235 0.044038
vt 0.955656 0.042185
vt 0.957721 0.044058
vt 0.975530 0.088107
vt 0.972064 0.086233
vt 0.955656 0.045930
vt 0.982660 0.872243
vt 0.987132 0.828186
vt 0.994533 0.828188
vt 0.989709 0.872246
vt 0.994533 0.916278
vt 0.987132 0.916276
vt 0.908701 0.045911
vt 0.922458 0.086219
vt 0.920393 0.088091
vt 0.862628 0.912955
vt 0.862628 0.972472
vt 0.854654 0.972472
vt 0.854654 0.912955
vt 0.752126 0.477430
vt 0.752125 0.480247
vt 0.752127 0.474252
vt 0.796175 0.457042
vt 0.708084 0.457041
vt 0.705419 0.394327
vt 0.708084 0.397521
vt 0.240837 0.053190
vt 0.259525 0.025223
vt 0.306130 0.071828
vt 0.278163 0.090516
vt 0.959853 0.265195
vt 0.967827 0.265195
vt 0.967827 0.324717
vt 0.959853 0.324717
vt 0.482078 0.911907
vt 0.490051 0.911907
vt 0.486187 0.955966
vt 0.478248 0.955965
vt 0.223075 0.815388
vt 0.219250 0.817260
vt 0.165832 0.817260
vt 0.163554 0.815388
vt 0.149333 0.857558
vt 0.145508 0.859430
vt 0.202464 0.857562
vt 0.204742 0.859435
vt 0.223074 0.903478
vt 0.219250 0.901606
vt 0.202464 0.861307
vt 0.514905 0.955965
vt 0.512502 0.911907
vt 0.520476 0.911907
vt 0.522844 0.955966
vt 0.520476 0.999998
vt 0.512502 0.999998
vt 0.149333 0.861303
vt 0.165831 0.901606
vt 0.163553 0.903478
vt 0.822760 0.912955
vt 0.822760 0.972474
vt 0.814787 0.972475
vt 0.814787 0.912956
vt 0.482078 0.999998
vt 0.490051 0.999998
vt 0.798840 0.394327
vt 0.796175 0.397521
vt 0.752131 0.411839
vt 0.752131 0.415018
vt 0.798821 0.333598
vt 0.796174 0.391384
vt 0.796158 0.336541
vt 0.364340 0.192070
vt 0.384538 0.240837
vt 0.356573 0.259525
vt 0.331353 0.198632
vt 0.752131 0.408783
vt 0.708083 0.391384
vt 0.601145 0.913406
vt 0.604199 0.869374
vt 0.611819 0.869372
vt 0.608476 0.913404
vt 0.601145 0.825316
vt 0.608476 0.825314
vt 0.705401 0.333597
vt 0.708067 0.336540
vt 0.962702 0.426437
vt 0.970676 0.426437
vt 0.970676 0.485959
vt 0.962702 0.485959
vt 0.929584 0.491708
vt 0.880486 0.491709
vt 0.878341 0.489836
vt 0.863744 0.532006
vt 0.860143 0.533878
vt 0.914963 0.532011
vt 0.917107 0.533883
vt 0.933158 0.577927
vt 0.929558 0.576054
vt 0.914962 0.535756
vt 0.964836 0.709212
vt 0.955925 0.665156
vt 0.963257 0.665154
vt 0.972456 0.709210
vt 0.963257 0.753244
vt 0.955925 0.753246
vt 0.863743 0.535751
vt 0.880460 0.576054
vt 0.878315 0.577927
vt 0.609118 0.913406
vt 0.609118 0.972927
vt 0.601145 0.972928
vt 0.601145 0.913407
vt 0.752118 0.348762
vt 0.752119 0.351818
vt 0.752116 0.346292
vt 0.796155 0.331353
vt 0.708064 0.331353
vt 0.446421 0.814470
vt 0.449086 0.816752
vt 0.449086 0.859312
vt 0.446421 0.861597
vt 0.139284 0.032990
vt 0.132721 -0.000000
vt 0.198632 0.000000
vt 0.192070 0.032990
vt 0.951879 0.265195
vt 0.951879 0.324717
vt 0.972456 0.665158
vt 0.978030 0.665153
vt 0.988071 0.709210
vt 0.981931 0.709214
vt 0.740813 0.288700
vt 0.742685 0.291292
vt 0.742686 0.329713
vt 0.740813 0.331259
vt 0.559581 0.737223
vt 0.561266 0.739094
vt 0.546853 0.779401
vt 0.544024 0.781275
vt 0.598569 0.739067
vt 0.588362 0.779377
vt 0.590046 0.781248
vt 0.601397 0.737192
vt 0.601397 0.825283
vt 0.598569 0.823412
vt 0.588362 0.783122
vt 0.127620 0.754646
vt 0.113557 0.710593
vt 0.119132 0.710588
vt 0.133761 0.754642
vt 0.119132 0.798679
vt 0.113557 0.798683
vt 0.546853 0.783146
vt 0.561266 0.823440
vt 0.740813 0.288700
vt 0.740813 0.331259
vt 0.738941 0.329716
vt 0.738941 0.291294
vt 0.559581 0.825314
vt 0.591865 0.913435
vt 0.591865 0.972957
vt 0.583892 0.972957
vt 0.583892 0.913435
vt 0.972456 0.753248
vt 0.978030 0.753244
vt 0.443757 0.859315
vt 0.443757 0.816756
vt 0.454491 0.610823
vt 0.464998 0.657523
vt 0.462754 0.654860
vt 0.452021 0.610824
vt 0.756115 0.128745
vt 0.756096 0.189918
vt 0.753432 0.186954
vt 0.753449 0.131710
vt 0.384539 0.090516
vt 0.364341 0.139284
vt 0.331354 0.132721
vt 0.356574 0.071828
vt 0.709378 0.204227
vt 0.709379 0.201404
vt 0.462754 0.566769
vt 0.464998 0.564103
vt 0.662676 0.189918
vt 0.665342 0.186953
vt 0.699750 0.922260
vt 0.689546 0.878226
vt 0.696577 0.878228
vt 0.707136 0.922263
vt 0.699750 0.834170
vt 0.707136 0.834172
vt 0.534782 0.911907
vt 0.542756 0.911907
vt 0.542756 0.971429
vt 0.534782 0.971429
vt 0.662694 0.128744
vt 0.665358 0.131709
vt 0.905259 0.261339
vt 0.908732 0.259467
vt 0.958433 0.259466
vt 0.960503 0.261339
vt 0.972226 0.219169
vt 0.975699 0.217297
vt 0.925148 0.219165
vt 0.923079 0.217292
vt 0.905233 0.173248
vt 0.908707 0.175121
vt 0.925147 0.215420
vt 0.988071 0.709211
vt 0.992516 0.665153
vt 0.999921 0.665156
vt 0.995126 0.709214
vt 0.999921 0.753246
vt 0.992516 0.753244
vt 0.972225 0.215424
vt 0.958409 0.175121
vt 0.960477 0.173248
vt 0.551997 0.913436
vt 0.551997 0.972957
vt 0.544024 0.972957
vt 0.544024 0.913435
vt 0.709401 0.145960
vt 0.709400 0.148783
vt 0.709401 0.142780
vt 0.753450 0.125551
vt 0.665359 0.125551
vt 0.665359 0.066032
vt 0.071828 0.025223
vt 0.090516 0.053190
vt 0.964146 0.577927
vt 0.972120 0.577927
vt 0.972120 0.637449
vt 0.964146 0.637449
vt 0.370924 0.853183
vt 0.378898 0.853183
vt 0.374943 0.897241
vt 0.367008 0.897241
vt 0.611963 0.827909
vt 0.615788 0.826037
vt 0.669202 0.826036
vt 0.671481 0.827909
vt 0.685720 0.785739
vt 0.689545 0.783867
vt 0.632563 0.785735
vt 0.630284 0.783862
vt 0.611963 0.739818
vt 0.615789 0.741691
vt 0.632563 0.781990
vt 0.604023 0.666455
vt 0.601592 0.622397
vt 0.609566 0.622397
vt 0.611963 0.666455
vt 0.609566 0.710487
vt 0.601592 0.710487
vt 0.685720 0.781994
vt 0.669203 0.741691
vt 0.671482 0.739818
vt 0.814787 0.912956
vt 0.814787 0.972475
vt 0.806813 0.972474
vt 0.806813 0.912955
vt 0.370924 0.941274
vt 0.378898 0.941274
vt 0.756115 0.062839
vt 0.753450 0.066033
vt 0.709406 0.080338
vt 0.709406 0.083518
vt 0.753449 0.059902
vt 0.753432 0.005171
vt 0.709406 0.077286
vt 0.223114 0.797717
vt 0.226082 0.753685
vt 0.233713 0.753683
vt 0.230462 0.797715
vt 0.223114 0.709627
vt 0.230462 0.709624
vt 0.956172 0.577927
vt 0.964146 0.637449
vt 0.956172 0.637449
vt 0.725823 0.946656
vt 0.729418 0.944783
vt 0.778414 0.944783
vt 0.780554 0.946656
vt 0.795142 0.904486
vt 0.798737 0.902614
vt 0.743998 0.904481
vt 0.741857 0.902609
vt 0.725851 0.858565
vt 0.729444 0.860438
vt 0.743999 0.900736
vt 0.958575 0.872244
vt 0.949640 0.828188
vt 0.956967 0.828186
vt 0.966191 0.872243
vt 0.956967 0.916276
vt 0.949640 0.916278
vt 0.795143 0.900741
vt 0.778440 0.860438
vt 0.780582 0.858565
vt 0.838708 0.912955
vt 0.838708 0.972473
vt 0.830734 0.972472
vt 0.830734 0.912955
vt 0.100839 0.068646
vt 0.142906 0.051221
vt 0.218308 0.652461
vt 0.181921 0.652466
vt 0.218301 0.694725
vt 0.181914 0.694730
vt 0.145534 0.652471
vt 0.145527 0.694735
vt 0.400135 0.100849
vt 0.382712 0.142916
vt 0.145508 0.727297
vt 0.181895 0.727292
vt 0.382711 0.188449
vt 0.379240 0.605952
vt 0.379222 0.564113
vt 0.415609 0.564108
vt 0.415627 0.605947
vt 0.400134 0.230515
vt 0.452014 0.605942
vt 0.451995 0.564103
vt 0.218282 0.727287
vt 0.230506 0.068646
vt 0.188439 0.051221
vt 0.452021 0.651471
vt 0.415634 0.651476
vt 0.262702 0.100843
vt 0.452014 0.693758
vt 0.415627 0.693763
vt 0.280127 0.142909
vt 0.379240 0.693768
vt 0.379247 0.651481
vt 0.432327 0.262712
vt 0.474390 0.280137
vt 0.379222 0.726376
vt 0.415609 0.726371
vt 0.519919 0.280137
vt 0.828895 0.120347
vt 0.828914 0.162215
vt 0.792527 0.162220
vt 0.792508 0.120352
vt 0.561982 0.262712
vt 0.756121 0.120357
vt 0.756140 0.162225
vt 0.451995 0.726366
vt 0.262702 0.230509
vt 0.280127 0.188442
vt 0.756115 0.074827
vt 0.792502 0.074822
vt 0.230506 0.262706
vt 0.756121 0.032567
vt 0.792508 0.032562
vt 0.188439 0.280130
vt 0.828895 0.032557
vt 0.828888 0.074817
vt 0.594176 0.230515
vt 0.611599 0.188449
vt 0.828914 0.000000
vt 0.792527 0.000005
vt 0.611599 0.142916
vt 0.828895 0.282338
vt 0.828914 0.324292
vt 0.792527 0.324297
vt 0.792508 0.282343
vt 0.594177 0.100849
vt 0.756121 0.282348
vt 0.756140 0.324302
vt 0.756140 0.000010
vt 0.100839 0.262706
vt 0.142906 0.280130
vt 0.756115 0.236816
vt 0.792502 0.236811
vt 0.068643 0.230509
vt 0.828888 0.236806
vt 0.561983 0.068652
vt 0.310414 0.617021
vt 0.302521 0.617021
vt 0.291996 0.564103
vt 0.320939 0.564103
vt 0.735316 0.713607
vt 0.732416 0.713608
vt 0.732420 0.707990
vt 0.735319 0.707990
vt 0.295229 0.620042
vt 0.265256 0.575180
vt 0.720800 0.707990
vt 0.723700 0.707990
vt 0.723703 0.715248
vt 0.720804 0.715248
vt 0.696312 0.752167
vt 0.693291 0.759459
vt 0.689546 0.758714
vt 0.693137 0.750045
vt 0.701894 0.746585
vt 0.699772 0.743410
vt 0.693291 0.767353
vt 0.689546 0.768098
vt 0.735315 0.720919
vt 0.732415 0.720920
vt 0.735316 0.728813
vt 0.732416 0.728813
vt 0.696312 0.774646
vt 0.693137 0.776768
vt 0.591865 0.928806
vt 0.591867 0.920114
vt 0.594196 0.920113
vt 0.594194 0.928806
vt 0.591867 0.938190
vt 0.594196 0.938189
vt 0.591871 0.946836
vt 0.594200 0.946836
vt 0.701894 0.780228
vt 0.699772 0.783403
vt 0.609119 0.920116
vt 0.609123 0.913407
vt 0.611452 0.913406
vt 0.611448 0.920116
vt 0.709187 0.783249
vt 0.708441 0.786994
vt 0.735319 0.736086
vt 0.732420 0.736087
vt 0.729508 0.713634
vt 0.726609 0.713634
vt 0.726612 0.707990
vt 0.729512 0.707990
vt 0.326308 0.632917
vt 0.323287 0.625624
vt 0.368145 0.595647
vt 0.379222 0.622390
vt 0.326308 0.640810
vt 0.379222 0.651336
vt 0.706262 0.612105
vt 0.709162 0.612104
vt 0.709174 0.638703
vt 0.706274 0.638703
vt 0.057127 0.867772
vt 0.060027 0.867771
vt 0.060014 0.888472
vt 0.057115 0.888472
vt 0.497986 0.342430
vt 0.524729 0.331353
vt 0.525474 0.335099
vt 0.500108 0.345606
vt 0.553675 0.331353
vt 0.552930 0.335099
vt 0.996524 0.173248
vt 0.996513 0.192884
vt 0.994184 0.192884
vt 0.994195 0.173249
vt 0.996391 0.072615
vt 0.996403 0.097844
vt 0.994074 0.097844
vt 0.994062 0.072615
vt 0.996509 0.218368
vt 0.994180 0.218368
vt 0.477518 0.362898
vt 0.480693 0.365020
vt 0.996513 0.245822
vt 0.994184 0.245823
vt 0.466441 0.389641
vt 0.470187 0.390386
vt 0.057111 0.915340
vt 0.060010 0.915340
vt 0.060014 0.944284
vt 0.057115 0.944284
vt 0.323287 0.648103
vt 0.368145 0.678079
vt 0.317706 0.653685
vt 0.347679 0.698547
vt 0.729507 0.720960
vt 0.726608 0.720961
vt 0.729508 0.728854
vt 0.726609 0.728854
vt 0.717080 0.783249
vt 0.717825 0.786994
vt 0.724373 0.780228
vt 0.726495 0.783403
vt 0.609118 0.928826
vt 0.611447 0.928825
vt 0.609119 0.938209
vt 0.611448 0.938209
vt 0.609123 0.946838
vt 0.611452 0.946837
vt 0.729955 0.774646
vt 0.733130 0.776768
vt 0.378983 0.783545
vt 0.378979 0.790265
vt 0.376650 0.790266
vt 0.376654 0.783546
vt 0.732976 0.767353
vt 0.736721 0.768098
vt 0.729512 0.736112
vt 0.726612 0.736112
vt 0.712092 0.730468
vt 0.714992 0.730467
vt 0.714988 0.736120
vt 0.712089 0.736121
vt 0.310414 0.656706
vt 0.320939 0.709624
vt 0.302521 0.656706
vt 0.291996 0.709625
vt 0.060027 0.970898
vt 0.057127 0.970898
vt 0.996036 0.592834
vt 0.993137 0.592834
vt 0.993149 0.572235
vt 0.996048 0.572235
vt 0.477518 0.445330
vt 0.466441 0.418587
vt 0.470187 0.417842
vt 0.480693 0.443208
vt 0.996053 0.587530
vt 0.996064 0.567992
vt 0.998393 0.567991
vt 0.998381 0.587530
vt 0.996524 0.271066
vt 0.994195 0.271067
vt 0.996068 0.542559
vt 0.998397 0.542558
vt 0.497986 0.465798
vt 0.500108 0.462622
vt 0.996064 0.515103
vt 0.998393 0.515103
vt 0.524729 0.476875
vt 0.525474 0.473129
vt 0.996052 0.545421
vt 0.993153 0.545422
vt 0.993149 0.516476
vt 0.996048 0.516476
vt 0.295229 0.653685
vt 0.265256 0.698548
vt 0.289648 0.648103
vt 0.244790 0.678080
vt 0.712094 0.723137
vt 0.714993 0.723136
vt 0.712092 0.715244
vt 0.714992 0.715243
vt 0.732976 0.759459
vt 0.729955 0.752167
vt 0.733130 0.750045
vt 0.736721 0.758714
vt 0.712089 0.707990
vt 0.714988 0.707990
vt 0.724373 0.746585
vt 0.726495 0.743410
vt 0.378983 0.765447
vt 0.378984 0.774831
vt 0.376655 0.774831
vt 0.376654 0.765448
vt 0.378979 0.756825
vt 0.376650 0.756825
vt 0.124710 0.825404
vt 0.124706 0.832115
vt 0.122377 0.832116
vt 0.122381 0.825405
vt 0.717080 0.743564
vt 0.717825 0.739818
vt 0.124711 0.816694
vt 0.122383 0.816695
vt 0.709186 0.743564
vt 0.708441 0.739818
vt 0.720804 0.730468
vt 0.723703 0.730468
vt 0.723700 0.736113
vt 0.720800 0.736113
vt 0.720805 0.723141
vt 0.723704 0.723141
vt 0.286627 0.632917
vt 0.286627 0.640811
vt 0.233713 0.651337
vt 0.233713 0.622391
vt 0.289648 0.625624
vt 0.244790 0.595648
vt 0.993121 0.592928
vt 0.990222 0.592929
vt 0.990234 0.572232
vt 0.993133 0.572231
vt 0.990238 0.545366
vt 0.993137 0.545366
vt 0.600885 0.445330
vt 0.580418 0.465798
vt 0.578296 0.462622
vt 0.597710 0.443208
vt 0.553675 0.476875
vt 0.552930 0.473129
vt 0.994544 0.906369
vt 0.994548 0.880886
vt 0.996877 0.880886
vt 0.996873 0.906369
vt 0.994533 0.926001
vt 0.996862 0.926000
vt 0.994544 0.853432
vt 0.996873 0.853432
vt 0.611963 0.418587
vt 0.608217 0.417842
vt 0.994533 0.828186
vt 0.996862 0.828186
vt 0.611963 0.389641
vt 0.608217 0.390386
vt 0.993133 0.516421
vt 0.990234 0.516422
vt 0.990222 0.489805
vt 0.993121 0.489805
vt 0.706274 0.535549
vt 0.709174 0.535549
vt 0.709162 0.556278
vt 0.706262 0.556278
vt 0.600885 0.362898
vt 0.597710 0.365020
vt 0.709157 0.583161
vt 0.706258 0.583161
vt 0.580418 0.342430
vt 0.578296 0.345606
vt 0.317706 0.620042
vt 0.347679 0.575180
vt 0.996403 0.000000
vt 0.996391 0.019662
vt 0.994062 0.019662
vt 0.994074 0.000000
vt 0.996387 0.045161
vt 0.994058 0.045161
vt 0.087226 0.565067
vt 0.113966 0.576144
vt 0.111844 0.579319
vt 0.086481 0.568812
vt 0.134432 0.596611
vt 0.131257 0.598733
vt 0.709174 0.583161
vt 0.712073 0.583161
vt 0.712077 0.612104
vt 0.709178 0.612105
vt 0.709178 0.556278
vt 0.712077 0.556278
vt 0.527785 0.492238
vt 0.506688 0.500976
vt 0.497986 0.487952
vt 0.524729 0.476875
vt 0.490542 0.517122
vt 0.477518 0.508420
vt 0.705731 0.595785
vt 0.705728 0.572951
vt 0.706245 0.572951
vt 0.706249 0.595785
vt 0.705731 0.551799
vt 0.706249 0.551799
vt 0.512422 0.622397
vt 0.535256 0.622397
vt 0.532240 0.637558
vt 0.515438 0.637558
vt 0.491326 0.631135
vt 0.499914 0.643988
vt 0.465519 0.673114
vt 0.465522 0.689915
vt 0.465004 0.689915
vt 0.465002 0.673114
vt 0.465522 0.657509
vt 0.465004 0.657509
vt 0.685070 0.250410
vt 0.688091 0.257703
vt 0.669106 0.270388
vt 0.662676 0.254865
vt 0.685070 0.242517
vt 0.662676 0.238062
vt 0.732411 0.720919
vt 0.729512 0.720920
vt 0.729513 0.713608
vt 0.732412 0.713607
vt 0.732412 0.728813
vt 0.729513 0.728813
vt 0.729951 0.799342
vt 0.724370 0.793761
vt 0.726491 0.790585
vt 0.733126 0.797220
vt 0.717078 0.790740
vt 0.717823 0.786994
vt 0.732415 0.736086
vt 0.729516 0.736087
vt 0.732972 0.806635
vt 0.736717 0.805890
vt 0.726605 0.713634
vt 0.723705 0.713634
vt 0.723709 0.707990
vt 0.726608 0.707990
vt 0.732972 0.814529
vt 0.736717 0.815274
vt 0.693672 0.263285
vt 0.680987 0.282270
vt 0.700965 0.266306
vt 0.696511 0.288700
vt 0.466441 0.645455
vt 0.466434 0.657471
vt 0.465916 0.657471
vt 0.465923 0.645455
vt 0.465529 0.705355
vt 0.465011 0.705355
vt 0.475179 0.647281
vt 0.488033 0.655870
vt 0.466441 0.668377
vt 0.481603 0.671393
vt 0.705740 0.616824
vt 0.706258 0.616824
vt 0.231210 0.581394
vt 0.231219 0.565067
vt 0.231737 0.565067
vt 0.231728 0.581393
vt 0.481804 0.538218
vt 0.481804 0.561053
vt 0.466441 0.564109
vt 0.466441 0.535163
vt 0.712089 0.638703
vt 0.709190 0.638703
vt 0.140734 0.847370
vt 0.143633 0.847369
vt 0.143621 0.868070
vt 0.140722 0.868070
vt 0.145508 0.623354
vt 0.145508 0.652300
vt 0.141763 0.651555
vt 0.141763 0.624099
vt 0.143617 0.894938
vt 0.140717 0.894938
vt 0.134432 0.679043
vt 0.131257 0.676921
vt 0.113966 0.699511
vt 0.111844 0.696336
vt 0.143621 0.923882
vt 0.140722 0.923882
vt 0.490542 0.582149
vt 0.477518 0.590851
vt 0.506688 0.598295
vt 0.497986 0.611319
vt 0.231210 0.625420
vt 0.231206 0.602587
vt 0.231724 0.602587
vt 0.231728 0.625419
vt 0.466441 0.691212
vt 0.481603 0.688196
vt 0.475179 0.712308
vt 0.488033 0.703719
vt 0.466431 0.673067
vt 0.465914 0.673067
vt 0.466434 0.689869
vt 0.465916 0.689869
vt 0.708859 0.266306
vt 0.716152 0.263285
vt 0.728837 0.282269
vt 0.713313 0.288700
vt 0.726603 0.720960
vt 0.723704 0.720961
vt 0.726605 0.728854
vt 0.723705 0.728854
vt 0.729951 0.821822
vt 0.733126 0.823943
vt 0.724370 0.827403
vt 0.726491 0.830579
vt 0.717078 0.830424
vt 0.717823 0.834170
vt 0.726608 0.736112
vt 0.723709 0.736112
vt 0.709185 0.830424
vt 0.708440 0.834170
vt 0.714996 0.730468
vt 0.717895 0.730467
vt 0.717892 0.736120
vt 0.714993 0.736121
vt 0.721734 0.257703
vt 0.740718 0.270388
vt 0.724754 0.250410
vt 0.747148 0.254865
vt 0.705728 0.736491
vt 0.705735 0.724534
vt 0.706252 0.724534
vt 0.706245 0.736491
vt 0.466441 0.705318
vt 0.465923 0.705318
vt 0.491326 0.728454
vt 0.499914 0.715601
vt 0.512422 0.737193
vt 0.515438 0.722031
vt 0.231219 0.646416
vt 0.231737 0.646416
vt 0.465525 0.629124
vt 0.465516 0.645476
vt 0.464998 0.645476
vt 0.465008 0.629124
vt 0.527785 0.607034
vt 0.550619 0.607034
vt 0.553675 0.622397
vt 0.524729 0.622397
vt 0.143633 0.950496
vt 0.140734 0.950496
vt 0.994164 0.276277
vt 0.991264 0.276278
vt 0.991276 0.255679
vt 0.994175 0.255678
vt 0.087226 0.710588
vt 0.058282 0.710588
vt 0.059027 0.706843
vt 0.086481 0.706843
vt 0.991280 0.228865
vt 0.994180 0.228865
vt 0.031542 0.699511
vt 0.033664 0.696336
vt 0.991276 0.199920
vt 0.994175 0.199919
vt 0.011076 0.679044
vt 0.014251 0.676922
vt 0.571715 0.598295
vt 0.580418 0.611319
vt 0.587861 0.582149
vt 0.600886 0.590851
vt 0.465525 0.585085
vt 0.465529 0.607917
vt 0.465011 0.607917
vt 0.465008 0.585085
vt 0.535256 0.737192
vt 0.532240 0.722031
vt 0.556352 0.728454
vt 0.547764 0.715601
vt 0.705737 0.708969
vt 0.706255 0.708969
vt 0.705735 0.692167
vt 0.706252 0.692167
vt 0.724754 0.242517
vt 0.721733 0.235224
vt 0.740718 0.222539
vt 0.747148 0.238062
vt 0.714997 0.723137
vt 0.717897 0.723136
vt 0.714996 0.715244
vt 0.717895 0.715243
vt 0.696311 0.821822
vt 0.701892 0.827404
vt 0.699771 0.830579
vt 0.693136 0.823944
vt 0.714993 0.707990
vt 0.717892 0.707990
vt 0.693291 0.814529
vt 0.689545 0.815274
vt 0.717900 0.730468
vt 0.720799 0.730468
vt 0.720796 0.736113
vt 0.717896 0.736113
vt 0.693291 0.806635
vt 0.689545 0.805890
vt 0.716152 0.229642
vt 0.728837 0.210657
vt 0.708859 0.226621
vt 0.713313 0.204227
vt 0.705728 0.676685
vt 0.705735 0.664671
vt 0.706252 0.664671
vt 0.706245 0.676685
vt 0.705728 0.676685
vt 0.706245 0.676685
vt 0.572499 0.712308
vt 0.559645 0.703719
vt 0.581237 0.691212
vt 0.566075 0.688196
vt 0.465516 0.564103
vt 0.464998 0.564103
vt 0.466438 0.629125
vt 0.466428 0.645455
vt 0.465910 0.645455
vt 0.465920 0.629125
vt 0.596600 0.561053
vt 0.596600 0.538218
vt 0.611963 0.535163
vt 0.611963 0.564109
vt 0.991264 0.173249
vt 0.994164 0.173248
vt 0.994042 0.103123
vt 0.991143 0.103124
vt 0.991155 0.082427
vt 0.994054 0.082426
vt -0.000000 0.652301
vt -0.000000 0.623355
vt 0.003745 0.624100
vt 0.003745 0.651556
vt 0.996053 0.489805
vt 0.998381 0.489805
vt 0.991159 0.055561
vt 0.994058 0.055561
vt 0.011076 0.596612
vt 0.014251 0.598734
vt 0.991155 0.026617
vt 0.994054 0.026616
vt 0.031542 0.576144
vt 0.033664 0.579319
vt 0.587861 0.517122
vt 0.600885 0.508420
vt 0.571715 0.500976
vt 0.580418 0.487952
vt 0.466438 0.585097
vt 0.466441 0.607930
vt 0.465923 0.607930
vt 0.465920 0.585097
vt 0.581237 0.668377
vt 0.566075 0.671393
vt 0.572499 0.647281
vt 0.559645 0.655870
vt 0.705737 0.649076
vt 0.706255 0.649076
vt 0.705735 0.632274
vt 0.706252 0.632274
vt 0.700965 0.226621
vt 0.693672 0.229642
vt 0.680987 0.210657
vt 0.696511 0.204227
vt 0.717901 0.723141
vt 0.720800 0.723141
vt 0.717900 0.715248
vt 0.720799 0.715248
vt 0.701892 0.793761
vt 0.696311 0.799342
vt 0.693136 0.797221
vt 0.699771 0.790585
vt 0.124710 0.807311
vt 0.122381 0.807311
vt 0.709185 0.790740
vt 0.708440 0.786994
vt 0.124706 0.798683
vt 0.122377 0.798684
vt 0.591871 0.913436
vt 0.594200 0.913435
vt 0.717896 0.707990
vt 0.720796 0.707990
vt 0.729516 0.707990
vt 0.732415 0.707990
vt 0.688091 0.235224
vt 0.669106 0.222539
vt 0.705728 0.616824
vt 0.706245 0.616824
vt 0.465529 0.645476
vt 0.465011 0.645476
vt 0.556352 0.631135
vt 0.547764 0.643988
vt 0.466428 0.564103
vt 0.465910 0.564103
vt 0.705740 0.535549
vt 0.706258 0.535549
vt 0.550619 0.492238
vt 0.709190 0.535549
vt 0.991143 0.000000
vt 0.994042 0.000000
vt 0.058282 0.565067
vt 0.059027 0.568812
vt 0.993137 0.489805
vt 0.996036 0.489805
vt 0.931056 0.265195
vt 0.931050 0.285812
vt 0.920395 0.285812
vt 0.920401 0.265195
vt 0.397726 0.754579
vt 0.379222 0.742215
vt 0.385782 0.726376
vt 0.409847 0.742456
vt 0.715554 0.305494
vt 0.715554 0.319855
vt 0.704898 0.319860
vt 0.704898 0.305499
vt 0.113557 0.726427
vt 0.095051 0.738793
vt 0.082929 0.726670
vt 0.106996 0.710588
vt 0.905241 0.090824
vt 0.915897 0.090824
vt 0.915888 0.117707
vt 0.905233 0.117706
vt 0.915888 0.146650
vt 0.905233 0.146650
vt 0.082686 0.757298
vt 0.066847 0.750738
vt 0.915897 0.173248
vt 0.905241 0.173248
vt 0.078344 0.779128
vt 0.061200 0.779128
vt 0.931050 0.308069
vt 0.931056 0.328576
vt 0.920401 0.328576
vt 0.920395 0.308068
vt 0.414432 0.794913
vt 0.410090 0.773084
vt 0.425928 0.766523
vt 0.431574 0.794913
vt 0.954722 0.442351
vt 0.944066 0.442354
vt 0.944073 0.426440
vt 0.410090 0.816743
vt 0.425928 0.823303
vt 0.915905 0.090827
vt 0.926561 0.090824
vt 0.926552 0.111524
vt 0.915897 0.111528
vt 0.397726 0.835249
vt 0.409847 0.847371
vt 0.926552 0.138392
vt 0.915897 0.138395
vt 0.926561 0.167336
vt 0.915905 0.167339
vt 0.379222 0.847615
vt 0.385782 0.863453
vt 0.954722 0.463008
vt 0.944066 0.463011
vt 0.954729 0.485264
vt 0.944073 0.485267
vt 0.095051 0.819463
vt 0.113557 0.831828
vt 0.106996 0.847667
vt 0.082929 0.831585
vt 0.082686 0.800957
vt 0.066847 0.807518
vt 0.704898 0.305492
vt 0.704898 0.288700
vt 0.715554 0.288701
s 1
f 2/1/1 1/2/2 5/3/3 6/4/4
f 1/2/2 2/1/1 340/5/5 4/6/6
f 1/2/2 3/7/7 7/8/8 5/3/3
f 3/7/7 1/2/2 4/6/6 324/9/9
f 6/10/10 5/11/11 8/12/11 9/13/10
f 5/11/11 7/14/12 10/15/12 8/12/11
f 11/16/13 12/17/14 9/18/14 8/19/15
f 13/20/16 11/16/13 8/19/15 10/21/17
f 12/22/18 11/23/19 14/24/19 36/25/18
f 11/16/13 13/20/16 17/26/20 15/27/21
f 19/28/22 14/29/22 11/30/22 15/31/22
f 15/32/23 16/33/24 21/34/24 19/35/23
f 16/36/14 15/27/21 18/37/15 165/38/14
f 15/27/21 17/26/20 62/39/17 18/37/15
f 47/40/25 14/41/26 19/42/27 20/43/28
f 20/43/28 19/42/27 22/44/29 24/45/30
f 19/42/27 21/46/31 25/47/32 22/44/29
f 24/45/30 22/44/29 23/48/3 225/49/8
f 22/44/29 25/47/32 26/50/4 23/48/3
f 25/51/32 27/52/33 28/53/34 26/54/4
f 21/55/31 30/56/35 27/52/33 25/51/32
f 27/52/33 29/57/36 130/58/37 28/53/34
f 30/56/35 32/59/38 29/57/36 27/52/33
f 30/60/39 31/61/39 34/62/39 33/63/39
f 16/33/24 31/64/40 30/65/40 21/34/24
f 32/59/38 30/56/35 33/66/41 35/67/42
f 34/68/43 12/22/18 36/25/18 33/69/43
f 35/67/42 33/66/41 37/70/44 39/71/45
f 33/66/41 36/72/46 40/73/46 37/70/44
f 39/74/47 37/75/48 38/76/48 115/77/47
f 37/75/48 40/78/49 41/79/49 38/76/48
f 40/78/49 42/80/50 43/81/50 41/79/49
f 36/82/46 14/41/26 42/83/51 40/84/46
f 42/80/50 44/85/52 45/86/52 43/81/50
f 14/41/26 47/40/25 44/87/53 42/83/51
f 44/85/52 46/88/54 211/89/54 45/86/52
f 47/40/25 48/90/55 46/91/55 44/87/53
f 20/92/56 17/93/56 13/94/56 47/95/56
f 13/96/57 49/97/58 48/98/58 47/99/57
f 49/97/58 52/100/59 50/101/59 48/98/58
f 48/90/55 50/102/60 51/103/61 46/91/55
f 50/104/60 53/105/62 206/106/63 51/107/61
f 54/108/4 50/109/4 52/110/4 56/111/4
f 53/105/62 50/104/60 54/112/64 57/113/65
f 57/113/65 54/112/64 55/114/66 229/115/67
f 54/116/64 58/117/68 59/118/69 55/119/66
f 56/120/70 60/121/71 58/122/71 54/123/70
f 58/117/68 20/43/28 24/45/30 59/118/69
f 60/121/71 17/124/72 20/125/72 58/122/71
f 17/26/20 60/126/73 61/127/73 62/39/17
f 60/126/73 56/128/74 63/129/75 61/127/73
f 62/130/76 61/131/77 64/132/77 66/133/76
f 61/131/77 63/134/78 67/135/78 64/132/77
f 159/136/8 66/137/8 64/138/39 65/139/39
f 65/139/39 64/138/39 67/140/79 68/141/79
f 68/142/79 67/143/79 69/144/80 70/145/80
f 63/134/78 72/146/81 69/147/81 67/135/78
f 70/145/80 69/144/80 71/148/56 386/149/56
f 72/146/81 74/150/82 71/151/82 69/147/81
f 56/152/74 73/153/83 72/154/22 63/155/75
f 73/153/83 76/156/37 74/157/37 72/154/22
f 76/156/37 77/158/84 75/159/34 74/157/37
f 74/150/82 75/160/85 384/161/85 71/151/82
f 76/162/86 73/163/87 57/164/87 78/165/86
f 77/166/88 76/162/86 78/165/86 80/167/88
f 80/168/89 78/169/90 79/170/91 83/171/92
f 78/169/90 57/113/65 229/115/67 79/170/91
f 80/172/39 82/173/39 268/174/39 77/175/39
f 81/176/93 80/168/89 83/171/92 85/177/94
f 196/178/95 82/179/96 80/168/89 81/176/93
f 83/171/92 79/170/91 228/180/56 84/181/97
f 85/177/94 83/171/92 84/181/97 86/182/14
f 87/183/98 85/184/94 86/185/14 90/186/15
f 89/187/99 81/188/93 85/184/94 87/183/98
f 101/189/100 89/187/99 87/183/98 88/190/101
f 88/190/101 87/183/98 90/186/15 92/191/17
f 90/192/102 86/193/103 246/194/103 91/195/102
f 92/196/104 90/192/102 91/195/102 93/197/104
f 94/198/105 92/196/104 93/197/104 95/199/105
f 97/200/106 88/190/101 92/191/17 94/201/73
f 96/202/107 94/198/105 95/199/105 126/203/107
f 98/204/108 97/200/106 94/201/73 96/205/75
f 99/206/109 101/189/100 88/190/101 97/200/106
f 102/207/110 99/206/109 97/200/106 98/204/108
f 100/208/111 188/209/112 101/210/112 99/211/111
f 100/212/97 99/213/97 103/214/97 104/215/97
f 106/216/113 103/217/114 99/206/109 102/207/110
f 193/218/115 104/219/116 103/220/116 105/221/115
f 105/222/117 103/217/114 107/223/118 109/224/117
f 103/217/114 106/216/113 110/225/119 107/223/118
f 109/226/120 107/227/121 108/228/121 252/229/120
f 107/227/121 110/230/122 111/231/122 108/228/121
f 106/232/113 113/233/123 112/234/123 110/235/119
f 110/230/122 112/236/124 114/237/124 111/231/122
f 113/233/123 35/67/42 39/71/45 112/234/123
f 112/236/124 39/74/47 115/77/47 114/237/124
f 116/238/125 117/239/126 111/240/127 114/241/128
f 118/242/129 116/238/125 114/241/128 115/243/130
f 117/239/126 116/238/125 119/244/131 120/245/132
f 116/238/125 118/242/129 121/246/133 119/244/131
f 120/245/132 119/244/131 122/247/134 123/248/135
f 119/244/131 121/246/133 124/249/136 122/247/134
f 123/248/135 122/247/134 125/250/80 126/251/79
f 122/247/134 124/249/136 127/252/56 125/250/80
f 128/253/137 96/202/107 126/203/107 125/254/137
f 130/255/138 128/253/137 125/254/137 127/256/138
f 129/257/139 98/258/108 96/259/75 128/260/22
f 29/57/36 129/257/139 128/260/22 130/58/37
f 28/261/140 130/255/138 127/256/138 265/262/140
f 32/59/38 131/263/141 129/257/139 29/57/36
f 131/263/141 102/264/110 98/258/108 129/257/139
f 132/265/142 133/266/143 102/267/143 131/268/142
f 134/269/144 132/265/142 131/268/142 32/270/144
f 133/271/145 132/272/80 135/273/80 136/274/79
f 132/272/80 134/275/146 137/276/56 135/273/80
f 136/277/147 135/278/148 138/279/148 139/280/147
f 135/278/148 137/281/149 140/282/149 138/279/148
f 142/283/75 139/284/75 138/285/22 141/286/22
f 141/286/22 138/285/22 140/287/37 143/288/37
f 142/289/150 141/290/150 144/291/150 146/292/150
f 141/290/150 143/293/150 145/294/150 144/291/150
f 148/295/150 147/296/150 144/291/150 145/294/150
f 147/296/150 149/297/150 146/292/150 144/291/150
f 151/298/150 150/299/150 147/296/150 148/295/150
f 150/299/150 152/300/150 149/297/150 147/296/150
f 154/301/150 153/302/150 150/299/150 151/298/150
f 153/302/150 155/303/150 152/300/150 150/299/150
f 158/304/150 156/305/150 153/302/150 154/301/150
f 156/305/150 157/306/150 155/303/150 153/302/150
f 159/307/150 65/308/150 156/305/150 158/304/150
f 65/308/150 68/309/150 157/306/150 156/305/150
f 160/310/150 159/307/150 158/304/150 154/301/150
f 160/311/3 162/312/3 66/137/8 159/136/8
f 161/313/150 160/310/150 154/301/150 151/298/150
f 161/314/4 163/315/4 162/312/3 160/311/3
f 165/316/151 18/317/152 162/318/152 163/319/151
f 18/317/152 62/130/76 66/133/76 162/318/152
f 166/320/153 165/316/151 163/319/151 164/321/153
f 167/322/34 164/323/34 163/324/4 161/325/4
f 31/326/154 16/327/14 165/328/14 166/329/97
f 134/275/146 31/326/154 166/329/97 137/276/56
f 137/281/149 166/320/153 164/321/153 140/282/149
f 143/288/37 140/287/37 164/323/34 167/322/34
f 143/293/150 167/330/150 148/295/150 145/294/150
f 167/330/150 161/313/150 151/298/150 148/295/150
f 68/309/150 70/331/150 168/332/150 157/306/150
f 157/306/150 168/332/150 170/333/150 155/303/150
f 70/331/150 386/334/150 169/335/150 168/332/150
f 168/332/150 169/335/150 172/336/150 170/333/150
f 155/303/150 170/333/150 171/337/150 152/300/150
f 170/333/150 172/336/150 174/338/150 171/337/150
f 386/334/150 173/339/150 172/336/150 169/335/150
f 173/339/150 175/340/150 174/338/150 172/336/150
f 175/340/150 177/341/150 176/342/150 174/338/150
f 171/337/150 174/338/150 176/342/150 179/343/150
f 177/341/150 182/344/150 178/345/150 176/342/150
f 179/343/150 176/342/150 178/345/150 180/346/150
f 152/300/150 171/337/150 179/343/150 149/297/150
f 149/297/150 179/343/150 180/346/150 146/292/150
f 182/344/150 181/347/150 180/346/150 178/345/150
f 181/347/150 142/289/150 146/292/150 180/346/150
f 182/348/17 184/349/17 183/350/73 181/351/73
f 181/351/73 183/350/73 139/352/75 142/353/75
f 186/354/155 185/355/156 183/356/156 184/357/155
f 185/355/156 136/277/147 139/280/147 183/356/156
f 188/358/8 100/359/157 185/360/39 186/361/8
f 100/359/157 133/362/145 136/363/79 185/360/39
f 189/364/158 188/358/8 186/361/8 187/365/3
f 187/366/159 186/354/155 184/357/155 385/367/159
f 188/209/112 189/368/160 89/369/160 101/210/112
f 190/370/161 189/364/158 187/365/3 382/371/4
f 192/372/162 191/373/163 189/364/158 190/370/161
f 89/374/22 189/375/22 191/376/22 195/377/22
f 191/373/163 192/372/162 280/378/4 194/379/3
f 191/380/164 193/218/115 105/221/115 195/381/164
f 193/382/8 191/373/163 194/379/3 378/383/8
f 195/384/165 105/222/117 109/224/117 197/385/166
f 195/384/165 196/386/95 81/188/93 89/187/99
f 196/386/95 195/384/165 197/385/166 199/387/167
f 197/388/168 109/226/120 252/229/120 198/389/168
f 199/390/169 197/388/168 198/389/168 200/391/169
f 82/179/96 196/178/95 199/392/167 201/393/170
f 201/394/171 199/390/169 200/391/169 202/395/171
f 204/396/172 82/179/96 201/393/170 203/397/172
f 203/398/173 201/394/171 202/395/171 205/399/173
f 53/105/62 204/396/172 203/397/172 206/106/63
f 206/400/174 203/398/173 205/399/173 207/401/174
f 51/402/175 206/400/174 207/401/174 209/403/175
f 208/404/176 210/405/177 209/406/178 207/407/179
f 238/408/180 208/404/176 207/407/179 205/409/181
f 210/410/177 212/411/182 211/412/183 209/413/178
f 46/88/54 51/402/175 209/403/175 211/89/54
f 212/411/182 213/414/184 45/415/185 211/412/183
f 213/414/184 212/411/182 214/416/186 215/417/187
f 212/411/182 210/410/177 216/418/188 214/416/186
f 215/417/187 214/416/186 217/419/189 218/420/190
f 214/416/186 216/418/188 219/421/191 217/419/189
f 218/420/190 217/419/189 220/422/73 221/423/17
f 217/419/189 219/421/191 222/424/75 220/422/73
f 223/425/192 225/426/193 221/427/193 220/428/192
f 224/429/194 223/425/192 220/428/192 222/430/194
f 55/119/66 59/118/69 223/431/39 224/432/79
f 59/118/69 24/45/30 225/49/8 223/431/39
f 225/426/193 23/433/195 254/434/195 221/427/193
f 226/435/196 224/429/194 222/430/194 227/436/196
f 229/115/67 55/114/66 224/437/79 226/438/80
f 228/439/197 226/435/196 227/436/196 230/440/197
f 79/170/91 229/115/67 226/438/80 228/180/56
f 84/441/198 228/439/197 230/440/197 231/442/198
f 233/443/199 232/444/200 230/445/37 227/446/22
f 232/444/200 234/447/201 231/448/34 230/445/37
f 236/449/202 235/450/203 232/444/200 233/443/199
f 235/450/203 237/451/204 234/447/201 232/444/200
f 208/404/176 238/408/180 235/450/203 236/449/202
f 238/408/180 239/452/205 237/451/204 235/450/203
f 239/452/205 238/408/180 205/409/181 202/453/206
f 240/454/207 239/452/205 202/453/206 200/455/208
f 239/452/205 240/454/207 242/456/209 237/451/204
f 240/457/207 241/458/210 243/459/211 242/460/209
f 241/458/210 240/457/207 200/461/208 198/462/212
f 237/451/204 242/456/209 244/463/213 234/447/201
f 242/460/209 243/459/211 245/464/214 244/465/213
f 234/447/201 244/463/213 246/466/4 231/448/34
f 244/465/213 245/464/214 91/467/3 246/468/4
f 86/193/103 84/441/198 231/442/198 246/194/103
f 243/459/211 249/469/215 247/470/216 245/464/214
f 245/464/214 247/470/216 93/471/8 91/467/3
f 249/469/215 250/472/217 248/473/218 247/470/216
f 247/470/216 248/473/218 95/474/39 93/471/8
f 241/458/210 251/475/219 249/469/215 243/459/211
f 251/475/219 253/476/220 250/472/217 249/469/215
f 251/475/219 241/458/210 198/462/212 252/477/221
f 253/476/220 251/475/219 252/477/221 108/478/222
f 117/479/126 253/476/220 108/478/222 111/480/127
f 253/476/220 117/479/126 120/481/132 250/472/217
f 250/472/217 120/481/132 123/482/135 248/473/218
f 248/473/218 123/482/135 126/483/79 95/474/39
f 216/484/188 236/449/202 233/443/199 219/485/191
f 210/405/177 208/404/176 236/449/202 216/484/188
f 219/485/191 233/443/199 227/446/22 222/486/75
f 256/487/223 218/420/190 221/423/17 254/488/15
f 23/433/195 26/489/224 255/490/224 254/434/195
f 257/491/225 256/487/223 254/488/15 255/492/14
f 259/493/226 258/494/227 256/487/223 257/491/225
f 258/494/227 215/417/187 218/420/190 256/487/223
f 261/495/228 260/496/229 258/494/227 259/493/226
f 260/496/229 213/414/184 215/417/187 258/494/227
f 260/496/229 261/495/228 41/497/230 43/498/231
f 213/414/184 260/496/229 43/498/231 45/415/185
f 261/499/228 262/500/232 38/501/233 41/502/230
f 262/500/232 261/499/228 259/503/226 263/504/234
f 262/500/232 118/242/129 115/243/130 38/501/233
f 118/242/129 262/500/232 263/504/234 121/246/133
f 121/246/133 263/504/234 264/505/235 124/249/136
f 263/504/234 259/503/226 257/506/225 264/505/235
f 124/249/136 264/505/235 265/507/97 127/252/56
f 264/505/235 257/506/225 255/508/14 265/507/97
f 26/489/224 28/261/140 265/262/140 255/490/224
f 267/509/236 266/510/237 204/511/237 53/512/236
f 266/510/237 268/513/238 82/514/238 204/511/237
f 266/515/37 267/516/239 270/517/22 269/518/37
f 268/519/240 266/515/37 269/518/37 271/520/34
f 274/521/241 272/522/242 269/523/242 270/524/241
f 272/522/242 275/525/243 271/526/243 269/523/242
f 316/527/244 273/528/245 272/529/56 274/530/80
f 273/528/245 276/531/246 275/532/97 272/529/56
f 276/531/246 278/533/247 277/534/14 275/532/97
f 275/525/243 277/535/248 280/536/248 271/526/243
f 278/537/247 282/538/249 279/539/15 277/540/14
f 277/535/248 279/541/250 194/542/250 280/536/248
f 192/543/162 268/519/240 271/520/34 280/544/4
f 282/538/249 283/545/251 281/546/17 279/539/15
f 279/541/250 281/547/252 378/548/252 194/542/250
f 282/538/249 278/537/247 285/549/253 284/550/254
f 283/545/251 282/538/249 284/550/254 286/551/255
f 284/552/256 285/553/257 289/554/257 287/555/256
f 286/556/258 284/552/256 287/555/256 288/557/258
f 288/558/8 287/559/3 290/560/3 291/561/8
f 287/559/3 289/562/4 292/563/4 290/560/3
f 293/564/259 294/565/259 291/566/259 290/567/259
f 295/568/259 293/564/259 290/567/259 292/569/259
f 297/570/259 294/565/259 293/564/259 296/571/259
f 296/571/259 293/564/259 295/568/259 299/572/259
f 370/573/259 297/570/259 296/571/259 298/574/259
f 298/574/259 296/571/259 299/572/259 300/575/259
f 300/575/259 299/572/259 301/576/259 302/577/259
f 299/572/259 295/568/259 303/578/259 301/576/259
f 302/577/259 301/576/259 304/579/259 306/580/259
f 301/576/259 303/578/259 305/581/259 304/579/259
f 304/579/259 305/581/259 308/582/259 307/583/259
f 306/580/259 304/579/259 307/583/259 309/584/259
f 311/585/37 310/586/22 307/587/22 308/588/37
f 310/586/22 312/589/75 309/590/75 307/587/22
f 315/591/260 313/592/261 310/593/261 311/594/260
f 313/592/261 314/595/262 312/596/262 310/593/261
f 316/527/244 317/597/263 314/598/264 313/599/265
f 273/528/245 316/527/244 313/599/265 315/600/266
f 317/597/263 316/527/244 274/530/80 319/601/79
f 318/602/267 317/603/263 319/604/79 320/605/39
f 317/603/263 318/602/267 323/606/268 314/607/264
f 320/608/269 319/609/270 321/610/270 322/611/269
f 319/609/270 274/521/241 270/524/241 321/610/270
f 52/612/271 49/613/73 322/614/73 321/615/75
f 267/516/239 52/616/271 321/617/75 270/517/22
f 49/613/73 13/20/16 10/21/17 322/614/73
f 7/14/12 320/608/269 322/611/269 10/15/12
f 3/7/7 318/602/267 320/605/39 7/8/8
f 318/602/267 3/7/7 324/9/9 323/606/268
f 323/618/272 324/619/273 326/620/273 325/621/272
f 314/595/262 323/618/272 325/621/272 312/596/262
f 312/622/75 325/623/73 327/624/73 309/625/75
f 325/623/73 326/626/17 328/627/17 327/624/73
f 329/628/259 306/580/259 309/584/259 327/629/259
f 330/630/259 329/628/259 327/629/259 328/631/259
f 331/632/259 302/577/259 306/580/259 329/628/259
f 333/633/259 331/632/259 329/628/259 330/630/259
f 332/634/259 300/575/259 302/577/259 331/632/259
f 334/635/259 332/634/259 331/632/259 333/633/259
f 334/635/259 333/633/259 335/636/259 336/637/259
f 333/633/259 330/630/259 328/631/259 335/636/259
f 337/638/15 338/639/14 336/640/14 335/641/15
f 326/626/17 337/638/15 335/641/15 328/627/17
f 4/642/274 340/643/275 338/644/275 337/645/274
f 324/619/273 4/642/274 337/645/274 326/620/273
f 338/646/14 339/647/97 375/648/97 336/649/14
f 340/643/275 341/650/276 339/651/276 338/644/275
f 2/652/1 343/653/277 341/654/278 340/655/5
f 341/650/276 342/656/279 377/657/279 339/651/276
f 343/653/277 344/658/280 342/659/281 341/654/278
f 344/658/280 343/653/277 345/660/34 346/661/37
f 343/653/277 2/652/1 6/662/4 345/660/34
f 346/663/282 345/664/283 347/665/283 348/666/282
f 345/664/283 6/10/10 9/13/10 347/665/283
f 34/667/284 350/668/285 348/669/56 347/670/97
f 12/671/14 34/667/284 347/670/97 9/672/14
f 357/673/286 346/663/282 348/666/282 349/674/286
f 350/668/285 351/675/80 349/676/80 348/669/56
f 351/677/287 350/678/288 35/679/288 113/680/287
f 350/668/285 34/667/284 31/326/154 134/275/146
f 350/681/17 134/682/17 32/683/17 35/684/17
f 352/685/289 351/677/287 113/680/287 106/686/289
f 351/675/80 352/687/290 353/688/79 349/676/80
f 104/689/291 352/690/290 133/362/145 100/359/157
f 352/690/290 104/689/291 354/691/39 353/692/79
f 102/693/4 133/362/4 352/690/4 106/694/4
f 356/695/292 355/696/293 353/697/293 354/698/292
f 355/696/293 357/673/286 349/674/286 353/697/293
f 359/699/294 358/700/295 355/701/75 356/702/73
f 358/703/295 360/704/296 357/705/22 355/706/75
f 358/700/295 359/699/294 362/707/297 361/708/298
f 360/704/296 358/703/295 361/709/298 363/710/299
f 361/711/300 362/712/301 366/713/301 364/714/300
f 363/715/302 361/711/300 364/714/300 365/716/302
f 365/717/80 364/718/79 367/719/79 368/720/80
f 364/721/79 366/722/39 369/723/39 367/724/79
f 370/573/259 371/725/259 368/726/259 367/727/259
f 297/570/259 370/573/259 367/727/259 369/728/259
f 371/725/259 370/573/259 298/574/259 373/729/259
f 372/730/259 371/725/259 373/729/259 374/731/259
f 371/725/259 372/730/259 376/732/259 368/726/259
f 374/731/259 373/729/259 332/634/259 334/635/259
f 373/729/259 298/574/259 300/575/259 332/634/259
f 374/731/259 334/635/259 336/637/259 375/733/259
f 372/730/259 374/731/259 375/733/259 376/732/259
f 339/647/97 377/734/56 376/735/56 375/648/97
f 377/734/56 365/717/80 368/720/80 376/735/56
f 342/656/279 363/715/302 365/716/302 377/657/279
f 294/565/259 297/570/259 369/728/259 291/566/259
f 366/722/39 288/558/8 291/561/8 369/723/39
f 362/712/301 286/556/258 288/557/258 366/713/301
f 344/658/280 360/704/296 363/710/299 342/659/281
f 359/699/294 283/545/251 286/551/255 362/707/297
f 360/704/296 344/658/280 346/661/37 357/705/22
f 283/545/251 359/699/294 356/702/73 281/546/17
f 281/547/252 356/695/292 354/698/292 378/548/252
f 104/689/291 193/382/8 378/383/8 354/691/39
f 379/736/303 315/591/260 311/594/260 380/737/303
f 276/531/246 273/528/245 315/600/266 379/738/304
f 285/553/257 379/736/303 380/737/303 289/554/257
f 278/533/247 276/531/246 379/738/304 285/739/253
f 289/740/4 380/741/34 381/742/34 292/743/4
f 380/741/34 311/585/37 308/588/37 381/742/34
f 303/578/259 295/568/259 292/569/259 381/744/259
f 305/581/259 303/578/259 381/744/259 308/582/259
f 268/519/240 192/543/162 190/745/161 77/158/84
f 52/616/271 267/516/239 73/153/83 56/152/74
f 57/746/15 73/747/15 267/748/15 53/749/15
f 77/158/84 190/745/161 382/750/4 75/159/34
f 75/160/85 382/751/305 383/752/305 384/161/85
f 382/751/305 187/366/159 385/367/159 383/752/305
f 173/753/97 384/754/97 383/755/14 175/756/14
f 175/757/14 383/758/14 385/759/15 177/760/15
f 177/760/15 385/759/15 184/349/17 182/348/17
f 386/149/56 71/148/56 384/754/97 173/753/97
f 388/761/306 387/762/307 391/763/307 392/764/306
f 387/762/259 388/761/259 762/765/259 390/766/259
f 387/762/307 389/767/308 393/768/308 391/763/307
f 389/767/259 387/762/259 390/766/259 428/769/259
f 392/770/3 391/771/4 394/772/4 395/773/3
f 391/774/4 393/775/34 396/776/34 394/777/4
f 398/778/3 395/773/3 394/772/4 397/779/4
f 397/780/4 394/777/4 396/776/34 399/781/34
f 401/782/309 398/783/309 397/784/310 400/785/310
f 400/785/310 397/784/310 399/786/311 402/787/311
f 400/785/150 403/788/150 404/789/150 401/782/150
f 402/787/150 405/790/150 403/788/150 400/785/150
f 403/791/312 407/792/313 767/793/314 404/794/315
f 405/795/316 409/796/317 408/797/318 403/798/312
f 403/791/312 408/799/318 410/800/319 406/801/320
f 406/801/320 776/802/321 407/792/313 403/791/312
f 409/803/150 412/804/150 411/805/150 408/806/150
f 408/807/322 411/808/322 413/809/323 410/810/323
f 412/811/324 415/812/325 414/813/326 411/814/327
f 411/815/327 414/816/326 416/817/328 413/818/329
f 415/819/325 417/820/330 416/817/328 414/816/326
f 413/818/329 416/817/328 417/820/330 418/821/331
f 418/821/331 417/820/330 415/819/325 412/822/324
f 418/821/331 419/823/332 423/824/333 421/825/334
f 420/826/335 427/827/336 419/828/336 418/829/335
f 420/826/335 418/829/335 412/830/337 409/831/337
f 413/818/329 418/821/331 421/825/334 422/832/338
f 423/824/333 424/833/339 422/832/338 421/825/334
f 419/834/332 425/835/340 424/836/339 423/837/333
f 425/838/340 413/818/329 422/832/338 424/833/339
f 427/839/259 426/840/259 425/841/259 419/842/259
f 426/843/341 410/810/323 413/809/323 425/844/341
f 428/845/342 390/846/343 426/847/344 427/848/345
f 390/849/343 406/801/320 410/800/319 426/850/344
f 431/851/346 428/852/342 427/853/345 420/854/347
f 429/855/348 428/856/342 430/857/349 450/858/350
f 832/859/259 389/767/259 428/769/259 429/860/259
f 428/856/342 431/861/346 432/862/351 430/857/349
f 431/851/346 420/854/347 409/863/317 405/864/316
f 405/865/316 434/866/352 432/862/351 431/861/346
f 430/867/353 432/868/354 433/869/354 449/870/353
f 434/871/355 436/872/355 433/869/354 432/868/354
f 435/873/150 437/874/150 436/875/150 434/876/150
f 453/877/356 435/878/357 434/866/352 405/865/316
f 437/879/358 439/880/359 438/881/360 436/882/361
f 436/882/361 438/881/360 440/883/362 433/884/363
f 439/880/359 441/885/364 440/883/362 438/881/360
f 433/884/363 440/883/362 441/885/364 442/886/365
f 442/886/365 441/885/364 439/880/359 437/879/358
f 442/886/365 443/887/366 447/888/367 445/889/368
f 444/890/369 450/891/370 443/892/370 442/893/369
f 444/890/369 442/893/369 437/894/371 435/895/371
f 433/884/363 442/886/365 445/889/368 446/896/372
f 447/888/367 448/897/373 446/896/372 445/889/368
f 443/887/366 449/898/374 448/897/373 447/888/367
f 449/898/374 433/884/363 446/896/372 448/897/373
f 450/899/259 430/900/259 449/901/259 443/902/259
f 451/903/375 429/855/348 450/858/350 444/904/376
f 451/903/375 444/904/376 435/878/357 453/877/356
f 429/855/348 451/903/375 452/905/377 473/906/378
f 453/877/356 456/907/379 452/905/377 451/903/375
f 454/908/380 457/909/381 456/907/379 453/877/356
f 829/910/150 454/911/150 453/912/150 455/913/150
f 455/913/150 453/912/150 405/790/150 402/787/150
f 457/914/150 459/915/150 458/916/150 456/917/150
f 456/918/382 458/919/382 460/920/383 452/921/383
f 459/922/384 462/923/385 461/924/386 458/925/387
f 458/925/387 461/924/386 463/926/388 460/927/389
f 462/923/385 464/928/390 463/926/388 461/924/386
f 460/927/389 463/926/388 464/928/390 465/929/391
f 465/929/391 464/928/390 462/923/385 459/922/384
f 465/929/391 466/930/392 470/931/393 468/932/394
f 467/933/395 474/934/396 466/935/396 465/936/395
f 467/933/395 465/936/395 459/937/397 457/938/397
f 460/927/389 465/929/391 468/932/394 469/939/398
f 470/931/393 471/940/399 469/939/398 468/932/394
f 466/930/392 472/941/400 471/940/399 470/931/393
f 472/941/400 460/927/389 469/939/398 471/940/399
f 474/942/259 473/943/259 472/944/259 466/945/259
f 473/946/401 452/921/383 460/920/383 472/947/401
f 475/948/402 429/855/348 473/906/378 474/949/403
f 479/950/404 475/948/402 474/949/403 467/951/405
f 476/952/406 475/948/402 478/953/407 498/954/408
f 823/955/259 477/956/259 475/957/259 476/958/259
f 477/956/259 832/859/259 429/860/259 475/957/259
f 475/948/402 479/950/404 480/959/409 478/953/407
f 479/950/404 467/951/405 457/909/381 454/908/380
f 454/908/380 482/960/410 480/959/409 479/950/404
f 478/961/411 480/962/412 481/963/412 497/964/411
f 482/965/413 484/966/413 481/963/412 480/962/412
f 483/967/150 485/968/150 484/969/150 482/970/150
f 501/971/414 483/972/415 482/960/410 454/908/380
f 485/973/416 487/974/417 486/975/418 484/976/419
f 484/976/419 486/975/418 488/977/420 481/978/421
f 487/974/417 489/979/422 488/977/420 486/975/418
f 481/978/421 488/977/420 489/979/422 490/980/423
f 490/980/423 489/979/422 487/974/417 485/973/416
f 490/980/423 491/981/424 495/982/425 493/983/426
f 492/984/427 498/985/428 491/986/428 490/987/427
f 492/984/427 490/987/427 485/988/429 483/989/429
f 481/978/421 490/980/423 493/983/426 494/990/430
f 495/982/425 496/991/431 494/990/430 493/983/426
f 491/981/424 497/992/432 496/991/431 495/982/425
f 497/992/432 481/978/421 494/990/430 496/991/431
f 498/993/259 478/994/259 497/995/259 491/996/259
f 499/997/433 476/952/406 498/954/408 492/998/434
f 499/997/433 492/998/434 483/972/415 501/971/414
f 476/952/406 499/997/433 500/999/435 521/1000/436
f 501/971/414 504/1001/437 500/999/435 499/997/433
f 502/1002/438 505/1003/439 504/1004/437 501/1005/414
f 833/1006/150 502/1007/150 501/1008/150 503/1009/150
f 503/1009/150 501/1008/150 454/911/150 829/910/150
f 505/1010/150 507/1011/150 506/1012/150 504/1013/150
f 504/1014/440 506/1015/440 508/1016/441 500/1017/441
f 507/1018/442 510/1019/443 509/1020/444 506/1021/445
f 506/1022/445 509/1023/444 511/1024/446 508/1025/447
f 510/1026/443 512/1027/448 511/1024/446 509/1023/444
f 508/1025/447 511/1024/446 512/1027/448 513/1028/449
f 513/1028/449 512/1027/448 510/1026/443 507/1029/442
f 513/1028/449 514/1030/450 518/1031/451 516/1032/452
f 515/1033/453 522/1034/454 514/1035/454 513/1036/453
f 515/1033/453 513/1036/453 507/1037/455 505/1038/455
f 508/1025/447 513/1028/449 516/1032/452 517/1039/456
f 518/1031/451 519/1040/457 517/1039/456 516/1032/452
f 514/1041/450 520/1042/458 519/1043/457 518/1044/451
f 520/1045/458 508/1025/447 517/1039/456 519/1040/457
f 522/1046/259 521/1047/259 520/1048/259 514/1049/259
f 521/1050/459 500/1017/441 508/1016/441 520/1051/459
f 523/1052/460 476/1053/406 521/1054/436 522/1055/461
f 527/1056/462 523/1057/460 522/1058/461 515/1059/463
f 524/1060/464 523/1061/460 526/1062/465 546/1063/466
f 820/1064/259 525/1065/259 523/1066/259 524/1067/259
f 525/1065/259 823/955/259 476/958/259 523/1066/259
f 523/1061/460 527/1068/462 528/1069/467 526/1062/465
f 527/1056/462 515/1059/463 505/1070/439 502/1071/438
f 502/1072/438 530/1073/468 528/1069/467 527/1068/462
f 526/1074/469 528/1075/470 529/1076/470 545/1077/469
f 530/1078/471 532/1079/471 529/1076/470 528/1075/470
f 549/1080/472 531/1081/473 530/1073/468 502/1072/438
f 531/1082/150 533/1083/150 532/1084/150 530/1085/150
f 533/1086/474 535/1087/475 534/1088/476 532/1089/477
f 532/1089/477 534/1088/476 536/1090/478 529/1091/479
f 535/1087/475 537/1092/480 536/1090/478 534/1088/476
f 529/1091/479 536/1090/478 537/1092/480 538/1093/481
f 538/1093/481 537/1092/480 535/1087/475 533/1086/474
f 538/1093/481 539/1094/482 543/1095/483 541/1096/484
f 540/1097/485 546/1098/486 539/1099/486 538/1100/485
f 540/1097/485 538/1100/485 533/1101/487 531/1102/487
f 529/1091/479 538/1093/481 541/1096/484 542/1103/488
f 543/1095/483 544/1104/489 542/1103/488 541/1096/484
f 539/1094/482 545/1105/490 544/1104/489 543/1095/483
f 545/1105/490 529/1091/479 542/1103/488 544/1104/489
f 546/1106/259 526/1107/259 545/1108/259 539/1109/259
f 547/1110/491 524/1060/464 546/1063/466 540/1111/492
f 547/1110/491 540/1111/492 531/1081/473 549/1080/472
f 524/1060/464 547/1110/491 548/1112/493 569/1113/494
f 549/1080/472 552/1114/495 548/1112/493 547/1110/491
f 550/1115/496 553/1116/497 552/1114/495 549/1080/472
f 814/1117/150 550/1118/150 549/1119/150 551/1120/150
f 551/1120/150 549/1119/150 502/1007/150 833/1006/150
f 553/1121/150 555/1122/150 554/1123/150 552/1124/150
f 552/1125/498 554/1126/498 556/1127/499 548/1128/499
f 555/1129/500 558/1130/501 557/1131/502 554/1132/503
f 554/1132/503 557/1131/502 559/1133/504 556/1134/505
f 558/1130/501 560/1135/506 559/1133/504 557/1131/502
f 556/1134/505 559/1133/504 560/1135/506 561/1136/507
f 561/1136/507 560/1135/506 558/1130/501 555/1129/500
f 561/1136/507 562/1137/508 566/1138/509 564/1139/510
f 563/1140/511 570/1141/512 562/1142/512 561/1143/511
f 563/1140/511 561/1143/511 555/1144/513 553/1145/513
f 556/1134/505 561/1136/507 564/1139/510 565/1146/514
f 566/1138/509 567/1147/515 565/1146/514 564/1139/510
f 562/1137/508 568/1148/516 567/1147/515 566/1138/509
f 568/1148/516 556/1134/505 565/1146/514 567/1147/515
f 570/1149/259 569/1150/259 568/1151/259 562/1152/259
f 569/1153/517 548/1128/499 556/1127/499 568/1154/517
f 571/1155/518 524/1060/464 569/1113/494 570/1156/519
f 575/1157/520 571/1155/518 570/1156/519 563/1158/521
f 572/1159/522 571/1155/518 574/1160/523 594/1161/524
f 808/1162/259 573/1163/259 571/1164/259 572/1165/259
f 573/1163/259 820/1064/259 524/1067/259 571/1164/259
f 571/1155/518 575/1157/520 576/1166/525 574/1160/523
f 575/1157/520 563/1158/521 553/1116/497 550/1115/496
f 550/1115/496 578/1167/526 576/1166/525 575/1157/520
f 574/1168/527 576/1169/528 577/1170/528 593/1171/527
f 578/1172/529 580/1173/529 577/1170/528 576/1169/528
f 579/1174/150 581/1175/150 580/1176/150 578/1177/150
f 597/1178/530 579/1179/531 578/1167/526 550/1115/496
f 581/1180/532 583/1181/533 582/1182/534 580/1183/535
f 580/1183/535 582/1182/534 584/1184/536 577/1185/537
f 583/1181/533 585/1186/538 584/1184/536 582/1182/534
f 577/1185/537 584/1184/536 585/1186/538 586/1187/539
f 586/1187/539 585/1186/538 583/1181/533 581/1180/532
f 586/1187/539 587/1188/540 591/1189/541 589/1190/542
f 588/1191/543 594/1192/544 587/1193/544 586/1194/543
f 588/1191/543 586/1194/543 581/1195/545 579/1196/545
f 577/1185/537 586/1187/539 589/1190/542 590/1197/546
f 591/1189/541 592/1198/547 590/1197/546 589/1190/542
f 587/1188/540 593/1199/548 592/1198/547 591/1189/541
f 593/1199/548 577/1185/537 590/1197/546 592/1198/547
f 594/1200/259 574/1201/259 593/1202/259 587/1203/259
f 595/1204/549 572/1159/522 594/1161/524 588/1205/550
f 595/1204/549 588/1205/550 579/1179/531 597/1178/530
f 572/1159/522 595/1204/549 596/1206/551 617/1207/552
f 597/1178/530 600/1208/553 596/1206/551 595/1204/549
f 598/1209/554 601/1210/555 600/1211/553 597/1212/530
f 834/1213/150 598/1214/150 597/1215/150 599/1216/150
f 599/1216/150 597/1215/150 550/1118/150 814/1117/150
f 601/1217/150 603/1218/150 602/1219/150 600/1220/150
f 600/1221/336 602/1222/336 604/1223/335 596/1224/335
f 603/1225/556 606/1226/557 605/1227/558 602/1228/559
f 602/1229/559 605/1230/558 607/1231/560 604/1232/561
f 606/1233/557 608/1234/562 607/1231/560 605/1230/558
f 604/1232/561 607/1231/560 608/1234/562 609/1235/563
f 609/1235/563 608/1234/562 606/1233/557 603/1236/556
f 609/1235/563 610/1237/564 614/1238/565 612/1239/566
f 611/1240/323 618/1241/322 610/1242/322 609/1243/323
f 611/1240/323 609/1243/323 603/1244/341 601/1245/341
f 604/1232/561 609/1235/563 612/1239/566 613/1246/567
f 614/1238/565 615/1247/568 613/1246/567 612/1239/566
f 610/1248/564 616/1249/569 615/1250/568 614/1251/565
f 616/1252/569 604/1232/561 613/1246/567 615/1247/568
f 618/1253/259 617/1254/259 616/1255/259 610/1256/259
f 617/894/337 596/1224/335 604/1223/335 616/1257/337
f 619/1258/570 572/1259/522 617/1260/552 618/1261/571
f 623/1262/572 619/1263/570 618/1264/571 611/1265/573
f 620/1266/574 619/1267/570 622/1268/575 642/1269/576
f 805/1270/259 621/1271/259 619/1272/259 620/1273/259
f 621/1271/259 808/1162/259 572/1165/259 619/1272/259
f 619/1267/570 623/1274/572 624/1275/577 622/1268/575
f 623/1262/572 611/1265/573 601/1276/555 598/1277/554
f 598/1278/554 626/1279/578 624/1275/577 623/1274/572
f 622/1280/371 624/1281/369 625/1282/369 641/1283/371
f 626/1284/370 628/1285/370 625/1282/369 624/1281/369
f 627/876/150 629/1286/150 628/1287/150 626/1288/150
f 645/1289/579 627/1290/580 626/1279/578 598/1278/554
f 629/1291/581 631/1292/582 630/1293/583 628/1294/584
f 628/1294/584 630/1293/583 632/1295/585 625/1296/586
f 631/1292/582 633/1297/587 632/1295/585 630/1293/583
f 625/1296/586 632/1295/585 633/1297/587 634/1298/588
f 634/1298/588 633/1297/587 631/1292/582 629/1291/581
f 634/1298/588 635/1299/589 639/1300/590 637/1301/591
f 636/1302/354 642/1303/355 635/1304/355 634/1305/354
f 636/1302/354 634/1305/354 629/1306/353 627/1307/353
f 625/1296/586 634/1298/588 637/1301/591 638/1308/592
f 639/1300/590 640/1309/593 638/1308/592 637/1301/591
f 635/1299/589 641/1310/594 640/1309/593 639/1300/590
f 641/1310/594 625/1296/586 638/1308/592 640/1309/593
f 642/1311/259 622/1312/259 641/1313/259 635/1314/259
f 643/1315/595 620/1266/574 642/1269/576 636/1316/596
f 643/1315/595 636/1316/596 627/1290/580 645/1289/579
f 620/1266/574 643/1315/595 644/1317/597 665/1318/598
f 645/1289/579 648/1319/599 644/1317/597 643/1315/595
f 646/1320/600 649/1321/601 648/1319/599 645/1289/579
f 799/1322/150 646/1323/150 645/1324/150 647/1325/150
f 647/1325/150 645/1324/150 598/1214/150 834/1213/150
f 649/1326/150 651/1327/150 650/1328/150 648/1329/150
f 648/1330/396 650/1331/396 652/1332/395 644/1333/395
f 651/1334/602 654/1335/603 653/1336/604 650/1337/605
f 650/1337/605 653/1336/604 655/1338/606 652/1339/607
f 654/1335/603 656/1340/608 655/1338/606 653/1336/604
f 652/1339/607 655/1338/606 656/1340/608 657/1341/609
f 657/1341/609 656/1340/608 654/1335/603 651/1334/602
f 657/1341/609 658/1342/610 662/1343/611 660/1344/612
f 659/1345/383 666/1346/382 658/1347/382 657/1348/383
f 659/1345/383 657/1348/383 651/1349/401 649/1350/401
f 652/1339/607 657/1341/609 660/1344/612 661/1351/613
f 662/1343/611 663/1352/614 661/1351/613 660/1344/612
f 658/1342/610 664/1353/615 663/1352/614 662/1343/611
f 664/1353/615 652/1339/607 661/1351/613 663/1352/614
f 666/1354/259 665/1355/259 664/1356/259 658/1357/259
f 665/1358/397 644/1333/395 652/1332/395 664/1359/397
f 667/1360/616 620/1266/574 665/1318/598 666/1361/617
f 671/1362/618 667/1360/616 666/1361/617 659/1363/619
f 668/1364/620 667/1360/616 670/1365/621 690/1366/622
f 793/1367/259 669/1368/259 667/1369/259 668/1370/259
f 669/1368/259 805/1270/259 620/1273/259 667/1369/259
f 667/1360/616 671/1362/618 672/1371/623 670/1365/621
f 671/1362/618 659/1363/619 649/1321/601 646/1320/600
f 646/1320/600 674/1372/624 672/1371/623 671/1362/618
f 670/1373/429 672/1374/427 673/1375/427 689/1376/429
f 674/1377/428 676/1378/428 673/1375/427 672/1374/427
f 693/1379/625 675/1380/626 674/1372/624 646/1320/600
f 675/1381/150 677/1382/150 676/1383/150 674/1384/150
f 677/1030/627 679/1385/628 678/1386/629 676/1387/630
f 676/1387/630 678/1386/629 680/1388/631 673/1389/632
f 679/1385/628 681/1390/633 680/1388/631 678/1386/629
f 673/1389/632 680/1388/631 681/1390/633 682/1391/634
f 682/1391/634 681/1390/633 679/1385/628 677/1030/627
f 682/1391/634 683/1392/635 687/1393/636 685/1394/637
f 684/1395/412 690/1396/413 683/1397/413 682/1398/412
f 684/1395/412 682/1398/412 677/1399/411 675/1400/411
f 673/1389/632 682/1391/634 685/1394/637 686/1401/638
f 687/1393/636 688/1402/639 686/1401/638 685/1394/637
f 683/1392/635 689/1403/640 688/1402/639 687/1393/636
f 689/1403/640 673/1389/632 686/1401/638 688/1402/639
f 690/1404/259 670/1405/259 689/1406/259 683/1407/259
f 691/1408/641 668/1364/620 690/1366/622 684/1409/642
f 691/1408/641 684/1409/642 675/1380/626 693/1379/625
f 668/1364/620 691/1408/641 692/1410/643 713/1411/644
f 693/1379/625 696/1412/645 692/1410/643 691/1408/641
f 694/1413/646 697/1414/647 696/1415/645 693/1416/625
f 783/1417/150 694/1418/150 693/1419/150 695/1420/150
f 695/1420/150 693/1419/150 646/1323/150 799/1322/150
f 697/1421/150 699/1326/150 698/1329/150 696/1422/150
f 696/1423/454 698/1424/454 700/1425/453 692/1426/453
f 699/1427/648 702/1428/649 701/1429/650 698/1430/651
f 698/1431/651 701/1432/650 703/1433/652 700/1434/653
f 702/1435/649 704/1436/654 703/1433/652 701/1432/650
f 700/1434/653 703/1433/652 704/1436/654 705/1437/655
f 705/1437/655 704/1436/654 702/1435/649 699/1438/648
f 705/1437/655 706/1439/656 710/1440/657 708/1441/658
f 707/1442/441 714/1443/440 706/1444/440 705/1445/441
f 707/1442/441 705/1445/441 699/1446/459 697/1447/459
f 700/1434/653 705/1437/655 708/1441/658 709/1448/659
f 710/1440/657 711/1449/660 709/1448/659 708/1441/658
f 706/1450/656 712/1451/661 711/1452/660 710/1453/657
f 712/1454/661 700/1434/653 709/1448/659 711/1449/660
f 714/1455/259 713/1456/259 712/1457/259 706/1458/259
f 713/1459/455 692/1426/453 700/1425/453 712/1460/455
f 715/1413/662 668/1416/620 713/1461/644 714/1462/663
f 719/1463/664 715/1464/662 714/1465/663 707/1466/665
f 716/1467/666 715/1468/662 718/1469/667 738/1470/668
f 790/1471/259 717/1472/259 715/1473/259 716/1474/259
f 717/1472/259 793/1367/259 668/1370/259 715/1473/259
f 715/1468/662 719/1475/664 720/1476/669 718/1469/667
f 719/1463/664 707/1466/665 697/1477/647 694/1478/646
f 694/1479/646 722/1480/670 720/1476/669 719/1475/664
f 718/1481/487 720/1482/485 721/1483/485 737/1484/487
f 722/1485/486 724/1486/486 721/1483/485 720/1482/485
f 723/1487/150 725/1488/150 724/1489/150 722/1490/150
f 741/1491/671 723/1492/672 722/1480/670 694/1479/646
f 725/1493/673 727/1494/674 726/1495/675 724/1496/676
f 724/1496/676 726/1495/675 728/1497/677 721/1498/678
f 727/1494/674 729/1499/679 728/1497/677 726/1495/675
f 721/1498/678 728/1497/677 729/1499/679 730/1500/680
f 730/1500/680 729/1499/679 727/1494/674 725/1493/673
f 730/1500/680 731/1501/681 735/1502/682 733/1503/683
f 732/1504/470 738/1505/471 731/1506/471 730/1507/470
f 732/1504/470 730/1507/470 725/1508/469 723/1509/469
f 721/1498/678 730/1500/680 733/1503/683 734/1510/684
f 735/1502/682 736/1511/685 734/1510/684 733/1503/683
f 731/1501/681 737/1512/686 736/1511/685 735/1502/682
f 737/1512/686 721/1498/678 734/1510/684 736/1511/685
f 738/1513/259 718/1514/259 737/1515/259 731/1516/259
f 739/1517/687 716/1467/666 738/1470/668 732/1518/688
f 739/1517/687 732/1518/688 723/1492/672 741/1491/671
f 716/1467/666 739/1517/687 740/1519/689 760/1520/690
f 741/1491/671 743/1521/691 740/1519/689 739/1517/687
f 404/794/315 744/1522/692 743/1521/691 741/1491/671
f 401/782/150 404/789/150 741/1523/150 742/1524/150
f 742/1524/150 741/1523/150 694/1418/150 783/1417/150
f 744/1525/150 746/1526/150 745/1527/150 743/1528/150
f 743/1529/512 745/1530/512 747/1531/511 740/1532/511
f 746/1533/693 749/1534/694 748/1535/695 745/1536/696
f 745/1536/696 748/1535/695 750/1537/697 747/1538/698
f 749/1534/694 751/1539/699 750/1537/697 748/1535/695
f 747/1538/698 750/1537/697 751/1539/699 752/1540/700
f 752/1540/700 751/1539/699 749/1534/694 746/1533/693
f 752/1540/700 753/1541/701 757/1542/702 755/1543/703
f 754/1544/499 761/1545/498 753/1546/498 752/1547/499
f 754/1544/499 752/1547/499 746/1548/517 744/1549/517
f 747/1538/698 752/1540/700 755/1543/703 756/1550/704
f 757/1542/702 758/1551/705 756/1550/704 755/1543/703
f 753/1541/701 759/1552/706 758/1551/705 757/1542/702
f 759/1552/706 747/1538/698 756/1550/704 758/1551/705
f 761/1553/259 760/1554/259 759/1555/259 753/1556/259
f 760/1557/513 740/1532/511 747/1531/511 759/1558/513
f 762/1559/707 716/1467/666 760/1520/690 761/1560/708
f 764/1561/709 762/1559/707 761/1560/708 754/1562/710
f 390/849/343 762/1559/707 763/1563/711 782/1564/712
f 388/761/259 790/1471/259 716/1474/259 762/765/259
f 762/1559/707 764/1561/709 765/1565/713 763/1563/711
f 764/1561/709 754/1562/710 744/1522/692 404/794/315
f 404/794/315 767/793/314 765/1565/713 764/1561/709
f 763/1566/545 765/1567/543 766/1568/543 781/1569/545
f 767/1570/544 768/1571/544 766/1568/543 765/1567/543
f 407/1572/150 769/1525/150 768/1573/150 767/1574/150
f 769/1575/714 771/1576/715 770/1577/716 768/1578/717
f 768/1578/717 770/1577/716 772/1579/718 766/1580/719
f 771/1576/715 773/1581/720 772/1579/718 770/1577/716
f 766/1580/719 772/1579/718 773/1581/720 774/1582/721
f 774/1582/721 773/1581/720 771/1576/715 769/1575/714
f 774/1582/721 775/1583/722 779/1584/723 777/1585/724
f 776/1586/528 782/1587/529 775/1588/529 774/1589/528
f 776/1586/528 774/1589/528 769/1590/527 407/1591/527
f 766/1580/719 774/1582/721 777/1585/724 778/1592/725
f 779/1584/723 780/1593/726 778/1592/725 777/1585/724
f 775/1583/722 781/1594/727 780/1593/726 779/1584/723
f 781/1594/727 766/1580/719 778/1592/725 780/1593/726
f 782/1595/259 763/1596/259 781/1597/259 775/1598/259
f 406/801/320 390/849/343 782/1564/712 776/802/321
f 742/1524/728 784/1599/728 398/783/309 401/782/309
f 783/1417/729 785/1600/729 784/1599/728 742/1524/728
f 784/1601/8 786/1602/8 395/773/3 398/778/3
f 785/1603/39 787/1604/39 786/1602/8 784/1601/8
f 788/1605/8 392/770/3 395/773/3 786/1602/8
f 789/1606/39 788/1605/8 786/1602/8 787/1604/39
f 790/1471/730 388/761/306 392/764/306 788/1607/730
f 717/1472/731 790/1471/730 788/1607/730 789/1608/731
f 791/1609/79 789/1606/39 787/1604/39 794/1610/79
f 793/1367/732 717/1472/731 789/1608/731 791/1611/732
f 792/1612/80 791/1613/79 794/1614/79 795/1615/80
f 669/1368/733 793/1367/732 791/1611/732 792/1616/733
f 797/1617/80 795/1615/80 794/1614/79 796/1618/79
f 796/1619/79 794/1610/79 787/1604/39 785/1603/39
f 799/1322/734 797/1620/734 796/1621/735 695/1420/735
f 695/1420/735 796/1621/735 785/1600/729 783/1417/729
f 798/1622/56 801/1623/56 795/1615/80 797/1617/80
f 647/1325/736 798/1624/736 797/1620/734 799/1322/734
f 800/1625/97 802/1626/97 801/1623/56 798/1622/56
f 834/1213/737 800/1627/737 798/1624/736 647/1325/736
f 804/1628/97 803/1629/56 801/1623/56 802/1626/97
f 803/1629/56 792/1612/80 795/1615/80 801/1623/56
f 621/1271/738 805/1270/739 803/1630/739 804/1631/738
f 805/1270/739 669/1368/733 792/1616/733 803/1630/739
f 806/1632/14 804/1628/97 802/1626/97 809/1633/14
f 808/1162/740 621/1271/738 804/1631/738 806/1634/740
f 807/1635/15 806/1636/14 809/1637/14 810/1638/15
f 573/1163/741 808/1162/740 806/1634/740 807/1639/741
f 812/1640/15 810/1638/15 809/1637/14 811/1641/14
f 811/1642/14 809/1633/14 802/1626/97 800/1625/97
f 814/1117/742 812/1643/742 811/1644/743 599/1216/743
f 599/1216/743 811/1644/743 800/1627/737 834/1213/737
f 813/1645/17 816/1646/17 810/1638/15 812/1640/15
f 551/1120/744 813/1647/744 812/1643/742 814/1117/742
f 815/1648/73 817/1649/73 816/1646/17 813/1645/17
f 833/1006/745 815/1650/745 813/1647/744 551/1120/744
f 819/1651/73 818/1652/17 816/1646/17 817/1649/73
f 818/1652/17 807/1635/15 810/1638/15 816/1646/17
f 525/1065/746 820/1064/747 818/1653/747 819/1654/746
f 820/1064/747 573/1163/741 807/1639/741 818/1653/747
f 821/1655/75 819/1651/73 817/1649/73 824/1656/75
f 823/955/748 525/1065/746 819/1654/746 821/1657/748
f 822/1658/22 821/1659/75 824/1660/75 825/1661/22
f 477/956/749 823/955/748 821/1657/748 822/1662/749
f 827/1663/22 825/1661/22 824/1660/75 826/1664/75
f 826/1665/75 824/1656/75 817/1649/73 815/1648/73
f 829/910/750 827/1666/750 826/1667/751 503/1009/751
f 503/1009/751 826/1667/751 815/1650/745 833/1006/745
f 828/1668/37 830/1669/37 825/1661/22 827/1663/22
f 455/913/752 828/1670/752 827/1666/750 829/910/750
f 399/781/34 396/776/34 830/1669/37 828/1668/37
f 402/787/311 399/786/311 828/1670/752 455/913/752
f 393/775/34 831/1671/37 830/1669/37 396/776/34
f 831/1671/37 822/1658/22 825/1661/22 830/1669/37
f 389/767/308 832/859/753 831/1672/753 393/768/308
f 832/859/753 477/956/749 822/1662/749 831/1672/753
f 836/1673/259 835/1674/259 838/1675/259 945/1676/259
f 836/1677/34 842/1678/34 839/1679/4 835/1680/4
f 835/1674/259 837/1681/259 941/1682/259 838/1675/259
f 835/1683/4 839/1684/4 841/1685/3 837/1686/3
f 839/1687/150 842/1688/150 843/1689/150 840/1690/150
f 841/1691/150 839/1687/150 840/1690/150 1077/1692/150
f 842/1688/150 844/1693/150 847/1694/150 843/1689/150
f 846/1695/37 844/1696/37 842/1678/34 836/1677/34
f 857/1697/22 845/1698/22 844/1696/37 846/1695/37
f 844/1693/150 845/1699/150 849/1700/150 847/1694/150
f 848/1701/37 1078/1702/34 843/1703/34 847/1704/37
f 850/1705/22 848/1701/37 847/1704/37 849/1706/22
f 852/1707/75 850/1705/22 849/1706/22 851/1708/75
f 845/1699/150 854/1709/150 851/1710/150 849/1700/150
f 1090/1711/73 852/1712/75 851/1713/75 853/1714/73
f 854/1709/150 855/1715/150 853/1716/150 851/1710/150
f 856/1717/75 854/1718/75 845/1698/22 857/1697/22
f 858/1719/73 855/1720/73 854/1721/75 856/1722/75
f 856/1723/259 857/1724/259 860/1725/259 859/1726/259
f 858/1727/259 856/1723/259 859/1726/259 861/1728/259
f 860/1729/80 864/1730/80 862/1731/79 859/1732/79
f 859/1733/79 862/1734/79 863/1735/39 861/1736/39
f 863/1737/150 862/1738/150 865/1739/150 868/1740/150
f 862/1738/150 864/1741/150 867/1742/150 865/1739/150
f 866/1743/79 869/1744/39 868/1745/39 865/1746/79
f 950/1747/80 866/1748/79 865/1749/79 867/1750/80
f 869/1744/39 871/1751/8 870/1752/8 868/1745/39
f 873/1753/150 863/1737/150 868/1740/150 870/1754/150
f 871/1751/8 1089/1755/3 872/1756/3 870/1752/8
f 874/1757/150 873/1753/150 870/1754/150 872/1758/150
f 875/1759/8 873/1760/8 874/1761/3 876/1762/3
f 861/1736/39 863/1735/39 873/1760/8 875/1759/8
f 877/1763/259 858/1727/259 861/1728/259 875/1764/259
f 878/1765/259 877/1763/259 875/1764/259 876/1766/259
f 877/1767/17 879/1768/17 855/1720/73 858/1719/73
f 878/1769/15 880/1770/15 879/1768/17 877/1767/17
f 855/1715/150 879/1771/150 881/1772/150 853/1716/150
f 879/1771/150 880/1773/150 883/1774/150 881/1772/150
f 882/1775/17 1090/1711/73 853/1714/73 881/1776/17
f 884/1777/15 882/1775/17 881/1776/17 883/1778/15
f 886/1779/14 884/1777/15 883/1778/15 885/1780/14
f 880/1773/150 888/1781/150 885/1782/150 883/1774/150
f 1088/1783/97 886/1784/14 885/1785/14 887/1786/97
f 888/1781/150 889/1787/150 887/1788/150 885/1782/150
f 890/1789/14 888/1790/14 880/1770/15 878/1769/15
f 891/1791/97 889/1792/97 888/1793/14 890/1794/14
f 890/1795/259 878/1765/259 876/1766/259 892/1796/259
f 891/1797/259 890/1795/259 892/1796/259 893/1798/259
f 876/1762/3 874/1761/3 894/1799/4 892/1800/4
f 892/1801/4 894/1802/4 895/1803/34 893/1804/34
f 895/1805/150 894/1806/150 896/1807/150 898/1808/150
f 894/1806/150 874/1757/150 872/1758/150 896/1807/150
f 897/1809/4 899/1810/34 898/1811/34 896/1812/4
f 1089/1755/3 897/1813/4 896/1814/4 872/1756/3
f 899/1810/34 901/1815/37 900/1816/37 898/1811/34
f 903/1817/150 895/1805/150 898/1808/150 900/1818/150
f 901/1815/37 1057/1819/22 902/1820/22 900/1816/37
f 904/1821/150 903/1817/150 900/1818/150 902/1822/150
f 905/1823/37 903/1824/37 904/1825/22 906/1826/22
f 893/1804/34 895/1803/34 903/1824/37 905/1823/37
f 907/1827/259 891/1797/259 893/1798/259 905/1828/259
f 908/1829/259 907/1827/259 905/1828/259 906/1830/259
f 907/1831/56 909/1832/56 889/1792/97 891/1791/97
f 908/1833/80 911/1834/80 909/1832/56 907/1831/56
f 909/1835/150 911/1836/150 913/1837/150 910/1838/150
f 889/1787/150 909/1835/150 910/1838/150 887/1788/150
f 923/1839/79 912/1840/79 911/1834/80 908/1833/80
f 911/1836/150 912/1841/150 915/1842/150 913/1837/150
f 914/1843/80 1038/1844/56 910/1845/56 913/1846/80
f 916/1847/79 914/1843/80 913/1846/80 915/1848/79
f 919/1849/39 916/1850/79 915/1851/79 917/1852/39
f 912/1841/150 920/1853/150 917/1854/150 915/1842/150
f 1074/1855/8 919/1849/39 917/1852/39 918/1856/8
f 920/1853/150 921/1857/150 918/1858/150 917/1854/150
f 922/1859/39 920/1860/39 912/1861/79 923/1862/79
f 924/1863/8 921/1864/8 920/1860/39 922/1859/39
f 922/1865/259 923/1866/259 926/1867/259 925/1868/259
f 924/1869/259 922/1865/259 925/1868/259 927/1870/259
f 926/1871/75 930/1872/75 928/1873/73 925/1874/73
f 925/1874/73 928/1873/73 929/1875/17 927/1876/17
f 929/1877/150 928/1878/150 931/1879/150 934/1880/150
f 928/1878/150 930/1881/150 933/1882/150 931/1879/150
f 932/1883/73 935/1884/17 934/1885/17 931/1886/73
f 1056/1887/75 932/1883/73 931/1886/73 933/1888/75
f 935/1884/17 938/1889/15 936/1890/15 934/1885/17
f 939/1891/150 929/1877/150 934/1880/150 936/1892/150
f 938/1889/15 1087/1893/14 937/1894/14 936/1890/15
f 940/1895/150 939/1891/150 936/1892/150 937/1896/150
f 941/1897/15 939/1898/15 940/1899/14 838/1900/14
f 927/1876/17 929/1875/17 939/1898/15 941/1897/15
f 837/1681/259 924/1869/259 927/1870/259 941/1682/259
f 838/1901/14 940/1902/14 942/1903/97 945/1904/97
f 942/1905/150 940/1895/150 937/1896/150 944/1906/150
f 945/1904/97 942/1903/97 943/1907/56 946/1908/56
f 943/1909/150 942/1905/150 944/1906/150 948/1910/150
f 846/1911/259 836/1673/259 945/1676/259 946/1912/259
f 946/1908/56 943/1907/56 864/1730/80 860/1729/80
f 857/1724/259 846/1911/259 946/1912/259 860/1725/259
f 1087/1913/14 947/1914/97 944/1915/97 937/1916/14
f 947/1914/97 949/1917/56 948/1918/56 944/1915/97
f 949/1917/56 950/1747/80 867/1750/80 948/1918/56
f 864/1741/150 943/1909/150 948/1910/150 867/1742/150
f 953/1919/259 951/1920/259 949/1921/259 947/1922/259
f 951/1920/259 952/1923/259 950/1924/259 949/1921/259
f 951/1925/56 954/1926/56 956/1927/80 952/1928/80
f 953/1929/97 955/1930/97 954/1926/56 951/1925/56
f 959/1931/150 957/1932/150 954/1933/150 955/1934/150
f 957/1932/150 958/1935/150 956/1936/150 954/1933/150
f 958/1937/22 957/1938/37 960/1939/37 962/1940/22
f 957/1938/37 959/1941/34 961/1942/34 960/1939/37
f 960/1943/150 961/1944/150 965/1945/150 963/1946/150
f 962/1947/150 960/1943/150 963/1946/150 964/1948/150
f 966/1949/56 967/1950/80 964/1951/80 963/1952/56
f 968/1953/97 966/1949/56 963/1952/56 965/1954/97
f 969/1955/150 971/1956/150 967/1957/150 966/1958/150
f 970/1959/150 969/1955/150 966/1958/150 968/1960/150
f 972/1961/37 969/1962/37 970/1963/34 973/1964/34
f 974/1965/22 971/1966/22 969/1962/37 972/1961/37
f 974/1967/259 972/1968/259 848/1969/259 850/1970/259
f 972/1968/259 973/1971/259 1078/1972/259 848/1969/259
f 975/1973/75 977/1974/75 971/1966/22 974/1965/22
f 975/1975/259 974/1967/259 850/1970/259 852/1976/259
f 976/1977/73 978/1978/73 977/1979/75 975/1980/75
f 976/1981/259 975/1975/259 852/1976/259 1090/1982/259
f 971/1956/150 977/1983/150 979/1984/150 967/1957/150
f 977/1983/150 978/1985/150 980/1986/150 979/1984/150
f 979/1987/79 980/1988/39 982/1989/39 981/1990/79
f 967/1950/80 979/1991/79 981/1992/79 964/1951/80
f 983/1993/150 962/1947/150 964/1948/150 981/1994/150
f 984/1995/150 983/1993/150 981/1994/150 982/1996/150
f 985/1997/75 958/1937/22 962/1940/22 983/1998/75
f 986/1999/73 985/2000/75 983/2001/75 984/2002/73
f 985/2003/150 986/2004/150 988/2005/150 987/2006/150
f 958/1935/150 985/2003/150 987/2006/150 956/1936/150
f 952/1928/80 956/1927/80 987/2007/79 989/2008/79
f 989/2009/79 987/2010/79 988/2011/39 990/2012/39
f 989/2013/259 990/2014/259 869/2015/259 866/2016/259
f 952/1923/259 989/2013/259 866/2016/259 950/1924/259
f 990/2012/39 988/2011/39 993/2017/8 991/2018/8
f 990/2014/259 991/2019/259 871/2020/259 869/2015/259
f 991/2019/259 992/2021/259 1089/2022/259 871/2020/259
f 991/2018/8 993/2017/8 994/2023/3 992/2024/3
f 986/2004/150 995/2025/150 993/2026/150 988/2005/150
f 995/2025/150 996/2027/150 994/2028/150 993/2026/150
f 996/2029/15 995/2030/17 997/2031/17 998/2032/15
f 995/2030/17 986/1999/73 984/2002/73 997/2031/17
f 997/2033/150 984/1995/150 982/1996/150 999/2034/150
f 998/2035/150 997/2033/150 999/2034/150 1000/2036/150
f 980/1988/39 1001/2037/8 999/2038/8 982/1989/39
f 1001/2037/8 1002/2039/3 1000/2040/3 999/2038/8
f 1003/2041/150 1004/2042/150 1002/2043/150 1001/2044/150
f 978/1985/150 1003/2041/150 1001/2044/150 980/1986/150
f 1005/2045/17 1003/2046/17 978/1978/73 976/1977/73
f 1006/2047/15 1004/2048/15 1003/2046/17 1005/2045/17
f 1005/2049/259 976/1981/259 1090/1982/259 882/2050/259
f 1006/2051/259 1005/2049/259 882/2050/259 884/2052/259
f 1007/2053/259 1006/2051/259 884/2052/259 886/2054/259
f 1007/2055/14 1009/2056/14 1004/2048/15 1006/2047/15
f 1008/2057/259 1007/2053/259 886/2054/259 1088/2058/259
f 1008/2059/97 1010/2060/97 1009/2061/14 1007/2062/14
f 1004/2042/150 1009/2063/150 1011/2064/150 1002/2043/150
f 1009/2063/150 1010/2065/150 1012/2066/150 1011/2064/150
f 1011/2067/4 1012/2068/34 1014/2069/34 1013/2070/4
f 1002/2039/3 1011/2071/4 1013/2072/4 1000/2040/3
f 1015/2073/150 998/2035/150 1000/2036/150 1013/2074/150
f 1016/2075/150 1015/2073/150 1013/2074/150 1014/2076/150
f 1017/2077/14 996/2029/15 998/2032/15 1015/2078/14
f 1018/2079/97 1017/2080/14 1015/2081/14 1016/2082/97
f 1017/2083/150 1018/2084/150 1020/2085/150 1019/2086/150
f 996/2027/150 1017/2083/150 1019/2086/150 994/2028/150
f 992/2024/3 994/2023/3 1019/2087/4 1021/2088/4
f 1021/2089/4 1019/2090/4 1020/2091/34 1022/2092/34
f 1021/2093/259 1022/2094/259 899/2095/259 897/2096/259
f 992/2021/259 1021/2093/259 897/2096/259 1089/2022/259
f 1022/2092/34 1020/2091/34 1025/2097/37 1023/2098/37
f 1022/2094/259 1023/2099/259 901/2100/259 899/2095/259
f 1023/2098/37 1025/2097/37 1026/2101/22 1024/2102/22
f 1023/2099/259 1024/2103/259 1057/2104/259 901/2100/259
f 1018/2084/150 1027/2105/150 1025/2106/150 1020/2085/150
f 1027/2105/150 1028/2107/150 1026/2108/150 1025/2106/150
f 1028/2109/80 1027/2110/56 1029/2111/56 1030/2112/80
f 1027/2110/56 1018/2079/97 1016/2082/97 1029/2111/56
f 1029/2113/150 1016/2075/150 1014/2076/150 1031/2114/150
f 1030/2115/150 1029/2113/150 1031/2114/150 1032/2116/150
f 1012/2068/34 1033/2117/37 1031/2118/37 1014/2069/34
f 1033/2117/37 1034/2119/22 1032/2120/22 1031/2118/37
f 1035/2121/150 1036/2122/150 1034/2123/150 1033/2124/150
f 1010/2065/150 1035/2121/150 1033/2124/150 1012/2066/150
f 1037/2125/56 1035/2126/56 1010/2060/97 1008/2059/97
f 1039/2127/80 1036/2128/80 1035/2126/56 1037/2125/56
f 1039/2129/259 1037/2130/259 1038/2131/259 914/2132/259
f 1037/2130/259 1008/2057/259 1088/2058/259 1038/2131/259
f 1040/2133/79 1042/2134/79 1036/2128/80 1039/2127/80
f 1040/2135/259 1039/2129/259 914/2132/259 916/2136/259
f 1041/2137/39 1043/2138/39 1042/2139/79 1040/2140/79
f 1041/2141/259 1040/2135/259 916/2136/259 919/2142/259
f 1036/2122/150 1042/2143/150 1044/2144/150 1034/2123/150
f 1042/2143/150 1043/2145/150 1045/2146/150 1044/2144/150
f 1044/2147/75 1045/2148/73 1047/2149/73 1046/2150/75
f 1034/2119/22 1044/2151/75 1046/2152/75 1032/2120/22
f 1048/2153/150 1030/2115/150 1032/2116/150 1046/2154/150
f 1049/2155/150 1048/2153/150 1046/2154/150 1047/2156/150
f 1050/2157/79 1028/2109/80 1030/2112/80 1048/2158/79
f 1051/2159/39 1050/2160/79 1048/2161/79 1049/2162/39
f 1050/2163/150 1051/2164/150 1053/2165/150 1052/2166/150
f 1028/2107/150 1050/2163/150 1052/2166/150 1026/2108/150
f 1024/2102/22 1026/2101/22 1052/2167/75 1054/2168/75
f 1054/2169/75 1052/2170/75 1053/2171/73 1055/2172/73
f 1054/2173/259 1055/2174/259 932/2175/259 1056/2176/259
f 1024/2103/259 1054/2173/259 1056/2176/259 1057/2104/259
f 1057/1819/22 1056/2177/75 933/2178/75 902/1820/22
f 1055/2172/73 1053/2171/73 1060/2179/17 1058/2180/17
f 1055/2174/259 1058/2181/259 935/2182/259 932/2175/259
f 1058/2180/17 1060/2179/17 1061/2183/15 1059/2184/15
f 1058/2181/259 1059/2185/259 938/2186/259 935/2182/259
f 1051/2164/150 1062/2187/150 1060/2188/150 1053/2165/150
f 1062/2187/150 1063/2189/150 1061/2190/150 1060/2188/150
f 1063/2191/3 1062/2192/8 1064/2193/8 1065/2194/3
f 1062/2192/8 1051/2159/39 1049/2162/39 1064/2193/8
f 1064/2195/150 1049/2155/150 1047/2156/150 1066/2196/150
f 1065/2197/150 1064/2195/150 1066/2196/150 1067/2198/150
f 1045/2148/73 1068/2199/17 1066/2200/17 1047/2149/73
f 1068/2199/17 1069/2201/15 1067/2202/15 1066/2200/17
f 1070/2203/150 1071/2204/150 1069/2205/150 1068/2206/150
f 1043/2145/150 1070/2203/150 1068/2206/150 1045/2146/150
f 1072/2207/8 1070/2208/8 1043/2138/39 1041/2137/39
f 1073/2209/3 1071/2210/3 1070/2208/8 1072/2207/8
f 1073/2211/259 1072/2212/259 1074/2213/259 1075/2214/259
f 1072/2212/259 1041/2141/259 919/2142/259 1074/2213/259
f 1075/2215/3 1074/1855/8 918/1856/8 1077/2216/3
f 1079/2217/259 1073/2211/259 1075/2214/259 1076/2218/259
f 1076/2219/4 1075/2215/3 1077/2216/3 840/2220/4
f 921/1857/150 841/1691/150 1077/1692/150 918/1858/150
f 1078/1702/34 1076/2221/4 840/2222/4 843/1703/34
f 973/1971/259 1079/2217/259 1076/2218/259 1078/1972/259
f 1079/2223/4 1080/2224/4 1071/2210/3 1073/2209/3
f 973/1964/34 970/1963/34 1080/2225/4 1079/2226/4
f 1080/2227/150 970/1959/150 968/1960/150 1081/2228/150
f 1071/2204/150 1080/2227/150 1081/2228/150 1069/2205/150
f 1069/2201/15 1081/2229/14 1082/2230/14 1067/2202/15
f 1081/2231/14 968/1953/97 965/1954/97 1082/2232/14
f 961/1944/150 1083/2233/150 1082/2234/150 965/1945/150
f 1083/2233/150 1065/2197/150 1067/2198/150 1082/2234/150
f 1084/2235/4 1063/2191/3 1065/2194/3 1083/2236/4
f 959/1941/34 1084/2237/4 1083/2238/4 961/1942/34
f 1063/2189/150 1084/2239/150 1085/1881/150 1061/2190/150
f 1084/2239/150 959/1931/150 955/1934/150 1085/1881/150
f 1086/2240/14 1085/694/14 955/1930/97 953/1929/97
f 1059/2184/15 1061/2183/15 1085/2241/14 1086/2242/14
f 1059/2185/259 1086/2243/259 1087/2244/259 938/2186/259
f 1086/2243/259 953/1919/259 947/1922/259 1087/2244/259
f 1038/1844/56 1088/1783/97 887/1786/97 910/1845/56
f 930/1881/150 904/1821/150 902/1822/150 933/1882/150
f 906/1826/22 904/1825/22 930/2245/75 926/2246/75
f 923/1866/259 908/1829/259 906/1830/259 926/1867/259
f 837/1686/3 841/1685/3 921/1864/8 924/1863/8
f 1091/2247/754 1092/2248/37 1095/2249/37 1094/2250/754
f 1092/2251/259 1091/2252/259 1093/2253/259 1098/2254/259
f 1093/2255/73 1091/2256/73 1094/2257/73 1096/2258/73
f 1094/2259/150 1095/2260/150 1097/2261/150 1096/2262/150
f 1093/2263/755 1096/2264/755 1097/2265/56 1098/2266/56
f 1098/2266/56 1097/2265/56 1099/2267/80 1100/2268/80
f 1095/2260/150 1102/2269/150 1099/2270/150 1097/2261/150
f 1100/2268/80 1099/2267/80 1101/2271/79 1107/2272/79
f 1102/2269/150 1103/2273/150 1101/2274/150 1099/2270/150
f 1104/2275/22 1105/2276/75 1103/2277/75 1102/2278/22
f 1092/2248/37 1104/2275/22 1102/2278/22 1095/2249/37
f 1105/2279/259 1104/2280/259 1100/2281/259 1107/2282/259
f 1104/2280/259 1092/2251/259 1098/2254/259 1100/2281/259
f 1105/1084/75 1106/2283/73 1117/2284/73 1103/2285/75
f 1106/2286/259 1105/2279/259 1107/2282/259 1108/2287/259
f 1107/2288/79 1101/2289/79 1109/2290/39 1108/2291/39
f 1113/2292/259 1106/2286/259 1108/2287/259 1110/2293/259
f 1108/2291/39 1109/2290/39 1111/2294/8 1110/2295/8
f 1110/2295/8 1111/2294/8 1118/2296/756 1112/2297/756
f 1114/2298/259 1113/2292/259 1110/2293/259 1112/2299/259
f 1106/2283/73 1113/2300/17 1115/2301/17 1117/2284/73
f 1113/2300/17 1114/2302/757 1116/2303/757 1115/2301/17
f 1115/2304/150 1116/2305/150 1118/2306/150 1111/2307/150
f 1117/2308/150 1115/2304/150 1111/2307/150 1109/2309/150
f 1103/2273/150 1117/2308/150 1109/2309/150 1101/2274/150
f 1118/2310/22 1116/2311/22 1114/2312/22 1112/2255/22
