"../../../Engine/Content/EditorResources/S_Actor.ubulk" 0
"../../../Engine/Content/EditorResources/S_Actor.uasset" 1
"../../../Engine/Content/EditorResources/S_Actor.uexp" 2
"../../../Engine/Content/EditorResources/S_BoxReflectionCapture.uasset" 3
"../../../Engine/Content/EditorResources/S_BoxReflectionCapture.uexp" 4
"../../../Engine/Content/EngineResources/DefaultTextureCube.uasset" 5
"../../../Engine/Content/EngineResources/DefaultTextureCube.uexp" 6
"../../../Engine/Content/EngineResources/DefaultVolumeTexture2D.uasset" 7
"../../../Engine/Content/EngineResources/DefaultVolumeTexture2D.uexp" 8
"../../../Engine/Content/EngineResources/DefaultVolumeTexture.uasset" 9
"../../../Engine/Content/EngineResources/DefaultVolumeTexture.uexp" 10
"../../../Engine/Content/EditorResources/S_Trigger.ubulk" 11
"../../../Engine/Content/EditorResources/S_Trigger.uasset" 12
"../../../Engine/Content/EditorResources/S_Trigger.uexp" 13
"../../../Engine/Content/EditorResources/S_TriggerBox.uasset" 14
"../../../Engine/Content/EditorResources/S_TriggerBox.uexp" 15
"../../../Engine/Content/EditorResources/S_TriggerCapsule.uasset" 16
"../../../Engine/Content/EditorResources/S_TriggerCapsule.uexp" 17
"../../../Engine/Content/EditorResources/S_TriggerSphere.uasset" 18
"../../../Engine/Content/EditorResources/S_TriggerSphere.uexp" 19
"../../../Engine/Content/EngineMeshes/Sphere.ubulk" 20
"../../../Engine/Content/EngineMeshes/Sphere.uasset" 21
"../../../Engine/Content/EngineMeshes/Sphere.uexp" 22
"../../../Engine/Content/EngineResources/GradientTexture0.uasset" 23
"../../../Engine/Content/EngineResources/GradientTexture0.uexp" 24
"../../../Engine/Content/VREditor/LaserPointer/VR_LaserPower_01.ubulk" 25
"../../../Engine/Content/VREditor/LaserPointer/VR_LaserPower_01.uasset" 26
"../../../Engine/Content/VREditor/LaserPointer/VR_LaserPower_01.uexp" 27
"../../../Engine/Content/VREditor/TransformGizmo/TransformGizmoMaterial.uasset" 28
"../../../Engine/Content/VREditor/TransformGizmo/TransformGizmoMaterial.uexp" 29
"../../../Engine/Content/VREditor/TransformGizmo/TranslucentTransformGizmoMaterial.uasset" 30
"../../../Engine/Content/VREditor/TransformGizmo/TranslucentTransformGizmoMaterial.uexp" 31
"../../../Engine/Content/VREditor/TransformGizmo/BoundingBoxCorner.ubulk" 32
"../../../Engine/Content/VREditor/TransformGizmo/BoundingBoxCorner.uasset" 33
"../../../Engine/Content/VREditor/TransformGizmo/BoundingBoxCorner.uexp" 34
"../../../Engine/Content/VREditor/TransformGizmo/BoundingBoxEdge.ubulk" 35
"../../../Engine/Content/VREditor/TransformGizmo/BoundingBoxEdge.uasset" 36
"../../../Engine/Content/VREditor/TransformGizmo/BoundingBoxEdge.uexp" 37
"../../../Engine/Content/VREditor/TransformGizmo/Main.uasset" 38
"../../../Engine/Content/VREditor/TransformGizmo/Main.uexp" 39
"../../../Engine/Content/VREditor/TransformGizmo/Xray.uasset" 40
"../../../Engine/Content/VREditor/TransformGizmo/Xray.uexp" 41
"../../../Engine/Content/VREditor/TransformGizmo/SM_Sequencer_Node.ubulk" 42
"../../../Engine/Content/VREditor/TransformGizmo/SM_Sequencer_Node.uasset" 43
"../../../Engine/Content/VREditor/TransformGizmo/SM_Sequencer_Node.uexp" 44
"../../../Engine/Content/EditorResources/S_Solver.ubulk" 45
"../../../Engine/Content/EditorResources/S_Solver.uasset" 46
"../../../Engine/Content/EditorResources/S_Solver.uexp" 47
"../../../Engine/Content/EditorMaterials/Camera/CineMat.uasset" 48
"../../../Engine/Content/EditorMaterials/Camera/CineMat.uexp" 49
"../../../Engine/Content/EditorMaterials/Camera/MI_CineMat_Rig.uasset" 50
"../../../Engine/Content/EditorMaterials/Camera/MI_CineMat_Rig.uexp" 51
"../../../Engine/Content/EditorMeshes/Camera/SM_CraneRig_Base.ubulk" 52
"../../../Engine/Content/EditorMeshes/Camera/SM_CraneRig_Base.uasset" 53
"../../../Engine/Content/EditorMeshes/Camera/SM_CraneRig_Base.uexp" 54
"../../../Engine/Content/EditorMeshes/Camera/SM_CraneRig_Arm.ubulk" 55
"../../../Engine/Content/EditorMeshes/Camera/SM_CraneRig_Arm.uasset" 56
"../../../Engine/Content/EditorMeshes/Camera/SM_CraneRig_Arm.uexp" 57
"../../../Engine/Content/EditorMeshes/Camera/SM_CraneRig_Mount.ubulk" 58
"../../../Engine/Content/EditorMeshes/Camera/SM_CraneRig_Mount.uasset" 59
"../../../Engine/Content/EditorMeshes/Camera/SM_CraneRig_Mount.uexp" 60
"../../../Engine/Content/EditorMeshes/Camera/SM_CraneRig_Body.ubulk" 61
"../../../Engine/Content/EditorMeshes/Camera/SM_CraneRig_Body.uasset" 62
"../../../Engine/Content/EditorMeshes/Camera/SM_CraneRig_Body.uexp" 63
"../../../Engine/Content/EditorMeshes/Camera/SM_RailRig_Track.ubulk" 64
"../../../Engine/Content/EditorMeshes/Camera/SM_RailRig_Track.uasset" 65
"../../../Engine/Content/EditorMeshes/Camera/SM_RailRig_Track.uexp" 66
"../../../Engine/Content/EditorMeshes/Camera/SM_RailRig_Mount.ubulk" 67
"../../../Engine/Content/EditorMeshes/Camera/SM_RailRig_Mount.uasset" 68
"../../../Engine/Content/EditorMeshes/Camera/SM_RailRig_Mount.uexp" 69
"../../../Engine/Content/EngineMaterials/T_Default_Material_Grid_M.ubulk" 70
"../../../Engine/Content/EngineMaterials/T_Default_Material_Grid_M.uasset" 71
"../../../Engine/Content/EngineMaterials/T_Default_Material_Grid_M.uexp" 72
"../../../Engine/Content/EngineMaterials/T_Default_Material_Grid_N.ubulk" 73
"../../../Engine/Content/EngineMaterials/T_Default_Material_Grid_N.uasset" 74
"../../../Engine/Content/EngineMaterials/T_Default_Material_Grid_N.uexp" 75
"../../../Engine/Content/Functions/Engine_MaterialFunctions01/Opacity/CameraDepthFade.uasset" 76
"../../../Engine/Content/Functions/Engine_MaterialFunctions01/Opacity/CameraDepthFade.uexp" 77
"../../../Engine/Content/EngineMaterials/WorldGridMaterial.uasset" 78
"../../../Engine/Content/EngineMaterials/WorldGridMaterial.uexp" 79
"../../../Engine/Content/ArtTools/RenderToTexture/Meshes/S_1_Unit_Plane.ubulk" 80
"../../../Engine/Content/ArtTools/RenderToTexture/Meshes/S_1_Unit_Plane.uasset" 81
"../../../Engine/Content/ArtTools/RenderToTexture/Meshes/S_1_Unit_Plane.uexp" 82
"../../../Engine/Content/EditorMaterials/ParticleSystems/PSysThumbnail_NoImage.ubulk" 83
"../../../Engine/Content/EditorMaterials/ParticleSystems/PSysThumbnail_NoImage.uasset" 84
"../../../Engine/Content/EditorMaterials/ParticleSystems/PSysThumbnail_NoImage.uexp" 85
"../../../Engine/Content/EditorMaterials/ParticleSystems/PSysThumbnail_OOD.ubulk" 86
"../../../Engine/Content/EditorMaterials/ParticleSystems/PSysThumbnail_OOD.uasset" 87
"../../../Engine/Content/EditorMaterials/ParticleSystems/PSysThumbnail_OOD.uexp" 88
"../../../Engine/Content/EditorLandscapeResources/SplineEditorMeshMat.uasset" 89
"../../../Engine/Content/EditorLandscapeResources/SplineEditorMeshMat.uexp" 90
"../../../Engine/Content/EditorLandscapeResources/SplineEditorMesh.ubulk" 91
"../../../Engine/Content/EditorLandscapeResources/SplineEditorMesh.uasset" 92
"../../../Engine/Content/EditorLandscapeResources/SplineEditorMesh.uexp" 93
"../../../Engine/Plugins/Experimental/Water/Content/Icons/WaterBodyExclusionVolumeSprite.uasset" 94
"../../../Engine/Plugins/Experimental/Water/Content/Icons/WaterBodyExclusionVolumeSprite.uexp" 95
"../../../Engine/Plugins/Experimental/Water/Content/Icons/WaterBodyIslandSprite.uasset" 96
"../../../Engine/Plugins/Experimental/Water/Content/Icons/WaterBodyIslandSprite.uexp" 97
"../../../Engine/Plugins/Experimental/Water/Content/Meshes/LakeMesh.ubulk" 98
"../../../Engine/Plugins/Experimental/Water/Content/Meshes/LakeMesh.uasset" 99
"../../../Engine/Plugins/Experimental/Water/Content/Meshes/LakeMesh.uexp" 100
"../../../Engine/Plugins/Experimental/Water/Content/Meshes/RiverMesh.ubulk" 101
"../../../Engine/Plugins/Experimental/Water/Content/Meshes/RiverMesh.uasset" 102
"../../../Engine/Plugins/Experimental/Water/Content/Meshes/RiverMesh.uexp" 103
"../../../Engine/Plugins/Experimental/Water/Content/Icons/WaterZoneActorSprite.ubulk" 104
"../../../Engine/Plugins/Experimental/Water/Content/Icons/WaterZoneActorSprite.uasset" 105
"../../../Engine/Plugins/Experimental/Water/Content/Icons/WaterZoneActorSprite.uexp" 106
"../../../Engine/Content/EngineMaterials/DefaultMaterial.uasset" 107
"../../../Engine/Content/EngineMaterials/DefaultMaterial.uexp" 108
"../../../Engine/Content/EngineMeshes/Cylinder.ubulk" 109
"../../../Engine/Content/EngineMeshes/Cylinder.uasset" 110
"../../../Engine/Content/EngineMeshes/Cylinder.uexp" 111
"../../../Engine/Plugins/Media/MediaPlate/Content/SM_MediaPlateScreen.ubulk" 112
"../../../Engine/Plugins/Media/MediaPlate/Content/SM_MediaPlateScreen.uasset" 113
"../../../Engine/Plugins/Media/MediaPlate/Content/SM_MediaPlateScreen.uexp" 114
"../../../Engine/Plugins/Experimental/Landmass/Content/Landscape/Meshes/S_SpritePlane.ubulk" 115
"../../../Engine/Plugins/Experimental/Landmass/Content/Landscape/Meshes/S_SpritePlane.uasset" 116
"../../../Engine/Plugins/Experimental/Landmass/Content/Landscape/Meshes/S_SpritePlane.uexp" 117
"../../../Engine/Content/EngineMaterials/DefaultBokeh.uasset" 118
"../../../Engine/Content/EngineMaterials/DefaultBokeh.uexp" 119
"../../../Engine/Content/EngineMaterials/MiniFont.uasset" 120
"../../../Engine/Content/EngineMaterials/MiniFont.uexp" 121
"../../../Engine/Content/EngineMaterials/WeightMapPlaceholderTexture.uasset" 122
"../../../Engine/Content/EngineMaterials/WeightMapPlaceholderTexture.uexp" 123
"../../../Engine/Content/EngineMaterials/WeightMapArrayPlaceholderTexture.uasset" 124
"../../../Engine/Content/EngineMaterials/WeightMapArrayPlaceholderTexture.uexp" 125
"../../../Engine/Content/EngineMaterials/DefaultWhiteGrid.ubulk" 126
"../../../Engine/Content/EngineMaterials/DefaultWhiteGrid.uasset" 127
"../../../Engine/Content/EngineMaterials/DefaultWhiteGrid.uexp" 128
"../../../Engine/Content/EngineMaterials/PreintegratedSkinBRDF.uasset" 129
"../../../Engine/Content/EngineMaterials/PreintegratedSkinBRDF.uexp" 130
"../../../Engine/Content/Functions/Engine_MaterialFunctions02/WorldPositionOffset/CameraOffset.uasset" 131
"../../../Engine/Content/Functions/Engine_MaterialFunctions02/WorldPositionOffset/CameraOffset.uexp" 132
"../../../Engine/Plugins/Animation/ControlRig/Content/M_Manip.uasset" 133
"../../../Engine/Plugins/Animation/ControlRig/Content/M_Manip.uexp" 134
"../../../Engine/Plugins/2D/Paper2D/Content/PlaceholderTextures/DummySpriteTexture.ubulk" 135
"../../../Engine/Plugins/2D/Paper2D/Content/PlaceholderTextures/DummySpriteTexture.uasset" 136
"../../../Engine/Plugins/2D/Paper2D/Content/PlaceholderTextures/DummySpriteTexture.uexp" 137
"../../../Engine/Plugins/2D/Paper2D/Content/DefaultSpriteMaterial.uasset" 138
"../../../Engine/Plugins/2D/Paper2D/Content/DefaultSpriteMaterial.uexp" 139
"../../../Engine/Plugins/2D/Paper2D/Content/OpaqueUnlitSpriteMaterial.uasset" 140
"../../../Engine/Plugins/2D/Paper2D/Content/OpaqueUnlitSpriteMaterial.uexp" 141
"../../../Engine/Plugins/2D/Paper2D/Content/MaskedUnlitSpriteMaterial.uasset" 142
"../../../Engine/Plugins/2D/Paper2D/Content/MaskedUnlitSpriteMaterial.uexp" 143
"../../../Engine/Plugins/2D/Paper2D/Content/DummySprite.uasset" 144
"../../../Engine/Plugins/2D/Paper2D/Content/DummySprite.uexp" 145
"../../../Engine/Plugins/2D/Paper2D/Content/DefaultPaperTerrainMaterial.uasset" 146
"../../../Engine/Plugins/2D/Paper2D/Content/DefaultPaperTerrainMaterial.uexp" 147
"C:/Users/AlumnoM/Desktop/PINGUS/Juego/Penguin/Content/Menus/MainMenu/MenuGameMode.uasset" 148
"C:/Users/AlumnoM/Desktop/PINGUS/Juego/Penguin/Content/Menus/MainMenu/MenuGameMode.uexp" 149
"C:/Users/AlumnoM/Desktop/PINGUS/Juego/Penguin/Content/Menus/MainMenu/MainMenuPNNG/BotonExit.uasset" 150
"C:/Users/AlumnoM/Desktop/PINGUS/Juego/Penguin/Content/Menus/MainMenu/MainMenuPNNG/BotonExit.uexp" 151
"C:/Users/AlumnoM/Desktop/PINGUS/Juego/Penguin/Content/Menus/LevelSelector/Menu_Lvls/Fondo_Select.uasset" 152
"C:/Users/AlumnoM/Desktop/PINGUS/Juego/Penguin/Content/Menus/LevelSelector/Menu_Lvls/Fondo_Select.uexp" 153
"C:/Users/AlumnoM/Desktop/PINGUS/Juego/Penguin/Content/Menus/LevelSelector/Menu_Lvls/Soon.uasset" 154
"C:/Users/AlumnoM/Desktop/PINGUS/Juego/Penguin/Content/Menus/LevelSelector/Menu_Lvls/Soon.uexp" 155
"C:/Users/AlumnoM/Desktop/PINGUS/Juego/Penguin/Content/Menus/LevelSelector/Menu_Lvls/2024_.uasset" 156
"C:/Users/AlumnoM/Desktop/PINGUS/Juego/Penguin/Content/Menus/LevelSelector/Menu_Lvls/2024_.uexp" 157
"C:/Users/AlumnoM/Desktop/PINGUS/Juego/Penguin/Content/Menus/LevelSelector/Menu_Lvls/Level1.uasset" 158
"C:/Users/AlumnoM/Desktop/PINGUS/Juego/Penguin/Content/Menus/LevelSelector/Menu_Lvls/Level1.uexp" 159
"C:/Users/AlumnoM/Desktop/PINGUS/Juego/Penguin/Content/Menus/LevelSelector/LevelSelect.uasset" 160
"C:/Users/AlumnoM/Desktop/PINGUS/Juego/Penguin/Content/Menus/LevelSelector/LevelSelect.uexp" 161
"C:/Users/AlumnoM/Desktop/PINGUS/Juego/Penguin/Content/Menus/MainMenu/MainMenuPNNG/BotonVolume.uasset" 162
"C:/Users/AlumnoM/Desktop/PINGUS/Juego/Penguin/Content/Menus/MainMenu/MainMenuPNNG/BotonVolume.uexp" 163
"C:/Users/AlumnoM/Desktop/PINGUS/Juego/Penguin/Content/Menus/options/png/Mando2.uasset" 164
"C:/Users/AlumnoM/Desktop/PINGUS/Juego/Penguin/Content/Menus/options/png/Mando2.uexp" 165
"C:/Users/AlumnoM/Desktop/PINGUS/Juego/Penguin/Content/Menus/MainMenu/MainMenuPNNG/Portada.uasset" 166
"C:/Users/AlumnoM/Desktop/PINGUS/Juego/Penguin/Content/Menus/MainMenu/MainMenuPNNG/Portada.uexp" 167
"C:/Users/AlumnoM/Desktop/PINGUS/Juego/Penguin/Content/Menus/options/png/Mando1.uasset" 168
"C:/Users/AlumnoM/Desktop/PINGUS/Juego/Penguin/Content/Menus/options/png/Mando1.uexp" 169
"C:/Users/AlumnoM/Desktop/PINGUS/Juego/Penguin/Content/Menus/options/OptionsMenu.uasset" 170
"C:/Users/AlumnoM/Desktop/PINGUS/Juego/Penguin/Content/Menus/options/OptionsMenu.uexp" 171
"C:/Users/AlumnoM/Desktop/PINGUS/Juego/Penguin/Content/Menus/MainMenu/MainMenuPNNG/BotonStart.uasset" 172
"C:/Users/AlumnoM/Desktop/PINGUS/Juego/Penguin/Content/Menus/MainMenu/MainMenuPNNG/BotonStart.uexp" 173
"C:/Users/AlumnoM/Desktop/PINGUS/Juego/Penguin/Content/Menus/MainMenu/MainMenuPNNG/Logo.uasset" 174
"C:/Users/AlumnoM/Desktop/PINGUS/Juego/Penguin/Content/Menus/MainMenu/MainMenuPNNG/Logo.uexp" 175
"C:/Users/AlumnoM/Desktop/PINGUS/Juego/Penguin/Content/Menus/MainMenu/Main_Menu.uasset" 176
"C:/Users/AlumnoM/Desktop/PINGUS/Juego/Penguin/Content/Menus/MainMenu/Main_Menu.uexp" 177
"../../../Engine/Plugins/Runtime/MeshModelingToolset/Content/Materials/M_DynamicMeshComponentVtxColor.uasset" 178
"../../../Engine/Plugins/Runtime/MeshModelingToolset/Content/Materials/M_DynamicMeshComponentVtxColor.uexp" 179
"../../../Engine/Plugins/Interchange/Runtime/Content/Pipelines/DefaultTexturePipeline.uasset" 180
"../../../Engine/Plugins/Interchange/Runtime/Content/Pipelines/DefaultTexturePipeline.uexp" 181
"../../../Engine/Plugins/Interchange/Runtime/Content/Pipelines/DefaultSceneLevelPipeline.uasset" 182
"../../../Engine/Plugins/Interchange/Runtime/Content/Pipelines/DefaultSceneLevelPipeline.uexp" 183
"../../../Engine/Plugins/Interchange/Runtime/Content/Pipelines/DefaultSceneAssetsPipeline.uasset" 184
"../../../Engine/Plugins/Interchange/Runtime/Content/Pipelines/DefaultSceneAssetsPipeline.uexp" 185
"../../../Engine/Plugins/Interchange/Runtime/Content/Pipelines/DefaultMaterialXPipeline.uasset" 186
"../../../Engine/Plugins/Interchange/Runtime/Content/Pipelines/DefaultMaterialXPipeline.uexp" 187
"../../../Engine/Plugins/Interchange/Runtime/Content/Pipelines/DefaultMaterialPipeline.uasset" 188
"../../../Engine/Plugins/Interchange/Runtime/Content/Pipelines/DefaultMaterialPipeline.uexp" 189
"../../../Engine/Plugins/Interchange/Runtime/Content/Pipelines/DefaultGLTFSceneAssetsPipeline.uasset" 190
"../../../Engine/Plugins/Interchange/Runtime/Content/Pipelines/DefaultGLTFSceneAssetsPipeline.uexp" 191
"../../../Engine/Plugins/Interchange/Runtime/Content/Pipelines/DefaultGLTFPipeline.uasset" 192
"../../../Engine/Plugins/Interchange/Runtime/Content/Pipelines/DefaultGLTFPipeline.uexp" 193
"../../../Engine/Plugins/Interchange/Runtime/Content/Pipelines/DefaultGLTFAssetsPipeline.uasset" 194
"../../../Engine/Plugins/Interchange/Runtime/Content/Pipelines/DefaultGLTFAssetsPipeline.uexp" 195
"../../../Engine/Plugins/Interchange/Runtime/Content/Pipelines/DefaultAssetsPipeline.uasset" 196
"../../../Engine/Plugins/Interchange/Runtime/Content/Pipelines/DefaultAssetsPipeline.uexp" 197
"../../../Engine/Plugins/Interchange/Runtime/Content/Functions/MX_UsdPreviewSurface.uasset" 198
"../../../Engine/Plugins/Interchange/Runtime/Content/Functions/MX_UsdPreviewSurface.uexp" 199
"../../../Engine/Plugins/Interchange/Runtime/Content/Functions/MX_UniformEDF.uasset" 200
"../../../Engine/Plugins/Interchange/Runtime/Content/Functions/MX_UniformEDF.uexp" 201
"../../../Engine/Plugins/Interchange/Runtime/Content/Functions/MX_TranslucentBSDF.uasset" 202
"../../../Engine/Plugins/Interchange/Runtime/Content/Functions/MX_TranslucentBSDF.uexp" 203
"../../../Engine/Plugins/Interchange/Runtime/Content/Functions/MX_ThinFilmBSDF.uasset" 204
"../../../Engine/Plugins/Interchange/Runtime/Content/Functions/MX_ThinFilmBSDF.uexp" 205
"../../../Engine/Plugins/Interchange/Runtime/Content/Functions/MX_SurfaceUnlit.uasset" 206
"../../../Engine/Plugins/Interchange/Runtime/Content/Functions/MX_SurfaceUnlit.uexp" 207
"../../../Engine/Plugins/Interchange/Runtime/Content/Functions/MX_Surface.uasset" 208
"../../../Engine/Plugins/Interchange/Runtime/Content/Functions/MX_Surface.uexp" 209
"../../../Engine/Plugins/Interchange/Runtime/Content/Functions/MX_SubsurfaceBSDF.uasset" 210
"../../../Engine/Plugins/Interchange/Runtime/Content/Functions/MX_SubsurfaceBSDF.uexp" 211
"../../../Engine/Plugins/Interchange/Runtime/Content/Functions/MX_SheenBSDF.uasset" 212
"../../../Engine/Plugins/Interchange/Runtime/Content/Functions/MX_SheenBSDF.uexp" 213
"../../../Engine/Plugins/Interchange/Runtime/Content/Functions/MX_OrenNayarBSDF.uasset" 214
"../../../Engine/Plugins/Interchange/Runtime/Content/Functions/MX_OrenNayarBSDF.uexp" 215
"../../../Engine/Content/Functions/Engine_MaterialFunctions02/Utility/CameraDirectionVector.uasset" 216
"../../../Engine/Content/Functions/Engine_MaterialFunctions02/Utility/CameraDirectionVector.uexp" 217
"../../../Engine/Content/Functions/Engine_MaterialFunctions01/Volumetrics/BeersLaw.uasset" 218
"../../../Engine/Content/Functions/Engine_MaterialFunctions01/Volumetrics/BeersLaw.uexp" 219
"../../../Engine/Content/EngineMaterials/Good64x64TilingNoiseHighFreq.uasset" 220
"../../../Engine/Content/EngineMaterials/Good64x64TilingNoiseHighFreq.uexp" 221
"../../../Engine/Content/Functions/Engine_MaterialFunctions02/Texturing/ScreenAlignedPixelToPixelUVs.uasset" 222
"../../../Engine/Content/Functions/Engine_MaterialFunctions02/Texturing/ScreenAlignedPixelToPixelUVs.uexp" 223
"../../../Engine/Plugins/Interchange/Runtime/Content/gltf/MaterialFunctions/MF_Temporal_Blur.uasset" 224
"../../../Engine/Plugins/Interchange/Runtime/Content/gltf/MaterialFunctions/MF_Temporal_Blur.uexp" 225
"../../../Engine/Plugins/Interchange/Runtime/Content/gltf/MaterialFunctions/MF_Fresnel_DS.uasset" 226
"../../../Engine/Plugins/Interchange/Runtime/Content/gltf/MaterialFunctions/MF_Fresnel_DS.uexp" 227
"../../../Engine/Content/Functions/Engine_MaterialFunctions02/Utility/BreakOutFloat3Components.uasset" 228
"../../../Engine/Content/Functions/Engine_MaterialFunctions02/Utility/BreakOutFloat3Components.uexp" 229
"../../../Engine/Plugins/Interchange/Runtime/Content/Functions/MX_Transmission.uasset" 230
"../../../Engine/Plugins/Interchange/Runtime/Content/Functions/MX_Transmission.uexp" 231
"../../../Engine/Plugins/Interchange/Runtime/Content/Functions/MF_OrenNayerView.uasset" 232
"../../../Engine/Plugins/Interchange/Runtime/Content/Functions/MF_OrenNayerView.uexp" 233
"../../../Engine/Plugins/Interchange/Runtime/Content/Functions/MF_SchlickApprox.uasset" 234
"../../../Engine/Plugins/Interchange/Runtime/Content/Functions/MF_SchlickApprox.uexp" 235
"../../../Engine/Plugins/Interchange/Runtime/Content/Utilities/New_LUT.uasset" 236
"../../../Engine/Plugins/Interchange/Runtime/Content/Utilities/New_LUT.uexp" 237
"../../../Engine/Content/Functions/Engine_MaterialFunctions03/Math/RemapValueRange.uasset" 238
"../../../Engine/Content/Functions/Engine_MaterialFunctions03/Math/RemapValueRange.uexp" 239
"../../../Engine/Plugins/Interchange/Runtime/Content/Functions/MF_Iridescence.uasset" 240
"../../../Engine/Plugins/Interchange/Runtime/Content/Functions/MF_Iridescence.uexp" 241
"../../../Engine/Plugins/Interchange/Runtime/Content/Functions/MX_StandardSurface.uasset" 242
"../../../Engine/Plugins/Interchange/Runtime/Content/Functions/MX_StandardSurface.uexp" 243
"../../../Engine/Plugins/Interchange/Runtime/Content/Functions/MX_TransmissionSurface.uasset" 244
"../../../Engine/Plugins/Interchange/Runtime/Content/Functions/MX_TransmissionSurface.uexp" 245
"../../../Engine/Plugins/Interchange/Runtime/Content/Functions/MX_OpenPBR_Translucent.uasset" 246
"../../../Engine/Plugins/Interchange/Runtime/Content/Functions/MX_OpenPBR_Translucent.uexp" 247
"../../../Engine/Plugins/Interchange/Runtime/Content/Functions/MX_OpenPBR_Opaque.uasset" 248
"../../../Engine/Plugins/Interchange/Runtime/Content/Functions/MX_OpenPBR_Opaque.uexp" 249
"../../../Engine/Plugins/Interchange/Runtime/Content/Functions/MX_MeasuredEDF.uasset" 250
"../../../Engine/Plugins/Interchange/Runtime/Content/Functions/MX_MeasuredEDF.uexp" 251
"../../../Engine/Plugins/Interchange/Runtime/Content/Functions/MX_GeneralizedSchlickBSDF.uasset" 252
"../../../Engine/Plugins/Interchange/Runtime/Content/Functions/MX_GeneralizedSchlickBSDF.uexp" 253
"../../../Engine/Plugins/Interchange/Runtime/Content/Functions/MX_DielectricBSDF.uasset" 254
"../../../Engine/Plugins/Interchange/Runtime/Content/Functions/MX_DielectricBSDF.uexp" 255
"../../../Engine/Plugins/Interchange/Runtime/Content/Functions/MX_ConicalEDF.uasset" 256
"../../../Engine/Plugins/Interchange/Runtime/Content/Functions/MX_ConicalEDF.uexp" 257
"../../../Engine/Plugins/Interchange/Runtime/Content/Functions/MX_ConductorBSDF.uasset" 258
"../../../Engine/Plugins/Interchange/Runtime/Content/Functions/MX_ConductorBSDF.uexp" 259
"../../../Engine/Plugins/Interchange/Runtime/Content/Functions/MX_BurleyDiffuseBSDF.uasset" 260
"../../../Engine/Plugins/Interchange/Runtime/Content/Functions/MX_BurleyDiffuseBSDF.uexp" 261
"../../../Engine/Plugins/Interchange/Runtime/Content/Functions/MX_AnisotropicVDF.uasset" 262
"../../../Engine/Plugins/Interchange/Runtime/Content/Functions/MX_AnisotropicVDF.uexp" 263
"../../../Engine/Plugins/Interchange/Runtime/Content/Functions/MX_AbsorptionVDF.uasset" 264
"../../../Engine/Plugins/Interchange/Runtime/Content/Functions/MX_AbsorptionVDF.uexp" 265
"../../../Engine/Plugins/Experimental/Water/Content/Waves/GerstnerWaves_Lake.uasset" 266
"../../../Engine/Plugins/Experimental/Water/Content/Waves/GerstnerWaves_Lake.uexp" 267
"../../../Engine/Plugins/Experimental/Water/Content/Icons/WaterSprite.uasset" 268
"../../../Engine/Plugins/Experimental/Water/Content/Icons/WaterSprite.uexp" 269
"../../../Engine/Plugins/Experimental/Water/Content/Icons/WaterLandscapeBrushSprite.ubulk" 270
"../../../Engine/Plugins/Experimental/Water/Content/Icons/WaterLandscapeBrushSprite.uasset" 271
"../../../Engine/Plugins/Experimental/Water/Content/Icons/WaterLandscapeBrushSprite.uexp" 272
"../../../Engine/Plugins/Experimental/Water/Content/Icons/WaterErrorSprite.ubulk" 273
"../../../Engine/Plugins/Experimental/Water/Content/Icons/WaterErrorSprite.uasset" 274
"../../../Engine/Plugins/Experimental/Water/Content/Icons/WaterErrorSprite.uexp" 275
"../../../Engine/Plugins/Experimental/Water/Content/Curves/FloatCurve_WaterBodyIsland.uasset" 276
"../../../Engine/Plugins/Experimental/Water/Content/Curves/FloatCurve_WaterBodyIsland.uexp" 277
"../../../Engine/Plugins/Editor/SpeedTreeImporter/Content/SpeedTree9/game_wind_noise.ubulk" 278
"../../../Engine/Plugins/Editor/SpeedTreeImporter/Content/SpeedTree9/game_wind_noise.uasset" 279
"../../../Engine/Plugins/Editor/SpeedTreeImporter/Content/SpeedTree9/game_wind_noise.uexp" 280
"../../../Engine/Plugins/Editor/SpeedTreeImporter/Content/SpeedTree9/UnpackDirection.uasset" 281
"../../../Engine/Plugins/Editor/SpeedTreeImporter/Content/SpeedTree9/UnpackDirection.uexp" 282
"../../../Engine/Content/Functions/Engine_MaterialFunctions02/ObjectLocalBounds.uasset" 283
"../../../Engine/Content/Functions/Engine_MaterialFunctions02/ObjectLocalBounds.uexp" 284
"../../../Engine/Content/Functions/Engine_MaterialFunctions02/UVs/BoundingBoxBased_0-1_UVW.uasset" 285
"../../../Engine/Content/Functions/Engine_MaterialFunctions02/UVs/BoundingBoxBased_0-1_UVW.uexp" 286
"../../../Engine/Content/Functions/Engine_MaterialFunctions02/Utility/VectorLength.uasset" 287
"../../../Engine/Content/Functions/Engine_MaterialFunctions02/Utility/VectorLength.uexp" 288
"../../../Engine/Plugins/Editor/SpeedTreeImporter/Content/SpeedTree9/UnpackInteger3.uasset" 289
"../../../Engine/Plugins/Editor/SpeedTreeImporter/Content/SpeedTree9/UnpackInteger3.uexp" 290
"../../../Engine/Plugins/Editor/SpeedTreeImporter/Content/SpeedTree9/SpeedTreeCameraFacing.uasset" 291
"../../../Engine/Plugins/Editor/SpeedTreeImporter/Content/SpeedTree9/SpeedTreeCameraFacing.uexp" 292
"../../../Engine/Content/Functions/Engine_MaterialFunctions02/WorldPositionOffset/ObjectScale.uasset" 293
"../../../Engine/Content/Functions/Engine_MaterialFunctions02/WorldPositionOffset/ObjectScale.uexp" 294
"../../../Engine/Content/Functions/Engine_MaterialFunctions02/SafeNormalize.uasset" 295
"../../../Engine/Content/Functions/Engine_MaterialFunctions02/SafeNormalize.uexp" 296
"../../../Engine/Plugins/Editor/SpeedTreeImporter/Content/SpeedTree9/SpeedTreeWindMotion.uasset" 297
"../../../Engine/Plugins/Editor/SpeedTreeImporter/Content/SpeedTree9/SpeedTreeWindMotion.uexp" 298
"../../../Engine/Plugins/Editor/SpeedTreeImporter/Content/SpeedTree9/SpeedTreeBranchMotion.uasset" 299
"../../../Engine/Plugins/Editor/SpeedTreeImporter/Content/SpeedTree9/SpeedTreeBranchMotion.uexp" 300
"../../../Engine/Plugins/Editor/SpeedTreeImporter/Content/SpeedTree9/SpeedTreeWind.uasset" 301
"../../../Engine/Plugins/Editor/SpeedTreeImporter/Content/SpeedTree9/SpeedTreeWind.uexp" 302
"../../../Engine/Plugins/Editor/SpeedTreeImporter/Content/SpeedTree9/EmptyNormal.uasset" 303
"../../../Engine/Plugins/Editor/SpeedTreeImporter/Content/SpeedTree9/EmptyNormal.uexp" 304
"../../../Engine/Plugins/Editor/SpeedTreeImporter/Content/SpeedTree9/Empty.uasset" 305
"../../../Engine/Plugins/Editor/SpeedTreeImporter/Content/SpeedTree9/Empty.uexp" 306
"../../../Engine/Plugins/Editor/SpeedTreeImporter/Content/SpeedTree9/SpeedTreeMaster.uasset" 307
"../../../Engine/Plugins/Editor/SpeedTreeImporter/Content/SpeedTree9/SpeedTreeMaster.uexp" 308
"../../../Engine/Plugins/Editor/SpeedTreeImporter/Content/SpeedTree9/SpeedTreeBillboard.uasset" 309
"../../../Engine/Plugins/Editor/SpeedTreeImporter/Content/SpeedTree9/SpeedTreeBillboard.uexp" 310
"../../../Engine/Plugins/Editor/SpeedTreeImporter/Content/SpeedTree9/SpeedTreeBillboardMaster.uasset" 311
"../../../Engine/Plugins/Editor/SpeedTreeImporter/Content/SpeedTree9/SpeedTreeBillboardMaster.uexp" 312
"../../../Engine/Plugins/Animation/ControlRig/Content/Controls/ControlRig_Wedge_solid.ubulk" 313
"../../../Engine/Plugins/Animation/ControlRig/Content/Controls/ControlRig_Wedge_solid.uasset" 314
"../../../Engine/Plugins/Animation/ControlRig/Content/Controls/ControlRig_Wedge_solid.uexp" 315
"../../../Engine/Plugins/Animation/ControlRig/Content/Controls/ControlRig_Wedge_3mm.ubulk" 316
"../../../Engine/Plugins/Animation/ControlRig/Content/Controls/ControlRig_Wedge_3mm.uasset" 317
"../../../Engine/Plugins/Animation/ControlRig/Content/Controls/ControlRig_Wedge_3mm.uexp" 318
"../../../Engine/Plugins/Animation/ControlRig/Content/Controls/ControlRig_Wedge_1mm.ubulk" 319
"../../../Engine/Plugins/Animation/ControlRig/Content/Controls/ControlRig_Wedge_1mm.uasset" 320
"../../../Engine/Plugins/Animation/ControlRig/Content/Controls/ControlRig_Wedge_1mm.uexp" 321
"../../../Engine/Plugins/Animation/ControlRig/Content/Controls/ControlRig_Triangle_solid.ubulk" 322
"../../../Engine/Plugins/Animation/ControlRig/Content/Controls/ControlRig_Triangle_solid.uasset" 323
"../../../Engine/Plugins/Animation/ControlRig/Content/Controls/ControlRig_Triangle_solid.uexp" 324
"../../../Engine/Plugins/Animation/ControlRig/Content/Controls/ControlRig_Triangle_3mm.ubulk" 325
"../../../Engine/Plugins/Animation/ControlRig/Content/Controls/ControlRig_Triangle_3mm.uasset" 326
"../../../Engine/Plugins/Animation/ControlRig/Content/Controls/ControlRig_Triangle_3mm.uexp" 327
"../../../Engine/Plugins/Animation/ControlRig/Content/Controls/ControlRig_Triangle_1mm.ubulk" 328
"../../../Engine/Plugins/Animation/ControlRig/Content/Controls/ControlRig_Triangle_1mm.uasset" 329
"../../../Engine/Plugins/Animation/ControlRig/Content/Controls/ControlRig_Triangle_1mm.uexp" 330
"../../../Engine/Plugins/Animation/ControlRig/Content/Controls/ControlRig_Star4_solid.ubulk" 331
"../../../Engine/Plugins/Animation/ControlRig/Content/Controls/ControlRig_Star4_solid.uasset" 332
"../../../Engine/Plugins/Animation/ControlRig/Content/Controls/ControlRig_Star4_solid.uexp" 333
"../../../Engine/Plugins/Animation/ControlRig/Content/Controls/ControlRig_Star4_3mm.ubulk" 334
"../../../Engine/Plugins/Animation/ControlRig/Content/Controls/ControlRig_Star4_3mm.uasset" 335
"../../../Engine/Plugins/Animation/ControlRig/Content/Controls/ControlRig_Star4_3mm.uexp" 336
"../../../Engine/Plugins/Animation/ControlRig/Content/Controls/ControlRig_Star4_1mm.ubulk" 337
"../../../Engine/Plugins/Animation/ControlRig/Content/Controls/ControlRig_Star4_1mm.uasset" 338
"../../../Engine/Plugins/Animation/ControlRig/Content/Controls/ControlRig_Star4_1mm.uexp" 339
"../../../Engine/Plugins/Animation/ControlRig/Content/Controls/ControlRig_Square_solid.ubulk" 340
"../../../Engine/Plugins/Animation/ControlRig/Content/Controls/ControlRig_Square_solid.uasset" 341
"../../../Engine/Plugins/Animation/ControlRig/Content/Controls/ControlRig_Square_solid.uexp" 342
"../../../Engine/Plugins/Animation/ControlRig/Content/Controls/ControlRig_Square_3mm.ubulk" 343
"../../../Engine/Plugins/Animation/ControlRig/Content/Controls/ControlRig_Square_3mm.uasset" 344
"../../../Engine/Plugins/Animation/ControlRig/Content/Controls/ControlRig_Square_3mm.uexp" 345
"../../../Engine/Plugins/Animation/ControlRig/Content/Controls/ControlRig_Square_1mm.ubulk" 346
"../../../Engine/Plugins/Animation/ControlRig/Content/Controls/ControlRig_Square_1mm.uasset" 347
"../../../Engine/Plugins/Animation/ControlRig/Content/Controls/ControlRig_Square_1mm.uexp" 348
"../../../Engine/Plugins/Animation/ControlRig/Content/Controls/ControlRig_Sphere_solid.ubulk" 349
"../../../Engine/Plugins/Animation/ControlRig/Content/Controls/ControlRig_Sphere_solid.uasset" 350
"../../../Engine/Plugins/Animation/ControlRig/Content/Controls/ControlRig_Sphere_solid.uexp" 351
"../../../Engine/Plugins/Animation/ControlRig/Content/Controls/ControlRig_Sphere_3mm.ubulk" 352
"../../../Engine/Plugins/Animation/ControlRig/Content/Controls/ControlRig_Sphere_3mm.uasset" 353
"../../../Engine/Plugins/Animation/ControlRig/Content/Controls/ControlRig_Sphere_3mm.uexp" 354
"../../../Engine/Plugins/Animation/ControlRig/Content/Controls/ControlRig_Sphere_1mm.ubulk" 355
"../../../Engine/Plugins/Animation/ControlRig/Content/Controls/ControlRig_Sphere_1mm.uasset" 356
"../../../Engine/Plugins/Animation/ControlRig/Content/Controls/ControlRig_Sphere_1mm.uexp" 357
"../../../Engine/Plugins/Animation/ControlRig/Content/Controls/ControlRig_RoundedTriangle_solid.ubulk" 358
"../../../Engine/Plugins/Animation/ControlRig/Content/Controls/ControlRig_RoundedTriangle_solid.uasset" 359
"../../../Engine/Plugins/Animation/ControlRig/Content/Controls/ControlRig_RoundedTriangle_solid.uexp" 360
"../../../Engine/Plugins/Animation/ControlRig/Content/Controls/ControlRig_RoundedTriangle_3mm.ubulk" 361
"../../../Engine/Plugins/Animation/ControlRig/Content/Controls/ControlRig_RoundedTriangle_3mm.uasset" 362
"../../../Engine/Plugins/Animation/ControlRig/Content/Controls/ControlRig_RoundedTriangle_3mm.uexp" 363
"../../../Engine/Plugins/Animation/ControlRig/Content/Controls/ControlRig_RoundedTriangle_1mm.ubulk" 364
"../../../Engine/Plugins/Animation/ControlRig/Content/Controls/ControlRig_RoundedTriangle_1mm.uasset" 365
"../../../Engine/Plugins/Animation/ControlRig/Content/Controls/ControlRig_RoundedTriangle_1mm.uexp" 366
"../../../Engine/Plugins/Animation/ControlRig/Content/Controls/ControlRig_RoundedSquare_solid.ubulk" 367
"../../../Engine/Plugins/Animation/ControlRig/Content/Controls/ControlRig_RoundedSquare_solid.uasset" 368
"../../../Engine/Plugins/Animation/ControlRig/Content/Controls/ControlRig_RoundedSquare_solid.uexp" 369
"../../../Engine/Plugins/Animation/ControlRig/Content/Controls/ControlRig_RoundedSquare_3mm.ubulk" 370
"../../../Engine/Plugins/Animation/ControlRig/Content/Controls/ControlRig_RoundedSquare_3mm.uasset" 371
"../../../Engine/Plugins/Animation/ControlRig/Content/Controls/ControlRig_RoundedSquare_3mm.uexp" 372
"../../../Engine/Plugins/Animation/ControlRig/Content/Controls/ControlRig_RoundedSquare_1mm.ubulk" 373
"../../../Engine/Plugins/Animation/ControlRig/Content/Controls/ControlRig_RoundedSquare_1mm.uasset" 374
"../../../Engine/Plugins/Animation/ControlRig/Content/Controls/ControlRig_RoundedSquare_1mm.uexp" 375
"../../../Engine/Plugins/Animation/ControlRig/Content/Controls/ControlRig_QuarterCircle_solid.ubulk" 376
"../../../Engine/Plugins/Animation/ControlRig/Content/Controls/ControlRig_QuarterCircle_solid.uasset" 377
"../../../Engine/Plugins/Animation/ControlRig/Content/Controls/ControlRig_QuarterCircle_solid.uexp" 378
"../../../Engine/Plugins/Animation/ControlRig/Content/Controls/ControlRig_QuarterCircle_3mm.ubulk" 379
"../../../Engine/Plugins/Animation/ControlRig/Content/Controls/ControlRig_QuarterCircle_3mm.uasset" 380
"../../../Engine/Plugins/Animation/ControlRig/Content/Controls/ControlRig_QuarterCircle_3mm.uexp" 381
"../../../Engine/Plugins/Animation/ControlRig/Content/Controls/ControlRig_QuarterCircle_1mm.ubulk" 382
"../../../Engine/Plugins/Animation/ControlRig/Content/Controls/ControlRig_QuarterCircle_1mm.uasset" 383
"../../../Engine/Plugins/Animation/ControlRig/Content/Controls/ControlRig_QuarterCircle_1mm.uexp" 384
"../../../Engine/Plugins/Animation/ControlRig/Content/Controls/ControlRig_Pyramid_solid.ubulk" 385
"../../../Engine/Plugins/Animation/ControlRig/Content/Controls/ControlRig_Pyramid_solid.uasset" 386
"../../../Engine/Plugins/Animation/ControlRig/Content/Controls/ControlRig_Pyramid_solid.uexp" 387
"../../../Engine/Plugins/Animation/ControlRig/Content/Controls/ControlRig_Pyramid_3mm.ubulk" 388
"../../../Engine/Plugins/Animation/ControlRig/Content/Controls/ControlRig_Pyramid_3mm.uasset" 389
"../../../Engine/Plugins/Animation/ControlRig/Content/Controls/ControlRig_Pyramid_3mm.uexp" 390
"../../../Engine/Plugins/Animation/ControlRig/Content/Controls/ControlRig_Pyramid_1mm.ubulk" 391
"../../../Engine/Plugins/Animation/ControlRig/Content/Controls/ControlRig_Pyramid_1mm.uasset" 392
"../../../Engine/Plugins/Animation/ControlRig/Content/Controls/ControlRig_Pyramid_1mm.uexp" 393
"../../../Engine/Plugins/Animation/ControlRig/Content/Controls/ControlRig_Octagon_solid.ubulk" 394
"../../../Engine/Plugins/Animation/ControlRig/Content/Controls/ControlRig_Octagon_solid.uasset" 395
"../../../Engine/Plugins/Animation/ControlRig/Content/Controls/ControlRig_Octagon_solid.uexp" 396
"../../../Engine/Plugins/Animation/ControlRig/Content/Controls/ControlRig_Octagon_3mm.ubulk" 397
"../../../Engine/Plugins/Animation/ControlRig/Content/Controls/ControlRig_Octagon_3mm.uasset" 398
"../../../Engine/Plugins/Animation/ControlRig/Content/Controls/ControlRig_Octagon_3mm.uexp" 399
"../../../Engine/Plugins/Animation/ControlRig/Content/Controls/ControlRig_Octagon_1mm.ubulk" 400
"../../../Engine/Plugins/Animation/ControlRig/Content/Controls/ControlRig_Octagon_1mm.uasset" 401
"../../../Engine/Plugins/Animation/ControlRig/Content/Controls/ControlRig_Octagon_1mm.uexp" 402
"../../../Engine/Plugins/Animation/ControlRig/Content/Controls/ControlRig_Hexagon_solid.ubulk" 403
"../../../Engine/Plugins/Animation/ControlRig/Content/Controls/ControlRig_Hexagon_solid.uasset" 404
"../../../Engine/Plugins/Animation/ControlRig/Content/Controls/ControlRig_Hexagon_solid.uexp" 405
"../../../Engine/Plugins/Animation/ControlRig/Content/Controls/ControlRig_Hexagon_3mm.ubulk" 406
"../../../Engine/Plugins/Animation/ControlRig/Content/Controls/ControlRig_Hexagon_3mm.uasset" 407
"../../../Engine/Plugins/Animation/ControlRig/Content/Controls/ControlRig_Hexagon_3mm.uexp" 408
"../../../Engine/Plugins/Animation/ControlRig/Content/Controls/ControlRig_Hexagon_1mm.ubulk" 409
"../../../Engine/Plugins/Animation/ControlRig/Content/Controls/ControlRig_Hexagon_1mm.uasset" 410
"../../../Engine/Plugins/Animation/ControlRig/Content/Controls/ControlRig_Hexagon_1mm.uexp" 411
"../../../Engine/Plugins/Animation/ControlRig/Content/Controls/ControlRig_HalfCircle_solid.ubulk" 412
"../../../Engine/Plugins/Animation/ControlRig/Content/Controls/ControlRig_HalfCircle_solid.uasset" 413
"../../../Engine/Plugins/Animation/ControlRig/Content/Controls/ControlRig_HalfCircle_solid.uexp" 414
"../../../Engine/Plugins/Animation/ControlRig/Content/Controls/ControlRig_HalfCircle_3mm.ubulk" 415
"../../../Engine/Plugins/Animation/ControlRig/Content/Controls/ControlRig_HalfCircle_3mm.uasset" 416
"../../../Engine/Plugins/Animation/ControlRig/Content/Controls/ControlRig_HalfCircle_3mm.uexp" 417
"../../../Engine/Plugins/Animation/ControlRig/Content/Controls/ControlRig_HalfCircle_1mm.ubulk" 418
"../../../Engine/Plugins/Animation/ControlRig/Content/Controls/ControlRig_HalfCircle_1mm.uasset" 419
"../../../Engine/Plugins/Animation/ControlRig/Content/Controls/ControlRig_HalfCircle_1mm.uexp" 420
"../../../Engine/Plugins/Animation/ControlRig/Content/Controls/ControlRig_Diamond_solid.ubulk" 421
"../../../Engine/Plugins/Animation/ControlRig/Content/Controls/ControlRig_Diamond_solid.uasset" 422
"../../../Engine/Plugins/Animation/ControlRig/Content/Controls/ControlRig_Diamond_solid.uexp" 423
"../../../Engine/Plugins/Animation/ControlRig/Content/Controls/ControlRig_Diamond_3mm.ubulk" 424
"../../../Engine/Plugins/Animation/ControlRig/Content/Controls/ControlRig_Diamond_3mm.uasset" 425
"../../../Engine/Plugins/Animation/ControlRig/Content/Controls/ControlRig_Diamond_3mm.uexp" 426
"../../../Engine/Plugins/Animation/ControlRig/Content/Controls/ControlRig_Diamond_1mm.ubulk" 427
"../../../Engine/Plugins/Animation/ControlRig/Content/Controls/ControlRig_Diamond_1mm.uasset" 428
"../../../Engine/Plugins/Animation/ControlRig/Content/Controls/ControlRig_Diamond_1mm.uexp" 429
"../../../Engine/Plugins/Animation/ControlRig/Content/Controls/ControlRig_Circle_solid.ubulk" 430
"../../../Engine/Plugins/Animation/ControlRig/Content/Controls/ControlRig_Circle_solid.uasset" 431
"../../../Engine/Plugins/Animation/ControlRig/Content/Controls/ControlRig_Circle_solid.uexp" 432
"../../../Engine/Plugins/Animation/ControlRig/Content/Controls/ControlRig_Circle_3mm.ubulk" 433
"../../../Engine/Plugins/Animation/ControlRig/Content/Controls/ControlRig_Circle_3mm.uasset" 434
"../../../Engine/Plugins/Animation/ControlRig/Content/Controls/ControlRig_Circle_3mm.uexp" 435
"../../../Engine/Plugins/Animation/ControlRig/Content/Controls/ControlRig_Circle_1mm.ubulk" 436
"../../../Engine/Plugins/Animation/ControlRig/Content/Controls/ControlRig_Circle_1mm.uasset" 437
"../../../Engine/Plugins/Animation/ControlRig/Content/Controls/ControlRig_Circle_1mm.uexp" 438
"../../../Engine/Plugins/Animation/ControlRig/Content/Controls/ControlRig_Box_solid.ubulk" 439
"../../../Engine/Plugins/Animation/ControlRig/Content/Controls/ControlRig_Box_solid.uasset" 440
"../../../Engine/Plugins/Animation/ControlRig/Content/Controls/ControlRig_Box_solid.uexp" 441
"../../../Engine/Plugins/Animation/ControlRig/Content/Controls/ControlRig_Box_3mm.ubulk" 442
"../../../Engine/Plugins/Animation/ControlRig/Content/Controls/ControlRig_Box_3mm.uasset" 443
"../../../Engine/Plugins/Animation/ControlRig/Content/Controls/ControlRig_Box_3mm.uexp" 444
"../../../Engine/Plugins/Animation/ControlRig/Content/Controls/ControlRig_Box_1mm.ubulk" 445
"../../../Engine/Plugins/Animation/ControlRig/Content/Controls/ControlRig_Box_1mm.uasset" 446
"../../../Engine/Plugins/Animation/ControlRig/Content/Controls/ControlRig_Box_1mm.uexp" 447
"../../../Engine/Plugins/Animation/ControlRig/Content/Controls/ControlRig_Arrow_solid.ubulk" 448
"../../../Engine/Plugins/Animation/ControlRig/Content/Controls/ControlRig_Arrow_solid.uasset" 449
"../../../Engine/Plugins/Animation/ControlRig/Content/Controls/ControlRig_Arrow_solid.uexp" 450
"../../../Engine/Plugins/Animation/ControlRig/Content/Controls/ControlRig_Arrow_3mm.ubulk" 451
"../../../Engine/Plugins/Animation/ControlRig/Content/Controls/ControlRig_Arrow_3mm.uasset" 452
"../../../Engine/Plugins/Animation/ControlRig/Content/Controls/ControlRig_Arrow_3mm.uexp" 453
"../../../Engine/Plugins/Animation/ControlRig/Content/Controls/ControlRig_Arrow_1mm.ubulk" 454
"../../../Engine/Plugins/Animation/ControlRig/Content/Controls/ControlRig_Arrow_1mm.uasset" 455
"../../../Engine/Plugins/Animation/ControlRig/Content/Controls/ControlRig_Arrow_1mm.uexp" 456
"../../../Engine/Plugins/Animation/ControlRig/Content/Controls/ControlRig_Arrow4_solid.ubulk" 457
"../../../Engine/Plugins/Animation/ControlRig/Content/Controls/ControlRig_Arrow4_solid.uasset" 458
"../../../Engine/Plugins/Animation/ControlRig/Content/Controls/ControlRig_Arrow4_solid.uexp" 459
"../../../Engine/Plugins/Animation/ControlRig/Content/Controls/ControlRig_Arrow4_3mm.ubulk" 460
"../../../Engine/Plugins/Animation/ControlRig/Content/Controls/ControlRig_Arrow4_3mm.uasset" 461
"../../../Engine/Plugins/Animation/ControlRig/Content/Controls/ControlRig_Arrow4_3mm.uexp" 462
"../../../Engine/Plugins/Animation/ControlRig/Content/Controls/ControlRig_Arrow4_1mm.ubulk" 463
"../../../Engine/Plugins/Animation/ControlRig/Content/Controls/ControlRig_Arrow4_1mm.uasset" 464
"../../../Engine/Plugins/Animation/ControlRig/Content/Controls/ControlRig_Arrow4_1mm.uexp" 465
"../../../Engine/Plugins/Animation/ControlRig/Content/Controls/ControlRig_Arrow2_solid.ubulk" 466
"../../../Engine/Plugins/Animation/ControlRig/Content/Controls/ControlRig_Arrow2_solid.uasset" 467
"../../../Engine/Plugins/Animation/ControlRig/Content/Controls/ControlRig_Arrow2_solid.uexp" 468
"../../../Engine/Plugins/Animation/ControlRig/Content/Controls/ControlRig_Arrow2_3mm.ubulk" 469
"../../../Engine/Plugins/Animation/ControlRig/Content/Controls/ControlRig_Arrow2_3mm.uasset" 470
"../../../Engine/Plugins/Animation/ControlRig/Content/Controls/ControlRig_Arrow2_3mm.uexp" 471
"../../../Engine/Plugins/Animation/ControlRig/Content/Controls/ControlRig_Arrow2_1mm.ubulk" 472
"../../../Engine/Plugins/Animation/ControlRig/Content/Controls/ControlRig_Arrow2_1mm.uasset" 473
"../../../Engine/Plugins/Animation/ControlRig/Content/Controls/ControlRig_Arrow2_1mm.uexp" 474
"../../../Engine/Plugins/Animation/ControlRig/Content/Controls/ControlRigXRayMaterial.uasset" 475
"../../../Engine/Plugins/Animation/ControlRig/Content/Controls/ControlRigXRayMaterial.uexp" 476
"../../../Engine/Plugins/Animation/ControlRig/Content/Controls/ControlRigGizmoMaterial.uasset" 477
"../../../Engine/Plugins/Animation/ControlRig/Content/Controls/ControlRigGizmoMaterial.uexp" 478
"../../../Engine/Content/VREditor/TransformGizmo/StartRotationHandleIndicator.ubulk" 479
"../../../Engine/Content/VREditor/TransformGizmo/StartRotationHandleIndicator.uasset" 480
"../../../Engine/Content/VREditor/TransformGizmo/StartRotationHandleIndicator.uexp" 481
"../../../Engine/Content/VREditor/Sounds/UI/Drop_Item_From_ContentBrowser.ubulk" 482
"../../../Engine/Content/VREditor/Sounds/UI/Drop_Item_From_ContentBrowser.uasset" 483
"../../../Engine/Content/VREditor/Sounds/UI/Drop_Item_From_ContentBrowser.uexp" 484
"../../../Engine/Content/VREditor/TransformGizmo/PlaneTranslationHandle.ubulk" 485
"../../../Engine/Content/VREditor/TransformGizmo/PlaneTranslationHandle.uasset" 486
"../../../Engine/Content/VREditor/TransformGizmo/PlaneTranslationHandle.uexp" 487
"../../../Engine/Content/VREditor/Sounds/UI/Object_Snaps_To_Grid.ubulk" 488
"../../../Engine/Content/VREditor/Sounds/UI/Object_Snaps_To_Grid.uasset" 489
"../../../Engine/Content/VREditor/Sounds/UI/Object_Snaps_To_Grid.uexp" 490
"../../../Engine/Content/VREditor/Sounds/UI/Selection_Changes.ubulk" 491
"../../../Engine/Content/VREditor/Sounds/UI/Selection_Changes.uasset" 492
"../../../Engine/Content/VREditor/Sounds/UI/Selection_Changes.uexp" 493
"../../../Engine/Content/VREditor/Sounds/UI/Object_Snaps_To_Another_Actor.ubulk" 494
"../../../Engine/Content/VREditor/Sounds/UI/Object_Snaps_To_Another_Actor.uasset" 495
"../../../Engine/Content/VREditor/Sounds/UI/Object_Snaps_To_Another_Actor.uexp" 496
"../../../Engine/Content/VREditor/TransformGizmo/TranslucentTransformGizmoMaterial_Inst.uasset" 497
"../../../Engine/Content/VREditor/TransformGizmo/TranslucentTransformGizmoMaterial_Inst.uexp" 498
"../../../Engine/Content/VREditor/TransformGizmo/TransformGizmoFreeRotation.ubulk" 499
"../../../Engine/Content/VREditor/TransformGizmo/TransformGizmoFreeRotation.uasset" 500
"../../../Engine/Content/VREditor/TransformGizmo/TransformGizmoFreeRotation.uexp" 501
"../../../Engine/Content/VREditor/Sounds/UI/Scaling_Down.ubulk" 502
"../../../Engine/Content/VREditor/Sounds/UI/Scaling_Down.uasset" 503
"../../../Engine/Content/VREditor/Sounds/UI/Scaling_Down.uexp" 504
"../../../Engine/Content/Functions/Engine_MaterialFunctions02/Math/Transform3x3Matrix.uasset" 505
"../../../Engine/Content/Functions/Engine_MaterialFunctions02/Math/Transform3x3Matrix.uexp" 506
"../../../Engine/Content/Functions/Engine_MaterialFunctions02/SplitComponents.uasset" 507
"../../../Engine/Content/Functions/Engine_MaterialFunctions02/SplitComponents.uexp" 508
"../../../Engine/Content/Functions/Engine_MaterialFunctions02/Utility/MakeFloat3.uasset" 509
"../../../Engine/Content/Functions/Engine_MaterialFunctions02/Utility/MakeFloat3.uexp" 510
"../../../Engine/Content/VREditor/SnapGrid/SnapGridMaterial.uasset" 511
"../../../Engine/Content/VREditor/SnapGrid/SnapGridMaterial.uexp" 512
"../../../Engine/Content/VREditor/SnapGrid/SnapGridPlaneMesh.ubulk" 513
"../../../Engine/Content/VREditor/SnapGrid/SnapGridPlaneMesh.uasset" 514
"../../../Engine/Content/VREditor/SnapGrid/SnapGridPlaneMesh.uexp" 515
"../../../Engine/Content/VREditor/Sounds/UI/Scaling_Up.ubulk" 516
"../../../Engine/Content/VREditor/Sounds/UI/Scaling_Up.uasset" 517
"../../../Engine/Content/VREditor/Sounds/UI/Scaling_Up.uexp" 518
"../../../Engine/Content/VREditor/TransformGizmo/TransformGizmoMaterial_Inst.uasset" 519
"../../../Engine/Content/VREditor/TransformGizmo/TransformGizmoMaterial_Inst.uexp" 520
"../../../Engine/Content/VREditor/Sounds/UI/Gizmo_Handle_Clicked.ubulk" 521
"../../../Engine/Content/VREditor/Sounds/UI/Gizmo_Handle_Clicked.uasset" 522
"../../../Engine/Content/VREditor/Sounds/UI/Gizmo_Handle_Clicked.uexp" 523
"../../../Engine/Content/VREditor/TransformGizmo/RotationHandleQuarter.ubulk" 524
"../../../Engine/Content/VREditor/TransformGizmo/RotationHandleQuarter.uasset" 525
"../../../Engine/Content/VREditor/TransformGizmo/RotationHandleQuarter.uexp" 526
"../../../Engine/Content/VREditor/TransformGizmo/TranslateArrowHandle.ubulk" 527
"../../../Engine/Content/VREditor/TransformGizmo/TranslateArrowHandle.uasset" 528
"../../../Engine/Content/VREditor/TransformGizmo/TranslateArrowHandle.uexp" 529
"../../../Engine/Content/VREditor/TransformGizmo/RotationHandleIndicator.ubulk" 530
"../../../Engine/Content/VREditor/TransformGizmo/RotationHandleIndicator.uasset" 531
"../../../Engine/Content/VREditor/TransformGizmo/RotationHandleIndicator.uexp" 532
"../../../Engine/Content/VREditor/TransformGizmo/UniformScaleHandle.ubulk" 533
"../../../Engine/Content/VREditor/TransformGizmo/UniformScaleHandle.uasset" 534
"../../../Engine/Content/VREditor/TransformGizmo/UniformScaleHandle.uexp" 535
"../../../Engine/Content/VREditor/TransformGizmo/RotationHandleFull.ubulk" 536
"../../../Engine/Content/VREditor/TransformGizmo/RotationHandleFull.uasset" 537
"../../../Engine/Content/VREditor/TransformGizmo/RotationHandleFull.uexp" 538
"../../../Engine/Content/VREditor/Sounds/UI/Object_PickUp.ubulk" 539
"../../../Engine/Content/VREditor/Sounds/UI/Object_PickUp.uasset" 540
"../../../Engine/Content/VREditor/Sounds/UI/Object_PickUp.uexp" 541
"../../../Engine/Content/EngineSounds/Master.uasset" 542
"../../../Engine/Content/EngineSounds/Master.uexp" 543
"../../../Engine/Content/EngineResources/WhiteSquareTexture.uasset" 544
"../../../Engine/Content/EngineResources/WhiteSquareTexture.uexp" 545
"../../../Engine/Content/EngineMaterials/Widget3DPassThrough.uasset" 546
"../../../Engine/Content/EngineMaterials/Widget3DPassThrough.uexp" 547
"../../../Engine/Content/EngineMaterials/Widget3DPassThrough_Translucent.uasset" 548
"../../../Engine/Content/EngineMaterials/Widget3DPassThrough_Translucent.uexp" 549
"../../../Engine/Content/EngineMaterials/Widget3DPassThrough_Translucent_OneSided.uasset" 550
"../../../Engine/Content/EngineMaterials/Widget3DPassThrough_Translucent_OneSided.uexp" 551
"../../../Engine/Content/EngineMaterials/Widget3DPassThrough_Opaque.uasset" 552
"../../../Engine/Content/EngineMaterials/Widget3DPassThrough_Opaque.uexp" 553
"../../../Engine/Content/EngineMaterials/Widget3DPassThrough_Opaque_OneSided.uasset" 554
"../../../Engine/Content/EngineMaterials/Widget3DPassThrough_Opaque_OneSided.uexp" 555
"../../../Engine/Content/EngineMaterials/Widget3DPassThrough_Masked_OneSided.uasset" 556
"../../../Engine/Content/EngineMaterials/Widget3DPassThrough_Masked_OneSided.uexp" 557
"../../../Engine/Content/EngineMaterials/Widget3DPassThrough_Masked.uasset" 558
"../../../Engine/Content/EngineMaterials/Widget3DPassThrough_Masked.uexp" 559
"../../../Engine/Content/EngineMaterials/STBlueNoise_vec2_128x128x64.uasset" 560
"../../../Engine/Content/EngineMaterials/STBlueNoise_vec2_128x128x64.uexp" 561
"../../../Engine/Content/EngineMaterials/STBlueNoise_scalar_128x128x64.uasset" 562
"../../../Engine/Content/EngineMaterials/STBlueNoise_scalar_128x128x64.uexp" 563
"../../../Engine/Content/EngineMaterials/RemoveSurfaceMaterial.uasset" 564
"../../../Engine/Content/EngineMaterials/RemoveSurfaceMaterial.uexp" 565
"../../../Engine/Content/EngineMaterials/DefaultCalibrationGrayscale.uasset" 566
"../../../Engine/Content/EngineMaterials/DefaultCalibrationGrayscale.uexp" 567
"../../../Engine/Content/EngineMaterials/PPM_DefaultCalibrationGrayscale.uasset" 568
"../../../Engine/Content/EngineMaterials/PPM_DefaultCalibrationGrayscale.uexp" 569
"../../../Engine/Content/EngineMaterials/DefaultCalibrationColor.uasset" 570
"../../../Engine/Content/EngineMaterials/DefaultCalibrationColor.uexp" 571
"../../../Engine/Content/EngineMaterials/PPM_DefaultCalibrationColor.uasset" 572
"../../../Engine/Content/EngineMaterials/PPM_DefaultCalibrationColor.uexp" 573
"../../../Engine/Content/EngineMaterials/PhAT_JointLimitMaterial.uasset" 574
"../../../Engine/Content/EngineMaterials/PhAT_JointLimitMaterial.uexp" 575
"../../../Engine/Content/EngineMaterials/NaniteHiddenSectionMaterial.uasset" 576
"../../../Engine/Content/EngineMaterials/NaniteHiddenSectionMaterial.uexp" 577
"../../../Engine/Content/EngineMaterials/InvalidLightmapSettings.ubulk" 578
"../../../Engine/Content/EngineMaterials/InvalidLightmapSettings.uasset" 579
"../../../Engine/Content/EngineMaterials/InvalidLightmapSettings.uexp" 580
"../../../Engine/Content/EngineMaterials/M_InvalidLightmapSettings.uasset" 581
"../../../Engine/Content/EngineMaterials/M_InvalidLightmapSettings.uexp" 582
"../../../Engine/Content/EngineMaterials/GizmoMaterial.uasset" 583
"../../../Engine/Content/EngineMaterials/GizmoMaterial.uexp" 584
"../../../Engine/Content/EngineMaterials/BaseFlattenEmissiveMap_VT.uasset" 585
"../../../Engine/Content/EngineMaterials/BaseFlattenEmissiveMap_VT.uexp" 586
"../../../Engine/Content/EngineMaterials/BaseFlattenGrayscaleMap_VT.uasset" 587
"../../../Engine/Content/EngineMaterials/BaseFlattenGrayscaleMap_VT.uexp" 588
"../../../Engine/Content/EngineMaterials/BaseFlattenLinearColor_VT.uasset" 589
"../../../Engine/Content/EngineMaterials/BaseFlattenLinearColor_VT.uexp" 590
"../../../Engine/Content/EngineMaterials/Black_1x1_EXR_Texture_VT.uasset" 591
"../../../Engine/Content/EngineMaterials/Black_1x1_EXR_Texture_VT.uexp" 592
"../../../Engine/Content/EngineMaterials/BaseFlattenDiffuseMap_VT.uasset" 593
"../../../Engine/Content/EngineMaterials/BaseFlattenDiffuseMap_VT.uexp" 594
"../../../Engine/Content/EngineMaterials/BaseFlattenNormalMap_VT.uasset" 595
"../../../Engine/Content/EngineMaterials/BaseFlattenNormalMap_VT.uexp" 596
"../../../Engine/Content/EngineMaterials/FlattenMaterial_VT.uasset" 597
"../../../Engine/Content/EngineMaterials/FlattenMaterial_VT.uexp" 598
"../../../Engine/Content/EngineMaterials/BaseFlattenNormalMap.uasset" 599
"../../../Engine/Content/EngineMaterials/BaseFlattenNormalMap.uexp" 600
"../../../Engine/Content/EngineMaterials/BaseFlattenGrayscaleMap.uasset" 601
"../../../Engine/Content/EngineMaterials/BaseFlattenGrayscaleMap.uexp" 602
"../../../Engine/Content/EngineMaterials/BaseFlattenDiffuseMap.uasset" 603
"../../../Engine/Content/EngineMaterials/BaseFlattenDiffuseMap.uexp" 604
"../../../Engine/Content/Functions/Engine_MaterialFunctions02/PivotPainter2/Black_1x1_EXR_Texture.uasset" 605
"../../../Engine/Content/Functions/Engine_MaterialFunctions02/PivotPainter2/Black_1x1_EXR_Texture.uexp" 606
"../../../Engine/Content/EngineMaterials/BaseFlattenEmissiveMap.uasset" 607
"../../../Engine/Content/EngineMaterials/BaseFlattenEmissiveMap.uexp" 608
"../../../Engine/Content/EngineMaterials/BaseFlattenLinearColor.uasset" 609
"../../../Engine/Content/EngineMaterials/BaseFlattenLinearColor.uexp" 610
"../../../Engine/Content/EngineMaterials/FlattenMaterial.uasset" 611
"../../../Engine/Content/EngineMaterials/FlattenMaterial.uexp" 612
"../../../Engine/Content/EngineMaterials/DefaultWhiteGrid_Low.uasset" 613
"../../../Engine/Content/EngineMaterials/DefaultWhiteGrid_Low.uexp" 614
"../../../Engine/Content/EngineMaterials/EmissiveMeshMaterial.uasset" 615
"../../../Engine/Content/EngineMaterials/EmissiveMeshMaterial.uexp" 616
"../../../Engine/Content/EngineFonts/RobotoDistanceField.uasset" 617
"../../../Engine/Content/EngineFonts/RobotoDistanceField.uexp" 618
"../../../Engine/Content/EngineMaterials/DefaultTextMaterialOpaque.uasset" 619
"../../../Engine/Content/EngineMaterials/DefaultTextMaterialOpaque.uexp" 620
"../../../Engine/Content/EngineMaterials/DefaultDiffuse.ubulk" 621
"../../../Engine/Content/EngineMaterials/DefaultDiffuse.uasset" 622
"../../../Engine/Content/EngineMaterials/DefaultDiffuse.uexp" 623
"../../../Engine/Content/Functions/Engine_MaterialFunctions02/Utility/BreakOutFloat2Components.uasset" 624
"../../../Engine/Content/Functions/Engine_MaterialFunctions02/Utility/BreakOutFloat2Components.uexp" 625
"../../../Engine/Content/EngineMaterials/DefaultPostProcessMaterial.uasset" 626
"../../../Engine/Content/EngineMaterials/DefaultPostProcessMaterial.uexp" 627
"../../../Engine/Content/EngineMaterials/DefaultLightFunctionMaterial.uasset" 628
"../../../Engine/Content/EngineMaterials/DefaultLightFunctionMaterial.uexp" 629
"../../../Engine/Content/EngineMaterials/DefaultDestructiblePhysicalMaterial.uasset" 630
"../../../Engine/Content/EngineMaterials/DefaultDestructiblePhysicalMaterial.uexp" 631
"../../../Engine/Content/EngineMaterials/DefaultDeferredDecalMaterial.uasset" 632
"../../../Engine/Content/EngineMaterials/DefaultDeferredDecalMaterial.uexp" 633
"../../../Engine/Content/EngineMaterials/DefaultBloomKernel.uasset" 634
"../../../Engine/Content/EngineMaterials/DefaultBloomKernel.uexp" 635
"../../../Engine/Content/EngineFonts/Faces/RobotoLight.uexp" 636
"../../../Engine/Content/EngineFonts/Faces/RobotoLight.uasset" 637
"../../../Engine/Content/EngineFonts/Faces/RobotoLight.ufont" 638
"../../../Engine/Content/EngineFonts/Faces/RobotoBold.uexp" 639
"../../../Engine/Content/EngineFonts/Faces/RobotoBold.uasset" 640
"../../../Engine/Content/EngineFonts/Faces/RobotoBold.ufont" 641
"../../../Engine/Content/EngineFonts/Faces/RobotoRegular.uexp" 642
"../../../Engine/Content/EngineFonts/Faces/RobotoRegular.uasset" 643
"../../../Engine/Content/EngineFonts/Faces/RobotoRegular.ufont" 644
"../../../Engine/Content/EngineFonts/Faces/DroidSansFallback.uexp" 645
"../../../Engine/Content/EngineFonts/Faces/DroidSansFallback.uasset" 646
"../../../Engine/Content/EngineFonts/Faces/DroidSansFallback.ufont" 647
"../../../Engine/Content/EngineFonts/Faces/RobotoItalic.uexp" 648
"../../../Engine/Content/EngineFonts/Faces/RobotoItalic.uasset" 649
"../../../Engine/Content/EngineFonts/Faces/RobotoItalic.ufont" 650
"../../../Engine/Content/EngineFonts/Faces/RobotoBoldItalic.uexp" 651
"../../../Engine/Content/EngineFonts/Faces/RobotoBoldItalic.uasset" 652
"../../../Engine/Content/EngineFonts/Faces/RobotoBoldItalic.ufont" 653
"../../../Engine/Content/EngineFonts/Roboto.uasset" 654
"../../../Engine/Content/EngineFonts/Roboto.uexp" 655
"../../../Engine/Content/EngineDebugMaterials/VolumeToRender.uasset" 656
"../../../Engine/Content/EngineDebugMaterials/VolumeToRender.uexp" 657
"../../../Engine/Content/EngineDebugMaterials/M_VolumeRenderSphereTracePP.uasset" 658
"../../../Engine/Content/EngineDebugMaterials/M_VolumeRenderSphereTracePP.uexp" 659
"../../../Engine/Content/EngineDebugMaterials/M_SimpleUnlitTranslucent.uasset" 660
"../../../Engine/Content/EngineDebugMaterials/M_SimpleUnlitTranslucent.uexp" 661
"../../../Engine/Content/EngineDebugMaterials/DebugMeshMaterial.uasset" 662
"../../../Engine/Content/EngineDebugMaterials/DebugMeshMaterial.uexp" 663
"../../../Engine/Content/EngineDebugMaterials/DebugEditorMaterial.uasset" 664
"../../../Engine/Content/EngineDebugMaterials/DebugEditorMaterial.uexp" 665
"../../../Engine/Content/EngineDamageTypes/DmgTypeBP_Environmental.uasset" 666
"../../../Engine/Content/EngineDamageTypes/DmgTypeBP_Environmental.uexp" 667
"../../../Engine/Content/EditorResources/EmptyActor.uasset" 668
"../../../Engine/Content/EditorResources/EmptyActor.uexp" 669
"../../../Engine/Content/EditorResources/BSPVertex.uasset" 670
"../../../Engine/Content/EditorResources/BSPVertex.uexp" 671
"../../../Engine/Content/EditorMaterials/PreviewShadowIndicator.ubulk" 672
"../../../Engine/Content/EditorMaterials/PreviewShadowIndicator.uasset" 673
"../../../Engine/Content/EditorMaterials/PreviewShadowIndicator.uexp" 674
"../../../Engine/Content/EditorMaterials/PreviewShadowIndicatorMaterial.uasset" 675
"../../../Engine/Content/EditorMaterials/PreviewShadowIndicatorMaterial.uexp" 676
"../../../Engine/Content/EditorMaterials/PhAT_UnselectedMaterial.uasset" 677
"../../../Engine/Content/EditorMaterials/PhAT_UnselectedMaterial.uexp" 678
"../../../Engine/Content/EditorMaterials/PhAT_NoCollisionMaterial.uasset" 679
"../../../Engine/Content/EditorMaterials/PhAT_NoCollisionMaterial.uexp" 680
"../../../Engine/Content/EditorLandscapeResources/DefaultAlphaTexture.uasset" 681
"../../../Engine/Content/EditorLandscapeResources/DefaultAlphaTexture.uexp" 682
"../../../Engine/Content/EditorLandscapeResources/DataLayer.uasset" 683
"../../../Engine/Content/EditorLandscapeResources/DataLayer.uexp" 684
"../../../Engine/Content/BasicShapes/Sphere.ubulk" 685
"../../../Engine/Content/BasicShapes/Sphere.uasset" 686
"../../../Engine/Content/BasicShapes/Sphere.uexp" 687
"../../../Engine/Content/BasicShapes/Cylinder.ubulk" 688
"../../../Engine/Content/BasicShapes/Cylinder.uasset" 689
"../../../Engine/Content/BasicShapes/Cylinder.uexp" 690
"../../../Engine/Content/BasicShapes/Cube.ubulk" 691
"../../../Engine/Content/BasicShapes/Cube.uasset" 692
"../../../Engine/Content/BasicShapes/Cube.uexp" 693
"../../../Engine/Content/BasicShapes/Cone.ubulk" 694
"../../../Engine/Content/BasicShapes/Cone.uasset" 695
"../../../Engine/Content/BasicShapes/Cone.uexp" 696
"../../../Engine/Content/Animation/DefaultRecorderBoneCompression.uasset" 697
"../../../Engine/Content/Animation/DefaultRecorderBoneCompression.uexp" 698
"C:/Users/AlumnoM/Desktop/PINGUS/Juego/Penguin/Content/VehicleTemplate/Input/Actions/IA_Throttle.uasset" 699
"C:/Users/AlumnoM/Desktop/PINGUS/Juego/Penguin/Content/VehicleTemplate/Input/Actions/IA_Throttle.uexp" 700
"C:/Users/AlumnoM/Desktop/PINGUS/Juego/Penguin/Content/VehicleTemplate/Input/Actions/IA_Brake.uasset" 701
"C:/Users/AlumnoM/Desktop/PINGUS/Juego/Penguin/Content/VehicleTemplate/Input/Actions/IA_Brake.uexp" 702
"C:/Users/AlumnoM/Desktop/PINGUS/Juego/Penguin/Content/Vehicles/SportsCar/mat_11_002.uasset" 703
"C:/Users/AlumnoM/Desktop/PINGUS/Juego/Penguin/Content/Vehicles/SportsCar/mat_11_002.uexp" 704
"C:/Users/AlumnoM/Desktop/PINGUS/Juego/Penguin/Content/Vehicles/SportsCar/mat_4_005.uasset" 705
"C:/Users/AlumnoM/Desktop/PINGUS/Juego/Penguin/Content/Vehicles/SportsCar/mat_4_005.uexp" 706
"C:/Users/AlumnoM/Desktop/PINGUS/Juego/Penguin/Content/Vehicles/SportsCar/mat_10_002.uasset" 707
"C:/Users/AlumnoM/Desktop/PINGUS/Juego/Penguin/Content/Vehicles/SportsCar/mat_10_002.uexp" 708
"C:/Users/AlumnoM/Desktop/PINGUS/Juego/Penguin/Content/Vehicles/SportsCar/mat_5_002.uasset" 709
"C:/Users/AlumnoM/Desktop/PINGUS/Juego/Penguin/Content/Vehicles/SportsCar/mat_5_002.uexp" 710
"C:/Users/AlumnoM/Desktop/PINGUS/Juego/Penguin/Content/Vehicles/SportsCar/mat_3_002.uasset" 711
"C:/Users/AlumnoM/Desktop/PINGUS/Juego/Penguin/Content/Vehicles/SportsCar/mat_3_002.uexp" 712
"C:/Users/AlumnoM/Desktop/PINGUS/Juego/Penguin/Content/Vehicles/SportsCar/kart_reoriented_TESKELETON_PhysicsAsset.uasset" 713
"C:/Users/AlumnoM/Desktop/PINGUS/Juego/Penguin/Content/Vehicles/SportsCar/kart_reoriented_TESKELETON_PhysicsAsset.uexp" 714
"C:/Users/AlumnoM/Desktop/PINGUS/Juego/Penguin/Content/Vehicles/SportsCar/SportsCar_Skeleton.uasset" 715
"C:/Users/AlumnoM/Desktop/PINGUS/Juego/Penguin/Content/Vehicles/SportsCar/SportsCar_Skeleton.uexp" 716
"C:/Users/AlumnoM/Desktop/PINGUS/Juego/Penguin/Content/Vehicles/SportsCar/mat_4_002.uasset" 717
"C:/Users/AlumnoM/Desktop/PINGUS/Juego/Penguin/Content/Vehicles/SportsCar/mat_4_002.uexp" 718
"C:/Users/AlumnoM/Desktop/PINGUS/Juego/Penguin/Content/Vehicles/SportsCar/kart_reoriented_TESKELETON.uasset" 719
"C:/Users/AlumnoM/Desktop/PINGUS/Juego/Penguin/Content/Vehicles/SportsCar/kart_reoriented_TESKELETON.uexp" 720
"C:/Users/AlumnoM/Desktop/PINGUS/Juego/Penguin/Content/VehicleTemplate/Input/Actions/IA_ToggleCamera.uasset" 721
"C:/Users/AlumnoM/Desktop/PINGUS/Juego/Penguin/Content/VehicleTemplate/Input/Actions/IA_ToggleCamera.uexp" 722
"../../../Engine/Plugins/Animation/ControlRig/Content/Controls/DefaultGizmoLibraryNormalized.uasset" 723
"../../../Engine/Plugins/Animation/ControlRig/Content/Controls/DefaultGizmoLibraryNormalized.uexp" 724
"C:/Users/AlumnoM/Desktop/PINGUS/Juego/Penguin/Content/Vehicles/SportsCar/SportsCar_CtrlRig.uasset" 725
"C:/Users/AlumnoM/Desktop/PINGUS/Juego/Penguin/Content/Vehicles/SportsCar/SportsCar_CtrlRig.uexp" 726
"C:/Users/AlumnoM/Desktop/PINGUS/Juego/Penguin/Content/Vehicles/SportsCar/SportsCar_AnimBP.uasset" 727
"C:/Users/AlumnoM/Desktop/PINGUS/Juego/Penguin/Content/Vehicles/SportsCar/SportsCar_AnimBP.uexp" 728
"C:/Users/AlumnoM/Desktop/PINGUS/Juego/Penguin/Content/VehicleTemplate/Input/Actions/IA_Boost.uasset" 729
"C:/Users/AlumnoM/Desktop/PINGUS/Juego/Penguin/Content/VehicleTemplate/Input/Actions/IA_Boost.uexp" 730
"C:/Users/AlumnoM/Desktop/PINGUS/Juego/Penguin/Content/VehicleTemplate/Input/Actions/IA_Handbrake.uasset" 731
"C:/Users/AlumnoM/Desktop/PINGUS/Juego/Penguin/Content/VehicleTemplate/Input/Actions/IA_Handbrake.uexp" 732
"C:/Users/AlumnoM/Desktop/PINGUS/Juego/Penguin/Content/Vehicles/SportsCar/Materials/Textures/T_SportsCar_Tire_M_TGA.ubulk" 733
"C:/Users/AlumnoM/Desktop/PINGUS/Juego/Penguin/Content/Vehicles/SportsCar/Materials/Textures/T_SportsCar_Tire_M_TGA.uasset" 734
"C:/Users/AlumnoM/Desktop/PINGUS/Juego/Penguin/Content/Vehicles/SportsCar/Materials/Textures/T_SportsCar_Tire_M_TGA.uexp" 735
"C:/Users/AlumnoM/Desktop/PINGUS/Juego/Penguin/Content/Vehicles/SportsCar/Materials/Textures/T_SportsCar_Wheel_N.ubulk" 736
"C:/Users/AlumnoM/Desktop/PINGUS/Juego/Penguin/Content/Vehicles/SportsCar/Materials/Textures/T_SportsCar_Wheel_N.uasset" 737
"C:/Users/AlumnoM/Desktop/PINGUS/Juego/Penguin/Content/Vehicles/SportsCar/Materials/Textures/T_SportsCar_Wheel_N.uexp" 738
"C:/Users/AlumnoM/Desktop/PINGUS/Juego/Penguin/Content/Vehicles/SportsCar/Materials/Textures/T_SportsCar_Wheel_M.ubulk" 739
"C:/Users/AlumnoM/Desktop/PINGUS/Juego/Penguin/Content/Vehicles/SportsCar/Materials/Textures/T_SportsCar_Wheel_M.uasset" 740
"C:/Users/AlumnoM/Desktop/PINGUS/Juego/Penguin/Content/Vehicles/SportsCar/Materials/Textures/T_SportsCar_Wheel_M.uexp" 741
"C:/Users/AlumnoM/Desktop/PINGUS/Juego/Penguin/Content/Vehicles/SportsCar/Materials/M_SportsCar_Wheel.uasset" 742
"C:/Users/AlumnoM/Desktop/PINGUS/Juego/Penguin/Content/Vehicles/SportsCar/Materials/M_SportsCar_Wheel.uexp" 743
"C:/Users/AlumnoM/Desktop/PINGUS/Juego/Penguin/Content/Vehicles/SportsCar/Materials/Textures/T_SportsCar_Tire_N.ubulk" 744
"C:/Users/AlumnoM/Desktop/PINGUS/Juego/Penguin/Content/Vehicles/SportsCar/Materials/Textures/T_SportsCar_Tire_N.uasset" 745
"C:/Users/AlumnoM/Desktop/PINGUS/Juego/Penguin/Content/Vehicles/SportsCar/Materials/Textures/T_SportsCar_Tire_N.uexp" 746
"C:/Users/AlumnoM/Desktop/PINGUS/Juego/Penguin/Content/Vehicles/SportsCar/Materials/MI_SportsCar_Tire.uasset" 747
"C:/Users/AlumnoM/Desktop/PINGUS/Juego/Penguin/Content/Vehicles/SportsCar/Materials/MI_SportsCar_Tire.uexp" 748
"C:/Users/AlumnoM/Desktop/PINGUS/Juego/Penguin/Content/Vehicles/SportsCar/Materials/M_SportsCar_Lights.uasset" 749
"C:/Users/AlumnoM/Desktop/PINGUS/Juego/Penguin/Content/Vehicles/SportsCar/Materials/M_SportsCar_Lights.uexp" 750
"C:/Users/AlumnoM/Desktop/PINGUS/Juego/Penguin/Content/Vehicles/SportsCar/SportsCar_PhysicsAsset.uasset" 751
"C:/Users/AlumnoM/Desktop/PINGUS/Juego/Penguin/Content/Vehicles/SportsCar/SportsCar_PhysicsAsset.uexp" 752
"C:/Users/AlumnoM/Desktop/PINGUS/Juego/Penguin/Content/Vehicles/SportsCar/Materials/Textures/T_SportsCar_Body_BotN.ubulk" 753
"C:/Users/AlumnoM/Desktop/PINGUS/Juego/Penguin/Content/Vehicles/SportsCar/Materials/Textures/T_SportsCar_Body_BotN.uasset" 754
"C:/Users/AlumnoM/Desktop/PINGUS/Juego/Penguin/Content/Vehicles/SportsCar/Materials/Textures/T_SportsCar_Body_BotN.uexp" 755
"C:/Users/AlumnoM/Desktop/PINGUS/Juego/Penguin/Content/Vehicles/SportsCar/Materials/Textures/T_SportsCar_Body_N.ubulk" 756
"C:/Users/AlumnoM/Desktop/PINGUS/Juego/Penguin/Content/Vehicles/SportsCar/Materials/Textures/T_SportsCar_Body_N.uasset" 757
"C:/Users/AlumnoM/Desktop/PINGUS/Juego/Penguin/Content/Vehicles/SportsCar/Materials/Textures/T_SportsCar_Body_N.uexp" 758
"C:/Users/AlumnoM/Desktop/PINGUS/Juego/Penguin/Content/Vehicles/SportsCar/Materials/Textures/T_SportsCar_Body_Tan.ubulk" 759
"C:/Users/AlumnoM/Desktop/PINGUS/Juego/Penguin/Content/Vehicles/SportsCar/Materials/Textures/T_SportsCar_Body_Tan.uasset" 760
"C:/Users/AlumnoM/Desktop/PINGUS/Juego/Penguin/Content/Vehicles/SportsCar/Materials/Textures/T_SportsCar_Body_Tan.uexp" 761
"C:/Users/AlumnoM/Desktop/PINGUS/Juego/Penguin/Content/Vehicles/SportsCar/Materials/Textures/T_SportsCar_Body_CCRCCPlastic_M.ubulk" 762
"C:/Users/AlumnoM/Desktop/PINGUS/Juego/Penguin/Content/Vehicles/SportsCar/Materials/Textures/T_SportsCar_Body_CCRCCPlastic_M.uasset" 763
"C:/Users/AlumnoM/Desktop/PINGUS/Juego/Penguin/Content/Vehicles/SportsCar/Materials/Textures/T_SportsCar_Body_CCRCCPlastic_M.uexp" 764
"C:/Users/AlumnoM/Desktop/PINGUS/Juego/Penguin/Content/Vehicles/SportsCar/Materials/Textures/T_SportsCar_Body_MSR_M.ubulk" 765
"C:/Users/AlumnoM/Desktop/PINGUS/Juego/Penguin/Content/Vehicles/SportsCar/Materials/Textures/T_SportsCar_Body_MSR_M.uasset" 766
"C:/Users/AlumnoM/Desktop/PINGUS/Juego/Penguin/Content/Vehicles/SportsCar/Materials/Textures/T_SportsCar_Body_MSR_M.uexp" 767
"C:/Users/AlumnoM/Desktop/PINGUS/Juego/Penguin/Content/Vehicles/SportsCar/Materials/Textures/T_SportsCar_Body_BC.ubulk" 768
"C:/Users/AlumnoM/Desktop/PINGUS/Juego/Penguin/Content/Vehicles/SportsCar/Materials/Textures/T_SportsCar_Body_BC.uasset" 769
"C:/Users/AlumnoM/Desktop/PINGUS/Juego/Penguin/Content/Vehicles/SportsCar/Materials/Textures/T_SportsCar_Body_BC.uexp" 770
"C:/Users/AlumnoM/Desktop/PINGUS/Juego/Penguin/Content/Vehicles/SportsCar/Materials/Functions/ML_BaseColorFallOff.uasset" 771
"C:/Users/AlumnoM/Desktop/PINGUS/Juego/Penguin/Content/Vehicles/SportsCar/Materials/Functions/ML_BaseColorFallOff.uexp" 772
"C:/Users/AlumnoM/Desktop/PINGUS/Juego/Penguin/Content/Vehicles/SportsCar/Materials/Textures/T_SportsCar_Lights_M.ubulk" 773
"C:/Users/AlumnoM/Desktop/PINGUS/Juego/Penguin/Content/Vehicles/SportsCar/Materials/Textures/T_SportsCar_Lights_M.uasset" 774
"C:/Users/AlumnoM/Desktop/PINGUS/Juego/Penguin/Content/Vehicles/SportsCar/Materials/Textures/T_SportsCar_Lights_M.uexp" 775
"C:/Users/AlumnoM/Desktop/PINGUS/Juego/Penguin/Content/Vehicles/SportsCar/Materials/Textures/T_SportsCar_Body_ASAOP_M.ubulk" 776
"C:/Users/AlumnoM/Desktop/PINGUS/Juego/Penguin/Content/Vehicles/SportsCar/Materials/Textures/T_SportsCar_Body_ASAOP_M.uasset" 777
"C:/Users/AlumnoM/Desktop/PINGUS/Juego/Penguin/Content/Vehicles/SportsCar/Materials/Textures/T_SportsCar_Body_ASAOP_M.uexp" 778
"C:/Users/AlumnoM/Desktop/PINGUS/Juego/Penguin/Content/Vehicles/SportsCar/Materials/M_SportsCar.uasset" 779
"C:/Users/AlumnoM/Desktop/PINGUS/Juego/Penguin/Content/Vehicles/SportsCar/Materials/M_SportsCar.uexp" 780
"C:/Users/AlumnoM/Desktop/PINGUS/Juego/Penguin/Content/Vehicles/SportsCar/Materials/MI_SportsCar_Body.uasset" 781
"C:/Users/AlumnoM/Desktop/PINGUS/Juego/Penguin/Content/Vehicles/SportsCar/Materials/MI_SportsCar_Body.uexp" 782
"C:/Users/AlumnoM/Desktop/PINGUS/Juego/Penguin/Content/Vehicles/SportsCar/Materials/Textures/T_SportsCar_Chassis_MSR_M.ubulk" 783
"C:/Users/AlumnoM/Desktop/PINGUS/Juego/Penguin/Content/Vehicles/SportsCar/Materials/Textures/T_SportsCar_Chassis_MSR_M.uasset" 784
"C:/Users/AlumnoM/Desktop/PINGUS/Juego/Penguin/Content/Vehicles/SportsCar/Materials/Textures/T_SportsCar_Chassis_MSR_M.uexp" 785
"C:/Users/AlumnoM/Desktop/PINGUS/Juego/Penguin/Content/Vehicles/SportsCar/Materials/Textures/T_SportsCar_Chassis_CCRCCPlastic_M.ubulk" 786
"C:/Users/AlumnoM/Desktop/PINGUS/Juego/Penguin/Content/Vehicles/SportsCar/Materials/Textures/T_SportsCar_Chassis_CCRCCPlastic_M.uasset" 787
"C:/Users/AlumnoM/Desktop/PINGUS/Juego/Penguin/Content/Vehicles/SportsCar/Materials/Textures/T_SportsCar_Chassis_CCRCCPlastic_M.uexp" 788
"C:/Users/AlumnoM/Desktop/PINGUS/Juego/Penguin/Content/Vehicles/SportsCar/Materials/Textures/T_SportsCar_Chassis_ASAOP_M.ubulk" 789
"C:/Users/AlumnoM/Desktop/PINGUS/Juego/Penguin/Content/Vehicles/SportsCar/Materials/Textures/T_SportsCar_Chassis_ASAOP_M.uasset" 790
"C:/Users/AlumnoM/Desktop/PINGUS/Juego/Penguin/Content/Vehicles/SportsCar/Materials/Textures/T_SportsCar_Chassis_ASAOP_M.uexp" 791
"C:/Users/AlumnoM/Desktop/PINGUS/Juego/Penguin/Content/Vehicles/SportsCar/Materials/Textures/T_SportsCar_Chassis_BC.ubulk" 792
"C:/Users/AlumnoM/Desktop/PINGUS/Juego/Penguin/Content/Vehicles/SportsCar/Materials/Textures/T_SportsCar_Chassis_BC.uasset" 793
"C:/Users/AlumnoM/Desktop/PINGUS/Juego/Penguin/Content/Vehicles/SportsCar/Materials/Textures/T_SportsCar_Chassis_BC.uexp" 794
"C:/Users/AlumnoM/Desktop/PINGUS/Juego/Penguin/Content/Vehicles/SportsCar/Materials/Textures/T_SportsCar_Chassis_BotN.ubulk" 795
"C:/Users/AlumnoM/Desktop/PINGUS/Juego/Penguin/Content/Vehicles/SportsCar/Materials/Textures/T_SportsCar_Chassis_BotN.uasset" 796
"C:/Users/AlumnoM/Desktop/PINGUS/Juego/Penguin/Content/Vehicles/SportsCar/Materials/Textures/T_SportsCar_Chassis_BotN.uexp" 797
"C:/Users/AlumnoM/Desktop/PINGUS/Juego/Penguin/Content/Vehicles/SportsCar/Materials/MI_SportsCar_Chassis.uasset" 798
"C:/Users/AlumnoM/Desktop/PINGUS/Juego/Penguin/Content/Vehicles/SportsCar/Materials/MI_SportsCar_Chassis.uexp" 799
"C:/Users/AlumnoM/Desktop/PINGUS/Juego/Penguin/Content/Vehicles/SportsCar/SKM_SportsCar.uasset" 800
"C:/Users/AlumnoM/Desktop/PINGUS/Juego/Penguin/Content/Vehicles/SportsCar/SKM_SportsCar.uexp" 801
"C:/Users/AlumnoM/Desktop/PINGUS/Juego/Penguin/Content/VehicleTemplate/Blueprints/SportsCar/SportsCar_TorqueCurve.uasset" 802
"C:/Users/AlumnoM/Desktop/PINGUS/Juego/Penguin/Content/VehicleTemplate/Blueprints/SportsCar/SportsCar_TorqueCurve.uexp" 803
"C:/Users/AlumnoM/Desktop/PINGUS/Juego/Penguin/Content/VehicleTemplate/Input/Actions/IA_LookAround.uasset" 804
"C:/Users/AlumnoM/Desktop/PINGUS/Juego/Penguin/Content/VehicleTemplate/Input/Actions/IA_LookAround.uexp" 805
"C:/Users/AlumnoM/Desktop/PINGUS/Juego/Penguin/Content/VehicleTemplate/Blueprints/SportsCar/SportsCar_WheelsFront.uasset" 806
"C:/Users/AlumnoM/Desktop/PINGUS/Juego/Penguin/Content/VehicleTemplate/Blueprints/SportsCar/SportsCar_WheelsFront.uexp" 807
"C:/Users/AlumnoM/Desktop/PINGUS/Juego/Penguin/Content/AI/BPI_Vehicle.uasset" 808
"C:/Users/AlumnoM/Desktop/PINGUS/Juego/Penguin/Content/AI/BPI_Vehicle.uexp" 809
"C:/Users/AlumnoM/Desktop/PINGUS/Juego/Penguin/Content/AI/CarAI.uasset" 810
"C:/Users/AlumnoM/Desktop/PINGUS/Juego/Penguin/Content/AI/CarAI.uexp" 811
"C:/Users/AlumnoM/Desktop/PINGUS/Juego/Penguin/Content/VehicleTemplate/Input/Actions/IA_Steering.uasset" 812
"C:/Users/AlumnoM/Desktop/PINGUS/Juego/Penguin/Content/VehicleTemplate/Input/Actions/IA_Steering.uexp" 813
"C:/Users/AlumnoM/Desktop/PINGUS/Juego/Penguin/Content/VehicleTemplate/Input/Actions/IA_Pause.uasset" 814
"C:/Users/AlumnoM/Desktop/PINGUS/Juego/Penguin/Content/VehicleTemplate/Input/Actions/IA_Pause.uexp" 815
"C:/Users/AlumnoM/Desktop/PINGUS/Juego/Penguin/Content/Menus/PauseMenu/PauseMenu.uasset" 816
"C:/Users/AlumnoM/Desktop/PINGUS/Juego/Penguin/Content/Menus/PauseMenu/PauseMenu.uexp" 817
"C:/Users/AlumnoM/Desktop/PINGUS/Juego/Penguin/Content/VehicleTemplate/Blueprints/True_kart3/kart_rig_PhysicsAsset.uasset" 818
"C:/Users/AlumnoM/Desktop/PINGUS/Juego/Penguin/Content/VehicleTemplate/Blueprints/True_kart3/kart_rig_PhysicsAsset.uexp" 819
"C:/Users/AlumnoM/Desktop/PINGUS/Juego/Penguin/Content/VehicleTemplate/Blueprints/True_kart3/kart_rig_Skeleton.uasset" 820
"C:/Users/AlumnoM/Desktop/PINGUS/Juego/Penguin/Content/VehicleTemplate/Blueprints/True_kart3/kart_rig_Skeleton.uexp" 821
"C:/Users/AlumnoM/Desktop/PINGUS/Juego/Penguin/Content/VehicleTemplate/Blueprints/True_kart3/kart_rig.uasset" 822
"C:/Users/AlumnoM/Desktop/PINGUS/Juego/Penguin/Content/VehicleTemplate/Blueprints/True_kart3/kart_rig.uexp" 823
"C:/Users/AlumnoM/Desktop/PINGUS/Juego/Penguin/Content/VehicleTemplate/Input/Actions/IA_Reset.uasset" 824
"C:/Users/AlumnoM/Desktop/PINGUS/Juego/Penguin/Content/VehicleTemplate/Input/Actions/IA_Reset.uexp" 825
"../../../Engine/Plugins/Animation/ACLPlugin/Content/ACLAnimBoneCompressionSettings.uasset" 826
"../../../Engine/Plugins/Animation/ACLPlugin/Content/ACLAnimBoneCompressionSettings.uexp" 827
"../../../Engine/Content/Animation/DefaultVariableFrameStrippingSettings.uasset" 828
"../../../Engine/Content/Animation/DefaultVariableFrameStrippingSettings.uexp" 829
"../../../Engine/Plugins/Animation/ACLPlugin/Content/ACLAnimCurveCompressionSettings.uasset" 830
"../../../Engine/Plugins/Animation/ACLPlugin/Content/ACLAnimCurveCompressionSettings.uexp" 831
"C:/Users/AlumnoM/Desktop/PINGUS/Juego/Penguin/Content/VehicleTemplate/Blueprints/True_kart3/kart_rig_idle.uasset" 832
"C:/Users/AlumnoM/Desktop/PINGUS/Juego/Penguin/Content/VehicleTemplate/Blueprints/True_kart3/kart_rig_idle.uexp" 833
"C:/Users/AlumnoM/Desktop/PINGUS/Juego/Penguin/Content/VehicleTemplate/Blueprints/True_kart3/ABP_Kart.uasset" 834
"C:/Users/AlumnoM/Desktop/PINGUS/Juego/Penguin/Content/VehicleTemplate/Blueprints/True_kart3/ABP_Kart.uexp" 835
"C:/Users/AlumnoM/Desktop/PINGUS/Juego/Penguin/Content/VehicleTemplate/Blueprints/SportsCar/SportsCar_WheelsRear.uasset" 836
"C:/Users/AlumnoM/Desktop/PINGUS/Juego/Penguin/Content/VehicleTemplate/Blueprints/SportsCar/SportsCar_WheelsRear.uexp" 837
"C:/Users/AlumnoM/Desktop/PINGUS/Juego/Penguin/Content/VehicleTemplate/Blueprints/Kart3/Kart3.uasset" 838
"C:/Users/AlumnoM/Desktop/PINGUS/Juego/Penguin/Content/VehicleTemplate/Blueprints/Kart3/Kart3.uexp" 839
"C:/Users/AlumnoM/Desktop/PINGUS/Juego/Penguin/Content/Menus/LevelSelector/Menu_Lvls/Main_Menu.uasset" 840
"C:/Users/AlumnoM/Desktop/PINGUS/Juego/Penguin/Content/Menus/LevelSelector/Menu_Lvls/Main_Menu.uexp" 841
"C:/Users/AlumnoM/Desktop/PINGUS/Juego/Penguin/Content/VehicleTemplate/Blueprints/timer/WinScreen.uasset" 842
"C:/Users/AlumnoM/Desktop/PINGUS/Juego/Penguin/Content/VehicleTemplate/Blueprints/timer/WinScreen.uexp" 843
"C:/Users/AlumnoM/Desktop/PINGUS/Juego/Penguin/Content/VehicleTemplate/Blueprints/timer/Timer.uasset" 844
"C:/Users/AlumnoM/Desktop/PINGUS/Juego/Penguin/Content/VehicleTemplate/Blueprints/timer/Timer.uexp" 845
"C:/Users/AlumnoM/Desktop/PINGUS/Juego/Penguin/Content/VehicleTemplate/Blueprints/VehicleAdvPawn.uasset" 846
"C:/Users/AlumnoM/Desktop/PINGUS/Juego/Penguin/Content/VehicleTemplate/Blueprints/VehicleAdvPawn.uexp" 847
"C:/Users/AlumnoM/Desktop/PINGUS/Juego/Penguin/Content/VehicleTemplate/Blueprints/timer/BP_PauseTimer.uasset" 848
"C:/Users/AlumnoM/Desktop/PINGUS/Juego/Penguin/Content/VehicleTemplate/Blueprints/timer/BP_PauseTimer.uexp" 849
"../../../Engine/Plugins/Interchange/Runtime/Content/Functions/MF_PhongToMetalRoughness.uasset" 850
"../../../Engine/Plugins/Interchange/Runtime/Content/Functions/MF_PhongToMetalRoughness.uexp" 851
"C:/Users/AlumnoM/Desktop/PINGUS/Juego/Penguin/Content/Vehicles/test_car/TEX_bluecornet.ubulk" 852
"C:/Users/AlumnoM/Desktop/PINGUS/Juego/Penguin/Content/Vehicles/test_car/TEX_bluecornet.uasset" 853
"C:/Users/AlumnoM/Desktop/PINGUS/Juego/Penguin/Content/Vehicles/test_car/TEX_bluecornet.uexp" 854
"C:/Users/AlumnoM/Desktop/PINGUS/Juego/Penguin/Content/Vehicles/test_car/mat_5_001.uasset" 855
"C:/Users/AlumnoM/Desktop/PINGUS/Juego/Penguin/Content/Vehicles/test_car/mat_5_001.uexp" 856
"C:/Users/AlumnoM/Desktop/PINGUS/Juego/Penguin/Content/Vehicles/test_car/TEX_bluecornettracks.ubulk" 857
"C:/Users/AlumnoM/Desktop/PINGUS/Juego/Penguin/Content/Vehicles/test_car/TEX_bluecornettracks.uasset" 858
"C:/Users/AlumnoM/Desktop/PINGUS/Juego/Penguin/Content/Vehicles/test_car/TEX_bluecornettracks.uexp" 859
"C:/Users/AlumnoM/Desktop/PINGUS/Juego/Penguin/Content/Vehicles/test_car/mat_4_004.uasset" 860
"C:/Users/AlumnoM/Desktop/PINGUS/Juego/Penguin/Content/Vehicles/test_car/mat_4_004.uexp" 861
"C:/Users/AlumnoM/Desktop/PINGUS/Juego/Penguin/Content/Vehicles/test_car/mat_4_001.uasset" 862
"C:/Users/AlumnoM/Desktop/PINGUS/Juego/Penguin/Content/Vehicles/test_car/mat_4_001.uexp" 863
"C:/Users/AlumnoM/Desktop/PINGUS/Juego/Penguin/Content/Vehicles/test_car/mat_3_001.uasset" 864
"C:/Users/AlumnoM/Desktop/PINGUS/Juego/Penguin/Content/Vehicles/test_car/mat_3_001.uexp" 865
"C:/Users/AlumnoM/Desktop/PINGUS/Juego/Penguin/Content/Vehicles/test_car/mat_11_001.uasset" 866
"C:/Users/AlumnoM/Desktop/PINGUS/Juego/Penguin/Content/Vehicles/test_car/mat_11_001.uexp" 867
"C:/Users/AlumnoM/Desktop/PINGUS/Juego/Penguin/Content/Vehicles/test_car/mat_10_001.uasset" 868
"C:/Users/AlumnoM/Desktop/PINGUS/Juego/Penguin/Content/Vehicles/test_car/mat_10_001.uexp" 869
"C:/Users/AlumnoM/Desktop/PINGUS/Juego/Penguin/Content/Vehicles/test_car/chuckice.ubulk" 870
"C:/Users/AlumnoM/Desktop/PINGUS/Juego/Penguin/Content/Vehicles/test_car/chuckice.uasset" 871
"C:/Users/AlumnoM/Desktop/PINGUS/Juego/Penguin/Content/Vehicles/test_car/chuckice.uexp" 872
"C:/Users/AlumnoM/Desktop/PINGUS/Juego/Penguin/Content/Vehicles/test_car/bluecornettracks.ubulk" 873
"C:/Users/AlumnoM/Desktop/PINGUS/Juego/Penguin/Content/Vehicles/test_car/bluecornettracks.uasset" 874
"C:/Users/AlumnoM/Desktop/PINGUS/Juego/Penguin/Content/Vehicles/test_car/bluecornettracks.uexp" 875
"C:/Users/AlumnoM/Desktop/PINGUS/Juego/Penguin/Content/Vehicles/test_car/bluecornet.ubulk" 876
"C:/Users/AlumnoM/Desktop/PINGUS/Juego/Penguin/Content/Vehicles/test_car/bluecornet.uasset" 877
"C:/Users/AlumnoM/Desktop/PINGUS/Juego/Penguin/Content/Vehicles/test_car/bluecornet.uexp" 878
"C:/Users/AlumnoM/Desktop/PINGUS/Juego/Penguin/Content/Vehicles/SportsCar/StaticMesh.ubulk" 879
"C:/Users/AlumnoM/Desktop/PINGUS/Juego/Penguin/Content/Vehicles/SportsCar/StaticMesh.uasset" 880
"C:/Users/AlumnoM/Desktop/PINGUS/Juego/Penguin/Content/Vehicles/SportsCar/StaticMesh.uexp" 881
"C:/Users/AlumnoM/Desktop/PINGUS/Juego/Penguin/Content/Tracks/Prueba_mapa2/BlokingCircuito3_01_Sphere_005.ubulk" 882
"C:/Users/AlumnoM/Desktop/PINGUS/Juego/Penguin/Content/Tracks/Prueba_mapa2/BlokingCircuito3_01_Sphere_005.uasset" 883
"C:/Users/AlumnoM/Desktop/PINGUS/Juego/Penguin/Content/Tracks/Prueba_mapa2/BlokingCircuito3_01_Sphere_005.uexp" 884
"C:/Users/AlumnoM/Desktop/PINGUS/Juego/Penguin/Content/Tracks/Prueba_mapa2/BlokingCircuito3_01_Sphere_004.ubulk" 885
"C:/Users/AlumnoM/Desktop/PINGUS/Juego/Penguin/Content/Tracks/Prueba_mapa2/BlokingCircuito3_01_Sphere_004.uasset" 886
"C:/Users/AlumnoM/Desktop/PINGUS/Juego/Penguin/Content/Tracks/Prueba_mapa2/BlokingCircuito3_01_Sphere_004.uexp" 887
"C:/Users/AlumnoM/Desktop/PINGUS/Juego/Penguin/Content/Tracks/Prueba_mapa2/BlokingCircuito3_01_Sphere_003.ubulk" 888
"C:/Users/AlumnoM/Desktop/PINGUS/Juego/Penguin/Content/Tracks/Prueba_mapa2/BlokingCircuito3_01_Sphere_003.uasset" 889
"C:/Users/AlumnoM/Desktop/PINGUS/Juego/Penguin/Content/Tracks/Prueba_mapa2/BlokingCircuito3_01_Sphere_003.uexp" 890
"C:/Users/AlumnoM/Desktop/PINGUS/Juego/Penguin/Content/Tracks/Prueba_mapa2/BlokingCircuito3_01_Sphere_001.ubulk" 891
"C:/Users/AlumnoM/Desktop/PINGUS/Juego/Penguin/Content/Tracks/Prueba_mapa2/BlokingCircuito3_01_Sphere_001.uasset" 892
"C:/Users/AlumnoM/Desktop/PINGUS/Juego/Penguin/Content/Tracks/Prueba_mapa2/BlokingCircuito3_01_Sphere_001.uexp" 893
"C:/Users/AlumnoM/Desktop/PINGUS/Juego/Penguin/Content/Tracks/Prueba_mapa2/BlokingCircuito3_01_Sphere.ubulk" 894
"C:/Users/AlumnoM/Desktop/PINGUS/Juego/Penguin/Content/Tracks/Prueba_mapa2/BlokingCircuito3_01_Sphere.uasset" 895
"C:/Users/AlumnoM/Desktop/PINGUS/Juego/Penguin/Content/Tracks/Prueba_mapa2/BlokingCircuito3_01_Sphere.uexp" 896
"C:/Users/AlumnoM/Desktop/PINGUS/Juego/Penguin/Content/Tracks/Prueba_mapa2/BlokingCircuito3_01_Plane_004.ubulk" 897
"C:/Users/AlumnoM/Desktop/PINGUS/Juego/Penguin/Content/Tracks/Prueba_mapa2/BlokingCircuito3_01_Plane_004.uasset" 898
"C:/Users/AlumnoM/Desktop/PINGUS/Juego/Penguin/Content/Tracks/Prueba_mapa2/BlokingCircuito3_01_Plane_004.uexp" 899
"C:/Users/AlumnoM/Desktop/PINGUS/Juego/Penguin/Content/Tracks/Prueba_mapa2/BlokingCircuito3_01_Plane_001.ubulk" 900
"C:/Users/AlumnoM/Desktop/PINGUS/Juego/Penguin/Content/Tracks/Prueba_mapa2/BlokingCircuito3_01_Plane_001.uasset" 901
"C:/Users/AlumnoM/Desktop/PINGUS/Juego/Penguin/Content/Tracks/Prueba_mapa2/BlokingCircuito3_01_Plane_001.uexp" 902
"C:/Users/AlumnoM/Desktop/PINGUS/Juego/Penguin/Content/Tracks/Prueba_mapa2/BlokingCircuito3_01_NurbsPath_002.ubulk" 903
"C:/Users/AlumnoM/Desktop/PINGUS/Juego/Penguin/Content/Tracks/Prueba_mapa2/BlokingCircuito3_01_NurbsPath_002.uasset" 904
"C:/Users/AlumnoM/Desktop/PINGUS/Juego/Penguin/Content/Tracks/Prueba_mapa2/BlokingCircuito3_01_NurbsPath_002.uexp" 905
"C:/Users/AlumnoM/Desktop/PINGUS/Juego/Penguin/Content/Tracks/Prueba_mapa2/BlokingCircuito3_01_Iceberg_01_pocho.ubulk" 906
"C:/Users/AlumnoM/Desktop/PINGUS/Juego/Penguin/Content/Tracks/Prueba_mapa2/BlokingCircuito3_01_Iceberg_01_pocho.uasset" 907
"C:/Users/AlumnoM/Desktop/PINGUS/Juego/Penguin/Content/Tracks/Prueba_mapa2/BlokingCircuito3_01_Iceberg_01_pocho.uexp" 908
"C:/Users/AlumnoM/Desktop/PINGUS/Juego/Penguin/Content/Tracks/Prueba_mapa2/BlokingCircuito3_01_Cylinder_027.ubulk" 909
"C:/Users/AlumnoM/Desktop/PINGUS/Juego/Penguin/Content/Tracks/Prueba_mapa2/BlokingCircuito3_01_Cylinder_027.uasset" 910
"C:/Users/AlumnoM/Desktop/PINGUS/Juego/Penguin/Content/Tracks/Prueba_mapa2/BlokingCircuito3_01_Cylinder_027.uexp" 911
"C:/Users/AlumnoM/Desktop/PINGUS/Juego/Penguin/Content/Tracks/Prueba_mapa2/BlokingCircuito3_01_Cylinder_026.ubulk" 912
"C:/Users/AlumnoM/Desktop/PINGUS/Juego/Penguin/Content/Tracks/Prueba_mapa2/BlokingCircuito3_01_Cylinder_026.uasset" 913
"C:/Users/AlumnoM/Desktop/PINGUS/Juego/Penguin/Content/Tracks/Prueba_mapa2/BlokingCircuito3_01_Cylinder_026.uexp" 914
"C:/Users/AlumnoM/Desktop/PINGUS/Juego/Penguin/Content/Tracks/Prueba_mapa2/BlokingCircuito3_01_Cylinder_025.ubulk" 915
"C:/Users/AlumnoM/Desktop/PINGUS/Juego/Penguin/Content/Tracks/Prueba_mapa2/BlokingCircuito3_01_Cylinder_025.uasset" 916
"C:/Users/AlumnoM/Desktop/PINGUS/Juego/Penguin/Content/Tracks/Prueba_mapa2/BlokingCircuito3_01_Cylinder_025.uexp" 917
"C:/Users/AlumnoM/Desktop/PINGUS/Juego/Penguin/Content/Tracks/Prueba_mapa2/BlokingCircuito3_01_Cylinder_024.ubulk" 918
"C:/Users/AlumnoM/Desktop/PINGUS/Juego/Penguin/Content/Tracks/Prueba_mapa2/BlokingCircuito3_01_Cylinder_024.uasset" 919
"C:/Users/AlumnoM/Desktop/PINGUS/Juego/Penguin/Content/Tracks/Prueba_mapa2/BlokingCircuito3_01_Cylinder_024.uexp" 920
"C:/Users/AlumnoM/Desktop/PINGUS/Juego/Penguin/Content/Tracks/Prueba_mapa2/BlokingCircuito3_01_Cylinder_023.ubulk" 921
"C:/Users/AlumnoM/Desktop/PINGUS/Juego/Penguin/Content/Tracks/Prueba_mapa2/BlokingCircuito3_01_Cylinder_023.uasset" 922
"C:/Users/AlumnoM/Desktop/PINGUS/Juego/Penguin/Content/Tracks/Prueba_mapa2/BlokingCircuito3_01_Cylinder_023.uexp" 923
"C:/Users/AlumnoM/Desktop/PINGUS/Juego/Penguin/Content/Tracks/Prueba_mapa2/BlokingCircuito3_01_Cylinder_022.ubulk" 924
"C:/Users/AlumnoM/Desktop/PINGUS/Juego/Penguin/Content/Tracks/Prueba_mapa2/BlokingCircuito3_01_Cylinder_022.uasset" 925
"C:/Users/AlumnoM/Desktop/PINGUS/Juego/Penguin/Content/Tracks/Prueba_mapa2/BlokingCircuito3_01_Cylinder_022.uexp" 926
"C:/Users/AlumnoM/Desktop/PINGUS/Juego/Penguin/Content/Tracks/Prueba_mapa2/BlokingCircuito3_01_Cylinder_021.ubulk" 927
"C:/Users/AlumnoM/Desktop/PINGUS/Juego/Penguin/Content/Tracks/Prueba_mapa2/BlokingCircuito3_01_Cylinder_021.uasset" 928
"C:/Users/AlumnoM/Desktop/PINGUS/Juego/Penguin/Content/Tracks/Prueba_mapa2/BlokingCircuito3_01_Cylinder_021.uexp" 929
"C:/Users/AlumnoM/Desktop/PINGUS/Juego/Penguin/Content/Tracks/Prueba_mapa2/BlokingCircuito3_01_Cylinder_020.ubulk" 930
"C:/Users/AlumnoM/Desktop/PINGUS/Juego/Penguin/Content/Tracks/Prueba_mapa2/BlokingCircuito3_01_Cylinder_020.uasset" 931
"C:/Users/AlumnoM/Desktop/PINGUS/Juego/Penguin/Content/Tracks/Prueba_mapa2/BlokingCircuito3_01_Cylinder_020.uexp" 932
"C:/Users/AlumnoM/Desktop/PINGUS/Juego/Penguin/Content/Tracks/Prueba_mapa2/BlokingCircuito3_01_Cylinder_019.ubulk" 933
"C:/Users/AlumnoM/Desktop/PINGUS/Juego/Penguin/Content/Tracks/Prueba_mapa2/BlokingCircuito3_01_Cylinder_019.uasset" 934
"C:/Users/AlumnoM/Desktop/PINGUS/Juego/Penguin/Content/Tracks/Prueba_mapa2/BlokingCircuito3_01_Cylinder_019.uexp" 935
"C:/Users/AlumnoM/Desktop/PINGUS/Juego/Penguin/Content/Tracks/Prueba_mapa2/BlokingCircuito3_01_Cylinder_018.ubulk" 936
"C:/Users/AlumnoM/Desktop/PINGUS/Juego/Penguin/Content/Tracks/Prueba_mapa2/BlokingCircuito3_01_Cylinder_018.uasset" 937
"C:/Users/AlumnoM/Desktop/PINGUS/Juego/Penguin/Content/Tracks/Prueba_mapa2/BlokingCircuito3_01_Cylinder_018.uexp" 938
"C:/Users/AlumnoM/Desktop/PINGUS/Juego/Penguin/Content/Tracks/Prueba_mapa2/BlokingCircuito3_01_Cylinder_017.ubulk" 939
"C:/Users/AlumnoM/Desktop/PINGUS/Juego/Penguin/Content/Tracks/Prueba_mapa2/BlokingCircuito3_01_Cylinder_017.uasset" 940
"C:/Users/AlumnoM/Desktop/PINGUS/Juego/Penguin/Content/Tracks/Prueba_mapa2/BlokingCircuito3_01_Cylinder_017.uexp" 941
"C:/Users/AlumnoM/Desktop/PINGUS/Juego/Penguin/Content/Tracks/Prueba_mapa2/BlokingCircuito3_01_Cylinder_016.ubulk" 942
"C:/Users/AlumnoM/Desktop/PINGUS/Juego/Penguin/Content/Tracks/Prueba_mapa2/BlokingCircuito3_01_Cylinder_016.uasset" 943
"C:/Users/AlumnoM/Desktop/PINGUS/Juego/Penguin/Content/Tracks/Prueba_mapa2/BlokingCircuito3_01_Cylinder_016.uexp" 944
"C:/Users/AlumnoM/Desktop/PINGUS/Juego/Penguin/Content/Tracks/Prueba_mapa2/BlokingCircuito3_01_Cylinder_015.ubulk" 945
"C:/Users/AlumnoM/Desktop/PINGUS/Juego/Penguin/Content/Tracks/Prueba_mapa2/BlokingCircuito3_01_Cylinder_015.uasset" 946
"C:/Users/AlumnoM/Desktop/PINGUS/Juego/Penguin/Content/Tracks/Prueba_mapa2/BlokingCircuito3_01_Cylinder_015.uexp" 947
"C:/Users/AlumnoM/Desktop/PINGUS/Juego/Penguin/Content/Tracks/Prueba_mapa2/BlokingCircuito3_01_Cylinder_014.ubulk" 948
"C:/Users/AlumnoM/Desktop/PINGUS/Juego/Penguin/Content/Tracks/Prueba_mapa2/BlokingCircuito3_01_Cylinder_014.uasset" 949
"C:/Users/AlumnoM/Desktop/PINGUS/Juego/Penguin/Content/Tracks/Prueba_mapa2/BlokingCircuito3_01_Cylinder_014.uexp" 950
"C:/Users/AlumnoM/Desktop/PINGUS/Juego/Penguin/Content/Tracks/Prueba_mapa2/BlokingCircuito3_01_Cylinder_013.ubulk" 951
"C:/Users/AlumnoM/Desktop/PINGUS/Juego/Penguin/Content/Tracks/Prueba_mapa2/BlokingCircuito3_01_Cylinder_013.uasset" 952
"C:/Users/AlumnoM/Desktop/PINGUS/Juego/Penguin/Content/Tracks/Prueba_mapa2/BlokingCircuito3_01_Cylinder_013.uexp" 953
"C:/Users/AlumnoM/Desktop/PINGUS/Juego/Penguin/Content/Tracks/Prueba_mapa2/BlokingCircuito3_01_Cylinder_012.ubulk" 954
"C:/Users/AlumnoM/Desktop/PINGUS/Juego/Penguin/Content/Tracks/Prueba_mapa2/BlokingCircuito3_01_Cylinder_012.uasset" 955
"C:/Users/AlumnoM/Desktop/PINGUS/Juego/Penguin/Content/Tracks/Prueba_mapa2/BlokingCircuito3_01_Cylinder_012.uexp" 956
"C:/Users/AlumnoM/Desktop/PINGUS/Juego/Penguin/Content/Tracks/Prueba_mapa2/BlokingCircuito3_01_Cylinder_011.ubulk" 957
"C:/Users/AlumnoM/Desktop/PINGUS/Juego/Penguin/Content/Tracks/Prueba_mapa2/BlokingCircuito3_01_Cylinder_011.uasset" 958
"C:/Users/AlumnoM/Desktop/PINGUS/Juego/Penguin/Content/Tracks/Prueba_mapa2/BlokingCircuito3_01_Cylinder_011.uexp" 959
"C:/Users/AlumnoM/Desktop/PINGUS/Juego/Penguin/Content/Tracks/Prueba_mapa2/BlokingCircuito3_01_Cylinder_010.ubulk" 960
"C:/Users/AlumnoM/Desktop/PINGUS/Juego/Penguin/Content/Tracks/Prueba_mapa2/BlokingCircuito3_01_Cylinder_010.uasset" 961
"C:/Users/AlumnoM/Desktop/PINGUS/Juego/Penguin/Content/Tracks/Prueba_mapa2/BlokingCircuito3_01_Cylinder_010.uexp" 962
"C:/Users/AlumnoM/Desktop/PINGUS/Juego/Penguin/Content/Tracks/Prueba_mapa2/BlokingCircuito3_01_Cylinder_009.ubulk" 963
"C:/Users/AlumnoM/Desktop/PINGUS/Juego/Penguin/Content/Tracks/Prueba_mapa2/BlokingCircuito3_01_Cylinder_009.uasset" 964
"C:/Users/AlumnoM/Desktop/PINGUS/Juego/Penguin/Content/Tracks/Prueba_mapa2/BlokingCircuito3_01_Cylinder_009.uexp" 965
"C:/Users/AlumnoM/Desktop/PINGUS/Juego/Penguin/Content/Tracks/Prueba_mapa2/BlokingCircuito3_01_Cylinder_008.ubulk" 966
"C:/Users/AlumnoM/Desktop/PINGUS/Juego/Penguin/Content/Tracks/Prueba_mapa2/BlokingCircuito3_01_Cylinder_008.uasset" 967
"C:/Users/AlumnoM/Desktop/PINGUS/Juego/Penguin/Content/Tracks/Prueba_mapa2/BlokingCircuito3_01_Cylinder_008.uexp" 968
"C:/Users/AlumnoM/Desktop/PINGUS/Juego/Penguin/Content/Tracks/Prueba_mapa2/BlokingCircuito3_01_Cylinder_007.ubulk" 969
"C:/Users/AlumnoM/Desktop/PINGUS/Juego/Penguin/Content/Tracks/Prueba_mapa2/BlokingCircuito3_01_Cylinder_007.uasset" 970
"C:/Users/AlumnoM/Desktop/PINGUS/Juego/Penguin/Content/Tracks/Prueba_mapa2/BlokingCircuito3_01_Cylinder_007.uexp" 971
"C:/Users/AlumnoM/Desktop/PINGUS/Juego/Penguin/Content/Tracks/Prueba_mapa2/BlokingCircuito3_01_Cylinder_001.ubulk" 972
"C:/Users/AlumnoM/Desktop/PINGUS/Juego/Penguin/Content/Tracks/Prueba_mapa2/BlokingCircuito3_01_Cylinder_001.uasset" 973
"C:/Users/AlumnoM/Desktop/PINGUS/Juego/Penguin/Content/Tracks/Prueba_mapa2/BlokingCircuito3_01_Cylinder_001.uexp" 974
"C:/Users/AlumnoM/Desktop/PINGUS/Juego/Penguin/Content/Tracks/Prueba_mapa2/BlokingCircuito3_01_Cylinder.ubulk" 975
"C:/Users/AlumnoM/Desktop/PINGUS/Juego/Penguin/Content/Tracks/Prueba_mapa2/BlokingCircuito3_01_Cylinder.uasset" 976
"C:/Users/AlumnoM/Desktop/PINGUS/Juego/Penguin/Content/Tracks/Prueba_mapa2/BlokingCircuito3_01_Cylinder.uexp" 977
"C:/Users/AlumnoM/Desktop/PINGUS/Juego/Penguin/Content/Tracks/Prueba_mapa2/Material_001.uasset" 978
"C:/Users/AlumnoM/Desktop/PINGUS/Juego/Penguin/Content/Tracks/Prueba_mapa2/Material_001.uexp" 979
"C:/Users/AlumnoM/Desktop/PINGUS/Juego/Penguin/Content/Tracks/Prueba_mapa2/Material_002.uasset" 980
"C:/Users/AlumnoM/Desktop/PINGUS/Juego/Penguin/Content/Tracks/Prueba_mapa2/Material_002.uexp" 981
"C:/Users/AlumnoM/Desktop/PINGUS/Juego/Penguin/Content/Tracks/Prueba_mapa2/BlokingCircuito3_01_Cube_014.ubulk" 982
"C:/Users/AlumnoM/Desktop/PINGUS/Juego/Penguin/Content/Tracks/Prueba_mapa2/BlokingCircuito3_01_Cube_014.uasset" 983
"C:/Users/AlumnoM/Desktop/PINGUS/Juego/Penguin/Content/Tracks/Prueba_mapa2/BlokingCircuito3_01_Cube_014.uexp" 984
"C:/Users/AlumnoM/Desktop/PINGUS/Juego/Penguin/Content/Tracks/Prueba_mapa2/BlokingCircuito3_01_Cube_012.ubulk" 985
"C:/Users/AlumnoM/Desktop/PINGUS/Juego/Penguin/Content/Tracks/Prueba_mapa2/BlokingCircuito3_01_Cube_012.uasset" 986
"C:/Users/AlumnoM/Desktop/PINGUS/Juego/Penguin/Content/Tracks/Prueba_mapa2/BlokingCircuito3_01_Cube_012.uexp" 987
"C:/Users/AlumnoM/Desktop/PINGUS/Juego/Penguin/Content/Tracks/Prueba_mapa2/BlokingCircuito3_01_Cube_011.ubulk" 988
"C:/Users/AlumnoM/Desktop/PINGUS/Juego/Penguin/Content/Tracks/Prueba_mapa2/BlokingCircuito3_01_Cube_011.uasset" 989
"C:/Users/AlumnoM/Desktop/PINGUS/Juego/Penguin/Content/Tracks/Prueba_mapa2/BlokingCircuito3_01_Cube_011.uexp" 990
"C:/Users/AlumnoM/Desktop/PINGUS/Juego/Penguin/Content/Tracks/Prueba_mapa2/BlokingCircuito3_01_Cube_010.ubulk" 991
"C:/Users/AlumnoM/Desktop/PINGUS/Juego/Penguin/Content/Tracks/Prueba_mapa2/BlokingCircuito3_01_Cube_010.uasset" 992
"C:/Users/AlumnoM/Desktop/PINGUS/Juego/Penguin/Content/Tracks/Prueba_mapa2/BlokingCircuito3_01_Cube_010.uexp" 993
"C:/Users/AlumnoM/Desktop/PINGUS/Juego/Penguin/Content/Tracks/Prueba_mapa2/BlokingCircuito3_01_Cube_009.ubulk" 994
"C:/Users/AlumnoM/Desktop/PINGUS/Juego/Penguin/Content/Tracks/Prueba_mapa2/BlokingCircuito3_01_Cube_009.uasset" 995
"C:/Users/AlumnoM/Desktop/PINGUS/Juego/Penguin/Content/Tracks/Prueba_mapa2/BlokingCircuito3_01_Cube_009.uexp" 996
"C:/Users/AlumnoM/Desktop/PINGUS/Juego/Penguin/Content/Tracks/Prueba_mapa2/BlokingCircuito3_01_Cube_008.ubulk" 997
"C:/Users/AlumnoM/Desktop/PINGUS/Juego/Penguin/Content/Tracks/Prueba_mapa2/BlokingCircuito3_01_Cube_008.uasset" 998
"C:/Users/AlumnoM/Desktop/PINGUS/Juego/Penguin/Content/Tracks/Prueba_mapa2/BlokingCircuito3_01_Cube_008.uexp" 999
"C:/Users/AlumnoM/Desktop/PINGUS/Juego/Penguin/Content/Tracks/Prueba_mapa2/BlokingCircuito3_01_Cube_007.ubulk" 1000
"C:/Users/AlumnoM/Desktop/PINGUS/Juego/Penguin/Content/Tracks/Prueba_mapa2/BlokingCircuito3_01_Cube_007.uasset" 1001
"C:/Users/AlumnoM/Desktop/PINGUS/Juego/Penguin/Content/Tracks/Prueba_mapa2/BlokingCircuito3_01_Cube_007.uexp" 1002
"C:/Users/AlumnoM/Desktop/PINGUS/Juego/Penguin/Content/Tracks/Prueba_mapa2/BlokingCircuito3_01_Cube_006.ubulk" 1003
"C:/Users/AlumnoM/Desktop/PINGUS/Juego/Penguin/Content/Tracks/Prueba_mapa2/BlokingCircuito3_01_Cube_006.uasset" 1004
"C:/Users/AlumnoM/Desktop/PINGUS/Juego/Penguin/Content/Tracks/Prueba_mapa2/BlokingCircuito3_01_Cube_006.uexp" 1005
"C:/Users/AlumnoM/Desktop/PINGUS/Juego/Penguin/Content/Tracks/Prueba_mapa2/BlokingCircuito3_01_Cube_005.ubulk" 1006
"C:/Users/AlumnoM/Desktop/PINGUS/Juego/Penguin/Content/Tracks/Prueba_mapa2/BlokingCircuito3_01_Cube_005.uasset" 1007
"C:/Users/AlumnoM/Desktop/PINGUS/Juego/Penguin/Content/Tracks/Prueba_mapa2/BlokingCircuito3_01_Cube_005.uexp" 1008
"C:/Users/AlumnoM/Desktop/PINGUS/Juego/Penguin/Content/Tracks/Prueba_mapa2/BlokingCircuito3_01_Cube_004.ubulk" 1009
"C:/Users/AlumnoM/Desktop/PINGUS/Juego/Penguin/Content/Tracks/Prueba_mapa2/BlokingCircuito3_01_Cube_004.uasset" 1010
"C:/Users/AlumnoM/Desktop/PINGUS/Juego/Penguin/Content/Tracks/Prueba_mapa2/BlokingCircuito3_01_Cube_004.uexp" 1011
"C:/Users/AlumnoM/Desktop/PINGUS/Juego/Penguin/Content/Tracks/mapa_02/Metalic_Gradient.uasset" 1012
"C:/Users/AlumnoM/Desktop/PINGUS/Juego/Penguin/Content/Tracks/mapa_02/Metalic_Gradient.uexp" 1013
"C:/Users/AlumnoM/Desktop/PINGUS/Juego/Penguin/Content/Tracks/mapa_02/Material_013.uasset" 1014
"C:/Users/AlumnoM/Desktop/PINGUS/Juego/Penguin/Content/Tracks/mapa_02/Material_013.uexp" 1015
"C:/Users/AlumnoM/Desktop/PINGUS/Juego/Penguin/Content/Tracks/mapa_02/Material_012.uasset" 1016
"C:/Users/AlumnoM/Desktop/PINGUS/Juego/Penguin/Content/Tracks/mapa_02/Material_012.uexp" 1017
"C:/Users/AlumnoM/Desktop/PINGUS/Juego/Penguin/Content/Tracks/mapa_02/Material_007.uasset" 1018
"C:/Users/AlumnoM/Desktop/PINGUS/Juego/Penguin/Content/Tracks/mapa_02/Material_007.uexp" 1019
"C:/Users/AlumnoM/Desktop/PINGUS/Juego/Penguin/Content/Tracks/mapa_02/Gradient_Pallete.ubulk" 1020
"C:/Users/AlumnoM/Desktop/PINGUS/Juego/Penguin/Content/Tracks/mapa_02/Gradient_Pallete.uasset" 1021
"C:/Users/AlumnoM/Desktop/PINGUS/Juego/Penguin/Content/Tracks/mapa_02/Gradient_Pallete.uexp" 1022
"C:/Users/AlumnoM/Desktop/PINGUS/Juego/Penguin/Content/Tracks/mapa_02/Material_006.uasset" 1023
"C:/Users/AlumnoM/Desktop/PINGUS/Juego/Penguin/Content/Tracks/mapa_02/Material_006.uexp" 1024
"C:/Users/AlumnoM/Desktop/PINGUS/Juego/Penguin/Content/Tracks/mapa_02/Gradient_Pallete_metallic.ubulk" 1025
"C:/Users/AlumnoM/Desktop/PINGUS/Juego/Penguin/Content/Tracks/mapa_02/Gradient_Pallete_metallic.uasset" 1026
"C:/Users/AlumnoM/Desktop/PINGUS/Juego/Penguin/Content/Tracks/mapa_02/Gradient_Pallete_metallic.uexp" 1027
"C:/Users/AlumnoM/Desktop/PINGUS/Juego/Penguin/Content/Tracks/BlokingPrubaMapa2/BlokingCircuito_02_SegundaPrueba_Landscape.ubulk" 1028
"C:/Users/AlumnoM/Desktop/PINGUS/Juego/Penguin/Content/Tracks/BlokingPrubaMapa2/BlokingCircuito_02_SegundaPrueba_Landscape.uasset" 1029
"C:/Users/AlumnoM/Desktop/PINGUS/Juego/Penguin/Content/Tracks/BlokingPrubaMapa2/BlokingCircuito_02_SegundaPrueba_Landscape.uexp" 1030
"C:/Users/AlumnoM/Desktop/PINGUS/Juego/Penguin/Content/Tracks/BlokingPrubaMapa2/BlokingCircuito_02_SegundaPrueba_Cube_006.ubulk" 1031
"C:/Users/AlumnoM/Desktop/PINGUS/Juego/Penguin/Content/Tracks/BlokingPrubaMapa2/BlokingCircuito_02_SegundaPrueba_Cube_006.uasset" 1032
"C:/Users/AlumnoM/Desktop/PINGUS/Juego/Penguin/Content/Tracks/BlokingPrubaMapa2/BlokingCircuito_02_SegundaPrueba_Cube_006.uexp" 1033
"C:/Users/AlumnoM/Desktop/PINGUS/Juego/Penguin/Content/Tracks/Blocking_prueba/Portaaviones.ubulk" 1034
"C:/Users/AlumnoM/Desktop/PINGUS/Juego/Penguin/Content/Tracks/Blocking_prueba/Portaaviones.uasset" 1035
"C:/Users/AlumnoM/Desktop/PINGUS/Juego/Penguin/Content/Tracks/Blocking_prueba/Portaaviones.uexp" 1036
"C:/Users/AlumnoM/Desktop/PINGUS/Juego/Penguin/Content/Tracks/Blocking_prueba/BlokingCircuito2.ubulk" 1037
"C:/Users/AlumnoM/Desktop/PINGUS/Juego/Penguin/Content/Tracks/Blocking_prueba/BlokingCircuito2.uasset" 1038
"C:/Users/AlumnoM/Desktop/PINGUS/Juego/Penguin/Content/Tracks/Blocking_prueba/BlokingCircuito2.uexp" 1039
"C:/Users/AlumnoM/Desktop/PINGUS/Juego/Penguin/Content/Tracks/Blocking_3/BlokingCircuito3_Barco.ubulk" 1040
"C:/Users/AlumnoM/Desktop/PINGUS/Juego/Penguin/Content/Tracks/Blocking_3/BlokingCircuito3_Barco.uasset" 1041
"C:/Users/AlumnoM/Desktop/PINGUS/Juego/Penguin/Content/Tracks/Blocking_3/BlokingCircuito3_Barco.uexp" 1042
"C:/Users/AlumnoM/Desktop/PINGUS/Juego/Penguin/Content/StarterContent/Materials/M_Basic_Wall.uasset" 1043
"C:/Users/AlumnoM/Desktop/PINGUS/Juego/Penguin/Content/StarterContent/Materials/M_Basic_Wall.uexp" 1044
"C:/Users/AlumnoM/Desktop/PINGUS/Juego/Penguin/Content/StarterContent/Shapes/Shape_WideCapsule.ubulk" 1045
"C:/Users/AlumnoM/Desktop/PINGUS/Juego/Penguin/Content/StarterContent/Shapes/Shape_WideCapsule.uasset" 1046
"C:/Users/AlumnoM/Desktop/PINGUS/Juego/Penguin/Content/StarterContent/Shapes/Shape_WideCapsule.uexp" 1047
"C:/Users/AlumnoM/Desktop/PINGUS/Juego/Penguin/Content/StarterContent/Shapes/Shape_Wedge_B.ubulk" 1048
"C:/Users/AlumnoM/Desktop/PINGUS/Juego/Penguin/Content/StarterContent/Shapes/Shape_Wedge_B.uasset" 1049
"C:/Users/AlumnoM/Desktop/PINGUS/Juego/Penguin/Content/StarterContent/Shapes/Shape_Wedge_B.uexp" 1050
"C:/Users/AlumnoM/Desktop/PINGUS/Juego/Penguin/Content/StarterContent/Shapes/Shape_Wedge_A.ubulk" 1051
"C:/Users/AlumnoM/Desktop/PINGUS/Juego/Penguin/Content/StarterContent/Shapes/Shape_Wedge_A.uasset" 1052
"C:/Users/AlumnoM/Desktop/PINGUS/Juego/Penguin/Content/StarterContent/Shapes/Shape_Wedge_A.uexp" 1053
"C:/Users/AlumnoM/Desktop/PINGUS/Juego/Penguin/Content/StarterContent/Shapes/Shape_Tube.ubulk" 1054
"C:/Users/AlumnoM/Desktop/PINGUS/Juego/Penguin/Content/StarterContent/Shapes/Shape_Tube.uasset" 1055
"C:/Users/AlumnoM/Desktop/PINGUS/Juego/Penguin/Content/StarterContent/Shapes/Shape_Tube.uexp" 1056
"C:/Users/AlumnoM/Desktop/PINGUS/Juego/Penguin/Content/StarterContent/Shapes/Shape_TriPyramid.ubulk" 1057
"C:/Users/AlumnoM/Desktop/PINGUS/Juego/Penguin/Content/StarterContent/Shapes/Shape_TriPyramid.uasset" 1058
"C:/Users/AlumnoM/Desktop/PINGUS/Juego/Penguin/Content/StarterContent/Shapes/Shape_TriPyramid.uexp" 1059
"C:/Users/AlumnoM/Desktop/PINGUS/Juego/Penguin/Content/StarterContent/Shapes/Shape_Trim_90_Out.ubulk" 1060
"C:/Users/AlumnoM/Desktop/PINGUS/Juego/Penguin/Content/StarterContent/Shapes/Shape_Trim_90_Out.uasset" 1061
"C:/Users/AlumnoM/Desktop/PINGUS/Juego/Penguin/Content/StarterContent/Shapes/Shape_Trim_90_Out.uexp" 1062
"C:/Users/AlumnoM/Desktop/PINGUS/Juego/Penguin/Content/StarterContent/Shapes/Shape_Trim_90_In.ubulk" 1063
"C:/Users/AlumnoM/Desktop/PINGUS/Juego/Penguin/Content/StarterContent/Shapes/Shape_Trim_90_In.uasset" 1064
"C:/Users/AlumnoM/Desktop/PINGUS/Juego/Penguin/Content/StarterContent/Shapes/Shape_Trim_90_In.uexp" 1065
"C:/Users/AlumnoM/Desktop/PINGUS/Juego/Penguin/Content/StarterContent/Shapes/Shape_Trim.ubulk" 1066
"C:/Users/AlumnoM/Desktop/PINGUS/Juego/Penguin/Content/StarterContent/Shapes/Shape_Trim.uasset" 1067
"C:/Users/AlumnoM/Desktop/PINGUS/Juego/Penguin/Content/StarterContent/Shapes/Shape_Trim.uexp" 1068
"C:/Users/AlumnoM/Desktop/PINGUS/Juego/Penguin/Content/StarterContent/Shapes/Shape_Torus.ubulk" 1069
"C:/Users/AlumnoM/Desktop/PINGUS/Juego/Penguin/Content/StarterContent/Shapes/Shape_Torus.uasset" 1070
"C:/Users/AlumnoM/Desktop/PINGUS/Juego/Penguin/Content/StarterContent/Shapes/Shape_Torus.uexp" 1071
"C:/Users/AlumnoM/Desktop/PINGUS/Juego/Penguin/Content/StarterContent/Shapes/Shape_Plane.ubulk" 1072
"C:/Users/AlumnoM/Desktop/PINGUS/Juego/Penguin/Content/StarterContent/Shapes/Shape_Plane.uasset" 1073
"C:/Users/AlumnoM/Desktop/PINGUS/Juego/Penguin/Content/StarterContent/Shapes/Shape_Plane.uexp" 1074
"C:/Users/AlumnoM/Desktop/PINGUS/Juego/Penguin/Content/StarterContent/Shapes/Shape_Pipe_90.ubulk" 1075
"C:/Users/AlumnoM/Desktop/PINGUS/Juego/Penguin/Content/StarterContent/Shapes/Shape_Pipe_90.uasset" 1076
"C:/Users/AlumnoM/Desktop/PINGUS/Juego/Penguin/Content/StarterContent/Shapes/Shape_Pipe_90.uexp" 1077
"C:/Users/AlumnoM/Desktop/PINGUS/Juego/Penguin/Content/StarterContent/Shapes/Shape_Pipe_180.ubulk" 1078
"C:/Users/AlumnoM/Desktop/PINGUS/Juego/Penguin/Content/StarterContent/Shapes/Shape_Pipe_180.uasset" 1079
"C:/Users/AlumnoM/Desktop/PINGUS/Juego/Penguin/Content/StarterContent/Shapes/Shape_Pipe_180.uexp" 1080
"C:/Users/AlumnoM/Desktop/PINGUS/Juego/Penguin/Content/StarterContent/Shapes/Shape_Pipe.ubulk" 1081
"C:/Users/AlumnoM/Desktop/PINGUS/Juego/Penguin/Content/StarterContent/Shapes/Shape_Pipe.uasset" 1082
"C:/Users/AlumnoM/Desktop/PINGUS/Juego/Penguin/Content/StarterContent/Shapes/Shape_Pipe.uexp" 1083
"C:/Users/AlumnoM/Desktop/PINGUS/Juego/Penguin/Content/StarterContent/Shapes/Shape_NarrowCapsule.ubulk" 1084
"C:/Users/AlumnoM/Desktop/PINGUS/Juego/Penguin/Content/StarterContent/Shapes/Shape_NarrowCapsule.uasset" 1085
"C:/Users/AlumnoM/Desktop/PINGUS/Juego/Penguin/Content/StarterContent/Shapes/Shape_NarrowCapsule.uexp" 1086
"C:/Users/AlumnoM/Desktop/PINGUS/Juego/Penguin/Content/StarterContent/Shapes/Shape_Cylinder.ubulk" 1087
"C:/Users/AlumnoM/Desktop/PINGUS/Juego/Penguin/Content/StarterContent/Shapes/Shape_Cylinder.uasset" 1088
"C:/Users/AlumnoM/Desktop/PINGUS/Juego/Penguin/Content/StarterContent/Shapes/Shape_Cylinder.uexp" 1089
"C:/Users/AlumnoM/Desktop/PINGUS/Juego/Penguin/Content/StarterContent/Shapes/Shape_Cone.ubulk" 1090
"C:/Users/AlumnoM/Desktop/PINGUS/Juego/Penguin/Content/StarterContent/Shapes/Shape_Cone.uasset" 1091
"C:/Users/AlumnoM/Desktop/PINGUS/Juego/Penguin/Content/StarterContent/Shapes/Shape_Cone.uexp" 1092
"C:/Users/AlumnoM/Desktop/PINGUS/Juego/Penguin/Content/StarterContent/Materials/M_Basic_Floor.uasset" 1093
"C:/Users/AlumnoM/Desktop/PINGUS/Juego/Penguin/Content/StarterContent/Materials/M_Basic_Floor.uexp" 1094
"C:/Users/AlumnoM/Desktop/PINGUS/Juego/Penguin/Content/StarterContent/Props/SM_Stairs.ubulk" 1095
"C:/Users/AlumnoM/Desktop/PINGUS/Juego/Penguin/Content/StarterContent/Props/SM_Stairs.uasset" 1096
"C:/Users/AlumnoM/Desktop/PINGUS/Juego/Penguin/Content/StarterContent/Props/SM_Stairs.uexp" 1097
"C:/Users/AlumnoM/Desktop/PINGUS/Juego/Penguin/Content/StarterContent/Textures/T_Shelf_N.ubulk" 1098
"C:/Users/AlumnoM/Desktop/PINGUS/Juego/Penguin/Content/StarterContent/Textures/T_Shelf_N.uasset" 1099
"C:/Users/AlumnoM/Desktop/PINGUS/Juego/Penguin/Content/StarterContent/Textures/T_Shelf_N.uexp" 1100
"C:/Users/AlumnoM/Desktop/PINGUS/Juego/Penguin/Content/StarterContent/Textures/T_Shelf_M.ubulk" 1101
"C:/Users/AlumnoM/Desktop/PINGUS/Juego/Penguin/Content/StarterContent/Textures/T_Shelf_M.uasset" 1102
"C:/Users/AlumnoM/Desktop/PINGUS/Juego/Penguin/Content/StarterContent/Textures/T_Shelf_M.uexp" 1103
"C:/Users/AlumnoM/Desktop/PINGUS/Juego/Penguin/Content/StarterContent/Props/Materials/M_Shelf.uasset" 1104
"C:/Users/AlumnoM/Desktop/PINGUS/Juego/Penguin/Content/StarterContent/Props/Materials/M_Shelf.uexp" 1105
"C:/Users/AlumnoM/Desktop/PINGUS/Juego/Penguin/Content/StarterContent/Props/SM_Shelf.ubulk" 1106
"C:/Users/AlumnoM/Desktop/PINGUS/Juego/Penguin/Content/StarterContent/Props/SM_Shelf.uasset" 1107
"C:/Users/AlumnoM/Desktop/PINGUS/Juego/Penguin/Content/StarterContent/Props/SM_Shelf.uexp" 1108
"../../../Engine/Content/Functions/Engine_MaterialFunctions02/Utility/BlendAngleCorrectedNormals.uasset" 1109
"../../../Engine/Content/Functions/Engine_MaterialFunctions02/Utility/BlendAngleCorrectedNormals.uexp" 1110
"C:/Users/AlumnoM/Desktop/PINGUS/Juego/Penguin/Content/StarterContent/Textures/T_Detail_Rocky_N.ubulk" 1111
"C:/Users/AlumnoM/Desktop/PINGUS/Juego/Penguin/Content/StarterContent/Textures/T_Detail_Rocky_N.uasset" 1112
"C:/Users/AlumnoM/Desktop/PINGUS/Juego/Penguin/Content/StarterContent/Textures/T_Detail_Rocky_N.uexp" 1113
"C:/Users/AlumnoM/Desktop/PINGUS/Juego/Penguin/Content/StarterContent/Textures/T_Rock_Basalt_D.ubulk" 1114
"C:/Users/AlumnoM/Desktop/PINGUS/Juego/Penguin/Content/StarterContent/Textures/T_Rock_Basalt_D.uasset" 1115
"C:/Users/AlumnoM/Desktop/PINGUS/Juego/Penguin/Content/StarterContent/Textures/T_Rock_Basalt_D.uexp" 1116
"C:/Users/AlumnoM/Desktop/PINGUS/Juego/Penguin/Content/StarterContent/Textures/T_RockMesh_N.ubulk" 1117
"C:/Users/AlumnoM/Desktop/PINGUS/Juego/Penguin/Content/StarterContent/Textures/T_RockMesh_N.uasset" 1118
"C:/Users/AlumnoM/Desktop/PINGUS/Juego/Penguin/Content/StarterContent/Textures/T_RockMesh_N.uexp" 1119
"C:/Users/AlumnoM/Desktop/PINGUS/Juego/Penguin/Content/StarterContent/Textures/T_RockMesh_M.ubulk" 1120
"C:/Users/AlumnoM/Desktop/PINGUS/Juego/Penguin/Content/StarterContent/Textures/T_RockMesh_M.uasset" 1121
"C:/Users/AlumnoM/Desktop/PINGUS/Juego/Penguin/Content/StarterContent/Textures/T_RockMesh_M.uexp" 1122
"C:/Users/AlumnoM/Desktop/PINGUS/Juego/Penguin/Content/StarterContent/Props/Materials/M_Rock.uasset" 1123
"C:/Users/AlumnoM/Desktop/PINGUS/Juego/Penguin/Content/StarterContent/Props/Materials/M_Rock.uexp" 1124
"C:/Users/AlumnoM/Desktop/PINGUS/Juego/Penguin/Content/StarterContent/Props/SM_Rock.ubulk" 1125
"C:/Users/AlumnoM/Desktop/PINGUS/Juego/Penguin/Content/StarterContent/Props/SM_Rock.uasset" 1126
"C:/Users/AlumnoM/Desktop/PINGUS/Juego/Penguin/Content/StarterContent/Props/SM_Rock.uexp" 1127
"C:/Users/AlumnoM/Desktop/PINGUS/Juego/Penguin/Content/StarterContent/Materials/M_Glass.uasset" 1128
"C:/Users/AlumnoM/Desktop/PINGUS/Juego/Penguin/Content/StarterContent/Materials/M_Glass.uexp" 1129
"C:/Users/AlumnoM/Desktop/PINGUS/Juego/Penguin/Content/StarterContent/Textures/T_Door_N.ubulk" 1130
"C:/Users/AlumnoM/Desktop/PINGUS/Juego/Penguin/Content/StarterContent/Textures/T_Door_N.uasset" 1131
"C:/Users/AlumnoM/Desktop/PINGUS/Juego/Penguin/Content/StarterContent/Textures/T_Door_N.uexp" 1132
"C:/Users/AlumnoM/Desktop/PINGUS/Juego/Penguin/Content/StarterContent/Textures/T_Door_M.ubulk" 1133
"C:/Users/AlumnoM/Desktop/PINGUS/Juego/Penguin/Content/StarterContent/Textures/T_Door_M.uasset" 1134
"C:/Users/AlumnoM/Desktop/PINGUS/Juego/Penguin/Content/StarterContent/Textures/T_Door_M.uexp" 1135
"C:/Users/AlumnoM/Desktop/PINGUS/Juego/Penguin/Content/StarterContent/Props/Materials/M_Door.uasset" 1136
"C:/Users/AlumnoM/Desktop/PINGUS/Juego/Penguin/Content/StarterContent/Props/Materials/M_Door.uexp" 1137
"C:/Users/AlumnoM/Desktop/PINGUS/Juego/Penguin/Content/StarterContent/Props/SM_Door.ubulk" 1138
"C:/Users/AlumnoM/Desktop/PINGUS/Juego/Penguin/Content/StarterContent/Props/SM_Door.uasset" 1139
"C:/Users/AlumnoM/Desktop/PINGUS/Juego/Penguin/Content/StarterContent/Props/SM_Door.uexp" 1140
"C:/Users/AlumnoM/Desktop/PINGUS/Juego/Penguin/Content/StarterContent/Textures/T_Chair_N.ubulk" 1141
"C:/Users/AlumnoM/Desktop/PINGUS/Juego/Penguin/Content/StarterContent/Textures/T_Chair_N.uasset" 1142
"C:/Users/AlumnoM/Desktop/PINGUS/Juego/Penguin/Content/StarterContent/Textures/T_Chair_N.uexp" 1143
"C:/Users/AlumnoM/Desktop/PINGUS/Juego/Penguin/Content/StarterContent/Textures/T_Chair_M.ubulk" 1144
"C:/Users/AlumnoM/Desktop/PINGUS/Juego/Penguin/Content/StarterContent/Textures/T_Chair_M.uasset" 1145
"C:/Users/AlumnoM/Desktop/PINGUS/Juego/Penguin/Content/StarterContent/Textures/T_Chair_M.uexp" 1146
"C:/Users/AlumnoM/Desktop/PINGUS/Juego/Penguin/Content/StarterContent/Props/Materials/M_Chair.uasset" 1147
"C:/Users/AlumnoM/Desktop/PINGUS/Juego/Penguin/Content/StarterContent/Props/Materials/M_Chair.uexp" 1148
"C:/Users/AlumnoM/Desktop/PINGUS/Juego/Penguin/Content/StarterContent/Props/SM_Couch.ubulk" 1149
"C:/Users/AlumnoM/Desktop/PINGUS/Juego/Penguin/Content/StarterContent/Props/SM_Couch.uasset" 1150
"C:/Users/AlumnoM/Desktop/PINGUS/Juego/Penguin/Content/StarterContent/Props/SM_Couch.uexp" 1151
"C:/Users/AlumnoM/Desktop/PINGUS/Juego/Penguin/Content/StarterContent/Textures/T_Bush_N.ubulk" 1152
"C:/Users/AlumnoM/Desktop/PINGUS/Juego/Penguin/Content/StarterContent/Textures/T_Bush_N.uasset" 1153
"C:/Users/AlumnoM/Desktop/PINGUS/Juego/Penguin/Content/StarterContent/Textures/T_Bush_N.uexp" 1154
"C:/Users/AlumnoM/Desktop/PINGUS/Juego/Penguin/Content/StarterContent/Textures/T_Bush_D.ubulk" 1155
"C:/Users/AlumnoM/Desktop/PINGUS/Juego/Penguin/Content/StarterContent/Textures/T_Bush_D.uasset" 1156
"C:/Users/AlumnoM/Desktop/PINGUS/Juego/Penguin/Content/StarterContent/Textures/T_Bush_D.uexp" 1157
"C:/Users/AlumnoM/Desktop/PINGUS/Juego/Penguin/Content/StarterContent/Props/Materials/M_Bush.uasset" 1158
"C:/Users/AlumnoM/Desktop/PINGUS/Juego/Penguin/Content/StarterContent/Props/Materials/M_Bush.uexp" 1159
"C:/Users/AlumnoM/Desktop/PINGUS/Juego/Penguin/Content/StarterContent/Props/SM_Bush.ubulk" 1160
"C:/Users/AlumnoM/Desktop/PINGUS/Juego/Penguin/Content/StarterContent/Props/SM_Bush.uasset" 1161
"C:/Users/AlumnoM/Desktop/PINGUS/Juego/Penguin/Content/StarterContent/Props/SM_Bush.uexp" 1162
"../../../Engine/Content/EditorMeshes/ColorCalibrator/T_ColorGrid.ubulk" 1163
"../../../Engine/Content/EditorMeshes/ColorCalibrator/T_ColorGrid.uasset" 1164
"../../../Engine/Content/EditorMeshes/ColorCalibrator/T_ColorGrid.uexp" 1165
"C:/Users/AlumnoM/Desktop/PINGUS/Juego/Penguin/Content/StarterContent/Materials/M_ColorGrid_LowSpec.uasset" 1166
"C:/Users/AlumnoM/Desktop/PINGUS/Juego/Penguin/Content/StarterContent/Materials/M_ColorGrid_LowSpec.uexp" 1167
"C:/Users/AlumnoM/Desktop/PINGUS/Juego/Penguin/Content/StarterContent/Textures/T_Smoke_SubUV.ubulk" 1168
"C:/Users/AlumnoM/Desktop/PINGUS/Juego/Penguin/Content/StarterContent/Textures/T_Smoke_SubUV.uasset" 1169
"C:/Users/AlumnoM/Desktop/PINGUS/Juego/Penguin/Content/StarterContent/Textures/T_Smoke_SubUV.uexp" 1170
"C:/Users/AlumnoM/Desktop/PINGUS/Juego/Penguin/Content/StarterContent/Textures/T_Smoke_Tiled_D.ubulk" 1171
"C:/Users/AlumnoM/Desktop/PINGUS/Juego/Penguin/Content/StarterContent/Textures/T_Smoke_Tiled_D.uasset" 1172
"C:/Users/AlumnoM/Desktop/PINGUS/Juego/Penguin/Content/StarterContent/Textures/T_Smoke_Tiled_D.uexp" 1173
"C:/Users/AlumnoM/Desktop/PINGUS/Juego/Penguin/Content/StarterContent/Particles/Materials/M_smoke_subUV.uasset" 1174
"C:/Users/AlumnoM/Desktop/PINGUS/Juego/Penguin/Content/StarterContent/Particles/Materials/M_smoke_subUV.uexp" 1175
"C:/Users/AlumnoM/Desktop/PINGUS/Juego/Penguin/Content/StarterContent/Textures/T_Burst_M.ubulk" 1176
"C:/Users/AlumnoM/Desktop/PINGUS/Juego/Penguin/Content/StarterContent/Textures/T_Burst_M.uasset" 1177
"C:/Users/AlumnoM/Desktop/PINGUS/Juego/Penguin/Content/StarterContent/Textures/T_Burst_M.uexp" 1178
"C:/Users/AlumnoM/Desktop/PINGUS/Juego/Penguin/Content/StarterContent/Particles/Materials/M_Burst.uasset" 1179
"C:/Users/AlumnoM/Desktop/PINGUS/Juego/Penguin/Content/StarterContent/Particles/Materials/M_Burst.uexp" 1180
"C:/Users/AlumnoM/Desktop/PINGUS/Juego/Penguin/Content/StarterContent/Particles/Materials/m_flare_01.uasset" 1181
"C:/Users/AlumnoM/Desktop/PINGUS/Juego/Penguin/Content/StarterContent/Particles/Materials/m_flare_01.uexp" 1182
"C:/Users/AlumnoM/Desktop/PINGUS/Juego/Penguin/Content/StarterContent/Textures/T_Explosion_SubUV.ubulk" 1183
"C:/Users/AlumnoM/Desktop/PINGUS/Juego/Penguin/Content/StarterContent/Textures/T_Explosion_SubUV.uasset" 1184
"C:/Users/AlumnoM/Desktop/PINGUS/Juego/Penguin/Content/StarterContent/Textures/T_Explosion_SubUV.uexp" 1185
"C:/Users/AlumnoM/Desktop/PINGUS/Juego/Penguin/Content/StarterContent/Particles/Materials/M_explosion_subUV.uasset" 1186
"C:/Users/AlumnoM/Desktop/PINGUS/Juego/Penguin/Content/StarterContent/Particles/Materials/M_explosion_subUV.uexp" 1187
"../../../Engine/Content/Functions/Engine_MaterialFunctions01/Gradient/RadialGradient.uasset" 1188
"../../../Engine/Content/Functions/Engine_MaterialFunctions01/Gradient/RadialGradient.uexp" 1189
"C:/Users/AlumnoM/Desktop/PINGUS/Juego/Penguin/Content/StarterContent/Particles/Materials/M_radial_ramp.uasset" 1190
"C:/Users/AlumnoM/Desktop/PINGUS/Juego/Penguin/Content/StarterContent/Particles/Materials/M_radial_ramp.uexp" 1191
"C:/Users/AlumnoM/Desktop/PINGUS/Juego/Penguin/Content/StarterContent/Particles/P_Explosion.uasset" 1192
"C:/Users/AlumnoM/Desktop/PINGUS/Juego/Penguin/Content/StarterContent/Particles/P_Explosion.uexp" 1193
"C:/Users/AlumnoM/Desktop/PINGUS/Juego/Penguin/Content/StarterContent/Audio/Explosion_Cue.uasset" 1194
"C:/Users/AlumnoM/Desktop/PINGUS/Juego/Penguin/Content/StarterContent/Audio/Explosion_Cue.uexp" 1195
"C:/Users/AlumnoM/Desktop/PINGUS/Juego/Penguin/Content/StarterContent/Blueprints/Blueprint_Effect_Explosion.uasset" 1196
"C:/Users/AlumnoM/Desktop/PINGUS/Juego/Penguin/Content/StarterContent/Blueprints/Blueprint_Effect_Explosion.uexp" 1197
"C:/Users/AlumnoM/Desktop/PINGUS/Juego/Penguin/Content/StarterContent/Audio/Steam01.ubulk" 1198
"C:/Users/AlumnoM/Desktop/PINGUS/Juego/Penguin/Content/StarterContent/Audio/Steam01.uasset" 1199
"C:/Users/AlumnoM/Desktop/PINGUS/Juego/Penguin/Content/StarterContent/Audio/Steam01.uexp" 1200
"C:/Users/AlumnoM/Desktop/PINGUS/Juego/Penguin/Content/StarterContent/Audio/Starter_Wind06.ubulk" 1201
"C:/Users/AlumnoM/Desktop/PINGUS/Juego/Penguin/Content/StarterContent/Audio/Starter_Wind06.uasset" 1202
"C:/Users/AlumnoM/Desktop/PINGUS/Juego/Penguin/Content/StarterContent/Audio/Starter_Wind06.uexp" 1203
"C:/Users/AlumnoM/Desktop/PINGUS/Juego/Penguin/Content/StarterContent/Audio/Starter_Wind05.ubulk" 1204
"C:/Users/AlumnoM/Desktop/PINGUS/Juego/Penguin/Content/StarterContent/Audio/Starter_Wind05.uasset" 1205
"C:/Users/AlumnoM/Desktop/PINGUS/Juego/Penguin/Content/StarterContent/Audio/Starter_Wind05.uexp" 1206
"C:/Users/AlumnoM/Desktop/PINGUS/Juego/Penguin/Content/StarterContent/Audio/Starter_Music01.ubulk" 1207
"C:/Users/AlumnoM/Desktop/PINGUS/Juego/Penguin/Content/StarterContent/Audio/Starter_Music01.uasset" 1208
"C:/Users/AlumnoM/Desktop/PINGUS/Juego/Penguin/Content/StarterContent/Audio/Starter_Music01.uexp" 1209
"C:/Users/AlumnoM/Desktop/PINGUS/Juego/Penguin/Content/StarterContent/Audio/Starter_Birds01.ubulk" 1210
"C:/Users/AlumnoM/Desktop/PINGUS/Juego/Penguin/Content/StarterContent/Audio/Starter_Birds01.uasset" 1211
"C:/Users/AlumnoM/Desktop/PINGUS/Juego/Penguin/Content/StarterContent/Audio/Starter_Birds01.uexp" 1212
"C:/Users/AlumnoM/Desktop/PINGUS/Juego/Penguin/Content/StarterContent/Audio/Smoke01.ubulk" 1213
"C:/Users/AlumnoM/Desktop/PINGUS/Juego/Penguin/Content/StarterContent/Audio/Smoke01.uasset" 1214
"C:/Users/AlumnoM/Desktop/PINGUS/Juego/Penguin/Content/StarterContent/Audio/Smoke01.uexp" 1215
"C:/Users/AlumnoM/Desktop/PINGUS/Juego/Penguin/Content/StarterContent/Audio/Light02_Cue.uasset" 1216
"C:/Users/AlumnoM/Desktop/PINGUS/Juego/Penguin/Content/StarterContent/Audio/Light02_Cue.uexp" 1217
"C:/Users/AlumnoM/Desktop/PINGUS/Juego/Penguin/Content/StarterContent/Audio/Light02.ubulk" 1218
"C:/Users/AlumnoM/Desktop/PINGUS/Juego/Penguin/Content/StarterContent/Audio/Light02.uasset" 1219
"C:/Users/AlumnoM/Desktop/PINGUS/Juego/Penguin/Content/StarterContent/Audio/Light02.uexp" 1220
"C:/Users/AlumnoM/Desktop/PINGUS/Juego/Penguin/Content/StarterContent/Audio/Light01_Cue.uasset" 1221
"C:/Users/AlumnoM/Desktop/PINGUS/Juego/Penguin/Content/StarterContent/Audio/Light01_Cue.uexp" 1222
"C:/Users/AlumnoM/Desktop/PINGUS/Juego/Penguin/Content/StarterContent/Audio/Light01.ubulk" 1223
"C:/Users/AlumnoM/Desktop/PINGUS/Juego/Penguin/Content/StarterContent/Audio/Light01.uasset" 1224
"C:/Users/AlumnoM/Desktop/PINGUS/Juego/Penguin/Content/StarterContent/Audio/Light01.uexp" 1225
"C:/Users/AlumnoM/Desktop/PINGUS/Juego/Penguin/Content/StarterContent/Audio/Fire_Sparks01.ubulk" 1226
"C:/Users/AlumnoM/Desktop/PINGUS/Juego/Penguin/Content/StarterContent/Audio/Fire_Sparks01.uasset" 1227
"C:/Users/AlumnoM/Desktop/PINGUS/Juego/Penguin/Content/StarterContent/Audio/Fire_Sparks01.uexp" 1228
"C:/Users/AlumnoM/Desktop/PINGUS/Juego/Penguin/Content/StarterContent/Audio/Fire01.ubulk" 1229
"C:/Users/AlumnoM/Desktop/PINGUS/Juego/Penguin/Content/StarterContent/Audio/Fire01.uasset" 1230
"C:/Users/AlumnoM/Desktop/PINGUS/Juego/Penguin/Content/StarterContent/Audio/Fire01.uexp" 1231
"C:/Users/AlumnoM/Desktop/PINGUS/Juego/Penguin/Content/StarterContent/Audio/Explosion02.ubulk" 1232
"C:/Users/AlumnoM/Desktop/PINGUS/Juego/Penguin/Content/StarterContent/Audio/Explosion02.uasset" 1233
"C:/Users/AlumnoM/Desktop/PINGUS/Juego/Penguin/Content/StarterContent/Audio/Explosion02.uexp" 1234
"C:/Users/AlumnoM/Desktop/PINGUS/Juego/Penguin/Content/StarterContent/Audio/Explosion01.ubulk" 1235
"C:/Users/AlumnoM/Desktop/PINGUS/Juego/Penguin/Content/StarterContent/Audio/Explosion01.uasset" 1236
"C:/Users/AlumnoM/Desktop/PINGUS/Juego/Penguin/Content/StarterContent/Audio/Explosion01.uexp" 1237
"C:/Users/AlumnoM/Desktop/PINGUS/Juego/Penguin/Content/StarterContent/Audio/Collapse02.ubulk" 1238
"C:/Users/AlumnoM/Desktop/PINGUS/Juego/Penguin/Content/StarterContent/Audio/Collapse02.uasset" 1239
"C:/Users/AlumnoM/Desktop/PINGUS/Juego/Penguin/Content/StarterContent/Audio/Collapse02.uexp" 1240
"C:/Users/AlumnoM/Desktop/PINGUS/Juego/Penguin/Content/StarterContent/Audio/Collapse01.ubulk" 1241
"C:/Users/AlumnoM/Desktop/PINGUS/Juego/Penguin/Content/StarterContent/Audio/Collapse01.uasset" 1242
"C:/Users/AlumnoM/Desktop/PINGUS/Juego/Penguin/Content/StarterContent/Audio/Collapse01.uexp" 1243
"C:/Users/AlumnoM/Desktop/PINGUS/Juego/Penguin/Content/StarterContent/Architecture/Wall_Window_400x400.ubulk" 1244
"C:/Users/AlumnoM/Desktop/PINGUS/Juego/Penguin/Content/StarterContent/Architecture/Wall_Window_400x400.uasset" 1245
"C:/Users/AlumnoM/Desktop/PINGUS/Juego/Penguin/Content/StarterContent/Architecture/Wall_Window_400x400.uexp" 1246
"C:/Users/AlumnoM/Desktop/PINGUS/Juego/Penguin/Content/StarterContent/Architecture/Wall_Door_400x400.ubulk" 1247
"C:/Users/AlumnoM/Desktop/PINGUS/Juego/Penguin/Content/StarterContent/Architecture/Wall_Door_400x400.uasset" 1248
"C:/Users/AlumnoM/Desktop/PINGUS/Juego/Penguin/Content/StarterContent/Architecture/Wall_Door_400x400.uexp" 1249
"C:/Users/AlumnoM/Desktop/PINGUS/Juego/Penguin/Content/StarterContent/Architecture/Wall_500x500.ubulk" 1250
"C:/Users/AlumnoM/Desktop/PINGUS/Juego/Penguin/Content/StarterContent/Architecture/Wall_500x500.uasset" 1251
"C:/Users/AlumnoM/Desktop/PINGUS/Juego/Penguin/Content/StarterContent/Architecture/Wall_500x500.uexp" 1252
"C:/Users/AlumnoM/Desktop/PINGUS/Juego/Penguin/Content/StarterContent/Architecture/Wall_400x400.ubulk" 1253
"C:/Users/AlumnoM/Desktop/PINGUS/Juego/Penguin/Content/StarterContent/Architecture/Wall_400x400.uasset" 1254
"C:/Users/AlumnoM/Desktop/PINGUS/Juego/Penguin/Content/StarterContent/Architecture/Wall_400x400.uexp" 1255
"C:/Users/AlumnoM/Desktop/PINGUS/Juego/Penguin/Content/StarterContent/Architecture/Wall_400x300.ubulk" 1256
"C:/Users/AlumnoM/Desktop/PINGUS/Juego/Penguin/Content/StarterContent/Architecture/Wall_400x300.uasset" 1257
"C:/Users/AlumnoM/Desktop/PINGUS/Juego/Penguin/Content/StarterContent/Architecture/Wall_400x300.uexp" 1258
"C:/Users/AlumnoM/Desktop/PINGUS/Juego/Penguin/Content/StarterContent/Architecture/Pillar_50x500.ubulk" 1259
"C:/Users/AlumnoM/Desktop/PINGUS/Juego/Penguin/Content/StarterContent/Architecture/Pillar_50x500.uasset" 1260
"C:/Users/AlumnoM/Desktop/PINGUS/Juego/Penguin/Content/StarterContent/Architecture/Pillar_50x500.uexp" 1261
"C:/Users/AlumnoM/Desktop/PINGUS/Juego/Penguin/Content/LevelPrototyping/Textures/T_GridChecker_A.ubulk" 1262
"C:/Users/AlumnoM/Desktop/PINGUS/Juego/Penguin/Content/LevelPrototyping/Textures/T_GridChecker_A.uasset" 1263
"C:/Users/AlumnoM/Desktop/PINGUS/Juego/Penguin/Content/LevelPrototyping/Textures/T_GridChecker_A.uexp" 1264
"../../../Engine/Content/Functions/Engine_MaterialFunctions01/Gradient/LinearGradient.uasset" 1265
"../../../Engine/Content/Functions/Engine_MaterialFunctions01/Gradient/LinearGradient.uexp" 1266
"../../../Engine/Content/Functions/Engine_MaterialFunctions01/ImageAdjustment/CheapContrast.uasset" 1267
"../../../Engine/Content/Functions/Engine_MaterialFunctions01/ImageAdjustment/CheapContrast.uexp" 1268
"C:/Users/AlumnoM/Desktop/PINGUS/Juego/Penguin/Content/LevelPrototyping/Materials/MF_ProcGrid.uasset" 1269
"C:/Users/AlumnoM/Desktop/PINGUS/Juego/Penguin/Content/LevelPrototyping/Materials/MF_ProcGrid.uexp" 1270
"C:/Users/AlumnoM/Desktop/PINGUS/Juego/Penguin/Content/LevelPrototyping/Materials/M_PrototypeGrid.uasset" 1271
"C:/Users/AlumnoM/Desktop/PINGUS/Juego/Penguin/Content/LevelPrototyping/Materials/M_PrototypeGrid.uexp" 1272
"C:/Users/AlumnoM/Desktop/PINGUS/Juego/Penguin/Content/LevelPrototyping/Materials/MI_PrototypeGrid_Gray.uasset" 1273
"C:/Users/AlumnoM/Desktop/PINGUS/Juego/Penguin/Content/LevelPrototyping/Materials/MI_PrototypeGrid_Gray.uexp" 1274
"C:/Users/AlumnoM/Desktop/PINGUS/Juego/Penguin/Content/LevelPrototyping/Meshes/SM_QuarterCylinder.ubulk" 1275
"C:/Users/AlumnoM/Desktop/PINGUS/Juego/Penguin/Content/LevelPrototyping/Meshes/SM_QuarterCylinder.uasset" 1276
"C:/Users/AlumnoM/Desktop/PINGUS/Juego/Penguin/Content/LevelPrototyping/Meshes/SM_QuarterCylinder.uexp" 1277
"C:/Users/AlumnoM/Desktop/PINGUS/Juego/Penguin/Content/LevelPrototyping/Materials/M_Solid.uasset" 1278
"C:/Users/AlumnoM/Desktop/PINGUS/Juego/Penguin/Content/LevelPrototyping/Materials/M_Solid.uexp" 1279
"C:/Users/AlumnoM/Desktop/PINGUS/Juego/Penguin/Content/LevelPrototyping/Materials/MI_Solid_Blue.uasset" 1280
"C:/Users/AlumnoM/Desktop/PINGUS/Juego/Penguin/Content/LevelPrototyping/Materials/MI_Solid_Blue.uexp" 1281
"C:/Users/AlumnoM/Desktop/PINGUS/Juego/Penguin/Content/LevelPrototyping/Meshes/SM_ChamferCube.ubulk" 1282
"C:/Users/AlumnoM/Desktop/PINGUS/Juego/Penguin/Content/LevelPrototyping/Meshes/SM_ChamferCube.uasset" 1283
"C:/Users/AlumnoM/Desktop/PINGUS/Juego/Penguin/Content/LevelPrototyping/Meshes/SM_ChamferCube.uexp" 1284
"../../../Engine/Plugins/Interchange/Runtime/Content/gltf/MaterialFunctions/MF_RotateV2.uasset" 1285
"../../../Engine/Plugins/Interchange/Runtime/Content/gltf/MaterialFunctions/MF_RotateV2.uexp" 1286
"../../../Engine/Plugins/Interchange/Runtime/Content/gltf/MaterialFunctions/MF_TransformUVs.uasset" 1287
"../../../Engine/Plugins/Interchange/Runtime/Content/gltf/MaterialFunctions/MF_TransformUVs.uexp" 1288
"../../../Engine/Plugins/Interchange/Runtime/Content/gltf/Textures/T_White_srgb.uasset" 1289
"../../../Engine/Plugins/Interchange/Runtime/Content/gltf/Textures/T_White_srgb.uexp" 1290
"../../../Engine/Plugins/Interchange/Runtime/Content/gltf/MaterialFunctions/MF_BaseColor.uasset" 1291
"../../../Engine/Plugins/Interchange/Runtime/Content/gltf/MaterialFunctions/MF_BaseColor.uexp" 1292
"../../../Engine/Plugins/Interchange/Runtime/Content/gltf/MaterialBodies/MF_Unlit_Body.uasset" 1293
"../../../Engine/Plugins/Interchange/Runtime/Content/gltf/MaterialBodies/MF_Unlit_Body.uexp" 1294
"../../../Engine/Plugins/Interchange/Runtime/Content/gltf/M_Unlit.uasset" 1295
"../../../Engine/Plugins/Interchange/Runtime/Content/gltf/M_Unlit.uexp" 1296
"../../../Engine/Plugins/Interchange/Runtime/Content/gltf/MaterialInstances/MI_Unlit_Opaque_DS.uasset" 1297
"../../../Engine/Plugins/Interchange/Runtime/Content/gltf/MaterialInstances/MI_Unlit_Opaque_DS.uexp" 1298
"../../../Engine/Plugins/Interchange/Runtime/Content/gltf/MaterialInstances/MI_Unlit_Opaque.uasset" 1299
"../../../Engine/Plugins/Interchange/Runtime/Content/gltf/MaterialInstances/MI_Unlit_Opaque.uexp" 1300
"../../../Engine/Plugins/Interchange/Runtime/Content/gltf/MaterialInstances/MI_Unlit_Mask_DS.uasset" 1301
"../../../Engine/Plugins/Interchange/Runtime/Content/gltf/MaterialInstances/MI_Unlit_Mask_DS.uexp" 1302
"../../../Engine/Plugins/Interchange/Runtime/Content/gltf/MaterialInstances/MI_Unlit_Mask.uasset" 1303
"../../../Engine/Plugins/Interchange/Runtime/Content/gltf/MaterialInstances/MI_Unlit_Mask.uexp" 1304
"../../../Engine/Plugins/Interchange/Runtime/Content/gltf/MaterialInstances/MI_Unlit_Blend_DS.uasset" 1305
"../../../Engine/Plugins/Interchange/Runtime/Content/gltf/MaterialInstances/MI_Unlit_Blend_DS.uexp" 1306
"../../../Engine/Plugins/Interchange/Runtime/Content/gltf/MaterialInstances/MI_Unlit_Blend.uasset" 1307
"../../../Engine/Plugins/Interchange/Runtime/Content/gltf/MaterialInstances/MI_Unlit_Blend.uexp" 1308
"../../../Engine/Plugins/Interchange/Runtime/Content/gltf/MaterialFunctions/MF_Iridescence.uasset" 1309
"../../../Engine/Plugins/Interchange/Runtime/Content/gltf/MaterialFunctions/MF_Iridescence.uexp" 1310
"../../../Engine/Plugins/Interchange/Runtime/Content/gltf/Textures/T_White_Linear.uasset" 1311
"../../../Engine/Plugins/Interchange/Runtime/Content/gltf/Textures/T_White_Linear.uexp" 1312
"../../../Engine/Plugins/Interchange/Runtime/Content/gltf/MaterialFunctions/MF_MetallicRoughness.uasset" 1313
"../../../Engine/Plugins/Interchange/Runtime/Content/gltf/MaterialFunctions/MF_MetallicRoughness.uexp" 1314
"../../../Engine/Plugins/Interchange/Runtime/Content/gltf/MaterialFunctions/MF_Transmission.uasset" 1315
"../../../Engine/Plugins/Interchange/Runtime/Content/gltf/MaterialFunctions/MF_Transmission.uexp" 1316
"../../../Engine/Plugins/Interchange/Runtime/Content/gltf/MaterialFunctions/MF_Occlusion.uasset" 1317
"../../../Engine/Plugins/Interchange/Runtime/Content/gltf/MaterialFunctions/MF_Occlusion.uexp" 1318
"../../../Engine/Plugins/Interchange/Runtime/Content/gltf/MaterialFunctions/MF_Specular.uasset" 1319
"../../../Engine/Plugins/Interchange/Runtime/Content/gltf/MaterialFunctions/MF_Specular.uexp" 1320
"../../../Engine/Plugins/Interchange/Runtime/Content/gltf/MaterialFunctions/MF_IOR.uasset" 1321
"../../../Engine/Plugins/Interchange/Runtime/Content/gltf/MaterialFunctions/MF_IOR.uexp" 1322
"../../../Engine/Plugins/Interchange/Runtime/Content/gltf/MaterialFunctions/MF_RotateNormals_TS.uasset" 1323
"../../../Engine/Plugins/Interchange/Runtime/Content/gltf/MaterialFunctions/MF_RotateNormals_TS.uexp" 1324
"../../../Engine/Plugins/Interchange/Runtime/Content/gltf/Textures/T_Generic_N.uasset" 1325
"../../../Engine/Plugins/Interchange/Runtime/Content/gltf/Textures/T_Generic_N.uexp" 1326
"../../../Engine/Plugins/Interchange/Runtime/Content/gltf/MaterialFunctions/MF_Normals.uasset" 1327
"../../../Engine/Plugins/Interchange/Runtime/Content/gltf/MaterialFunctions/MF_Normals.uexp" 1328
"../../../Engine/Plugins/Interchange/Runtime/Content/gltf/MaterialBodies/MF_Transmission_Body.uasset" 1329
"../../../Engine/Plugins/Interchange/Runtime/Content/gltf/MaterialBodies/MF_Transmission_Body.uexp" 1330
"../../../Engine/Plugins/Interchange/Runtime/Content/gltf/M_Transmission.uasset" 1331
"../../../Engine/Plugins/Interchange/Runtime/Content/gltf/M_Transmission.uexp" 1332
"../../../Engine/Plugins/Interchange/Runtime/Content/gltf/MaterialInstances/MI_Transmission_DS.uasset" 1333
"../../../Engine/Plugins/Interchange/Runtime/Content/gltf/MaterialInstances/MI_Transmission_DS.uexp" 1334
"../../../Engine/Plugins/Interchange/Runtime/Content/gltf/MaterialInstances/MI_Transmission.uasset" 1335
"../../../Engine/Plugins/Interchange/Runtime/Content/gltf/MaterialInstances/MI_Transmission.uexp" 1336
"../../../Engine/Plugins/Interchange/Runtime/Content/gltf/MaterialFunctions/MF_DiffuseSpecGloss.uasset" 1337
"../../../Engine/Plugins/Interchange/Runtime/Content/gltf/MaterialFunctions/MF_DiffuseSpecGloss.uexp" 1338
"../../../Engine/Content/Functions/Engine_MaterialFunctions02/Math/AddComponents.uasset" 1339
"../../../Engine/Content/Functions/Engine_MaterialFunctions02/Math/AddComponents.uexp" 1340
"../../../Engine/Plugins/Interchange/Runtime/Content/gltf/MaterialFunctions/MF_PerceivedBrightness.uasset" 1341
"../../../Engine/Plugins/Interchange/Runtime/Content/gltf/MaterialFunctions/MF_PerceivedBrightness.uexp" 1342
"../../../Engine/Plugins/Interchange/Runtime/Content/gltf/MaterialFunctions/MF_Emissive.uasset" 1343
"../../../Engine/Plugins/Interchange/Runtime/Content/gltf/MaterialFunctions/MF_Emissive.uexp" 1344
"../../../Engine/Plugins/Interchange/Runtime/Content/gltf/MaterialFunctions/MF_SpecGlossToMetalRoughness.uasset" 1345
"../../../Engine/Plugins/Interchange/Runtime/Content/gltf/MaterialFunctions/MF_SpecGlossToMetalRoughness.uexp" 1346
"../../../Engine/Plugins/Interchange/Runtime/Content/gltf/MaterialBodies/MF_SpecularGlossiness_Body.uasset" 1347
"../../../Engine/Plugins/Interchange/Runtime/Content/gltf/MaterialBodies/MF_SpecularGlossiness_Body.uexp" 1348
"../../../Engine/Plugins/Interchange/Runtime/Content/gltf/M_SpecularGlossiness.uasset" 1349
"../../../Engine/Plugins/Interchange/Runtime/Content/gltf/M_SpecularGlossiness.uexp" 1350
"../../../Engine/Plugins/Interchange/Runtime/Content/gltf/MaterialInstances/MI_SpecularGlossiness_Opaque_DS.uasset" 1351
"../../../Engine/Plugins/Interchange/Runtime/Content/gltf/MaterialInstances/MI_SpecularGlossiness_Opaque_DS.uexp" 1352
"../../../Engine/Plugins/Interchange/Runtime/Content/gltf/MaterialInstances/MI_SpecularGlossiness_Opaque.uasset" 1353
"../../../Engine/Plugins/Interchange/Runtime/Content/gltf/MaterialInstances/MI_SpecularGlossiness_Opaque.uexp" 1354
"../../../Engine/Plugins/Interchange/Runtime/Content/gltf/MaterialInstances/MI_SpecularGlossiness_Mask_DS.uasset" 1355
"../../../Engine/Plugins/Interchange/Runtime/Content/gltf/MaterialInstances/MI_SpecularGlossiness_Mask_DS.uexp" 1356
"../../../Engine/Plugins/Interchange/Runtime/Content/gltf/MaterialInstances/MI_SpecularGlossiness_Mask.uasset" 1357
"../../../Engine/Plugins/Interchange/Runtime/Content/gltf/MaterialInstances/MI_SpecularGlossiness_Mask.uexp" 1358
"../../../Engine/Plugins/Interchange/Runtime/Content/gltf/MaterialInstances/MI_SpecularGlossiness_Blend_DS.uasset" 1359
"../../../Engine/Plugins/Interchange/Runtime/Content/gltf/MaterialInstances/MI_SpecularGlossiness_Blend_DS.uexp" 1360
"../../../Engine/Plugins/Interchange/Runtime/Content/gltf/MaterialInstances/MI_SpecularGlossiness_Blend.uasset" 1361
"../../../Engine/Plugins/Interchange/Runtime/Content/gltf/MaterialInstances/MI_SpecularGlossiness_Blend.uexp" 1362
"../../../Engine/Plugins/Interchange/Runtime/Content/gltf/MaterialFunctions/MF_Sheen.uasset" 1363
"../../../Engine/Plugins/Interchange/Runtime/Content/gltf/MaterialFunctions/MF_Sheen.uexp" 1364
"../../../Engine/Plugins/Interchange/Runtime/Content/gltf/MaterialBodies/MF_Sheen_Body.uasset" 1365
"../../../Engine/Plugins/Interchange/Runtime/Content/gltf/MaterialBodies/MF_Sheen_Body.uexp" 1366
"../../../Engine/Plugins/Interchange/Runtime/Content/gltf/M_Sheen.uasset" 1367
"../../../Engine/Plugins/Interchange/Runtime/Content/gltf/M_Sheen.uexp" 1368
"../../../Engine/Plugins/Interchange/Runtime/Content/gltf/MaterialInstances/MI_Sheen_Opaque_DS.uasset" 1369
"../../../Engine/Plugins/Interchange/Runtime/Content/gltf/MaterialInstances/MI_Sheen_Opaque_DS.uexp" 1370
"../../../Engine/Plugins/Interchange/Runtime/Content/gltf/MaterialInstances/MI_Sheen_Opaque.uasset" 1371
"../../../Engine/Plugins/Interchange/Runtime/Content/gltf/MaterialInstances/MI_Sheen_Opaque.uexp" 1372
"../../../Engine/Plugins/Interchange/Runtime/Content/gltf/MaterialInstances/MI_Sheen_Mask_DS.uasset" 1373
"../../../Engine/Plugins/Interchange/Runtime/Content/gltf/MaterialInstances/MI_Sheen_Mask_DS.uexp" 1374
"../../../Engine/Plugins/Interchange/Runtime/Content/gltf/MaterialInstances/MI_Sheen_Mask.uasset" 1375
"../../../Engine/Plugins/Interchange/Runtime/Content/gltf/MaterialInstances/MI_Sheen_Mask.uexp" 1376
"../../../Engine/Plugins/Interchange/Runtime/Content/gltf/MaterialInstances/MI_Sheen_Blend_DS.uasset" 1377
"../../../Engine/Plugins/Interchange/Runtime/Content/gltf/MaterialInstances/MI_Sheen_Blend_DS.uexp" 1378
"../../../Engine/Plugins/Interchange/Runtime/Content/gltf/MaterialInstances/MI_Sheen_Blend.uasset" 1379
"../../../Engine/Plugins/Interchange/Runtime/Content/gltf/MaterialInstances/MI_Sheen_Blend.uexp" 1380
"../../../Engine/Plugins/Interchange/Runtime/Content/gltf/MaterialBodies/MF_Default_Body.uasset" 1381
"../../../Engine/Plugins/Interchange/Runtime/Content/gltf/MaterialBodies/MF_Default_Body.uexp" 1382
"../../../Engine/Plugins/Interchange/Runtime/Content/gltf/M_Default.uasset" 1383
"../../../Engine/Plugins/Interchange/Runtime/Content/gltf/M_Default.uexp" 1384
"../../../Engine/Plugins/Interchange/Runtime/Content/gltf/MaterialInstances/MI_Default_Opaque_DS.uasset" 1385
"../../../Engine/Plugins/Interchange/Runtime/Content/gltf/MaterialInstances/MI_Default_Opaque_DS.uexp" 1386
"../../../Engine/Plugins/Interchange/Runtime/Content/gltf/MaterialInstances/MI_Default_Opaque.uasset" 1387
"../../../Engine/Plugins/Interchange/Runtime/Content/gltf/MaterialInstances/MI_Default_Opaque.uexp" 1388
"../../../Engine/Plugins/Interchange/Runtime/Content/gltf/MaterialInstances/MI_Default_Mask_DS.uasset" 1389
"../../../Engine/Plugins/Interchange/Runtime/Content/gltf/MaterialInstances/MI_Default_Mask_DS.uexp" 1390
"../../../Engine/Plugins/Interchange/Runtime/Content/gltf/MaterialInstances/MI_Default_Mask.uasset" 1391
"../../../Engine/Plugins/Interchange/Runtime/Content/gltf/MaterialInstances/MI_Default_Mask.uexp" 1392
"../../../Engine/Plugins/Interchange/Runtime/Content/gltf/MaterialInstances/MI_Default_Blend_DS.uasset" 1393
"../../../Engine/Plugins/Interchange/Runtime/Content/gltf/MaterialInstances/MI_Default_Blend_DS.uexp" 1394
"../../../Engine/Plugins/Interchange/Runtime/Content/gltf/MaterialInstances/MI_Default_Blend.uasset" 1395
"../../../Engine/Plugins/Interchange/Runtime/Content/gltf/MaterialInstances/MI_Default_Blend.uexp" 1396
"../../../Engine/Content/Functions/Engine_MaterialFunctions01/Texturing/FlattenNormal.uasset" 1397
"../../../Engine/Content/Functions/Engine_MaterialFunctions01/Texturing/FlattenNormal.uexp" 1398
"../../../Engine/Plugins/Interchange/Runtime/Content/gltf/MaterialFunctions/MF_Clearcoat.uasset" 1399
"../../../Engine/Plugins/Interchange/Runtime/Content/gltf/MaterialFunctions/MF_Clearcoat.uexp" 1400
"../../../Engine/Plugins/Interchange/Runtime/Content/gltf/MaterialBodies/MF_ClearCoat_Body.uasset" 1401
"../../../Engine/Plugins/Interchange/Runtime/Content/gltf/MaterialBodies/MF_ClearCoat_Body.uexp" 1402
"../../../Engine/Plugins/Interchange/Runtime/Content/gltf/M_ClearCoat.uasset" 1403
"../../../Engine/Plugins/Interchange/Runtime/Content/gltf/M_ClearCoat.uexp" 1404
"../../../Engine/Plugins/Interchange/Runtime/Content/gltf/MaterialInstances/MI_ClearCoat_Opaque_DS.uasset" 1405
"../../../Engine/Plugins/Interchange/Runtime/Content/gltf/MaterialInstances/MI_ClearCoat_Opaque_DS.uexp" 1406
"../../../Engine/Plugins/Interchange/Runtime/Content/gltf/MaterialInstances/MI_ClearCoat_Opaque.uasset" 1407
"../../../Engine/Plugins/Interchange/Runtime/Content/gltf/MaterialInstances/MI_ClearCoat_Opaque.uexp" 1408
"../../../Engine/Plugins/Interchange/Runtime/Content/gltf/MaterialInstances/MI_ClearCoat_Mask_DS.uasset" 1409
"../../../Engine/Plugins/Interchange/Runtime/Content/gltf/MaterialInstances/MI_ClearCoat_Mask_DS.uexp" 1410
"../../../Engine/Plugins/Interchange/Runtime/Content/gltf/MaterialInstances/MI_ClearCoat_Mask.uasset" 1411
"../../../Engine/Plugins/Interchange/Runtime/Content/gltf/MaterialInstances/MI_ClearCoat_Mask.uexp" 1412
"../../../Engine/Plugins/Interchange/Runtime/Content/gltf/MaterialInstances/MI_ClearCoat_Blend_DS.uasset" 1413
"../../../Engine/Plugins/Interchange/Runtime/Content/gltf/MaterialInstances/MI_ClearCoat_Blend_DS.uexp" 1414
"../../../Engine/Plugins/Interchange/Runtime/Content/gltf/MaterialInstances/MI_ClearCoat_Blend.uasset" 1415
"../../../Engine/Plugins/Interchange/Runtime/Content/gltf/MaterialInstances/MI_ClearCoat_Blend.uexp" 1416
"../../../Engine/Plugins/Experimental/Water/Content/Materials/WaterInfo/DrawWaterInfo.uasset" 1417
"../../../Engine/Plugins/Experimental/Water/Content/Materials/WaterInfo/DrawWaterInfo.uexp" 1418
"../../../Engine/Content/MobileResources/HUD/VirtualJoystick_Background.uasset" 1419
"../../../Engine/Content/MobileResources/HUD/VirtualJoystick_Background.uexp" 1420
"../../../Engine/Content/MobileResources/HUD/VirtualJoystick_Thumb.uasset" 1421
"../../../Engine/Content/MobileResources/HUD/VirtualJoystick_Thumb.uexp" 1422
"../../../Engine/Content/MobileResources/HUD/DefaultVirtualJoysticks.uasset" 1423
"../../../Engine/Content/MobileResources/HUD/DefaultVirtualJoysticks.uexp" 1424
"../../../Engine/Content/EngineSky/VolumetricClouds/CloudWeatherTexture.uasset" 1425
"../../../Engine/Content/EngineSky/VolumetricClouds/CloudWeatherTexture.uexp" 1426
"../../../Engine/Content/Functions/Engine_MaterialFunctions02/Utility/MakeFloat2.uasset" 1427
"../../../Engine/Content/Functions/Engine_MaterialFunctions02/Utility/MakeFloat2.uexp" 1428
"../../../Engine/Content/EngineSky/VolumetricClouds/CloudGradientTexture.uasset" 1429
"../../../Engine/Content/EngineSky/VolumetricClouds/CloudGradientTexture.uexp" 1430
"../../../Engine/Content/EngineSky/VolumetricClouds/T_NoiseShape64.ubulk" 1431
"../../../Engine/Content/EngineSky/VolumetricClouds/T_NoiseShape64.uasset" 1432
"../../../Engine/Content/EngineSky/VolumetricClouds/T_NoiseShape64.uexp" 1433
"../../../Engine/Content/EngineSky/VolumetricClouds/T_VolumeNoiseShape64.uasset" 1434
"../../../Engine/Content/EngineSky/VolumetricClouds/T_VolumeNoiseShape64.uexp" 1435
"../../../Engine/Content/EngineSky/VolumetricClouds/T_NoiseErosion.ubulk" 1436
"../../../Engine/Content/EngineSky/VolumetricClouds/T_NoiseErosion.uasset" 1437
"../../../Engine/Content/EngineSky/VolumetricClouds/T_NoiseErosion.uexp" 1438
"../../../Engine/Content/EngineSky/VolumetricClouds/T_VolumeNoiseErosion32.uasset" 1439
"../../../Engine/Content/EngineSky/VolumetricClouds/T_VolumeNoiseErosion32.uexp" 1440
"../../../Engine/Content/EngineSky/VolumetricClouds/m_SimpleVolumetricCloud.uasset" 1441
"../../../Engine/Content/EngineSky/VolumetricClouds/m_SimpleVolumetricCloud.uexp" 1442
"../../../Engine/Content/EngineSky/VolumetricClouds/m_SimpleVolumetricCloud_Inst.uasset" 1443
"../../../Engine/Content/EngineSky/VolumetricClouds/m_SimpleVolumetricCloud_Inst.uexp" 1444
"../../../Engine/Content/EngineResources/FilmGrains/Marcie_Grain_v3_128_M2_000.uasset" 1445
"../../../Engine/Content/EngineResources/FilmGrains/Marcie_Grain_v3_128_M2_000.uexp" 1446
"../../../Engine/Content/EditorResources/SequenceRecorder/RecordingIndicator.uasset" 1447
"../../../Engine/Content/EditorResources/SequenceRecorder/RecordingIndicator.uexp" 1448
"../../../Engine/Content/EditorResources/SequenceRecorder/Countdown.uasset" 1449
"../../../Engine/Content/EditorResources/SequenceRecorder/Countdown.uexp" 1450
"../../../Engine/Content/EditorMaterials/Dataflow/DataflowVertexMaterial.uasset" 1451
"../../../Engine/Content/EditorMaterials/Dataflow/DataflowVertexMaterial.uexp" 1452
"../../../Engine/Content/EngineMaterials/Substrate/Volume/SubstrateSimpleVolumeLUT3D.uasset" 1453
"../../../Engine/Content/EngineMaterials/Substrate/Volume/SubstrateSimpleVolumeLUT3D.uexp" 1454
"../../../Engine/Content/EngineMaterials/Substrate/Volume/SubstrateSimpleVolumeEnvLUT3D.uasset" 1455
"../../../Engine/Content/EngineMaterials/Substrate/Volume/SubstrateSimpleVolumeEnvLUT3D.uexp" 1456
"../../../Engine/Content/EngineMaterials/Substrate/GLints2/AGlintTex2dArray2.uasset" 1457
"../../../Engine/Content/EngineMaterials/Substrate/GLints2/AGlintTex2dArray2.uexp" 1458
"../../../Engine/Content/EngineMaterials/Substrate/GLints/AGlintTex2dArray.uasset" 1459
"../../../Engine/Content/EngineMaterials/Substrate/GLints/AGlintTex2dArray.uexp" 1460
"C:/Users/AlumnoM/Desktop/PINGUS/Juego/Penguin/Content/VehicleTemplate/Blueprints/True_kart3/R_Tras_IZ.ubulk" 1461
"C:/Users/AlumnoM/Desktop/PINGUS/Juego/Penguin/Content/VehicleTemplate/Blueprints/True_kart3/R_Tras_IZ.uasset" 1462
"C:/Users/AlumnoM/Desktop/PINGUS/Juego/Penguin/Content/VehicleTemplate/Blueprints/True_kart3/R_Tras_IZ.uexp" 1463
"C:/Users/AlumnoM/Desktop/PINGUS/Juego/Penguin/Content/VehicleTemplate/Blueprints/True_kart3/R_Tras_DER.ubulk" 1464
"C:/Users/AlumnoM/Desktop/PINGUS/Juego/Penguin/Content/VehicleTemplate/Blueprints/True_kart3/R_Tras_DER.uasset" 1465
"C:/Users/AlumnoM/Desktop/PINGUS/Juego/Penguin/Content/VehicleTemplate/Blueprints/True_kart3/R_Tras_DER.uexp" 1466
"C:/Users/AlumnoM/Desktop/PINGUS/Juego/Penguin/Content/VehicleTemplate/Blueprints/True_kart3/R_del_IZ.ubulk" 1467
"C:/Users/AlumnoM/Desktop/PINGUS/Juego/Penguin/Content/VehicleTemplate/Blueprints/True_kart3/R_del_IZ.uasset" 1468
"C:/Users/AlumnoM/Desktop/PINGUS/Juego/Penguin/Content/VehicleTemplate/Blueprints/True_kart3/R_del_IZ.uexp" 1469
"C:/Users/AlumnoM/Desktop/PINGUS/Juego/Penguin/Content/VehicleTemplate/Blueprints/True_kart3/R_del_DER.ubulk" 1470
"C:/Users/AlumnoM/Desktop/PINGUS/Juego/Penguin/Content/VehicleTemplate/Blueprints/True_kart3/R_del_DER.uasset" 1471
"C:/Users/AlumnoM/Desktop/PINGUS/Juego/Penguin/Content/VehicleTemplate/Blueprints/True_kart3/R_del_DER.uexp" 1472
"C:/Users/AlumnoM/Desktop/PINGUS/Juego/Penguin/Content/VehicleTemplate/Blueprints/True_kart3/NewMaterial.uasset" 1473
"C:/Users/AlumnoM/Desktop/PINGUS/Juego/Penguin/Content/VehicleTemplate/Blueprints/True_kart3/NewMaterial.uexp" 1474
"C:/Users/AlumnoM/Desktop/PINGUS/Juego/Penguin/Content/VehicleTemplate/Blueprints/True_kart3/kart_rig_static.ubulk" 1475
"C:/Users/AlumnoM/Desktop/PINGUS/Juego/Penguin/Content/VehicleTemplate/Blueprints/True_kart3/kart_rig_static.uasset" 1476
"C:/Users/AlumnoM/Desktop/PINGUS/Juego/Penguin/Content/VehicleTemplate/Blueprints/True_kart3/kart_rig_static.uexp" 1477
"C:/Users/AlumnoM/Desktop/PINGUS/Juego/Penguin/Content/VehicleTemplate/Blueprints/True_kart3/chasis.ubulk" 1478
"C:/Users/AlumnoM/Desktop/PINGUS/Juego/Penguin/Content/VehicleTemplate/Blueprints/True_kart3/chasis.uasset" 1479
"C:/Users/AlumnoM/Desktop/PINGUS/Juego/Penguin/Content/VehicleTemplate/Blueprints/True_kart3/chasis.uexp" 1480
"C:/Users/AlumnoM/Desktop/PINGUS/Juego/Penguin/Content/VehicleTemplate/Blueprints/True_kart3/ABP_Steering.uasset" 1481
"C:/Users/AlumnoM/Desktop/PINGUS/Juego/Penguin/Content/VehicleTemplate/Blueprints/True_kart3/ABP_Steering.uexp" 1482
"C:/Users/AlumnoM/Desktop/PINGUS/Juego/Penguin/Content/VehicleTemplate/Blueprints/Kart3/chasis_PhysicsAsset.uasset" 1483
"C:/Users/AlumnoM/Desktop/PINGUS/Juego/Penguin/Content/VehicleTemplate/Blueprints/Kart3/chasis_PhysicsAsset.uexp" 1484
"C:/Users/AlumnoM/Desktop/PINGUS/Juego/Penguin/Content/VehicleTemplate/Blueprints/Kart3/chasis.uasset" 1485
"C:/Users/AlumnoM/Desktop/PINGUS/Juego/Penguin/Content/VehicleTemplate/Blueprints/Kart3/chasis.uexp" 1486
"C:/Users/AlumnoM/Desktop/PINGUS/Juego/Penguin/Content/Vehicles/test_car/obje/TEX_bluecornettracks.ubulk" 1487
"C:/Users/AlumnoM/Desktop/PINGUS/Juego/Penguin/Content/Vehicles/test_car/obje/TEX_bluecornettracks.uasset" 1488
"C:/Users/AlumnoM/Desktop/PINGUS/Juego/Penguin/Content/Vehicles/test_car/obje/TEX_bluecornettracks.uexp" 1489
"C:/Users/AlumnoM/Desktop/PINGUS/Juego/Penguin/Content/Vehicles/test_car/obje/TEX_bluecornet.ubulk" 1490
"C:/Users/AlumnoM/Desktop/PINGUS/Juego/Penguin/Content/Vehicles/test_car/obje/TEX_bluecornet.uasset" 1491
"C:/Users/AlumnoM/Desktop/PINGUS/Juego/Penguin/Content/Vehicles/test_car/obje/TEX_bluecornet.uexp" 1492
"C:/Users/AlumnoM/Desktop/PINGUS/Juego/Penguin/Content/Vehicles/test_car/obje/bluecornet1_mat_10_001.uasset" 1493
"C:/Users/AlumnoM/Desktop/PINGUS/Juego/Penguin/Content/Vehicles/test_car/obje/bluecornet1_mat_10_001.uexp" 1494
"C:/Users/AlumnoM/Desktop/PINGUS/Juego/Penguin/Content/Vehicles/test_car/obje/bluecornet1_mat_11_001.uasset" 1495
"C:/Users/AlumnoM/Desktop/PINGUS/Juego/Penguin/Content/Vehicles/test_car/obje/bluecornet1_mat_11_001.uexp" 1496
"C:/Users/AlumnoM/Desktop/PINGUS/Juego/Penguin/Content/Vehicles/test_car/obje/bluecornet1_mat_3_001.uasset" 1497
"C:/Users/AlumnoM/Desktop/PINGUS/Juego/Penguin/Content/Vehicles/test_car/obje/bluecornet1_mat_3_001.uexp" 1498
"C:/Users/AlumnoM/Desktop/PINGUS/Juego/Penguin/Content/Vehicles/test_car/obje/bluecornet1_mat_4_001.uasset" 1499
"C:/Users/AlumnoM/Desktop/PINGUS/Juego/Penguin/Content/Vehicles/test_car/obje/bluecornet1_mat_4_001.uexp" 1500
"C:/Users/AlumnoM/Desktop/PINGUS/Juego/Penguin/Content/Vehicles/test_car/obje/bluecornet1_mat_5_001.uasset" 1501
"C:/Users/AlumnoM/Desktop/PINGUS/Juego/Penguin/Content/Vehicles/test_car/obje/bluecornet1_mat_5_001.uexp" 1502
"C:/Users/AlumnoM/Desktop/PINGUS/Juego/Penguin/Content/Vehicles/test_car/obje/bluecornet1_mat_4_004.uasset" 1503
"C:/Users/AlumnoM/Desktop/PINGUS/Juego/Penguin/Content/Vehicles/test_car/obje/bluecornet1_mat_4_004.uexp" 1504
"C:/Users/AlumnoM/Desktop/PINGUS/Juego/Penguin/Content/Vehicles/test_car/obje/kart_resize.ubulk" 1505
"C:/Users/AlumnoM/Desktop/PINGUS/Juego/Penguin/Content/Vehicles/test_car/obje/kart_resize.uasset" 1506
"C:/Users/AlumnoM/Desktop/PINGUS/Juego/Penguin/Content/Vehicles/test_car/obje/kart_resize.uexp" 1507
"C:/Users/AlumnoM/Desktop/PINGUS/Juego/Penguin/Content/Vehicles/test_car/obje/initialShadingGroup.uasset" 1508
"C:/Users/AlumnoM/Desktop/PINGUS/Juego/Penguin/Content/Vehicles/test_car/obje/initialShadingGroup.uexp" 1509
"C:/Users/AlumnoM/Desktop/PINGUS/Juego/Penguin/Content/Vehicles/SportsCar/Materials/MI_SportsCar_Wheel.uasset" 1510
"C:/Users/AlumnoM/Desktop/PINGUS/Juego/Penguin/Content/Vehicles/SportsCar/Materials/MI_SportsCar_Wheel.uexp" 1511
"C:/Users/AlumnoM/Desktop/PINGUS/Juego/Penguin/Content/Tracks/mapa_02/props/Gradient_Pallete.ubulk" 1512
"C:/Users/AlumnoM/Desktop/PINGUS/Juego/Penguin/Content/Tracks/mapa_02/props/Gradient_Pallete.uasset" 1513
"C:/Users/AlumnoM/Desktop/PINGUS/Juego/Penguin/Content/Tracks/mapa_02/props/Gradient_Pallete.uexp" 1514
"C:/Users/AlumnoM/Desktop/PINGUS/Juego/Penguin/Content/Tracks/mapa_02/props/avion_Cylinder_028.ubulk" 1515
"C:/Users/AlumnoM/Desktop/PINGUS/Juego/Penguin/Content/Tracks/mapa_02/props/avion_Cylinder_028.uasset" 1516
"C:/Users/AlumnoM/Desktop/PINGUS/Juego/Penguin/Content/Tracks/mapa_02/props/avion_Cylinder_028.uexp" 1517
"C:/Users/AlumnoM/Desktop/PINGUS/Juego/Penguin/Content/Menus/MainMenu/MainMenuPNNG/UI_Gameplay_blocking.uasset" 1518
"C:/Users/AlumnoM/Desktop/PINGUS/Juego/Penguin/Content/Menus/MainMenu/MainMenuPNNG/UI_Gameplay_blocking.uexp" 1519
"C:/Users/AlumnoM/Desktop/PINGUS/Juego/Penguin/Content/Menus/MainMenu/MainMenuPNNG/PressedStart.uasset" 1520
"C:/Users/AlumnoM/Desktop/PINGUS/Juego/Penguin/Content/Menus/MainMenu/MainMenuPNNG/PressedStart.uexp" 1521
"C:/Users/AlumnoM/Desktop/PINGUS/Juego/Penguin/Content/Menus/MainMenu/MainMenuPNNG/PressedExit.uasset" 1522
"C:/Users/AlumnoM/Desktop/PINGUS/Juego/Penguin/Content/Menus/MainMenu/MainMenuPNNG/PressedExit.uexp" 1523
"C:/Users/AlumnoM/Desktop/PINGUS/Juego/Penguin/Content/Menus/MainMenu/MainMenuPNNG/Boton_pressed.uasset" 1524
"C:/Users/AlumnoM/Desktop/PINGUS/Juego/Penguin/Content/Menus/MainMenu/MainMenuPNNG/Boton_pressed.uexp" 1525
"C:/Users/AlumnoM/Desktop/PINGUS/Juego/Penguin/Content/Menus/MainMenu/MainMenuPNNG/Boton.uasset" 1526
"C:/Users/AlumnoM/Desktop/PINGUS/Juego/Penguin/Content/Menus/MainMenu/MainMenuPNNG/Boton.uexp" 1527
"C:/Users/AlumnoM/Desktop/PINGUS/Juego/Penguin/Content/Menus/LevelSelector/Menu_Lvls/Export.uasset" 1528
"C:/Users/AlumnoM/Desktop/PINGUS/Juego/Penguin/Content/Menus/LevelSelector/Menu_Lvls/Export.uexp" 1529
"../../../Engine/Content/Functions/Engine_MaterialFunctions01/Shading/PowerToRoughness.uasset" 1530
"../../../Engine/Content/Functions/Engine_MaterialFunctions01/Shading/PowerToRoughness.uexp" 1531
"../../../Engine/Content/Functions/Engine_MaterialFunctions01/Shading/ConvertFromDiffSpec.uasset" 1532
"../../../Engine/Content/Functions/Engine_MaterialFunctions01/Shading/ConvertFromDiffSpec.uexp" 1533
"../../../Engine/Content/EngineMaterials/FlattenMaterial_WS_Normal_VT.uasset" 1534
"../../../Engine/Content/EngineMaterials/FlattenMaterial_WS_Normal_VT.uexp" 1535
"../../../Engine/Content/OpenWorldTemplate/HLOD/HLOD0_Instancing.uasset" 1536
"../../../Engine/Content/OpenWorldTemplate/HLOD/HLOD0_Instancing.uexp" 1537
"../../../Engine/Content/EngineMaterials/DefaultPhysicalMaterial.uasset" 1538
"../../../Engine/Content/EngineMaterials/DefaultPhysicalMaterial.uexp" 1539
"../../../Engine/Content/EngineMaterials/BlendFunc_DefBlend.uasset" 1540
"../../../Engine/Content/EngineMaterials/BlendFunc_DefBlend.uexp" 1541
"../../../Engine/Content/OpenWorldTemplate/LandscapeMaterial/T_GridChecker_A.ubulk" 1542
"../../../Engine/Content/OpenWorldTemplate/LandscapeMaterial/T_GridChecker_A.uasset" 1543
"../../../Engine/Content/OpenWorldTemplate/LandscapeMaterial/T_GridChecker_A.uexp" 1544
"../../../Engine/Content/EngineMaterials/BlendFunc_DefBase.uasset" 1545
"../../../Engine/Content/EngineMaterials/BlendFunc_DefBase.uexp" 1546
"../../../Engine/Content/Functions/Engine_MaterialFunctions03/Blends/Blend_Overlay.uasset" 1547
"../../../Engine/Content/Functions/Engine_MaterialFunctions03/Blends/Blend_Overlay.uexp" 1548
"../../../Engine/Content/OpenWorldTemplate/LandscapeMaterial/MF_ProcGrid.uasset" 1549
"../../../Engine/Content/OpenWorldTemplate/LandscapeMaterial/MF_ProcGrid.uexp" 1550
"../../../Engine/Content/OpenWorldTemplate/LandscapeMaterial/M_ProcGrid.uasset" 1551
"../../../Engine/Content/OpenWorldTemplate/LandscapeMaterial/M_ProcGrid.uexp" 1552
"../../../Engine/Content/BasicShapes/Plane.ubulk" 1553
"../../../Engine/Content/BasicShapes/Plane.uasset" 1554
"../../../Engine/Content/BasicShapes/Plane.uexp" 1555
"../../../Engine/Content/BasicShapes/BasicShapeMaterial.uasset" 1556
"../../../Engine/Content/BasicShapes/BasicShapeMaterial.uexp" 1557
"C:/Users/AlumnoM/Desktop/PINGUS/Juego/Penguin/Content/Props/Boost/BP_Boost.uasset" 1558
"C:/Users/AlumnoM/Desktop/PINGUS/Juego/Penguin/Content/Props/Boost/BP_Boost.uexp" 1559
"../../../Engine/Content/EngineSky/T_Sky_Stars.ubulk" 1560
"../../../Engine/Content/EngineSky/T_Sky_Stars.uasset" 1561
"../../../Engine/Content/EngineSky/T_Sky_Stars.uexp" 1562
"../../../Engine/Content/EngineSky/T_Sky_Clouds_M.ubulk" 1563
"../../../Engine/Content/EngineSky/T_Sky_Clouds_M.uasset" 1564
"../../../Engine/Content/EngineSky/T_Sky_Clouds_M.uexp" 1565
"../../../Engine/Content/EngineSky/T_Sky_Blue.ubulk" 1566
"../../../Engine/Content/EngineSky/T_Sky_Blue.uasset" 1567
"../../../Engine/Content/EngineSky/T_Sky_Blue.uexp" 1568
"../../../Engine/Content/EngineSky/M_Sky_Panning_Clouds2.uasset" 1569
"../../../Engine/Content/EngineSky/M_Sky_Panning_Clouds2.uexp" 1570
"../../../Engine/Content/EngineSky/SM_SkySphere.ubulk" 1571
"../../../Engine/Content/EngineSky/SM_SkySphere.uasset" 1572
"../../../Engine/Content/EngineSky/SM_SkySphere.uexp" 1573
"../../../Engine/Content/EngineSky/M_SimpleSkyDome.uasset" 1574
"../../../Engine/Content/EngineSky/M_SimpleSkyDome.uexp" 1575
"C:/Users/AlumnoM/Desktop/PINGUS/Juego/Penguin/Content/Tracks/BlokingPrubaMapa2/Circuito_2_piezas/MAPA.ubulk" 1576
"C:/Users/AlumnoM/Desktop/PINGUS/Juego/Penguin/Content/Tracks/BlokingPrubaMapa2/Circuito_2_piezas/MAPA.uasset" 1577
"C:/Users/AlumnoM/Desktop/PINGUS/Juego/Penguin/Content/Tracks/BlokingPrubaMapa2/Circuito_2_piezas/MAPA.uexp" 1578
"C:/Users/AlumnoM/Desktop/PINGUS/Juego/Penguin/Content/Tracks/BlokingPrubaMapa2/Circuito_2_piezas/SUELOMAPA.ubulk" 1579
"C:/Users/AlumnoM/Desktop/PINGUS/Juego/Penguin/Content/Tracks/BlokingPrubaMapa2/Circuito_2_piezas/SUELOMAPA.uasset" 1580
"C:/Users/AlumnoM/Desktop/PINGUS/Juego/Penguin/Content/Tracks/BlokingPrubaMapa2/Circuito_2_piezas/SUELOMAPA.uexp" 1581
"C:/Users/AlumnoM/Desktop/PINGUS/Juego/Penguin/Content/Vehicles/SportsCar/Materials/Textures/T_SportsCar_Wheel_BC.ubulk" 1582
"C:/Users/AlumnoM/Desktop/PINGUS/Juego/Penguin/Content/Vehicles/SportsCar/Materials/Textures/T_SportsCar_Wheel_BC.uasset" 1583
"C:/Users/AlumnoM/Desktop/PINGUS/Juego/Penguin/Content/Vehicles/SportsCar/Materials/Textures/T_SportsCar_Wheel_BC.uexp" 1584
"C:/Users/AlumnoM/Desktop/PINGUS/Juego/Penguin/Content/Vehicles/OffroadCar/Materials/Textures/T_OffroadCar_Body_Tan.ubulk" 1585
"C:/Users/AlumnoM/Desktop/PINGUS/Juego/Penguin/Content/Vehicles/OffroadCar/Materials/Textures/T_OffroadCar_Body_Tan.uasset" 1586
"C:/Users/AlumnoM/Desktop/PINGUS/Juego/Penguin/Content/Vehicles/OffroadCar/Materials/Textures/T_OffroadCar_Body_Tan.uexp" 1587
"../../../Engine/Content/EditorResources/S_Terrain.ubulk" 1588
"../../../Engine/Content/EditorResources/S_Terrain.uasset" 1589
"../../../Engine/Content/EditorResources/S_Terrain.uexp" 1590
"../../../Engine/Content/Functions/Engine_MaterialFunctions02/WorldPositionOffset/V2/ObjectScale.uasset" 1591
"../../../Engine/Content/Functions/Engine_MaterialFunctions02/WorldPositionOffset/V2/ObjectScale.uexp" 1592
"../../../Engine/Content/Functions/Engine_MaterialFunctions02/WorldPositionOffset/ComponentPivotLocation.uasset" 1593
"../../../Engine/Content/Functions/Engine_MaterialFunctions02/WorldPositionOffset/ComponentPivotLocation.uexp" 1594
"../../../Engine/Content/Functions/Engine_MaterialFunctions02/WorldPositionOffset/Sprite.uasset" 1595
"../../../Engine/Content/Functions/Engine_MaterialFunctions02/WorldPositionOffset/Sprite.uexp" 1596
"../../../Engine/Plugins/Experimental/Landmass/Content/Landscape/BlueprintBrushes/Materials/Sprite/M_BrushSprite_01.uasset" 1597
"../../../Engine/Plugins/Experimental/Landmass/Content/Landscape/BlueprintBrushes/Materials/Sprite/M_BrushSprite_01.uexp" 1598
"../../../Engine/Plugins/Experimental/Landmass/Content/Landscape/BlueprintBrushes/MPC/MPC_Landscape.uasset" 1599
"../../../Engine/Plugins/Experimental/Landmass/Content/Landscape/BlueprintBrushes/MPC/MPC_Landscape.uexp" 1600
"../../../Engine/Plugins/Experimental/Landmass/Content/Landscape/BlueprintBrushes/MF/LandmassBrush_UVs.uasset" 1601
"../../../Engine/Plugins/Experimental/Landmass/Content/Landscape/BlueprintBrushes/MF/LandmassBrush_UVs.uexp" 1602
"../../../Engine/Plugins/Experimental/Landmass/Content/Landscape/BlueprintBrushes/MF/LandmassBrush_EdgeFalloff.uasset" 1603
"../../../Engine/Plugins/Experimental/Landmass/Content/Landscape/BlueprintBrushes/MF/LandmassBrush_EdgeFalloff.uexp" 1604
"../../../Engine/Plugins/Experimental/Landmass/Content/Landscape/BlueprintBrushes/MF/PointSampleLandscapeUVs.uasset" 1605
"../../../Engine/Plugins/Experimental/Landmass/Content/Landscape/BlueprintBrushes/MF/PointSampleLandscapeUVs.uexp" 1606
"../../../Engine/Content/Functions/Engine_MaterialFunctions03/Blends/Blend_Screen.uasset" 1607
"../../../Engine/Content/Functions/Engine_MaterialFunctions03/Blends/Blend_Screen.uexp" 1608
"../../../Engine/Content/Functions/Engine_MaterialFunctions03/Procedurals/ComputeFilterWidth.uasset" 1609
"../../../Engine/Content/Functions/Engine_MaterialFunctions03/Procedurals/ComputeFilterWidth.uexp" 1610
"../../../Engine/Content/EditorMaterials/TilingAALineIntegral.uasset" 1611
"../../../Engine/Content/EditorMaterials/TilingAALineIntegral.uexp" 1612
"../../../Engine/Content/EditorMaterials/TilingAALineBoxFiltered.uasset" 1613
"../../../Engine/Content/EditorMaterials/TilingAALineBoxFiltered.uexp" 1614
"../../../Engine/Content/EditorMaterials/TilingAAGrid.uasset" 1615
"../../../Engine/Content/EditorMaterials/TilingAAGrid.uexp" 1616
"../../../Engine/Plugins/Experimental/Landmass/Content/Landscape/OldPrototype_BP/Mats/MF/UnpackRG8Height.uasset" 1617
"../../../Engine/Plugins/Experimental/Landmass/Content/Landscape/OldPrototype_BP/Mats/MF/UnpackRG8Height.uexp" 1618
"../../../Engine/Plugins/Experimental/Landmass/Content/Landscape/BlueprintBrushes/MF/Landmass_BrushTilt.uasset" 1619
"../../../Engine/Plugins/Experimental/Landmass/Content/Landscape/BlueprintBrushes/MF/Landmass_BrushTilt.uexp" 1620
"../../../Engine/Content/ArtTools/RenderToTexture/Textures/T_EV_BlankWhite_01.uasset" 1621
"../../../Engine/Content/ArtTools/RenderToTexture/Textures/T_EV_BlankWhite_01.uexp" 1622
"../../../Engine/Content/Functions/Engine_MaterialFunctions01/ImageAdjustment/SCurve.uasset" 1623
"../../../Engine/Content/Functions/Engine_MaterialFunctions01/ImageAdjustment/SCurve.uexp" 1624
"../../../Engine/Content/EngineResources/Black_Low.uasset" 1625
"../../../Engine/Content/EngineResources/Black_Low.uexp" 1626
"../../../Engine/Plugins/Experimental/Landmass/Content/Landscape/BlueprintBrushes/MF/LandmassBrush_Noise.uasset" 1627
"../../../Engine/Plugins/Experimental/Landmass/Content/Landscape/BlueprintBrushes/MF/LandmassBrush_Noise.uexp" 1628
"../../../Engine/Plugins/Experimental/Landmass/Content/Landscape/BlueprintBrushes/Materials/BrushMaterials/BasicFunctions/LandmassBrush_ShapeMask.uasset" 1629
"../../../Engine/Plugins/Experimental/Landmass/Content/Landscape/BlueprintBrushes/Materials/BrushMaterials/BasicFunctions/LandmassBrush_ShapeMask.uexp" 1630
"../../../Engine/Plugins/Experimental/Landmass/Content/Landscape/BlueprintBrushes/Materials/Internal/BrushBounds.uasset" 1631
"../../../Engine/Plugins/Experimental/Landmass/Content/Landscape/BlueprintBrushes/Materials/Internal/BrushBounds.uexp" 1632
"C:/Users/AlumnoM/Desktop/PINGUS/Juego/Penguin/Content/LevelPrototyping/Meshes/SM_Cube.ubulk" 1633
"C:/Users/AlumnoM/Desktop/PINGUS/Juego/Penguin/Content/LevelPrototyping/Meshes/SM_Cube.uasset" 1634
"C:/Users/AlumnoM/Desktop/PINGUS/Juego/Penguin/Content/LevelPrototyping/Meshes/SM_Cube.uexp" 1635
"C:/Users/AlumnoM/Desktop/PINGUS/Juego/Penguin/Content/LevelPrototyping/Materials/MI_PrototypeGrid_TopDark.uasset" 1636
"C:/Users/AlumnoM/Desktop/PINGUS/Juego/Penguin/Content/LevelPrototyping/Materials/MI_PrototypeGrid_TopDark.uexp" 1637
"C:/Users/AlumnoM/Desktop/PINGUS/Juego/Penguin/Content/LevelPrototyping/Meshes/SM_Ramp.ubulk" 1638
"C:/Users/AlumnoM/Desktop/PINGUS/Juego/Penguin/Content/LevelPrototyping/Meshes/SM_Ramp.uasset" 1639
"C:/Users/AlumnoM/Desktop/PINGUS/Juego/Penguin/Content/LevelPrototyping/Meshes/SM_Ramp.uexp" 1640
"C:/Users/AlumnoM/Desktop/PINGUS/Juego/Penguin/Content/Vehicles/PhysicsMaterials/Slippery.uasset" 1641
"C:/Users/AlumnoM/Desktop/PINGUS/Juego/Penguin/Content/Vehicles/PhysicsMaterials/Slippery.uexp" 1642
"C:/Users/AlumnoM/Desktop/PINGUS/Juego/Penguin/Content/LevelPrototyping/Materials/MI_PrototypeGrid_Gray_02.uasset" 1643
"C:/Users/AlumnoM/Desktop/PINGUS/Juego/Penguin/Content/LevelPrototyping/Materials/MI_PrototypeGrid_Gray_02.uexp" 1644
"C:/Users/AlumnoM/Desktop/PINGUS/Juego/Penguin/Content/Vehicles/PhysicsMaterials/NonSlippery.uasset" 1645
"C:/Users/AlumnoM/Desktop/PINGUS/Juego/Penguin/Content/Vehicles/PhysicsMaterials/NonSlippery.uexp" 1646
"C:/Users/AlumnoM/Desktop/PINGUS/Juego/Penguin/Content/LevelPrototyping/Meshes/SM_Cylinder.ubulk" 1647
"C:/Users/AlumnoM/Desktop/PINGUS/Juego/Penguin/Content/LevelPrototyping/Meshes/SM_Cylinder.uasset" 1648
"C:/Users/AlumnoM/Desktop/PINGUS/Juego/Penguin/Content/LevelPrototyping/Meshes/SM_Cylinder.uexp" 1649
"C:/Users/AlumnoM/Desktop/PINGUS/Juego/Penguin/Content/Props/ramp_Test/Ramp_Test.ubulk" 1650
"C:/Users/AlumnoM/Desktop/PINGUS/Juego/Penguin/Content/Props/ramp_Test/Ramp_Test.uasset" 1651
"C:/Users/AlumnoM/Desktop/PINGUS/Juego/Penguin/Content/Props/ramp_Test/Ramp_Test.uexp" 1652
"C:/Users/AlumnoM/Desktop/PINGUS/Juego/Penguin/Content/Track/M_Track.uasset" 1653
"C:/Users/AlumnoM/Desktop/PINGUS/Juego/Penguin/Content/Track/M_Track.uexp" 1654
"C:/Users/AlumnoM/Desktop/PINGUS/Juego/Penguin/Content/Track/MI_TrackEdge.uasset" 1655
"C:/Users/AlumnoM/Desktop/PINGUS/Juego/Penguin/Content/Track/MI_TrackEdge.uexp" 1656
"C:/Users/AlumnoM/Desktop/PINGUS/Juego/Penguin/Content/Track/SM_Track_10M.ubulk" 1657
"C:/Users/AlumnoM/Desktop/PINGUS/Juego/Penguin/Content/Track/SM_Track_10M.uasset" 1658
"C:/Users/AlumnoM/Desktop/PINGUS/Juego/Penguin/Content/Track/SM_Track_10M.uexp" 1659
"C:/Users/AlumnoM/Desktop/PINGUS/Juego/Penguin/Content/VehicleTemplate/Blueprints/SportsCar/SportsCar_Pawn.uasset" 1660
"C:/Users/AlumnoM/Desktop/PINGUS/Juego/Penguin/Content/VehicleTemplate/Blueprints/SportsCar/SportsCar_Pawn.uexp" 1661
"C:/Users/AlumnoM/Desktop/PINGUS/Juego/Penguin/Content/Tracks/BlokingPrubaMapa2/BlokingCircuito_02_SegundaPrueba_Cube.ubulk" 1662
"C:/Users/AlumnoM/Desktop/PINGUS/Juego/Penguin/Content/Tracks/BlokingPrubaMapa2/BlokingCircuito_02_SegundaPrueba_Cube.uasset" 1663
"C:/Users/AlumnoM/Desktop/PINGUS/Juego/Penguin/Content/Tracks/BlokingPrubaMapa2/BlokingCircuito_02_SegundaPrueba_Cube.uexp" 1664
"C:/Users/AlumnoM/Desktop/PINGUS/Juego/Penguin/Content/Props/Box/Caja_Madera_UV_P.ubulk" 1665
"C:/Users/AlumnoM/Desktop/PINGUS/Juego/Penguin/Content/Props/Box/Caja_Madera_UV_P.uasset" 1666
"C:/Users/AlumnoM/Desktop/PINGUS/Juego/Penguin/Content/Props/Box/Caja_Madera_UV_P.uexp" 1667
"C:/Users/AlumnoM/Desktop/PINGUS/Juego/Penguin/Content/Tracks/Blocking_prueba/Carretera.ubulk" 1668
"C:/Users/AlumnoM/Desktop/PINGUS/Juego/Penguin/Content/Tracks/Blocking_prueba/Carretera.uasset" 1669
"C:/Users/AlumnoM/Desktop/PINGUS/Juego/Penguin/Content/Tracks/Blocking_prueba/Carretera.uexp" 1670
"C:/Users/AlumnoM/Desktop/PINGUS/Juego/Penguin/Content/Tracks/Blocking_prueba/circuito.uasset" 1671
"C:/Users/AlumnoM/Desktop/PINGUS/Juego/Penguin/Content/Tracks/Blocking_prueba/circuito.uexp" 1672
"C:/Users/AlumnoM/Desktop/PINGUS/Juego/Penguin/Content/Vehicles/SportsCar/kart_skel.uasset" 1673
"C:/Users/AlumnoM/Desktop/PINGUS/Juego/Penguin/Content/Vehicles/SportsCar/kart_skel.uexp" 1674
"C:/Users/AlumnoM/Desktop/PINGUS/Juego/Penguin/Content/VehicleTemplate/Blueprints/kart_test1.uasset" 1675
"C:/Users/AlumnoM/Desktop/PINGUS/Juego/Penguin/Content/VehicleTemplate/Blueprints/kart_test1.uexp" 1676
"C:/Users/AlumnoM/Desktop/PINGUS/Juego/Penguin/Content/Props/Box/Box_BP.uasset" 1677
"C:/Users/AlumnoM/Desktop/PINGUS/Juego/Penguin/Content/Props/Box/Box_BP.uexp" 1678
"C:/Users/AlumnoM/Desktop/PINGUS/Juego/Penguin/Content/Tracks/BlokingPrubaMapa2/Death.uasset" 1679
"C:/Users/AlumnoM/Desktop/PINGUS/Juego/Penguin/Content/Tracks/BlokingPrubaMapa2/Death.uexp" 1680
"C:/Users/AlumnoM/Desktop/PINGUS/Juego/Penguin/Content/VehicleTemplate/Blueprints/Countdown/WBP_countdown.uasset" 1681
"C:/Users/AlumnoM/Desktop/PINGUS/Juego/Penguin/Content/VehicleTemplate/Blueprints/Countdown/WBP_countdown.uexp" 1682
"C:/Users/AlumnoM/Desktop/PINGUS/Juego/Penguin/Content/VehicleTemplate/Blueprints/Countdown/M_InvWal.uasset" 1683
"C:/Users/AlumnoM/Desktop/PINGUS/Juego/Penguin/Content/VehicleTemplate/Blueprints/Countdown/M_InvWal.uexp" 1684
"C:/Users/AlumnoM/Desktop/PINGUS/Juego/Penguin/Content/VehicleTemplate/Blueprints/Countdown/BP_invwall.uasset" 1685
"C:/Users/AlumnoM/Desktop/PINGUS/Juego/Penguin/Content/VehicleTemplate/Blueprints/Countdown/BP_invwall.uexp" 1686
"C:/Users/AlumnoM/Desktop/PINGUS/Juego/Penguin/Content/Tracks/Blocking_3/BlokingCircuito3_Barco_001.ubulk" 1687
"C:/Users/AlumnoM/Desktop/PINGUS/Juego/Penguin/Content/Tracks/Blocking_3/BlokingCircuito3_Barco_001.uasset" 1688
"C:/Users/AlumnoM/Desktop/PINGUS/Juego/Penguin/Content/Tracks/Blocking_3/BlokingCircuito3_Barco_001.uexp" 1689
"C:/Users/AlumnoM/Desktop/PINGUS/Juego/Penguin/Content/Shaders/Shader1/M_Shader1.uasset" 1690
"C:/Users/AlumnoM/Desktop/PINGUS/Juego/Penguin/Content/Shaders/Shader1/M_Shader1.uexp" 1691
"C:/Users/AlumnoM/Desktop/PINGUS/Juego/Penguin/Content/Shaders/Shader1/M_Shader1Inst.uasset" 1692
"C:/Users/AlumnoM/Desktop/PINGUS/Juego/Penguin/Content/Shaders/Shader1/M_Shader1Inst.uexp" 1693
"C:/Users/AlumnoM/Desktop/PINGUS/Juego/Penguin/Content/Tracks/mapa_02/Material_004.uasset" 1694
"C:/Users/AlumnoM/Desktop/PINGUS/Juego/Penguin/Content/Tracks/mapa_02/Material_004.uexp" 1695
"C:/Users/AlumnoM/Desktop/PINGUS/Juego/Penguin/Content/Tracks/mapa_02/props/Meta_NurbsPath_001.ubulk" 1696
"C:/Users/AlumnoM/Desktop/PINGUS/Juego/Penguin/Content/Tracks/mapa_02/props/Meta_NurbsPath_001.uasset" 1697
"C:/Users/AlumnoM/Desktop/PINGUS/Juego/Penguin/Content/Tracks/mapa_02/props/Meta_NurbsPath_001.uexp" 1698
"C:/Users/AlumnoM/Desktop/PINGUS/Juego/Penguin/Content/Tracks/mapa_02/props/Palos_02.ubulk" 1699
"C:/Users/AlumnoM/Desktop/PINGUS/Juego/Penguin/Content/Tracks/mapa_02/props/Palos_02.uasset" 1700
"C:/Users/AlumnoM/Desktop/PINGUS/Juego/Penguin/Content/Tracks/mapa_02/props/Palos_02.uexp" 1701
"C:/Users/AlumnoM/Desktop/PINGUS/Juego/Penguin/Content/Tracks/mapa_02/props/Palos_02_Mat.uasset" 1702
"C:/Users/AlumnoM/Desktop/PINGUS/Juego/Penguin/Content/Tracks/mapa_02/props/Palos_02_Mat.uexp" 1703
"C:/Users/AlumnoM/Desktop/PINGUS/Juego/Penguin/Content/Tracks/mapa_02/Carretera_02.ubulk" 1704
"C:/Users/AlumnoM/Desktop/PINGUS/Juego/Penguin/Content/Tracks/mapa_02/Carretera_02.uasset" 1705
"C:/Users/AlumnoM/Desktop/PINGUS/Juego/Penguin/Content/Tracks/mapa_02/Carretera_02.uexp" 1706
"C:/Users/AlumnoM/Desktop/PINGUS/Juego/Penguin/Content/Tracks/mapa_02/Material_011.uasset" 1707
"C:/Users/AlumnoM/Desktop/PINGUS/Juego/Penguin/Content/Tracks/mapa_02/Material_011.uexp" 1708
"C:/Users/AlumnoM/Desktop/PINGUS/Juego/Penguin/Content/Tracks/mapa_02/Gradient_Pallete_Mat.uasset" 1709
"C:/Users/AlumnoM/Desktop/PINGUS/Juego/Penguin/Content/Tracks/mapa_02/Gradient_Pallete_Mat.uexp" 1710
"C:/Users/AlumnoM/Desktop/PINGUS/Juego/Penguin/Content/Tracks/mapa_02/Pista_Plane_020.ubulk" 1711
"C:/Users/AlumnoM/Desktop/PINGUS/Juego/Penguin/Content/Tracks/mapa_02/Pista_Plane_020.uasset" 1712
"C:/Users/AlumnoM/Desktop/PINGUS/Juego/Penguin/Content/Tracks/mapa_02/Pista_Plane_020.uexp" 1713
"C:/Users/AlumnoM/Desktop/PINGUS/Juego/Penguin/Content/Tracks/mapa_02/props/cajas_sci.ubulk" 1714
"C:/Users/AlumnoM/Desktop/PINGUS/Juego/Penguin/Content/Tracks/mapa_02/props/cajas_sci.uasset" 1715
"C:/Users/AlumnoM/Desktop/PINGUS/Juego/Penguin/Content/Tracks/mapa_02/props/cajas_sci.uexp" 1716
"C:/Users/AlumnoM/Desktop/PINGUS/Juego/Penguin/Content/Tracks/mapa_02/poortaviones_01_Plane_008.ubulk" 1717
"C:/Users/AlumnoM/Desktop/PINGUS/Juego/Penguin/Content/Tracks/mapa_02/poortaviones_01_Plane_008.uasset" 1718
"C:/Users/AlumnoM/Desktop/PINGUS/Juego/Penguin/Content/Tracks/mapa_02/poortaviones_01_Plane_008.uexp" 1719
"C:/Users/AlumnoM/Desktop/PINGUS/Juego/Penguin/Content/Tracks/mapa_02/Material_005.uasset" 1720
"C:/Users/AlumnoM/Desktop/PINGUS/Juego/Penguin/Content/Tracks/mapa_02/Material_005.uexp" 1721
"C:/Users/AlumnoM/Desktop/PINGUS/Juego/Penguin/Content/Tracks/mapa_02/props/container_Plane_004.ubulk" 1722
"C:/Users/AlumnoM/Desktop/PINGUS/Juego/Penguin/Content/Tracks/mapa_02/props/container_Plane_004.uasset" 1723
"C:/Users/AlumnoM/Desktop/PINGUS/Juego/Penguin/Content/Tracks/mapa_02/props/container_Plane_004.uexp" 1724
"C:/Users/AlumnoM/Desktop/PINGUS/Juego/Penguin/Content/Tracks/mapa_02/props/container_Plane_001.ubulk" 1725
"C:/Users/AlumnoM/Desktop/PINGUS/Juego/Penguin/Content/Tracks/mapa_02/props/container_Plane_001.uasset" 1726
"C:/Users/AlumnoM/Desktop/PINGUS/Juego/Penguin/Content/Tracks/mapa_02/props/container_Plane_001.uexp" 1727
"C:/Users/AlumnoM/Desktop/PINGUS/Juego/Penguin/Content/Tracks/mapa_02/props/ContainerTexturas_Interior_Azul.ubulk" 1728
"C:/Users/AlumnoM/Desktop/PINGUS/Juego/Penguin/Content/Tracks/mapa_02/props/ContainerTexturas_Interior_Azul.uasset" 1729
"C:/Users/AlumnoM/Desktop/PINGUS/Juego/Penguin/Content/Tracks/mapa_02/props/ContainerTexturas_Interior_Azul.uexp" 1730
"C:/Users/AlumnoM/Desktop/PINGUS/Juego/Penguin/Content/Tracks/mapa_02/props/ContainerTexturas_Interior_Azul_Mat.uasset" 1731
"C:/Users/AlumnoM/Desktop/PINGUS/Juego/Penguin/Content/Tracks/mapa_02/props/ContainerTexturas_Interior_Azul_Mat.uexp" 1732
"C:/Users/AlumnoM/Desktop/PINGUS/Juego/Penguin/Content/Tracks/mapa_02/props/conatiner.uasset" 1733
"C:/Users/AlumnoM/Desktop/PINGUS/Juego/Penguin/Content/Tracks/mapa_02/props/conatiner.uexp" 1734
"C:/Users/AlumnoM/Desktop/PINGUS/Juego/Penguin/Content/Tracks/mapa_02/poortaviones_01_Cube_046.ubulk" 1735
"C:/Users/AlumnoM/Desktop/PINGUS/Juego/Penguin/Content/Tracks/mapa_02/poortaviones_01_Cube_046.uasset" 1736
"C:/Users/AlumnoM/Desktop/PINGUS/Juego/Penguin/Content/Tracks/mapa_02/poortaviones_01_Cube_046.uexp" 1737
"C:/Users/AlumnoM/Desktop/PINGUS/Juego/Penguin/Content/Tracks/mapa_02/poortaviones_02_Plane_019.ubulk" 1738
"C:/Users/AlumnoM/Desktop/PINGUS/Juego/Penguin/Content/Tracks/mapa_02/poortaviones_02_Plane_019.uasset" 1739
"C:/Users/AlumnoM/Desktop/PINGUS/Juego/Penguin/Content/Tracks/mapa_02/poortaviones_02_Plane_019.uexp" 1740
"C:/Users/AlumnoM/Desktop/PINGUS/Juego/Penguin/Content/Tracks/mapa_02/props/Grada.ubulk" 1741
"C:/Users/AlumnoM/Desktop/PINGUS/Juego/Penguin/Content/Tracks/mapa_02/props/Grada.uasset" 1742
"C:/Users/AlumnoM/Desktop/PINGUS/Juego/Penguin/Content/Tracks/mapa_02/props/Grada.uexp" 1743
"C:/Users/AlumnoM/Desktop/PINGUS/Juego/Penguin/Content/Tracks/mapa_02/props/aro_fin.ubulk" 1744
"C:/Users/AlumnoM/Desktop/PINGUS/Juego/Penguin/Content/Tracks/mapa_02/props/aro_fin.uasset" 1745
"C:/Users/AlumnoM/Desktop/PINGUS/Juego/Penguin/Content/Tracks/mapa_02/props/aro_fin.uexp" 1746
"C:/Users/AlumnoM/Desktop/PINGUS/Juego/Penguin/Content/Tracks/mapa_02/props/all_aviones_Cylinder_003.ubulk" 1747
"C:/Users/AlumnoM/Desktop/PINGUS/Juego/Penguin/Content/Tracks/mapa_02/props/all_aviones_Cylinder_003.uasset" 1748
"C:/Users/AlumnoM/Desktop/PINGUS/Juego/Penguin/Content/Tracks/mapa_02/props/all_aviones_Cylinder_003.uexp" 1749
"C:/Users/AlumnoM/Desktop/PINGUS/Juego/Penguin/Content/Tracks/mapa_02/Vallas_pista_iz_Cube_029.ubulk" 1750
"C:/Users/AlumnoM/Desktop/PINGUS/Juego/Penguin/Content/Tracks/mapa_02/Vallas_pista_iz_Cube_029.uasset" 1751
"C:/Users/AlumnoM/Desktop/PINGUS/Juego/Penguin/Content/Tracks/mapa_02/Vallas_pista_iz_Cube_029.uexp" 1752
"C:/Users/AlumnoM/Desktop/PINGUS/Juego/Penguin/Content/Tracks/mapa_02/Material_003.uasset" 1753
"C:/Users/AlumnoM/Desktop/PINGUS/Juego/Penguin/Content/Tracks/mapa_02/Material_003.uexp" 1754
"../../../Engine/Content/MapTemplates/Sky/DaylightAmbientCubemap.uasset" 1755
"../../../Engine/Content/MapTemplates/Sky/DaylightAmbientCubemap.uexp" 1756
"C:/Users/AlumnoM/Desktop/PINGUS/Juego/Penguin/Content/StarterContent/Blueprints/Assets/M_LightStage_Skybox_Master.uasset" 1757
"C:/Users/AlumnoM/Desktop/PINGUS/Juego/Penguin/Content/StarterContent/Blueprints/Assets/M_LightStage_Skybox_Master.uexp" 1758
"C:/Users/AlumnoM/Desktop/PINGUS/Juego/Penguin/Content/StarterContent/Blueprints/Assets/M_LightStage_Skybox_Black.uasset" 1759
"C:/Users/AlumnoM/Desktop/PINGUS/Juego/Penguin/Content/StarterContent/Blueprints/Assets/M_LightStage_Skybox_Black.uexp" 1760
"../../../Engine/Plugins/Experimental/Water/Content/Materials/Brushes/CanvasDrawing.uasset" 1761
"../../../Engine/Plugins/Experimental/Water/Content/Materials/Brushes/CanvasDrawing.uexp" 1762
"../../../Engine/Plugins/Experimental/Landmass/Content/Landscape/OldPrototype_BP/Textures/LS_Debug_RT_01.uasset" 1763
"../../../Engine/Plugins/Experimental/Landmass/Content/Landscape/OldPrototype_BP/Textures/LS_Debug_RT_01.uexp" 1764
"../../../Engine/Plugins/Experimental/Landmass/Content/Landscape/BlueprintBrushes/MPC/MPC_Erosion.uasset" 1765
"../../../Engine/Plugins/Experimental/Landmass/Content/Landscape/BlueprintBrushes/MPC/MPC_Erosion.uexp" 1766
"../../../Engine/Plugins/Experimental/Landmass/Content/DistanceFields/Materials/DetectEdges.uasset" 1767
"../../../Engine/Plugins/Experimental/Landmass/Content/DistanceFields/Materials/DetectEdges.uexp" 1768
"../../../Engine/Plugins/Experimental/Landmass/Content/Landscape/OldPrototype_BP/Mats/MF/BrushBlendModes_Manual.uasset" 1769
"../../../Engine/Plugins/Experimental/Landmass/Content/Landscape/OldPrototype_BP/Mats/MF/BrushBlendModes_Manual.uexp" 1770
"../../../Engine/Content/MapTemplates/TilingNoise05.ubulk" 1771
"../../../Engine/Content/MapTemplates/TilingNoise05.uasset" 1772
"../../../Engine/Content/MapTemplates/TilingNoise05.uexp" 1773
"../../../Engine/Content/EngineResources/Black.uasset" 1774
"../../../Engine/Content/EngineResources/Black.uexp" 1775
"../../../Engine/Plugins/Experimental/Landmass/Content/Landscape/BlueprintBrushes/MF/ReadCachedDistanceField.uasset" 1776
"../../../Engine/Plugins/Experimental/Landmass/Content/Landscape/BlueprintBrushes/MF/ReadCachedDistanceField.uexp" 1777
"../../../Engine/Content/Functions/Engine_MaterialFunctions02/WorldPositionOffset/GenerateASpline.uasset" 1778
"../../../Engine/Content/Functions/Engine_MaterialFunctions02/WorldPositionOffset/GenerateASpline.uexp" 1779
"../../../Engine/Plugins/Experimental/Landmass/Content/Landscape/OldPrototype_BP/Mats/MF/CatmullRomTexture.uasset" 1780
"../../../Engine/Plugins/Experimental/Landmass/Content/Landscape/OldPrototype_BP/Mats/MF/CatmullRomTexture.uexp" 1781
"../../../Engine/Plugins/Experimental/Landmass/Content/Landscape/OldPrototype_BP/Mats/MF/SmoothTerracing.uasset" 1782
"../../../Engine/Plugins/Experimental/Landmass/Content/Landscape/OldPrototype_BP/Mats/MF/SmoothTerracing.uexp" 1783
"../../../Engine/Content/Functions/Engine_MaterialFunctions01/Math/SmoothCeil.uasset" 1784
"../../../Engine/Content/Functions/Engine_MaterialFunctions01/Math/SmoothCeil.uexp" 1785
"../../../Engine/Plugins/Experimental/Landmass/Content/Landscape/OldPrototype_BP/Mats/MF/BrushTerracing.uasset" 1786
"../../../Engine/Plugins/Experimental/Landmass/Content/Landscape/OldPrototype_BP/Mats/MF/BrushTerracing.uexp" 1787
"../../../Engine/Plugins/Experimental/Landmass/Content/Landscape/OldPrototype_BP/Mats/MF/BrushAlphaMask.uasset" 1788
"../../../Engine/Plugins/Experimental/Landmass/Content/Landscape/OldPrototype_BP/Mats/MF/BrushAlphaMask.uexp" 1789
"../../../Engine/Plugins/Experimental/Landmass/Content/Landscape/OldPrototype_BP/Mats/MF/SmoothIntersections.uasset" 1790
"../../../Engine/Plugins/Experimental/Landmass/Content/Landscape/OldPrototype_BP/Mats/MF/SmoothIntersections.uexp" 1791
"../../../Engine/Plugins/Experimental/Landmass/Content/Landscape/OldPrototype_BP/Mats/MF/BrushDisplaceMask.uasset" 1792
"../../../Engine/Plugins/Experimental/Landmass/Content/Landscape/OldPrototype_BP/Mats/MF/BrushDisplaceMask.uexp" 1793
"../../../Engine/Plugins/Experimental/Landmass/Content/Landscape/BlueprintBrushes/MF/PackRG8Height.uasset" 1794
"../../../Engine/Plugins/Experimental/Landmass/Content/Landscape/BlueprintBrushes/MF/PackRG8Height.uexp" 1795
"../../../Engine/Plugins/Experimental/Water/Content/Materials/Brushes/MeshBrush_Width.uasset" 1796
"../../../Engine/Plugins/Experimental/Water/Content/Materials/Brushes/MeshBrush_Width.uexp" 1797
"../../../Engine/Plugins/Experimental/Water/Content/Materials/Brushes/MeshBrush_Weightmap.uasset" 1798
"../../../Engine/Plugins/Experimental/Water/Content/Materials/Brushes/MeshBrush_Weightmap.uexp" 1799
"../../../Engine/Plugins/Experimental/Landmass/Content/Landscape/BlueprintBrushes/MF/BrushDisplaceMask.uasset" 1800
"../../../Engine/Plugins/Experimental/Landmass/Content/Landscape/BlueprintBrushes/MF/BrushDisplaceMask.uexp" 1801
"../../../Engine/Plugins/Experimental/Landmass/Content/Landscape/BlueprintBrushes/MF/BrushTerracing.uasset" 1802
"../../../Engine/Plugins/Experimental/Landmass/Content/Landscape/BlueprintBrushes/MF/BrushTerracing.uexp" 1803
"../../../Engine/Plugins/Experimental/Landmass/Content/Landscape/BlueprintBrushes/MF/BrushAlphaMask.uasset" 1804
"../../../Engine/Plugins/Experimental/Landmass/Content/Landscape/BlueprintBrushes/MF/BrushAlphaMask.uexp" 1805
"../../../Engine/Plugins/Experimental/Landmass/Content/Landscape/BlueprintBrushes/MF/SmoothIntersections.uasset" 1806
"../../../Engine/Plugins/Experimental/Landmass/Content/Landscape/BlueprintBrushes/MF/SmoothIntersections.uexp" 1807
"../../../Engine/Plugins/Experimental/Landmass/Content/Landscape/BlueprintBrushes/MF/BrushBlendModes.uasset" 1808
"../../../Engine/Plugins/Experimental/Landmass/Content/Landscape/BlueprintBrushes/MF/BrushBlendModes.uexp" 1809
"../../../Engine/Plugins/Experimental/Water/Content/Materials/Brushes/MeshBrush_Angle.uasset" 1810
"../../../Engine/Plugins/Experimental/Water/Content/Materials/Brushes/MeshBrush_Angle.uexp" 1811
"../../../Engine/Plugins/Experimental/Landmass/Content/DistanceFields/Materials/JumpFloodStep.uasset" 1812
"../../../Engine/Plugins/Experimental/Landmass/Content/DistanceFields/Materials/JumpFloodStep.uexp" 1813
"../../../Engine/Plugins/Experimental/Landmass/Content/DistanceFields/Materials/BlurEdges.uasset" 1814
"../../../Engine/Plugins/Experimental/Landmass/Content/DistanceFields/Materials/BlurEdges.uexp" 1815
"../../../Engine/Content/Functions/Engine_MaterialFunctions02/TangentBasis.uasset" 1816
"../../../Engine/Content/Functions/Engine_MaterialFunctions02/TangentBasis.uexp" 1817
"../../../Engine/Plugins/Experimental/Landmass/Content/Landscape/BlueprintBrushes/Materials/RenderSplineDepths.uasset" 1818
"../../../Engine/Plugins/Experimental/Landmass/Content/Landscape/BlueprintBrushes/Materials/RenderSplineDepths.uexp" 1819
"../../../Engine/Plugins/Experimental/Landmass/Content/Landscape/BlueprintBrushes/MF/LocalizeLandscapeZValue.uasset" 1820
"../../../Engine/Plugins/Experimental/Landmass/Content/Landscape/BlueprintBrushes/MF/LocalizeLandscapeZValue.uexp" 1821
"../../../Engine/Plugins/Experimental/Landmass/Content/Landscape/BlueprintBrushes/MF/SampleDistanceField.uasset" 1822
"../../../Engine/Plugins/Experimental/Landmass/Content/Landscape/BlueprintBrushes/MF/SampleDistanceField.uexp" 1823
"../../../Engine/Plugins/Experimental/Landmass/Content/Landscape/Curves/DynamicCurve_RT.uasset" 1824
"../../../Engine/Plugins/Experimental/Landmass/Content/Landscape/Curves/DynamicCurve_RT.uexp" 1825
"../../../Engine/Plugins/Experimental/Landmass/Content/Landscape/BlueprintBrushes/Materials/CacheDistanceField.uasset" 1826
"../../../Engine/Plugins/Experimental/Landmass/Content/Landscape/BlueprintBrushes/Materials/CacheDistanceField.uexp" 1827
"../../../Engine/Plugins/Experimental/Landmass/Content/Landscape/BlueprintBrushes/MF/UnpackRG8Height.uasset" 1828
"../../../Engine/Plugins/Experimental/Landmass/Content/Landscape/BlueprintBrushes/MF/UnpackRG8Height.uexp" 1829
"../../../Engine/Plugins/Experimental/Water/Content/Materials/Brushes/CompositeWaterBodyTexture.uasset" 1830
"../../../Engine/Plugins/Experimental/Water/Content/Materials/Brushes/CompositeWaterBodyTexture.uexp" 1831
"../../../Engine/Plugins/Experimental/Water/Content/Materials/Brushes/MeshBrush_Island.uasset" 1832
"../../../Engine/Plugins/Experimental/Water/Content/Materials/Brushes/MeshBrush_Island.uexp" 1833
"C:/Users/AlumnoM/Desktop/PINGUS/Juego/Penguin/Content/Tracks/mapa_02/pilares_madera_Cube_056.ubulk" 1834
"C:/Users/AlumnoM/Desktop/PINGUS/Juego/Penguin/Content/Tracks/mapa_02/pilares_madera_Cube_056.uasset" 1835
"C:/Users/AlumnoM/Desktop/PINGUS/Juego/Penguin/Content/Tracks/mapa_02/pilares_madera_Cube_056.uexp" 1836
"C:/Users/AlumnoM/Desktop/PINGUS/Juego/Penguin/Content/Tracks/mapa_02/props/Textura_Caja.ubulk" 1837
"C:/Users/AlumnoM/Desktop/PINGUS/Juego/Penguin/Content/Tracks/mapa_02/props/Textura_Caja.uasset" 1838
"C:/Users/AlumnoM/Desktop/PINGUS/Juego/Penguin/Content/Tracks/mapa_02/props/Textura_Caja.uexp" 1839
"C:/Users/AlumnoM/Desktop/PINGUS/Juego/Penguin/Content/Tracks/mapa_02/props/Textura_Caja_Mat.uasset" 1840
"C:/Users/AlumnoM/Desktop/PINGUS/Juego/Penguin/Content/Tracks/mapa_02/props/Textura_Caja_Mat.uexp" 1841
"C:/Users/AlumnoM/Desktop/PINGUS/Juego/Penguin/Content/Tracks/mapa_02/props/cajas_mad.ubulk" 1842
"C:/Users/AlumnoM/Desktop/PINGUS/Juego/Penguin/Content/Tracks/mapa_02/props/cajas_mad.uasset" 1843
"C:/Users/AlumnoM/Desktop/PINGUS/Juego/Penguin/Content/Tracks/mapa_02/props/cajas_mad.uexp" 1844
"C:/Users/AlumnoM/Desktop/PINGUS/Juego/Penguin/Content/Tracks/mapa_02/props/cuerdas_plat.ubulk" 1845
"C:/Users/AlumnoM/Desktop/PINGUS/Juego/Penguin/Content/Tracks/mapa_02/props/cuerdas_plat.uasset" 1846
"C:/Users/AlumnoM/Desktop/PINGUS/Juego/Penguin/Content/Tracks/mapa_02/props/cuerdas_plat.uexp" 1847
"C:/Users/AlumnoM/Desktop/PINGUS/Juego/Penguin/Content/Tracks/mapa_02/Vallas_pista_de_Cube_051.ubulk" 1848
"C:/Users/AlumnoM/Desktop/PINGUS/Juego/Penguin/Content/Tracks/mapa_02/Vallas_pista_de_Cube_051.uasset" 1849
"C:/Users/AlumnoM/Desktop/PINGUS/Juego/Penguin/Content/Tracks/mapa_02/Vallas_pista_de_Cube_051.uexp" 1850
"C:/Users/AlumnoM/Desktop/PINGUS/Juego/Penguin/Content/Tracks/mapa_02/props/Rampa_Textura.ubulk" 1851
"C:/Users/AlumnoM/Desktop/PINGUS/Juego/Penguin/Content/Tracks/mapa_02/props/Rampa_Textura.uasset" 1852
"C:/Users/AlumnoM/Desktop/PINGUS/Juego/Penguin/Content/Tracks/mapa_02/props/Rampa_Textura.uexp" 1853
"C:/Users/AlumnoM/Desktop/PINGUS/Juego/Penguin/Content/Tracks/mapa_02/props/Rampa_Textura_Mat.uasset" 1854
"C:/Users/AlumnoM/Desktop/PINGUS/Juego/Penguin/Content/Tracks/mapa_02/props/Rampa_Textura_Mat.uexp" 1855
"C:/Users/AlumnoM/Desktop/PINGUS/Juego/Penguin/Content/Tracks/mapa_02/props/rampa_fin.ubulk" 1856
"C:/Users/AlumnoM/Desktop/PINGUS/Juego/Penguin/Content/Tracks/mapa_02/props/rampa_fin.uasset" 1857
"C:/Users/AlumnoM/Desktop/PINGUS/Juego/Penguin/Content/Tracks/mapa_02/props/rampa_fin.uexp" 1858
"C:/Users/AlumnoM/Desktop/PINGUS/Juego/Penguin/Content/boostpickuptest/boostpickupv1.uasset" 1859
"C:/Users/AlumnoM/Desktop/PINGUS/Juego/Penguin/Content/boostpickuptest/boostpickupv1.uexp" 1860
"C:/Users/AlumnoM/Desktop/PINGUS/Juego/Penguin/Content/Tracks/mapa_02/props/Meta_01.ubulk" 1861
"C:/Users/AlumnoM/Desktop/PINGUS/Juego/Penguin/Content/Tracks/mapa_02/props/Meta_01.uasset" 1862
"C:/Users/AlumnoM/Desktop/PINGUS/Juego/Penguin/Content/Tracks/mapa_02/props/Meta_01.uexp" 1863
"C:/Users/AlumnoM/Desktop/PINGUS/Juego/Penguin/Content/Tracks/mapa_02/props/Meta_01_Mat.uasset" 1864
"C:/Users/AlumnoM/Desktop/PINGUS/Juego/Penguin/Content/Tracks/mapa_02/props/Meta_01_Mat.uexp" 1865
"C:/Users/AlumnoM/Desktop/PINGUS/Juego/Penguin/Content/Tracks/mapa_02/props/Meta_Plane_004.ubulk" 1866
"C:/Users/AlumnoM/Desktop/PINGUS/Juego/Penguin/Content/Tracks/mapa_02/props/Meta_Plane_004.uasset" 1867
"C:/Users/AlumnoM/Desktop/PINGUS/Juego/Penguin/Content/Tracks/mapa_02/props/Meta_Plane_004.uexp" 1868
"../../../Engine/Content/Functions/Engine_MaterialFunctions02/Texturing/HeightLerp.uasset" 1869
"../../../Engine/Content/Functions/Engine_MaterialFunctions02/Texturing/HeightLerp.uexp" 1870
"../../../Engine/Content/Functions/Engine_MaterialFunctions03/Procedurals/NormalFromHeightmap.uasset" 1871
"../../../Engine/Content/Functions/Engine_MaterialFunctions03/Procedurals/NormalFromHeightmap.uexp" 1872
"../../../Engine/Plugins/Experimental/Water/Content/Materials/MPC/MPC_Water.uasset" 1873
"../../../Engine/Plugins/Experimental/Water/Content/Materials/MPC/MPC_Water.uexp" 1874
"../../../Engine/Content/Functions/Engine_MaterialFunctions01/Gradient/BoxMask-2D.uasset" 1875
"../../../Engine/Content/Functions/Engine_MaterialFunctions01/Gradient/BoxMask-2D.uexp" 1876
"../../../Engine/Plugins/Experimental/Water/Content/FluidSimulation/WaveFoam/FoamRT.uasset" 1877
"../../../Engine/Plugins/Experimental/Water/Content/FluidSimulation/WaveFoam/FoamRT.uexp" 1878
"../../../Engine/Plugins/Experimental/Water/Content/Textures/Foam/T_WaterFlow_01_Foam_Tiled.ubulk" 1879
"../../../Engine/Plugins/Experimental/Water/Content/Textures/Foam/T_WaterFlow_01_Foam_Tiled.uasset" 1880
"../../../Engine/Plugins/Experimental/Water/Content/Textures/Foam/T_WaterFlow_01_Foam_Tiled.uexp" 1881
"../../../Engine/Plugins/Experimental/Water/Content/Materials/Functions/WaterZoneData.uasset" 1882
"../../../Engine/Plugins/Experimental/Water/Content/Materials/Functions/WaterZoneData.uexp" 1883
"../../../Engine/Plugins/Experimental/Water/Content/Textures/Black.uasset" 1884
"../../../Engine/Plugins/Experimental/Water/Content/Textures/Black.uexp" 1885
"../../../Engine/Plugins/Experimental/Water/Content/Materials/Functions/HighQualityTextureFiltering.uasset" 1886
"../../../Engine/Plugins/Experimental/Water/Content/Materials/Functions/HighQualityTextureFiltering.uexp" 1887
"../../../Engine/Plugins/Experimental/Water/Content/Materials/Functions/WaterBodyData.uasset" 1888
"../../../Engine/Plugins/Experimental/Water/Content/Materials/Functions/WaterBodyData.uexp" 1889
"../../../Engine/Plugins/Experimental/Water/Content/Textures/Foam/T_WaterFlow_01_Foam_Tiled_N.ubulk" 1890
"../../../Engine/Plugins/Experimental/Water/Content/Textures/Foam/T_WaterFlow_01_Foam_Tiled_N.uasset" 1891
"../../../Engine/Plugins/Experimental/Water/Content/Textures/Foam/T_WaterFlow_01_Foam_Tiled_N.uexp" 1892
"../../../Engine/Content/EngineSky/VolumetricClouds/T_VolumeNoiseShape128.uasset" 1893
"../../../Engine/Content/EngineSky/VolumetricClouds/T_VolumeNoiseShape128.uexp" 1894
"../../../Engine/Plugins/Experimental/Water/Content/Materials/Layers/BeachFoam.uasset" 1895
"../../../Engine/Plugins/Experimental/Water/Content/Materials/Layers/BeachFoam.uexp" 1896
"../../../Engine/Plugins/Experimental/Water/Content/Materials/Functions/WaterOpacityMaskFromDepth.uasset" 1897
"../../../Engine/Plugins/Experimental/Water/Content/Materials/Functions/WaterOpacityMaskFromDepth.uexp" 1898
"../../../Engine/Content/Functions/Engine_MaterialFunctions02/ExampleContent/Textures/LowResBlurredNoise.uasset" 1899
"../../../Engine/Content/Functions/Engine_MaterialFunctions02/ExampleContent/Textures/LowResBlurredNoise.uexp" 1900
"../../../Engine/Plugins/Experimental/Water/Content/Textures/Flowmaps/RiverFlowmap_Diffuse.ubulk" 1901
"../../../Engine/Plugins/Experimental/Water/Content/Textures/Flowmaps/RiverFlowmap_Diffuse.uasset" 1902
"../../../Engine/Plugins/Experimental/Water/Content/Textures/Flowmaps/RiverFlowmap_Diffuse.uexp" 1903
"../../../Engine/Content/Functions/Engine_MaterialFunctions01/Coordinates/WorldPosition-XY.uasset" 1904
"../../../Engine/Content/Functions/Engine_MaterialFunctions01/Coordinates/WorldPosition-XY.uexp" 1905
"../../../Engine/Plugins/Experimental/Water/Content/Textures/Flowmaps/RiverFlowmap_Normal.ubulk" 1906
"../../../Engine/Plugins/Experimental/Water/Content/Textures/Flowmaps/RiverFlowmap_Normal.uasset" 1907
"../../../Engine/Plugins/Experimental/Water/Content/Textures/Flowmaps/RiverFlowmap_Normal.uexp" 1908
"../../../Engine/Content/Functions/Engine_MaterialFunctions02/Math/MakeVectorsOrthogonal.uasset" 1909
"../../../Engine/Content/Functions/Engine_MaterialFunctions02/Math/MakeVectorsOrthogonal.uexp" 1910
"../../../Engine/Content/Functions/Engine_MaterialFunctions01/Texturing/ComputeMipLevel.uasset" 1911
"../../../Engine/Content/Functions/Engine_MaterialFunctions01/Texturing/ComputeMipLevel.uexp" 1912
"../../../Engine/Content/EngineMaterials/DefaultNormal.ubulk" 1913
"../../../Engine/Content/EngineMaterials/DefaultNormal.uasset" 1914
"../../../Engine/Content/EngineMaterials/DefaultNormal.uexp" 1915
"../../../Engine/Content/Functions/Engine_MaterialFunctions02/Math/TimeWithSpeedVariable.uasset" 1916
"../../../Engine/Content/Functions/Engine_MaterialFunctions02/Math/TimeWithSpeedVariable.uexp" 1917
"../../../Engine/Content/Functions/Engine_MaterialFunctions02/Utility/LinearSine.uasset" 1918
"../../../Engine/Content/Functions/Engine_MaterialFunctions02/Utility/LinearSine.uexp" 1919
"../../../Engine/Content/Functions/Engine_MaterialFunctions02/Texturing/Flowmaps.uasset" 1920
"../../../Engine/Content/Functions/Engine_MaterialFunctions02/Texturing/Flowmaps.uexp" 1921
"../../../Engine/Plugins/Experimental/Water/Content/Materials/Functions/WaterRiverFlowmaps.uasset" 1922
"../../../Engine/Plugins/Experimental/Water/Content/Materials/Functions/WaterRiverFlowmaps.uexp" 1923
"../../../Engine/Plugins/Experimental/Water/Content/Materials/Layers/WaterAttributes.uasset" 1924
"../../../Engine/Plugins/Experimental/Water/Content/Materials/Layers/WaterAttributes.uexp" 1925
"../../../Engine/Plugins/Experimental/Water/Content/Materials/Functions/ClipDynamicBounds.uasset" 1926
"../../../Engine/Plugins/Experimental/Water/Content/Materials/Functions/ClipDynamicBounds.uexp" 1927
"../../../Engine/Plugins/Experimental/Water/Content/Materials/Functions/Water_Underside.uasset" 1928
"../../../Engine/Plugins/Experimental/Water/Content/Materials/Functions/Water_Underside.uexp" 1929
"../../../Engine/Plugins/Experimental/Water/Content/Materials/Functions/ComputeWavesAttenuationFactor.uasset" 1930
"../../../Engine/Plugins/Experimental/Water/Content/Materials/Functions/ComputeWavesAttenuationFactor.uexp" 1931
"../../../Engine/Plugins/Experimental/Water/Content/Materials/Functions/WaveDepthFalloff_Overrides.uasset" 1932
"../../../Engine/Plugins/Experimental/Water/Content/Materials/Functions/WaveDepthFalloff_Overrides.uexp" 1933
"../../../Engine/Plugins/Experimental/Water/Content/Materials/Functions/ComputeGerstnerWaves.uasset" 1934
"../../../Engine/Plugins/Experimental/Water/Content/Materials/Functions/ComputeGerstnerWaves.uexp" 1935
"../../../Engine/Content/Functions/Engine_MaterialFunctions01/Opacity/AlphaOffset.uasset" 1936
"../../../Engine/Content/Functions/Engine_MaterialFunctions01/Opacity/AlphaOffset.uexp" 1937
"../../../Engine/Plugins/Experimental/Water/Content/FluidSimulation/Materials/Functions/Fluidsim_WorldPosition_to_UV.uasset" 1938
"../../../Engine/Plugins/Experimental/Water/Content/FluidSimulation/Materials/Functions/Fluidsim_WorldPosition_to_UV.uexp" 1939
"../../../Engine/Plugins/Experimental/Water/Content/FluidSimulation/WaveFoam/WaterDistanceField.uasset" 1940
"../../../Engine/Plugins/Experimental/Water/Content/FluidSimulation/WaveFoam/WaterDistanceField.uexp" 1941
"../../../Engine/Plugins/Experimental/Water/Content/Materials/Functions/SampleFluidSimulation.uasset" 1942
"../../../Engine/Plugins/Experimental/Water/Content/Materials/Functions/SampleFluidSimulation.uexp" 1943
"../../../Engine/Plugins/Experimental/Water/Content/Materials/Functions/WaterTextureWaves.uasset" 1944
"../../../Engine/Plugins/Experimental/Water/Content/Materials/Functions/WaterTextureWaves.uexp" 1945
"../../../Engine/Plugins/Experimental/Water/Content/Textures/Normals/T_Water_TilingNormal_With_Height_02_Softened.ubulk" 1946
"../../../Engine/Plugins/Experimental/Water/Content/Textures/Normals/T_Water_TilingNormal_With_Height_02_Softened.uasset" 1947
"../../../Engine/Plugins/Experimental/Water/Content/Textures/Normals/T_Water_TilingNormal_With_Height_02_Softened.uexp" 1948
"../../../Engine/Plugins/Experimental/Water/Content/Materials/Functions/WaterTextureSurface.uasset" 1949
"../../../Engine/Plugins/Experimental/Water/Content/Materials/Functions/WaterTextureSurface.uexp" 1950
"../../../Engine/Plugins/Experimental/Water/Content/Caustics/Materials/Functions/GetDistortionUV.uasset" 1951
"../../../Engine/Plugins/Experimental/Water/Content/Caustics/Materials/Functions/GetDistortionUV.uexp" 1952
"../../../Engine/Plugins/Experimental/Water/Content/Materials/Functions/WorldNormalBehindWater.uasset" 1953
"../../../Engine/Plugins/Experimental/Water/Content/Materials/Functions/WorldNormalBehindWater.uexp" 1954
"../../../Engine/Plugins/Experimental/Water/Content/Materials/Functions/GetWaterTime.uasset" 1955
"../../../Engine/Plugins/Experimental/Water/Content/Materials/Functions/GetWaterTime.uexp" 1956
"../../../Engine/Plugins/Experimental/Water/Content/Materials/Functions/WorldPositionBehindWater.uasset" 1957
"../../../Engine/Plugins/Experimental/Water/Content/Materials/Functions/WorldPositionBehindWater.uexp" 1958
"../../../Engine/Plugins/Experimental/Water/Content/Caustics/Materials/Functions/WaterCaustics_GerstnerWaves.uasset" 1959
"../../../Engine/Plugins/Experimental/Water/Content/Caustics/Materials/Functions/WaterCaustics_GerstnerWaves.uexp" 1960
"../../../Engine/Plugins/Experimental/Water/Content/Materials/Functions/SetWaveAttributes.uasset" 1961
"../../../Engine/Plugins/Experimental/Water/Content/Materials/Functions/SetWaveAttributes.uexp" 1962
"../../../Engine/Plugins/Experimental/Water/Content/Materials/Functions/WaterHeightMappingVS.uasset" 1963
"../../../Engine/Plugins/Experimental/Water/Content/Materials/Functions/WaterHeightMappingVS.uexp" 1964
"../../../Engine/Plugins/Experimental/Water/Content/Materials/Functions/WaveVelocityMask.uasset" 1965
"../../../Engine/Plugins/Experimental/Water/Content/Materials/Functions/WaveVelocityMask.uexp" 1966
"../../../Engine/Plugins/Experimental/Water/Content/Materials/Functions/WaterCoefficientMask.uasset" 1967
"../../../Engine/Plugins/Experimental/Water/Content/Materials/Functions/WaterCoefficientMask.uexp" 1968
"../../../Engine/Plugins/Experimental/Water/Content/Materials/WaterSurface/Water_Material.uasset" 1969
"../../../Engine/Plugins/Experimental/Water/Content/Materials/WaterSurface/Water_Material.uexp" 1970
"../../../Engine/Plugins/Experimental/Water/Content/Materials/WaterSurface/Water_FarMesh.uasset" 1971
"../../../Engine/Plugins/Experimental/Water/Content/Materials/WaterSurface/Water_FarMesh.uexp" 1972
"C:/Users/AlumnoM/Desktop/PINGUS/Juego/Penguin/Content/Tracks/mapa_02/poortaviones_01_Cube_047.ubulk" 1973
"C:/Users/AlumnoM/Desktop/PINGUS/Juego/Penguin/Content/Tracks/mapa_02/poortaviones_01_Cube_047.uasset" 1974
"C:/Users/AlumnoM/Desktop/PINGUS/Juego/Penguin/Content/Tracks/mapa_02/poortaviones_01_Cube_047.uexp" 1975
"C:/Users/AlumnoM/Desktop/PINGUS/Juego/Penguin/Content/Tracks/mapa_02/poortaviones_01_Plane_016.ubulk" 1976
"C:/Users/AlumnoM/Desktop/PINGUS/Juego/Penguin/Content/Tracks/mapa_02/poortaviones_01_Plane_016.uasset" 1977
"C:/Users/AlumnoM/Desktop/PINGUS/Juego/Penguin/Content/Tracks/mapa_02/poortaviones_01_Plane_016.uexp" 1978
"C:/Users/AlumnoM/Desktop/PINGUS/Juego/Penguin/Content/Tracks/mapa_02/poortaviones_02_Plane_009.ubulk" 1979
"C:/Users/AlumnoM/Desktop/PINGUS/Juego/Penguin/Content/Tracks/mapa_02/poortaviones_02_Plane_009.uasset" 1980
"C:/Users/AlumnoM/Desktop/PINGUS/Juego/Penguin/Content/Tracks/mapa_02/poortaviones_02_Plane_009.uexp" 1981
"C:/Users/AlumnoM/Desktop/PINGUS/Juego/Penguin/Content/Tracks/mapa_02/poortaviones_01_PortaAviones_003.ubulk" 1982
"C:/Users/AlumnoM/Desktop/PINGUS/Juego/Penguin/Content/Tracks/mapa_02/poortaviones_01_PortaAviones_003.uasset" 1983
"C:/Users/AlumnoM/Desktop/PINGUS/Juego/Penguin/Content/Tracks/mapa_02/poortaviones_01_PortaAviones_003.uexp" 1984
"C:/Users/AlumnoM/Desktop/PINGUS/Juego/Penguin/Content/Tracks/mapa_02/poortaviones_02_Cube_050.ubulk" 1985
"C:/Users/AlumnoM/Desktop/PINGUS/Juego/Penguin/Content/Tracks/mapa_02/poortaviones_02_Cube_050.uasset" 1986
"C:/Users/AlumnoM/Desktop/PINGUS/Juego/Penguin/Content/Tracks/mapa_02/poortaviones_02_Cube_050.uexp" 1987
"C:/Users/AlumnoM/Desktop/PINGUS/Juego/Penguin/Content/Tracks/mapa_02/poortaviones_02_Plane_018.ubulk" 1988
"C:/Users/AlumnoM/Desktop/PINGUS/Juego/Penguin/Content/Tracks/mapa_02/poortaviones_02_Plane_018.uasset" 1989
"C:/Users/AlumnoM/Desktop/PINGUS/Juego/Penguin/Content/Tracks/mapa_02/poortaviones_02_Plane_018.uexp" 1990
"C:/Users/AlumnoM/Desktop/PINGUS/Juego/Penguin/Content/Tracks/mapa_02/props/Meta_Cylinder_008.ubulk" 1991
"C:/Users/AlumnoM/Desktop/PINGUS/Juego/Penguin/Content/Tracks/mapa_02/props/Meta_Cylinder_008.uasset" 1992
"C:/Users/AlumnoM/Desktop/PINGUS/Juego/Penguin/Content/Tracks/mapa_02/props/Meta_Cylinder_008.uexp" 1993
"C:/Users/AlumnoM/Desktop/PINGUS/Juego/Penguin/Content/Tracks/mapa_02/props/all_aviones_Cylinder_004.ubulk" 1994
"C:/Users/AlumnoM/Desktop/PINGUS/Juego/Penguin/Content/Tracks/mapa_02/props/all_aviones_Cylinder_004.uasset" 1995
"C:/Users/AlumnoM/Desktop/PINGUS/Juego/Penguin/Content/Tracks/mapa_02/props/all_aviones_Cylinder_004.uexp" 1996
"C:/Users/AlumnoM/Desktop/PINGUS/Juego/Penguin/Content/Audio/DEMOBGM/Demo_Music.ubulk" 1997
"C:/Users/AlumnoM/Desktop/PINGUS/Juego/Penguin/Content/Audio/DEMOBGM/Demo_Music.uasset" 1998
"C:/Users/AlumnoM/Desktop/PINGUS/Juego/Penguin/Content/Audio/DEMOBGM/Demo_Music.uexp" 1999
"C:/Users/AlumnoM/Desktop/PINGUS/Juego/Penguin/Content/Audio/DEMOBGM/Demo_Music_Cue.uasset" 2000
"C:/Users/AlumnoM/Desktop/PINGUS/Juego/Penguin/Content/Audio/DEMOBGM/Demo_Music_Cue.uexp" 2001
"C:/Users/AlumnoM/Desktop/PINGUS/Juego/Penguin/Content/Tracks/mapa_02/props/cuerda_fin.ubulk" 2002
"C:/Users/AlumnoM/Desktop/PINGUS/Juego/Penguin/Content/Tracks/mapa_02/props/cuerda_fin.uasset" 2003
"C:/Users/AlumnoM/Desktop/PINGUS/Juego/Penguin/Content/Tracks/mapa_02/props/cuerda_fin.uexp" 2004
"C:/Users/AlumnoM/Desktop/PINGUS/Juego/Penguin/Content/Tracks/mapa_02/props/all_aviones_Cylinder_005.ubulk" 2005
"C:/Users/AlumnoM/Desktop/PINGUS/Juego/Penguin/Content/Tracks/mapa_02/props/all_aviones_Cylinder_005.uasset" 2006
"C:/Users/AlumnoM/Desktop/PINGUS/Juego/Penguin/Content/Tracks/mapa_02/props/all_aviones_Cylinder_005.uexp" 2007
"C:/Users/AlumnoM/Desktop/PINGUS/Juego/Penguin/Content/Tracks/mapa_02/props/globos_Cube_015.ubulk" 2008
"C:/Users/AlumnoM/Desktop/PINGUS/Juego/Penguin/Content/Tracks/mapa_02/props/globos_Cube_015.uasset" 2009
"C:/Users/AlumnoM/Desktop/PINGUS/Juego/Penguin/Content/Tracks/mapa_02/props/globos_Cube_015.uexp" 2010
"../../../Engine/Content/Functions/Engine_MaterialFunctions02/ExampleContent/Textures/water_d.ubulk" 2011
"../../../Engine/Content/Functions/Engine_MaterialFunctions02/ExampleContent/Textures/water_d.uasset" 2012
"../../../Engine/Content/Functions/Engine_MaterialFunctions02/ExampleContent/Textures/water_d.uexp" 2013
"../../../Engine/Content/Functions/Engine_MaterialFunctions02/ExampleContent/Textures/water_n.ubulk" 2014
"../../../Engine/Content/Functions/Engine_MaterialFunctions02/ExampleContent/Textures/water_n.uasset" 2015
"../../../Engine/Content/Functions/Engine_MaterialFunctions02/ExampleContent/Textures/water_n.uexp" 2016
"../../../Engine/Content/EngineResources/DefaultTexture.ubulk" 2017
"../../../Engine/Content/EngineResources/DefaultTexture.uasset" 2018
"../../../Engine/Content/EngineResources/DefaultTexture.uexp" 2019
"../../../Engine/Plugins/Experimental/Water/Content/Materials/WaterSurface/Water_Material_Inst.uasset" 2020
"../../../Engine/Plugins/Experimental/Water/Content/Materials/WaterSurface/Water_Material_Inst.uexp" 2021
"../../../Engine/Plugins/Experimental/Water/Content/Materials/WaterSurface/Water_Material_Ocean.uasset" 2022
"../../../Engine/Plugins/Experimental/Water/Content/Materials/WaterSurface/Water_Material_Ocean.uexp" 2023
"../../../Engine/Plugins/Experimental/Water/Content/Materials/HLOD/HLODWater.uasset" 2024
"../../../Engine/Plugins/Experimental/Water/Content/Materials/HLOD/HLODWater.uexp" 2025
"../../../Engine/Plugins/Experimental/Water/Content/Materials/WaterSurface/LODs/Water_Material_Ocean_LOD.uasset" 2026
"../../../Engine/Plugins/Experimental/Water/Content/Materials/WaterSurface/LODs/Water_Material_Ocean_LOD.uexp" 2027
"../../../Engine/Plugins/Experimental/Water/Content/Waves/GerstnerWaves_Ocean.uasset" 2028
"../../../Engine/Plugins/Experimental/Water/Content/Waves/GerstnerWaves_Ocean.uexp" 2029
"../../../Engine/Plugins/Experimental/Water/Content/Curves/FloatCurve.uasset" 2030
"../../../Engine/Plugins/Experimental/Water/Content/Curves/FloatCurve.uexp" 2031
"../../../Engine/Content/Functions/Engine_MaterialFunctions02/ExampleContent/DebugNumberStrip.uasset" 2032
"../../../Engine/Content/Functions/Engine_MaterialFunctions02/ExampleContent/DebugNumberStrip.uexp" 2033
"../../../Engine/Content/Functions/Engine_MaterialFunctions01/Texturing/TextureCropping.uasset" 2034
"../../../Engine/Content/Functions/Engine_MaterialFunctions01/Texturing/TextureCropping.uexp" 2035
"../../../Engine/Content/Functions/Engine_MaterialFunctions02/ExampleContent/Textures/DebugNumberPeriod.uasset" 2036
"../../../Engine/Content/Functions/Engine_MaterialFunctions02/ExampleContent/Textures/DebugNumberPeriod.uexp" 2037
"../../../Engine/Content/Functions/Engine_MaterialFunctions02/Utility/DebugScalarValues.uasset" 2038
"../../../Engine/Content/Functions/Engine_MaterialFunctions02/Utility/DebugScalarValues.uexp" 2039
"../../../Engine/Content/Functions/Engine_MaterialFunctions01/Volumetrics/SchlickPhase.uasset" 2040
"../../../Engine/Content/Functions/Engine_MaterialFunctions01/Volumetrics/SchlickPhase.uexp" 2041
"../../../Engine/Plugins/Experimental/Water/Content/Materials/PostProcessing/M_UnderWater_PostProcess_Volume.uasset" 2042
"../../../Engine/Plugins/Experimental/Water/Content/Materials/PostProcessing/M_UnderWater_PostProcess_Volume.uexp" 2043
"C:/Users/AlumnoM/Desktop/PINGUS/Juego/Penguin/Content/Tracks/mapa_02/props/all_aviones_Cylinder_028.ubulk" 2044
"C:/Users/AlumnoM/Desktop/PINGUS/Juego/Penguin/Content/Tracks/mapa_02/props/all_aviones_Cylinder_028.uasset" 2045
"C:/Users/AlumnoM/Desktop/PINGUS/Juego/Penguin/Content/Tracks/mapa_02/props/all_aviones_Cylinder_028.uexp" 2046
"C:/Users/AlumnoM/Desktop/PINGUS/Juego/Penguin/Content/Tracks/mapa_02/poortaviones_02_PortaAviones_004.ubulk" 2047
"C:/Users/AlumnoM/Desktop/PINGUS/Juego/Penguin/Content/Tracks/mapa_02/poortaviones_02_PortaAviones_004.uasset" 2048
"C:/Users/AlumnoM/Desktop/PINGUS/Juego/Penguin/Content/Tracks/mapa_02/poortaviones_02_PortaAviones_004.uexp" 2049
"C:/Users/AlumnoM/Desktop/PINGUS/Juego/Penguin/Content/Tracks/mapa_02/icebergs_Cube_028.ubulk" 2050
"C:/Users/AlumnoM/Desktop/PINGUS/Juego/Penguin/Content/Tracks/mapa_02/icebergs_Cube_028.uasset" 2051
"C:/Users/AlumnoM/Desktop/PINGUS/Juego/Penguin/Content/Tracks/mapa_02/icebergs_Cube_028.uexp" 2052
"C:/Users/AlumnoM/Desktop/PINGUS/Juego/Penguin/Content/Tracks/mapa_02/icebergs_Cube_002.ubulk" 2053
"C:/Users/AlumnoM/Desktop/PINGUS/Juego/Penguin/Content/Tracks/mapa_02/icebergs_Cube_002.uasset" 2054
"C:/Users/AlumnoM/Desktop/PINGUS/Juego/Penguin/Content/Tracks/mapa_02/icebergs_Cube_002.uexp" 2055
"C:/Users/AlumnoM/Desktop/PINGUS/Juego/Penguin/Content/Tracks/mapa_02/poortaviones_01_Cube_031.ubulk" 2056
"C:/Users/AlumnoM/Desktop/PINGUS/Juego/Penguin/Content/Tracks/mapa_02/poortaviones_01_Cube_031.uasset" 2057
"C:/Users/AlumnoM/Desktop/PINGUS/Juego/Penguin/Content/Tracks/mapa_02/poortaviones_01_Cube_031.uexp" 2058
"C:/Users/AlumnoM/Desktop/PINGUS/Juego/Penguin/Content/Tracks/mapa_02/poortaviones_01_Plane_015.ubulk" 2059
"C:/Users/AlumnoM/Desktop/PINGUS/Juego/Penguin/Content/Tracks/mapa_02/poortaviones_01_Plane_015.uasset" 2060
"C:/Users/AlumnoM/Desktop/PINGUS/Juego/Penguin/Content/Tracks/mapa_02/poortaviones_01_Plane_015.uexp" 2061
"C:/Users/AlumnoM/Desktop/PINGUS/Juego/Penguin/Content/Tracks/mapa_02/poortaviones_02_Cube_048.ubulk" 2062
"C:/Users/AlumnoM/Desktop/PINGUS/Juego/Penguin/Content/Tracks/mapa_02/poortaviones_02_Cube_048.uasset" 2063
"C:/Users/AlumnoM/Desktop/PINGUS/Juego/Penguin/Content/Tracks/mapa_02/poortaviones_02_Cube_048.uexp" 2064
"C:/Users/AlumnoM/Desktop/PINGUS/Juego/Penguin/Content/Tracks/mapa_02/props/all_aviones_Cylinder_002.ubulk" 2065
"C:/Users/AlumnoM/Desktop/PINGUS/Juego/Penguin/Content/Tracks/mapa_02/props/all_aviones_Cylinder_002.uasset" 2066
"C:/Users/AlumnoM/Desktop/PINGUS/Juego/Penguin/Content/Tracks/mapa_02/props/all_aviones_Cylinder_002.uexp" 2067
"C:/Users/AlumnoM/Desktop/PINGUS/Juego/Penguin/Content/Tracks/mapa_02/poortaviones_02_PortaAviones_001.ubulk" 2068
"C:/Users/AlumnoM/Desktop/PINGUS/Juego/Penguin/Content/Tracks/mapa_02/poortaviones_02_PortaAviones_001.uasset" 2069
"C:/Users/AlumnoM/Desktop/PINGUS/Juego/Penguin/Content/Tracks/mapa_02/poortaviones_02_PortaAviones_001.uexp" 2070
"C:/Users/AlumnoM/Desktop/PINGUS/Juego/Penguin/Content/Tracks/mapa_02/poortaviones_01_PortaAviones_002.ubulk" 2071
"C:/Users/AlumnoM/Desktop/PINGUS/Juego/Penguin/Content/Tracks/mapa_02/poortaviones_01_PortaAviones_002.uasset" 2072
"C:/Users/AlumnoM/Desktop/PINGUS/Juego/Penguin/Content/Tracks/mapa_02/poortaviones_01_PortaAviones_002.uexp" 2073
"C:/Users/AlumnoM/Desktop/PINGUS/Juego/Penguin/Content/Tracks/mapa_02/props/plataforma.ubulk" 2074
"C:/Users/AlumnoM/Desktop/PINGUS/Juego/Penguin/Content/Tracks/mapa_02/props/plataforma.uasset" 2075
"C:/Users/AlumnoM/Desktop/PINGUS/Juego/Penguin/Content/Tracks/mapa_02/props/plataforma.uexp" 2076
"C:/Users/AlumnoM/Desktop/PINGUS/Juego/Penguin/Content/Tracks/mapa_02/poortaviones_02_Cube_049.ubulk" 2077
"C:/Users/AlumnoM/Desktop/PINGUS/Juego/Penguin/Content/Tracks/mapa_02/poortaviones_02_Cube_049.uasset" 2078
"C:/Users/AlumnoM/Desktop/PINGUS/Juego/Penguin/Content/Tracks/mapa_02/poortaviones_02_Cube_049.uexp" 2079
"C:/Users/AlumnoM/Desktop/PINGUS/Juego/Penguin/Content/VehicleTemplate/Blueprints/VehicleUI.uasset" 2080
"C:/Users/AlumnoM/Desktop/PINGUS/Juego/Penguin/Content/VehicleTemplate/Blueprints/VehicleUI.uexp" 2081
"C:/Users/AlumnoM/Desktop/PINGUS/Juego/Penguin/Content/VehicleTemplate/Input/IMC_Default.uasset" 2082
"C:/Users/AlumnoM/Desktop/PINGUS/Juego/Penguin/Content/VehicleTemplate/Input/IMC_Default.uexp" 2083
"C:/Users/AlumnoM/Desktop/PINGUS/Juego/Penguin/Content/VehicleTemplate/Blueprints/VehiclePlayerController.uasset" 2084
"C:/Users/AlumnoM/Desktop/PINGUS/Juego/Penguin/Content/VehicleTemplate/Blueprints/VehiclePlayerController.uexp" 2085
"C:/Users/AlumnoM/Desktop/PINGUS/Juego/Penguin/Content/VehicleTemplate/Blueprints/VehicleAdvGameMode.uasset" 2086
"C:/Users/AlumnoM/Desktop/PINGUS/Juego/Penguin/Content/VehicleTemplate/Blueprints/VehicleAdvGameMode.uexp" 2087
"C:/Users/AlumnoM/Desktop/PINGUS/Juego/Penguin/Content/Levels/UI.uexp" 2088
"C:/Users/AlumnoM/Desktop/PINGUS/Juego/Penguin/Content/Levels/UI.umap" 2089
"C:/Users/AlumnoM/Desktop/PINGUS/Juego/Penguin/Content/Levels/TestLevel.uexp" 2090
"C:/Users/AlumnoM/Desktop/PINGUS/Juego/Penguin/Content/Levels/TestLevel.umap" 2091
"C:/Users/AlumnoM/Desktop/PINGUS/Juego/Penguin/Content/Levels/Options.uexp" 2092
"C:/Users/AlumnoM/Desktop/PINGUS/Juego/Penguin/Content/Levels/Options.umap" 2093
"C:/Users/AlumnoM/Desktop/PINGUS/Juego/Penguin/Content/Levels/MainMenu.uexp" 2094
"C:/Users/AlumnoM/Desktop/PINGUS/Juego/Penguin/Content/Levels/MainMenu.umap" 2095
"C:/Users/AlumnoM/Desktop/PINGUS/Juego/Penguin/Content/Menus/LevelSelector/Levelselector.uasset" 2096
"C:/Users/AlumnoM/Desktop/PINGUS/Juego/Penguin/Content/Menus/LevelSelector/Levelselector.uexp" 2097
"C:/Users/AlumnoM/Desktop/PINGUS/Juego/Penguin/Content/Levels/LevelSelector.uexp" 2098
"C:/Users/AlumnoM/Desktop/PINGUS/Juego/Penguin/Content/Levels/LevelSelector.umap" 2099
"C:/Users/AlumnoM/Desktop/PINGUS/Juego/Penguin/Content/Level3_HLOD0_Instancing.uasset" 2100
"C:/Users/AlumnoM/Desktop/PINGUS/Juego/Penguin/Content/Level3_HLOD0_Instancing.uexp" 2101
"C:/Users/AlumnoM/Desktop/PINGUS/Juego/Penguin/Content/Levels/Level3.uexp" 2102
"C:/Users/AlumnoM/Desktop/PINGUS/Juego/Penguin/Content/Levels/Level3.ubulk" 2103
"C:/Users/AlumnoM/Desktop/PINGUS/Juego/Penguin/Content/Levels/Level3.umap" 2104
"C:/Users/AlumnoM/Desktop/PINGUS/Juego/Penguin/Content/Levels/Level2.uexp" 2105
"C:/Users/AlumnoM/Desktop/PINGUS/Juego/Penguin/Content/Levels/Level2.ubulk" 2106
"C:/Users/AlumnoM/Desktop/PINGUS/Juego/Penguin/Content/Levels/Level2.umap" 2107
"../../../Engine/Content/Maps/Entry_BuiltData.uasset" 2108
"../../../Engine/Content/Maps/Entry_BuiltData.uexp" 2109
"../../../Engine/Content/Maps/Entry.uexp" 2110
"../../../Engine/Content/Maps/Entry.umap" 2111
"C:/Users/AlumnoM/Desktop/PINGUS/Juego/Penguin/Content/VehicleTemplate/Blueprints/OffroadCar/OffroadCar_WheelsRear.uasset" 2112
"C:/Users/AlumnoM/Desktop/PINGUS/Juego/Penguin/Content/VehicleTemplate/Blueprints/OffroadCar/OffroadCar_WheelsRear.uexp" 2113
"C:/Users/AlumnoM/Desktop/PINGUS/Juego/Penguin/Content/Vehicles/OffroadCar/Materials/Textures/T_OffroadCar_Wheels_N.ubulk" 2114
"C:/Users/AlumnoM/Desktop/PINGUS/Juego/Penguin/Content/Vehicles/OffroadCar/Materials/Textures/T_OffroadCar_Wheels_N.uasset" 2115
"C:/Users/AlumnoM/Desktop/PINGUS/Juego/Penguin/Content/Vehicles/OffroadCar/Materials/Textures/T_OffroadCar_Wheels_N.uexp" 2116
"C:/Users/AlumnoM/Desktop/PINGUS/Juego/Penguin/Content/Vehicles/OffroadCar/Materials/Textures/T_OffroadCar_Wheels_RMA.ubulk" 2117
"C:/Users/AlumnoM/Desktop/PINGUS/Juego/Penguin/Content/Vehicles/OffroadCar/Materials/Textures/T_OffroadCar_Wheels_RMA.uasset" 2118
"C:/Users/AlumnoM/Desktop/PINGUS/Juego/Penguin/Content/Vehicles/OffroadCar/Materials/Textures/T_OffroadCar_Wheels_RMA.uexp" 2119
"C:/Users/AlumnoM/Desktop/PINGUS/Juego/Penguin/Content/Vehicles/OffroadCar/Materials/Textures/T_OffroadCar_Wheels_D.ubulk" 2120
"C:/Users/AlumnoM/Desktop/PINGUS/Juego/Penguin/Content/Vehicles/OffroadCar/Materials/Textures/T_OffroadCar_Wheels_D.uasset" 2121
"C:/Users/AlumnoM/Desktop/PINGUS/Juego/Penguin/Content/Vehicles/OffroadCar/Materials/Textures/T_OffroadCar_Wheels_D.uexp" 2122
"C:/Users/AlumnoM/Desktop/PINGUS/Juego/Penguin/Content/Vehicles/OffroadCar/Materials/M_OffroadCar_Wheel.uasset" 2123
"C:/Users/AlumnoM/Desktop/PINGUS/Juego/Penguin/Content/Vehicles/OffroadCar/Materials/M_OffroadCar_Wheel.uexp" 2124
"C:/Users/AlumnoM/Desktop/PINGUS/Juego/Penguin/Content/Vehicles/OffroadCar/SM_Offroad_Tire.ubulk" 2125
"C:/Users/AlumnoM/Desktop/PINGUS/Juego/Penguin/Content/Vehicles/OffroadCar/SM_Offroad_Tire.uasset" 2126
"C:/Users/AlumnoM/Desktop/PINGUS/Juego/Penguin/Content/Vehicles/OffroadCar/SM_Offroad_Tire.uexp" 2127
"C:/Users/AlumnoM/Desktop/PINGUS/Juego/Penguin/Content/VehicleTemplate/Blueprints/OffroadCar/OffroadCar_TorqueCurve.uasset" 2128
"C:/Users/AlumnoM/Desktop/PINGUS/Juego/Penguin/Content/VehicleTemplate/Blueprints/OffroadCar/OffroadCar_TorqueCurve.uexp" 2129
"C:/Users/AlumnoM/Desktop/PINGUS/Juego/Penguin/Content/Vehicles/OffroadCar/Materials/Textures/T_OffroadCar_Sus_Tan.ubulk" 2130
"C:/Users/AlumnoM/Desktop/PINGUS/Juego/Penguin/Content/Vehicles/OffroadCar/Materials/Textures/T_OffroadCar_Sus_Tan.uasset" 2131
"C:/Users/AlumnoM/Desktop/PINGUS/Juego/Penguin/Content/Vehicles/OffroadCar/Materials/Textures/T_OffroadCar_Sus_Tan.uexp" 2132
"C:/Users/AlumnoM/Desktop/PINGUS/Juego/Penguin/Content/Vehicles/OffroadCar/Materials/Textures/T_OffroadCar_Sus_MSR.ubulk" 2133
"C:/Users/AlumnoM/Desktop/PINGUS/Juego/Penguin/Content/Vehicles/OffroadCar/Materials/Textures/T_OffroadCar_Sus_MSR.uasset" 2134
"C:/Users/AlumnoM/Desktop/PINGUS/Juego/Penguin/Content/Vehicles/OffroadCar/Materials/Textures/T_OffroadCar_Sus_MSR.uexp" 2135
"C:/Users/AlumnoM/Desktop/PINGUS/Juego/Penguin/Content/Vehicles/OffroadCar/Materials/Textures/T_OffroadCar_Sus_D.ubulk" 2136
"C:/Users/AlumnoM/Desktop/PINGUS/Juego/Penguin/Content/Vehicles/OffroadCar/Materials/Textures/T_OffroadCar_Sus_D.uasset" 2137
"C:/Users/AlumnoM/Desktop/PINGUS/Juego/Penguin/Content/Vehicles/OffroadCar/Materials/Textures/T_OffroadCar_Sus_D.uexp" 2138
"C:/Users/AlumnoM/Desktop/PINGUS/Juego/Penguin/Content/Vehicles/OffroadCar/Materials/Textures/T_OffroadCar_Sus_ASAOPM.ubulk" 2139
"C:/Users/AlumnoM/Desktop/PINGUS/Juego/Penguin/Content/Vehicles/OffroadCar/Materials/Textures/T_OffroadCar_Sus_ASAOPM.uasset" 2140
"C:/Users/AlumnoM/Desktop/PINGUS/Juego/Penguin/Content/Vehicles/OffroadCar/Materials/Textures/T_OffroadCar_Sus_ASAOPM.uexp" 2141
"C:/Users/AlumnoM/Desktop/PINGUS/Juego/Penguin/Content/Vehicles/OffroadCar/Materials/Textures/T_OffroadCar_Sus_N.ubulk" 2142
"C:/Users/AlumnoM/Desktop/PINGUS/Juego/Penguin/Content/Vehicles/OffroadCar/Materials/Textures/T_OffroadCar_Sus_N.uasset" 2143
"C:/Users/AlumnoM/Desktop/PINGUS/Juego/Penguin/Content/Vehicles/OffroadCar/Materials/Textures/T_OffroadCar_Sus_N.uexp" 2144
"C:/Users/AlumnoM/Desktop/PINGUS/Juego/Penguin/Content/Vehicles/OffroadCar/Materials/Textures/T_OffroadCar_Sus_BN.ubulk" 2145
"C:/Users/AlumnoM/Desktop/PINGUS/Juego/Penguin/Content/Vehicles/OffroadCar/Materials/Textures/T_OffroadCar_Sus_BN.uasset" 2146
"C:/Users/AlumnoM/Desktop/PINGUS/Juego/Penguin/Content/Vehicles/OffroadCar/Materials/Textures/T_OffroadCar_Sus_BN.uexp" 2147
"C:/Users/AlumnoM/Desktop/PINGUS/Juego/Penguin/Content/Vehicles/OffroadCar/Materials/Textures/T_OffroadCar_Sus_CCRCCP.ubulk" 2148
"C:/Users/AlumnoM/Desktop/PINGUS/Juego/Penguin/Content/Vehicles/OffroadCar/Materials/Textures/T_OffroadCar_Sus_CCRCCP.uasset" 2149
"C:/Users/AlumnoM/Desktop/PINGUS/Juego/Penguin/Content/Vehicles/OffroadCar/Materials/Textures/T_OffroadCar_Sus_CCRCCP.uexp" 2150
"C:/Users/AlumnoM/Desktop/PINGUS/Juego/Penguin/Content/Vehicles/OffroadCar/Materials/MI_OffroadCar_Suspension.uasset" 2151
"C:/Users/AlumnoM/Desktop/PINGUS/Juego/Penguin/Content/Vehicles/OffroadCar/Materials/MI_OffroadCar_Suspension.uexp" 2152
"C:/Users/AlumnoM/Desktop/PINGUS/Juego/Penguin/Content/Vehicles/OffroadCar/Materials/Textures/T_OffroadCar_Seats_CCRCCP.ubulk" 2153
"C:/Users/AlumnoM/Desktop/PINGUS/Juego/Penguin/Content/Vehicles/OffroadCar/Materials/Textures/T_OffroadCar_Seats_CCRCCP.uasset" 2154
"C:/Users/AlumnoM/Desktop/PINGUS/Juego/Penguin/Content/Vehicles/OffroadCar/Materials/Textures/T_OffroadCar_Seats_CCRCCP.uexp" 2155
"C:/Users/AlumnoM/Desktop/PINGUS/Juego/Penguin/Content/Vehicles/OffroadCar/Materials/Textures/T_OffroadCar_Seats_N.ubulk" 2156
"C:/Users/AlumnoM/Desktop/PINGUS/Juego/Penguin/Content/Vehicles/OffroadCar/Materials/Textures/T_OffroadCar_Seats_N.uasset" 2157
"C:/Users/AlumnoM/Desktop/PINGUS/Juego/Penguin/Content/Vehicles/OffroadCar/Materials/Textures/T_OffroadCar_Seats_N.uexp" 2158
"C:/Users/AlumnoM/Desktop/PINGUS/Juego/Penguin/Content/Vehicles/OffroadCar/Materials/Textures/T_OffroadCar_Seats_D.ubulk" 2159
"C:/Users/AlumnoM/Desktop/PINGUS/Juego/Penguin/Content/Vehicles/OffroadCar/Materials/Textures/T_OffroadCar_Seats_D.uasset" 2160
"C:/Users/AlumnoM/Desktop/PINGUS/Juego/Penguin/Content/Vehicles/OffroadCar/Materials/Textures/T_OffroadCar_Seats_D.uexp" 2161
"C:/Users/AlumnoM/Desktop/PINGUS/Juego/Penguin/Content/Vehicles/OffroadCar/Materials/Textures/T_OffroadCar_Seats_ASAOPM.ubulk" 2162
"C:/Users/AlumnoM/Desktop/PINGUS/Juego/Penguin/Content/Vehicles/OffroadCar/Materials/Textures/T_OffroadCar_Seats_ASAOPM.uasset" 2163
"C:/Users/AlumnoM/Desktop/PINGUS/Juego/Penguin/Content/Vehicles/OffroadCar/Materials/Textures/T_OffroadCar_Seats_ASAOPM.uexp" 2164
"C:/Users/AlumnoM/Desktop/PINGUS/Juego/Penguin/Content/Vehicles/OffroadCar/Materials/Textures/T_OffroadCar_Seats_Tan.ubulk" 2165
"C:/Users/AlumnoM/Desktop/PINGUS/Juego/Penguin/Content/Vehicles/OffroadCar/Materials/Textures/T_OffroadCar_Seats_Tan.uasset" 2166
"C:/Users/AlumnoM/Desktop/PINGUS/Juego/Penguin/Content/Vehicles/OffroadCar/Materials/Textures/T_OffroadCar_Seats_Tan.uexp" 2167
"C:/Users/AlumnoM/Desktop/PINGUS/Juego/Penguin/Content/Vehicles/OffroadCar/Materials/Textures/T_OffroadCar_Seats_BN.ubulk" 2168
"C:/Users/AlumnoM/Desktop/PINGUS/Juego/Penguin/Content/Vehicles/OffroadCar/Materials/Textures/T_OffroadCar_Seats_BN.uasset" 2169
"C:/Users/AlumnoM/Desktop/PINGUS/Juego/Penguin/Content/Vehicles/OffroadCar/Materials/Textures/T_OffroadCar_Seats_BN.uexp" 2170
"C:/Users/AlumnoM/Desktop/PINGUS/Juego/Penguin/Content/Vehicles/OffroadCar/Materials/Textures/T_OffroadCar_Seats_MSR.ubulk" 2171
"C:/Users/AlumnoM/Desktop/PINGUS/Juego/Penguin/Content/Vehicles/OffroadCar/Materials/Textures/T_OffroadCar_Seats_MSR.uasset" 2172
"C:/Users/AlumnoM/Desktop/PINGUS/Juego/Penguin/Content/Vehicles/OffroadCar/Materials/Textures/T_OffroadCar_Seats_MSR.uexp" 2173
"C:/Users/AlumnoM/Desktop/PINGUS/Juego/Penguin/Content/Vehicles/OffroadCar/Materials/MI_OffroadCar_Seats.uasset" 2174
"C:/Users/AlumnoM/Desktop/PINGUS/Juego/Penguin/Content/Vehicles/OffroadCar/Materials/MI_OffroadCar_Seats.uexp" 2175
"C:/Users/AlumnoM/Desktop/PINGUS/Juego/Penguin/Content/Vehicles/OffroadCar/Materials/MI_OffroadCar_Lights.uasset" 2176
"C:/Users/AlumnoM/Desktop/PINGUS/Juego/Penguin/Content/Vehicles/OffroadCar/Materials/MI_OffroadCar_Lights.uexp" 2177
"C:/Users/AlumnoM/Desktop/PINGUS/Juego/Penguin/Content/Vehicles/OffroadCar/Materials/Textures/T_OffroadCar_Body_N.ubulk" 2178
"C:/Users/AlumnoM/Desktop/PINGUS/Juego/Penguin/Content/Vehicles/OffroadCar/Materials/Textures/T_OffroadCar_Body_N.uasset" 2179
"C:/Users/AlumnoM/Desktop/PINGUS/Juego/Penguin/Content/Vehicles/OffroadCar/Materials/Textures/T_OffroadCar_Body_N.uexp" 2180
"C:/Users/AlumnoM/Desktop/PINGUS/Juego/Penguin/Content/Vehicles/OffroadCar/Materials/Textures/T_OffroadCar_Body_MSR.ubulk" 2181
"C:/Users/AlumnoM/Desktop/PINGUS/Juego/Penguin/Content/Vehicles/OffroadCar/Materials/Textures/T_OffroadCar_Body_MSR.uasset" 2182
"C:/Users/AlumnoM/Desktop/PINGUS/Juego/Penguin/Content/Vehicles/OffroadCar/Materials/Textures/T_OffroadCar_Body_MSR.uexp" 2183
"C:/Users/AlumnoM/Desktop/PINGUS/Juego/Penguin/Content/Vehicles/OffroadCar/Materials/Textures/T_OffroadCar_Body_BN.ubulk" 2184
"C:/Users/AlumnoM/Desktop/PINGUS/Juego/Penguin/Content/Vehicles/OffroadCar/Materials/Textures/T_OffroadCar_Body_BN.uasset" 2185
"C:/Users/AlumnoM/Desktop/PINGUS/Juego/Penguin/Content/Vehicles/OffroadCar/Materials/Textures/T_OffroadCar_Body_BN.uexp" 2186
"C:/Users/AlumnoM/Desktop/PINGUS/Juego/Penguin/Content/Vehicles/OffroadCar/Materials/Textures/T_Vehicle_Light_M.ubulk" 2187
"C:/Users/AlumnoM/Desktop/PINGUS/Juego/Penguin/Content/Vehicles/OffroadCar/Materials/Textures/T_Vehicle_Light_M.uasset" 2188
"C:/Users/AlumnoM/Desktop/PINGUS/Juego/Penguin/Content/Vehicles/OffroadCar/Materials/Textures/T_Vehicle_Light_M.uexp" 2189
"C:/Users/AlumnoM/Desktop/PINGUS/Juego/Penguin/Content/Vehicles/OffroadCar/Materials/Textures/T_OffroadCar_Body_CCRCCP.ubulk" 2190
"C:/Users/AlumnoM/Desktop/PINGUS/Juego/Penguin/Content/Vehicles/OffroadCar/Materials/Textures/T_OffroadCar_Body_CCRCCP.uasset" 2191
"C:/Users/AlumnoM/Desktop/PINGUS/Juego/Penguin/Content/Vehicles/OffroadCar/Materials/Textures/T_OffroadCar_Body_CCRCCP.uexp" 2192
"C:/Users/AlumnoM/Desktop/PINGUS/Juego/Penguin/Content/Vehicles/OffroadCar/Materials/Textures/T_OffroadCar_Body_ASAOPM.ubulk" 2193
"C:/Users/AlumnoM/Desktop/PINGUS/Juego/Penguin/Content/Vehicles/OffroadCar/Materials/Textures/T_OffroadCar_Body_ASAOPM.uasset" 2194
"C:/Users/AlumnoM/Desktop/PINGUS/Juego/Penguin/Content/Vehicles/OffroadCar/Materials/Textures/T_OffroadCar_Body_ASAOPM.uexp" 2195
"C:/Users/AlumnoM/Desktop/PINGUS/Juego/Penguin/Content/Vehicles/OffroadCar/Materials/Textures/T_OffroadCar_Body_D.ubulk" 2196
"C:/Users/AlumnoM/Desktop/PINGUS/Juego/Penguin/Content/Vehicles/OffroadCar/Materials/Textures/T_OffroadCar_Body_D.uasset" 2197
"C:/Users/AlumnoM/Desktop/PINGUS/Juego/Penguin/Content/Vehicles/OffroadCar/Materials/Textures/T_OffroadCar_Body_D.uexp" 2198
"C:/Users/AlumnoM/Desktop/PINGUS/Juego/Penguin/Content/Vehicles/OffroadCar/Materials/MI_OffroadCar_Main.uasset" 2199
"C:/Users/AlumnoM/Desktop/PINGUS/Juego/Penguin/Content/Vehicles/OffroadCar/Materials/MI_OffroadCar_Main.uexp" 2200
"C:/Users/AlumnoM/Desktop/PINGUS/Juego/Penguin/Content/Vehicles/OffroadCar/SM_Offroad_Body.ubulk" 2201
"C:/Users/AlumnoM/Desktop/PINGUS/Juego/Penguin/Content/Vehicles/OffroadCar/SM_Offroad_Body.uasset" 2202
"C:/Users/AlumnoM/Desktop/PINGUS/Juego/Penguin/Content/Vehicles/OffroadCar/SM_Offroad_Body.uexp" 2203
"C:/Users/AlumnoM/Desktop/PINGUS/Juego/Penguin/Content/VehicleTemplate/Blueprints/OffroadCar/OffroadCar_WheelsFront.uasset" 2204
"C:/Users/AlumnoM/Desktop/PINGUS/Juego/Penguin/Content/VehicleTemplate/Blueprints/OffroadCar/OffroadCar_WheelsFront.uexp" 2205
"C:/Users/AlumnoM/Desktop/PINGUS/Juego/Penguin/Content/Vehicles/OffroadCar/Materials/MI_OffroadCar_Wheel.uasset" 2206
"C:/Users/AlumnoM/Desktop/PINGUS/Juego/Penguin/Content/Vehicles/OffroadCar/Materials/MI_OffroadCar_Wheel.uexp" 2207
"C:/Users/AlumnoM/Desktop/PINGUS/Juego/Penguin/Content/Vehicles/OffroadCar/SKM_Offroad_PhysicsAsset.uasset" 2208
"C:/Users/AlumnoM/Desktop/PINGUS/Juego/Penguin/Content/Vehicles/OffroadCar/SKM_Offroad_PhysicsAsset.uexp" 2209
"C:/Users/AlumnoM/Desktop/PINGUS/Juego/Penguin/Content/Vehicles/OffroadCar/SKM_Offroad_Skeleton.uasset" 2210
"C:/Users/AlumnoM/Desktop/PINGUS/Juego/Penguin/Content/Vehicles/OffroadCar/SKM_Offroad_Skeleton.uexp" 2211
"C:/Users/AlumnoM/Desktop/PINGUS/Juego/Penguin/Content/Vehicles/OffroadCar/SKM_Offroad.uasset" 2212
"C:/Users/AlumnoM/Desktop/PINGUS/Juego/Penguin/Content/Vehicles/OffroadCar/SKM_Offroad.uexp" 2213
"C:/Users/AlumnoM/Desktop/PINGUS/Juego/Penguin/Content/Vehicles/OffroadCar/Offroad_CtrlRig.uasset" 2214
"C:/Users/AlumnoM/Desktop/PINGUS/Juego/Penguin/Content/Vehicles/OffroadCar/Offroad_CtrlRig.uexp" 2215
"C:/Users/AlumnoM/Desktop/PINGUS/Juego/Penguin/Content/Vehicles/OffroadCar/Offroad_AnimBP.uasset" 2216
"C:/Users/AlumnoM/Desktop/PINGUS/Juego/Penguin/Content/Vehicles/OffroadCar/Offroad_AnimBP.uexp" 2217
"C:/Users/AlumnoM/Desktop/PINGUS/Juego/Penguin/Content/VehicleTemplate/Blueprints/OffroadCar/OffroadCar_Pawn.uasset" 2218
"C:/Users/AlumnoM/Desktop/PINGUS/Juego/Penguin/Content/VehicleTemplate/Blueprints/OffroadCar/OffroadCar_Pawn.uexp" 2219
"C:/Users/AlumnoM/Desktop/PINGUS/Juego/Penguin/Content/VehicleTemplate/Blueprints/OffroadGameMode.uasset" 2220
"C:/Users/AlumnoM/Desktop/PINGUS/Juego/Penguin/Content/VehicleTemplate/Blueprints/OffroadGameMode.uexp" 2221
"C:/Users/AlumnoM/Desktop/PINGUS/Juego/Penguin/Content/VehicleTemplate/Maps/VehicleOffroadExampleMap_HLOD0_Instancing.uasset" 2222
"C:/Users/AlumnoM/Desktop/PINGUS/Juego/Penguin/Content/VehicleTemplate/Maps/VehicleOffroadExampleMap_HLOD0_Instancing.uexp" 2223
"C:/Users/AlumnoM/Desktop/PINGUS/Juego/Penguin/Content/VehicleTemplate/Maps/VehicleOffroadExampleMap.uexp" 2224
"C:/Users/AlumnoM/Desktop/PINGUS/Juego/Penguin/Content/VehicleTemplate/Maps/VehicleOffroadExampleMap.ubulk" 2225
"C:/Users/AlumnoM/Desktop/PINGUS/Juego/Penguin/Content/VehicleTemplate/Maps/VehicleOffroadExampleMap.umap" 2226
"C:/Users/AlumnoM/Desktop/PINGUS/Juego/Penguin/Content/VehicleTemplate/Maps/VehicleExampleMap.uexp" 2227
"C:/Users/AlumnoM/Desktop/PINGUS/Juego/Penguin/Content/VehicleTemplate/Maps/VehicleExampleMap.umap" 2228
"C:/Users/AlumnoM/Desktop/PINGUS/Juego/Penguin/Content/StarterContent/Textures/T_Frame_M.ubulk" 2229
"C:/Users/AlumnoM/Desktop/PINGUS/Juego/Penguin/Content/StarterContent/Textures/T_Frame_M.uasset" 2230
"C:/Users/AlumnoM/Desktop/PINGUS/Juego/Penguin/Content/StarterContent/Textures/T_Frame_M.uexp" 2231
"C:/Users/AlumnoM/Desktop/PINGUS/Juego/Penguin/Content/StarterContent/Textures/T_Frame_N.ubulk" 2232
"C:/Users/AlumnoM/Desktop/PINGUS/Juego/Penguin/Content/StarterContent/Textures/T_Frame_N.uasset" 2233
"C:/Users/AlumnoM/Desktop/PINGUS/Juego/Penguin/Content/StarterContent/Textures/T_Frame_N.uexp" 2234
"C:/Users/AlumnoM/Desktop/PINGUS/Juego/Penguin/Content/StarterContent/Props/Materials/M_Frame.uasset" 2235
"C:/Users/AlumnoM/Desktop/PINGUS/Juego/Penguin/Content/StarterContent/Props/Materials/M_Frame.uexp" 2236
"C:/Users/AlumnoM/Desktop/PINGUS/Juego/Penguin/Content/StarterContent/Props/SM_DoorFrame.ubulk" 2237
"C:/Users/AlumnoM/Desktop/PINGUS/Juego/Penguin/Content/StarterContent/Props/SM_DoorFrame.uasset" 2238
"C:/Users/AlumnoM/Desktop/PINGUS/Juego/Penguin/Content/StarterContent/Props/SM_DoorFrame.uexp" 2239
"C:/Users/AlumnoM/Desktop/PINGUS/Juego/Penguin/Content/StarterContent/Textures/T_MacroVariation.uasset" 2240
"C:/Users/AlumnoM/Desktop/PINGUS/Juego/Penguin/Content/StarterContent/Textures/T_MacroVariation.uexp" 2241
"C:/Users/AlumnoM/Desktop/PINGUS/Juego/Penguin/Content/StarterContent/Materials/M_Metal_Brushed_Nickel.uasset" 2242
"C:/Users/AlumnoM/Desktop/PINGUS/Juego/Penguin/Content/StarterContent/Materials/M_Metal_Brushed_Nickel.uexp" 2243
"C:/Users/AlumnoM/Desktop/PINGUS/Juego/Penguin/Content/StarterContent/Textures/T_Lamp_N.ubulk" 2244
"C:/Users/AlumnoM/Desktop/PINGUS/Juego/Penguin/Content/StarterContent/Textures/T_Lamp_N.uasset" 2245
"C:/Users/AlumnoM/Desktop/PINGUS/Juego/Penguin/Content/StarterContent/Textures/T_Lamp_N.uexp" 2246
"C:/Users/AlumnoM/Desktop/PINGUS/Juego/Penguin/Content/StarterContent/Textures/T_Lamp_M.ubulk" 2247
"C:/Users/AlumnoM/Desktop/PINGUS/Juego/Penguin/Content/StarterContent/Textures/T_Lamp_M.uasset" 2248
"C:/Users/AlumnoM/Desktop/PINGUS/Juego/Penguin/Content/StarterContent/Textures/T_Lamp_M.uexp" 2249
"C:/Users/AlumnoM/Desktop/PINGUS/Juego/Penguin/Content/StarterContent/Props/Materials/M_Lamp.uasset" 2250
"C:/Users/AlumnoM/Desktop/PINGUS/Juego/Penguin/Content/StarterContent/Props/Materials/M_Lamp.uexp" 2251
"C:/Users/AlumnoM/Desktop/PINGUS/Juego/Penguin/Content/StarterContent/Props/SM_Lamp_Ceiling.ubulk" 2252
"C:/Users/AlumnoM/Desktop/PINGUS/Juego/Penguin/Content/StarterContent/Props/SM_Lamp_Ceiling.uasset" 2253
"C:/Users/AlumnoM/Desktop/PINGUS/Juego/Penguin/Content/StarterContent/Props/SM_Lamp_Ceiling.uexp" 2254
"C:/Users/AlumnoM/Desktop/PINGUS/Juego/Penguin/Content/StarterContent/Blueprints/Blueprint_CeilingLight.uasset" 2255
"C:/Users/AlumnoM/Desktop/PINGUS/Juego/Penguin/Content/StarterContent/Blueprints/Blueprint_CeilingLight.uexp" 2256
"../../../Engine/Content/EngineMaterials/AntiAliasedTextMaterialTranslucent.uasset" 2257
"../../../Engine/Content/EngineMaterials/AntiAliasedTextMaterialTranslucent.uexp" 2258
"C:/Users/AlumnoM/Desktop/PINGUS/Juego/Penguin/Content/StarterContent/Architecture/Wall_Door_400x300.ubulk" 2259
"C:/Users/AlumnoM/Desktop/PINGUS/Juego/Penguin/Content/StarterContent/Architecture/Wall_Door_400x300.uasset" 2260
"C:/Users/AlumnoM/Desktop/PINGUS/Juego/Penguin/Content/StarterContent/Architecture/Wall_Door_400x300.uexp" 2261
"C:/Users/AlumnoM/Desktop/PINGUS/Juego/Penguin/Content/StarterContent/Textures/T_Wood_Pine_D.ubulk" 2262
"C:/Users/AlumnoM/Desktop/PINGUS/Juego/Penguin/Content/StarterContent/Textures/T_Wood_Pine_D.uasset" 2263
"C:/Users/AlumnoM/Desktop/PINGUS/Juego/Penguin/Content/StarterContent/Textures/T_Wood_Pine_D.uexp" 2264
"C:/Users/AlumnoM/Desktop/PINGUS/Juego/Penguin/Content/StarterContent/Textures/T_Wood_Pine_N.ubulk" 2265
"C:/Users/AlumnoM/Desktop/PINGUS/Juego/Penguin/Content/StarterContent/Textures/T_Wood_Pine_N.uasset" 2266
"C:/Users/AlumnoM/Desktop/PINGUS/Juego/Penguin/Content/StarterContent/Textures/T_Wood_Pine_N.uexp" 2267
"C:/Users/AlumnoM/Desktop/PINGUS/Juego/Penguin/Content/StarterContent/Textures/T_Perlin_Noise_M.ubulk" 2268
"C:/Users/AlumnoM/Desktop/PINGUS/Juego/Penguin/Content/StarterContent/Textures/T_Perlin_Noise_M.uasset" 2269
"C:/Users/AlumnoM/Desktop/PINGUS/Juego/Penguin/Content/StarterContent/Textures/T_Perlin_Noise_M.uexp" 2270
"C:/Users/AlumnoM/Desktop/PINGUS/Juego/Penguin/Content/StarterContent/Materials/M_Wood_Pine.uasset" 2271
"C:/Users/AlumnoM/Desktop/PINGUS/Juego/Penguin/Content/StarterContent/Materials/M_Wood_Pine.uexp" 2272
"C:/Users/AlumnoM/Desktop/PINGUS/Juego/Penguin/Content/StarterContent/Textures/T_Rock_Smooth_Granite_D.ubulk" 2273
"C:/Users/AlumnoM/Desktop/PINGUS/Juego/Penguin/Content/StarterContent/Textures/T_Rock_Smooth_Granite_D.uasset" 2274
"C:/Users/AlumnoM/Desktop/PINGUS/Juego/Penguin/Content/StarterContent/Textures/T_Rock_Smooth_Granite_D.uexp" 2275
"C:/Users/AlumnoM/Desktop/PINGUS/Juego/Penguin/Content/StarterContent/Textures/T_CobbleStone_Smooth_D.ubulk" 2276
"C:/Users/AlumnoM/Desktop/PINGUS/Juego/Penguin/Content/StarterContent/Textures/T_CobbleStone_Smooth_D.uasset" 2277
"C:/Users/AlumnoM/Desktop/PINGUS/Juego/Penguin/Content/StarterContent/Textures/T_CobbleStone_Smooth_D.uexp" 2278
"C:/Users/AlumnoM/Desktop/PINGUS/Juego/Penguin/Content/StarterContent/Textures/T_Gradinet_01.ubulk" 2279
"C:/Users/AlumnoM/Desktop/PINGUS/Juego/Penguin/Content/StarterContent/Textures/T_Gradinet_01.uasset" 2280
"C:/Users/AlumnoM/Desktop/PINGUS/Juego/Penguin/Content/StarterContent/Textures/T_Gradinet_01.uexp" 2281
"C:/Users/AlumnoM/Desktop/PINGUS/Juego/Penguin/Content/StarterContent/Textures/T_CobbleStone_Smooth_M.ubulk" 2282
"C:/Users/AlumnoM/Desktop/PINGUS/Juego/Penguin/Content/StarterContent/Textures/T_CobbleStone_Smooth_M.uasset" 2283
"C:/Users/AlumnoM/Desktop/PINGUS/Juego/Penguin/Content/StarterContent/Textures/T_CobbleStone_Smooth_M.uexp" 2284
"C:/Users/AlumnoM/Desktop/PINGUS/Juego/Penguin/Content/StarterContent/Textures/T_CobbleStone_Smooth_N.ubulk" 2285
"C:/Users/AlumnoM/Desktop/PINGUS/Juego/Penguin/Content/StarterContent/Textures/T_CobbleStone_Smooth_N.uasset" 2286
"C:/Users/AlumnoM/Desktop/PINGUS/Juego/Penguin/Content/StarterContent/Textures/T_CobbleStone_Smooth_N.uexp" 2287
"C:/Users/AlumnoM/Desktop/PINGUS/Juego/Penguin/Content/StarterContent/Materials/M_CobbleStone_Smooth.uasset" 2288
"C:/Users/AlumnoM/Desktop/PINGUS/Juego/Penguin/Content/StarterContent/Materials/M_CobbleStone_Smooth.uexp" 2289
"C:/Users/AlumnoM/Desktop/PINGUS/Juego/Penguin/Content/StarterContent/Textures/T_Rock_Basalt_N.ubulk" 2290
"C:/Users/AlumnoM/Desktop/PINGUS/Juego/Penguin/Content/StarterContent/Textures/T_Rock_Basalt_N.uasset" 2291
"C:/Users/AlumnoM/Desktop/PINGUS/Juego/Penguin/Content/StarterContent/Textures/T_Rock_Basalt_N.uexp" 2292
"C:/Users/AlumnoM/Desktop/PINGUS/Juego/Penguin/Content/StarterContent/Materials/M_Rock_Basalt.uasset" 2293
"C:/Users/AlumnoM/Desktop/PINGUS/Juego/Penguin/Content/StarterContent/Materials/M_Rock_Basalt.uexp" 2294
"C:/Users/AlumnoM/Desktop/PINGUS/Juego/Penguin/Content/StarterContent/Shapes/Shape_Cube.ubulk" 2295
"C:/Users/AlumnoM/Desktop/PINGUS/Juego/Penguin/Content/StarterContent/Shapes/Shape_Cube.uasset" 2296
"C:/Users/AlumnoM/Desktop/PINGUS/Juego/Penguin/Content/StarterContent/Shapes/Shape_Cube.uexp" 2297
"C:/Users/AlumnoM/Desktop/PINGUS/Juego/Penguin/Content/StarterContent/Textures/T_Concrete_Tiles_Variation_M.ubulk" 2298
"C:/Users/AlumnoM/Desktop/PINGUS/Juego/Penguin/Content/StarterContent/Textures/T_Concrete_Tiles_Variation_M.uasset" 2299
"C:/Users/AlumnoM/Desktop/PINGUS/Juego/Penguin/Content/StarterContent/Textures/T_Concrete_Tiles_Variation_M.uexp" 2300
"C:/Users/AlumnoM/Desktop/PINGUS/Juego/Penguin/Content/StarterContent/Textures/T_Concrete_Tiles_D.ubulk" 2301
"C:/Users/AlumnoM/Desktop/PINGUS/Juego/Penguin/Content/StarterContent/Textures/T_Concrete_Tiles_D.uasset" 2302
"C:/Users/AlumnoM/Desktop/PINGUS/Juego/Penguin/Content/StarterContent/Textures/T_Concrete_Tiles_D.uexp" 2303
"C:/Users/AlumnoM/Desktop/PINGUS/Juego/Penguin/Content/StarterContent/Textures/T_Concrete_Tiles_M.ubulk" 2304
"C:/Users/AlumnoM/Desktop/PINGUS/Juego/Penguin/Content/StarterContent/Textures/T_Concrete_Tiles_M.uasset" 2305
"C:/Users/AlumnoM/Desktop/PINGUS/Juego/Penguin/Content/StarterContent/Textures/T_Concrete_Tiles_M.uexp" 2306
"C:/Users/AlumnoM/Desktop/PINGUS/Juego/Penguin/Content/StarterContent/Textures/T_Concrete_Tiles_N.ubulk" 2307
"C:/Users/AlumnoM/Desktop/PINGUS/Juego/Penguin/Content/StarterContent/Textures/T_Concrete_Tiles_N.uasset" 2308
"C:/Users/AlumnoM/Desktop/PINGUS/Juego/Penguin/Content/StarterContent/Textures/T_Concrete_Tiles_N.uexp" 2309
"C:/Users/AlumnoM/Desktop/PINGUS/Juego/Penguin/Content/StarterContent/Materials/M_Concrete_Tiles.uasset" 2310
"C:/Users/AlumnoM/Desktop/PINGUS/Juego/Penguin/Content/StarterContent/Materials/M_Concrete_Tiles.uexp" 2311
"C:/Users/AlumnoM/Desktop/PINGUS/Juego/Penguin/Content/StarterContent/Props/MaterialSphere.ubulk" 2312
"C:/Users/AlumnoM/Desktop/PINGUS/Juego/Penguin/Content/StarterContent/Props/MaterialSphere.uasset" 2313
"C:/Users/AlumnoM/Desktop/PINGUS/Juego/Penguin/Content/StarterContent/Props/MaterialSphere.uexp" 2314
"C:/Users/AlumnoM/Desktop/PINGUS/Juego/Penguin/Content/StarterContent/Textures/T_Metal_Rust_N.ubulk" 2315
"C:/Users/AlumnoM/Desktop/PINGUS/Juego/Penguin/Content/StarterContent/Textures/T_Metal_Rust_N.uasset" 2316
"C:/Users/AlumnoM/Desktop/PINGUS/Juego/Penguin/Content/StarterContent/Textures/T_Metal_Rust_N.uexp" 2317
"C:/Users/AlumnoM/Desktop/PINGUS/Juego/Penguin/Content/StarterContent/Textures/T_Metal_Rust_D.ubulk" 2318
"C:/Users/AlumnoM/Desktop/PINGUS/Juego/Penguin/Content/StarterContent/Textures/T_Metal_Rust_D.uasset" 2319
"C:/Users/AlumnoM/Desktop/PINGUS/Juego/Penguin/Content/StarterContent/Textures/T_Metal_Rust_D.uexp" 2320
"C:/Users/AlumnoM/Desktop/PINGUS/Juego/Penguin/Content/StarterContent/Materials/M_Metal_Rust.uasset" 2321
"C:/Users/AlumnoM/Desktop/PINGUS/Juego/Penguin/Content/StarterContent/Materials/M_Metal_Rust.uexp" 2322
"C:/Users/AlumnoM/Desktop/PINGUS/Juego/Penguin/Content/StarterContent/Textures/T_Rock_Slate_D.ubulk" 2323
"C:/Users/AlumnoM/Desktop/PINGUS/Juego/Penguin/Content/StarterContent/Textures/T_Rock_Slate_D.uasset" 2324
"C:/Users/AlumnoM/Desktop/PINGUS/Juego/Penguin/Content/StarterContent/Textures/T_Rock_Slate_D.uexp" 2325
"C:/Users/AlumnoM/Desktop/PINGUS/Juego/Penguin/Content/StarterContent/Textures/T_Rock_Slate_N.ubulk" 2326
"C:/Users/AlumnoM/Desktop/PINGUS/Juego/Penguin/Content/StarterContent/Textures/T_Rock_Slate_N.uasset" 2327
"C:/Users/AlumnoM/Desktop/PINGUS/Juego/Penguin/Content/StarterContent/Textures/T_Rock_Slate_N.uexp" 2328
"C:/Users/AlumnoM/Desktop/PINGUS/Juego/Penguin/Content/StarterContent/Materials/M_Rock_Slate.uasset" 2329
"C:/Users/AlumnoM/Desktop/PINGUS/Juego/Penguin/Content/StarterContent/Materials/M_Rock_Slate.uexp" 2330
"C:/Users/AlumnoM/Desktop/PINGUS/Juego/Penguin/Content/StarterContent/Textures/T_Concrete_Poured_D.ubulk" 2331
"C:/Users/AlumnoM/Desktop/PINGUS/Juego/Penguin/Content/StarterContent/Textures/T_Concrete_Poured_D.uasset" 2332
"C:/Users/AlumnoM/Desktop/PINGUS/Juego/Penguin/Content/StarterContent/Textures/T_Concrete_Poured_D.uexp" 2333
"C:/Users/AlumnoM/Desktop/PINGUS/Juego/Penguin/Content/StarterContent/Textures/T_Concrete_Poured_N.ubulk" 2334
"C:/Users/AlumnoM/Desktop/PINGUS/Juego/Penguin/Content/StarterContent/Textures/T_Concrete_Poured_N.uasset" 2335
"C:/Users/AlumnoM/Desktop/PINGUS/Juego/Penguin/Content/StarterContent/Textures/T_Concrete_Poured_N.uexp" 2336
"C:/Users/AlumnoM/Desktop/PINGUS/Juego/Penguin/Content/StarterContent/Materials/M_Concrete_Poured.uasset" 2337
"C:/Users/AlumnoM/Desktop/PINGUS/Juego/Penguin/Content/StarterContent/Materials/M_Concrete_Poured.uexp" 2338
"C:/Users/AlumnoM/Desktop/PINGUS/Juego/Penguin/Content/StarterContent/Textures/T_Brick_Clay_Beveled_M.ubulk" 2339
"C:/Users/AlumnoM/Desktop/PINGUS/Juego/Penguin/Content/StarterContent/Textures/T_Brick_Clay_Beveled_M.uasset" 2340
"C:/Users/AlumnoM/Desktop/PINGUS/Juego/Penguin/Content/StarterContent/Textures/T_Brick_Clay_Beveled_M.uexp" 2341
"C:/Users/AlumnoM/Desktop/PINGUS/Juego/Penguin/Content/StarterContent/Textures/T_Brick_Clay_Beveled_N.ubulk" 2342
"C:/Users/AlumnoM/Desktop/PINGUS/Juego/Penguin/Content/StarterContent/Textures/T_Brick_Clay_Beveled_N.uasset" 2343
"C:/Users/AlumnoM/Desktop/PINGUS/Juego/Penguin/Content/StarterContent/Textures/T_Brick_Clay_Beveled_N.uexp" 2344
"C:/Users/AlumnoM/Desktop/PINGUS/Juego/Penguin/Content/StarterContent/Textures/T_Brick_Clay_Beveled_D.ubulk" 2345
"C:/Users/AlumnoM/Desktop/PINGUS/Juego/Penguin/Content/StarterContent/Textures/T_Brick_Clay_Beveled_D.uasset" 2346
"C:/Users/AlumnoM/Desktop/PINGUS/Juego/Penguin/Content/StarterContent/Textures/T_Brick_Clay_Beveled_D.uexp" 2347
"C:/Users/AlumnoM/Desktop/PINGUS/Juego/Penguin/Content/StarterContent/Materials/M_Brick_Clay_Beveled.uasset" 2348
"C:/Users/AlumnoM/Desktop/PINGUS/Juego/Penguin/Content/StarterContent/Materials/M_Brick_Clay_Beveled.uexp" 2349
"C:/Users/AlumnoM/Desktop/PINGUS/Juego/Penguin/Content/StarterContent/Textures/T_Tech_Hex_Tile_M.ubulk" 2350
"C:/Users/AlumnoM/Desktop/PINGUS/Juego/Penguin/Content/StarterContent/Textures/T_Tech_Hex_Tile_M.uasset" 2351
"C:/Users/AlumnoM/Desktop/PINGUS/Juego/Penguin/Content/StarterContent/Textures/T_Tech_Hex_Tile_M.uexp" 2352
"C:/Users/AlumnoM/Desktop/PINGUS/Juego/Penguin/Content/StarterContent/Textures/T_Tech_Hex_Tile_N.ubulk" 2353
"C:/Users/AlumnoM/Desktop/PINGUS/Juego/Penguin/Content/StarterContent/Textures/T_Tech_Hex_Tile_N.uasset" 2354
"C:/Users/AlumnoM/Desktop/PINGUS/Juego/Penguin/Content/StarterContent/Textures/T_Tech_Hex_Tile_N.uexp" 2355
"C:/Users/AlumnoM/Desktop/PINGUS/Juego/Penguin/Content/StarterContent/Materials/M_Tech_Hex_Tile.uasset" 2356
"C:/Users/AlumnoM/Desktop/PINGUS/Juego/Penguin/Content/StarterContent/Materials/M_Tech_Hex_Tile.uexp" 2357
"C:/Users/AlumnoM/Desktop/PINGUS/Juego/Penguin/Content/StarterContent/Textures/T_Wood_Floor_Walnut_M.ubulk" 2358
"C:/Users/AlumnoM/Desktop/PINGUS/Juego/Penguin/Content/StarterContent/Textures/T_Wood_Floor_Walnut_M.uasset" 2359
"C:/Users/AlumnoM/Desktop/PINGUS/Juego/Penguin/Content/StarterContent/Textures/T_Wood_Floor_Walnut_M.uexp" 2360
"C:/Users/AlumnoM/Desktop/PINGUS/Juego/Penguin/Content/StarterContent/Textures/T_Wood_Floor_Walnut_D.ubulk" 2361
"C:/Users/AlumnoM/Desktop/PINGUS/Juego/Penguin/Content/StarterContent/Textures/T_Wood_Floor_Walnut_D.uasset" 2362
"C:/Users/AlumnoM/Desktop/PINGUS/Juego/Penguin/Content/StarterContent/Textures/T_Wood_Floor_Walnut_D.uexp" 2363
"C:/Users/AlumnoM/Desktop/PINGUS/Juego/Penguin/Content/StarterContent/Textures/T_Wood_Floor_Walnut_N.ubulk" 2364
"C:/Users/AlumnoM/Desktop/PINGUS/Juego/Penguin/Content/StarterContent/Textures/T_Wood_Floor_Walnut_N.uasset" 2365
"C:/Users/AlumnoM/Desktop/PINGUS/Juego/Penguin/Content/StarterContent/Textures/T_Wood_Floor_Walnut_N.uexp" 2366
"C:/Users/AlumnoM/Desktop/PINGUS/Juego/Penguin/Content/StarterContent/Materials/M_Wood_Floor_Walnut_Worn.uasset" 2367
"C:/Users/AlumnoM/Desktop/PINGUS/Juego/Penguin/Content/StarterContent/Materials/M_Wood_Floor_Walnut_Worn.uexp" 2368
"C:/Users/AlumnoM/Desktop/PINGUS/Juego/Penguin/Content/StarterContent/Textures/T_Ground_Gravel_N.ubulk" 2369
"C:/Users/AlumnoM/Desktop/PINGUS/Juego/Penguin/Content/StarterContent/Textures/T_Ground_Gravel_N.uasset" 2370
"C:/Users/AlumnoM/Desktop/PINGUS/Juego/Penguin/Content/StarterContent/Textures/T_Ground_Gravel_N.uexp" 2371
"C:/Users/AlumnoM/Desktop/PINGUS/Juego/Penguin/Content/StarterContent/Textures/T_Ground_Gravel_D.ubulk" 2372
"C:/Users/AlumnoM/Desktop/PINGUS/Juego/Penguin/Content/StarterContent/Textures/T_Ground_Gravel_D.uasset" 2373
"C:/Users/AlumnoM/Desktop/PINGUS/Juego/Penguin/Content/StarterContent/Textures/T_Ground_Gravel_D.uexp" 2374
"C:/Users/AlumnoM/Desktop/PINGUS/Juego/Penguin/Content/StarterContent/Materials/M_Ground_Gravel.uasset" 2375
"C:/Users/AlumnoM/Desktop/PINGUS/Juego/Penguin/Content/StarterContent/Materials/M_Ground_Gravel.uexp" 2376
"C:/Users/AlumnoM/Desktop/PINGUS/Juego/Penguin/Content/StarterContent/Audio/Steam01_Cue.uasset" 2377
"C:/Users/AlumnoM/Desktop/PINGUS/Juego/Penguin/Content/StarterContent/Audio/Steam01_Cue.uexp" 2378
"C:/Users/AlumnoM/Desktop/PINGUS/Juego/Penguin/Content/StarterContent/Particles/P_Steam_Lit.uasset" 2379
"C:/Users/AlumnoM/Desktop/PINGUS/Juego/Penguin/Content/StarterContent/Particles/P_Steam_Lit.uexp" 2380
"C:/Users/AlumnoM/Desktop/PINGUS/Juego/Penguin/Content/StarterContent/Blueprints/Blueprint_Effect_Steam.uasset" 2381
"C:/Users/AlumnoM/Desktop/PINGUS/Juego/Penguin/Content/StarterContent/Blueprints/Blueprint_Effect_Steam.uexp" 2382
"C:/Users/AlumnoM/Desktop/PINGUS/Juego/Penguin/Content/StarterContent/Audio/Fire_Sparks01_Cue.uasset" 2383
"C:/Users/AlumnoM/Desktop/PINGUS/Juego/Penguin/Content/StarterContent/Audio/Fire_Sparks01_Cue.uexp" 2384
"C:/Users/AlumnoM/Desktop/PINGUS/Juego/Penguin/Content/StarterContent/Textures/T_Spark_Core.ubulk" 2385
"C:/Users/AlumnoM/Desktop/PINGUS/Juego/Penguin/Content/StarterContent/Textures/T_Spark_Core.uasset" 2386
"C:/Users/AlumnoM/Desktop/PINGUS/Juego/Penguin/Content/StarterContent/Textures/T_Spark_Core.uexp" 2387
"C:/Users/AlumnoM/Desktop/PINGUS/Juego/Penguin/Content/StarterContent/Particles/Materials/M_Spark.uasset" 2388
"C:/Users/AlumnoM/Desktop/PINGUS/Juego/Penguin/Content/StarterContent/Particles/Materials/M_Spark.uexp" 2389
"C:/Users/AlumnoM/Desktop/PINGUS/Juego/Penguin/Content/StarterContent/Particles/Materials/M_Radial_Gradient.uasset" 2390
"C:/Users/AlumnoM/Desktop/PINGUS/Juego/Penguin/Content/StarterContent/Particles/Materials/M_Radial_Gradient.uexp" 2391
"C:/Users/AlumnoM/Desktop/PINGUS/Juego/Penguin/Content/StarterContent/Particles/P_Sparks.uasset" 2392
"C:/Users/AlumnoM/Desktop/PINGUS/Juego/Penguin/Content/StarterContent/Particles/P_Sparks.uexp" 2393
"C:/Users/AlumnoM/Desktop/PINGUS/Juego/Penguin/Content/StarterContent/Blueprints/Blueprint_Effect_Sparks.uasset" 2394
"C:/Users/AlumnoM/Desktop/PINGUS/Juego/Penguin/Content/StarterContent/Blueprints/Blueprint_Effect_Sparks.uexp" 2395
"C:/Users/AlumnoM/Desktop/PINGUS/Juego/Penguin/Content/StarterContent/Textures/T_Water_N.ubulk" 2396
"C:/Users/AlumnoM/Desktop/PINGUS/Juego/Penguin/Content/StarterContent/Textures/T_Water_N.uasset" 2397
"C:/Users/AlumnoM/Desktop/PINGUS/Juego/Penguin/Content/StarterContent/Textures/T_Water_N.uexp" 2398
"C:/Users/AlumnoM/Desktop/PINGUS/Juego/Penguin/Content/StarterContent/Materials/M_Water_Lake.uasset" 2399
"C:/Users/AlumnoM/Desktop/PINGUS/Juego/Penguin/Content/StarterContent/Materials/M_Water_Lake.uexp" 2400
"C:/Users/AlumnoM/Desktop/PINGUS/Juego/Penguin/Content/StarterContent/Architecture/Wall_400x200.ubulk" 2401
"C:/Users/AlumnoM/Desktop/PINGUS/Juego/Penguin/Content/StarterContent/Architecture/Wall_400x200.uasset" 2402
"C:/Users/AlumnoM/Desktop/PINGUS/Juego/Penguin/Content/StarterContent/Architecture/Wall_400x200.uexp" 2403
"C:/Users/AlumnoM/Desktop/PINGUS/Juego/Penguin/Content/StarterContent/Textures/T_Checker_Noise_M.ubulk" 2404
"C:/Users/AlumnoM/Desktop/PINGUS/Juego/Penguin/Content/StarterContent/Textures/T_Checker_Noise_M.uasset" 2405
"C:/Users/AlumnoM/Desktop/PINGUS/Juego/Penguin/Content/StarterContent/Textures/T_Checker_Noise_M.uexp" 2406
"C:/Users/AlumnoM/Desktop/PINGUS/Juego/Penguin/Content/StarterContent/Textures/T_Tech_Dot_M.ubulk" 2407
"C:/Users/AlumnoM/Desktop/PINGUS/Juego/Penguin/Content/StarterContent/Textures/T_Tech_Dot_M.uasset" 2408
"C:/Users/AlumnoM/Desktop/PINGUS/Juego/Penguin/Content/StarterContent/Textures/T_Tech_Dot_M.uexp" 2409
"C:/Users/AlumnoM/Desktop/PINGUS/Juego/Penguin/Content/StarterContent/Textures/T_Tech_Dot_N.ubulk" 2410
"C:/Users/AlumnoM/Desktop/PINGUS/Juego/Penguin/Content/StarterContent/Textures/T_Tech_Dot_N.uasset" 2411
"C:/Users/AlumnoM/Desktop/PINGUS/Juego/Penguin/Content/StarterContent/Textures/T_Tech_Dot_N.uexp" 2412
"C:/Users/AlumnoM/Desktop/PINGUS/Juego/Penguin/Content/StarterContent/Textures/T_Single_Tile_N.ubulk" 2413
"C:/Users/AlumnoM/Desktop/PINGUS/Juego/Penguin/Content/StarterContent/Textures/T_Single_Tile_N.uasset" 2414
"C:/Users/AlumnoM/Desktop/PINGUS/Juego/Penguin/Content/StarterContent/Textures/T_Single_Tile_N.uexp" 2415
"C:/Users/AlumnoM/Desktop/PINGUS/Juego/Penguin/Content/StarterContent/Materials/M_Tech_Checker_Dot.uasset" 2416
"C:/Users/AlumnoM/Desktop/PINGUS/Juego/Penguin/Content/StarterContent/Materials/M_Tech_Checker_Dot.uexp" 2417
"C:/Users/AlumnoM/Desktop/PINGUS/Juego/Penguin/Content/StarterContent/Architecture/Floor_400x400.ubulk" 2418
"C:/Users/AlumnoM/Desktop/PINGUS/Juego/Penguin/Content/StarterContent/Architecture/Floor_400x400.uasset" 2419
"C:/Users/AlumnoM/Desktop/PINGUS/Juego/Penguin/Content/StarterContent/Architecture/Floor_400x400.uexp" 2420
"C:/Users/AlumnoM/Desktop/PINGUS/Juego/Penguin/Content/StarterContent/Props/SM_GlassWindow.ubulk" 2421
"C:/Users/AlumnoM/Desktop/PINGUS/Juego/Penguin/Content/StarterContent/Props/SM_GlassWindow.uasset" 2422
"C:/Users/AlumnoM/Desktop/PINGUS/Juego/Penguin/Content/StarterContent/Props/SM_GlassWindow.uexp" 2423
"C:/Users/AlumnoM/Desktop/PINGUS/Juego/Penguin/Content/StarterContent/Textures/T_Metal_Gold_N.ubulk" 2424
"C:/Users/AlumnoM/Desktop/PINGUS/Juego/Penguin/Content/StarterContent/Textures/T_Metal_Gold_N.uasset" 2425
"C:/Users/AlumnoM/Desktop/PINGUS/Juego/Penguin/Content/StarterContent/Textures/T_Metal_Gold_N.uexp" 2426
"C:/Users/AlumnoM/Desktop/PINGUS/Juego/Penguin/Content/StarterContent/Textures/T_Rock_Marble_Polished_D.ubulk" 2427
"C:/Users/AlumnoM/Desktop/PINGUS/Juego/Penguin/Content/StarterContent/Textures/T_Rock_Marble_Polished_D.uasset" 2428
"C:/Users/AlumnoM/Desktop/PINGUS/Juego/Penguin/Content/StarterContent/Textures/T_Rock_Marble_Polished_D.uexp" 2429
"C:/Users/AlumnoM/Desktop/PINGUS/Juego/Penguin/Content/StarterContent/Materials/M_Rock_Marble_Polished.uasset" 2430
"C:/Users/AlumnoM/Desktop/PINGUS/Juego/Penguin/Content/StarterContent/Materials/M_Rock_Marble_Polished.uexp" 2431
"C:/Users/AlumnoM/Desktop/PINGUS/Juego/Penguin/Content/StarterContent/Textures/T_Concrete_Grime_D.ubulk" 2432
"C:/Users/AlumnoM/Desktop/PINGUS/Juego/Penguin/Content/StarterContent/Textures/T_Concrete_Grime_D.uasset" 2433
"C:/Users/AlumnoM/Desktop/PINGUS/Juego/Penguin/Content/StarterContent/Textures/T_Concrete_Grime_D.uexp" 2434
"C:/Users/AlumnoM/Desktop/PINGUS/Juego/Penguin/Content/StarterContent/Materials/M_Concrete_Grime.uasset" 2435
"C:/Users/AlumnoM/Desktop/PINGUS/Juego/Penguin/Content/StarterContent/Materials/M_Concrete_Grime.uexp" 2436
"C:/Users/AlumnoM/Desktop/PINGUS/Juego/Penguin/Content/StarterContent/Textures/T_Ceramic_Tile_M.ubulk" 2437
"C:/Users/AlumnoM/Desktop/PINGUS/Juego/Penguin/Content/StarterContent/Textures/T_Ceramic_Tile_M.uasset" 2438
"C:/Users/AlumnoM/Desktop/PINGUS/Juego/Penguin/Content/StarterContent/Textures/T_Ceramic_Tile_M.uexp" 2439
"C:/Users/AlumnoM/Desktop/PINGUS/Juego/Penguin/Content/StarterContent/Textures/T_Ceramic_Tile_N.ubulk" 2440
"C:/Users/AlumnoM/Desktop/PINGUS/Juego/Penguin/Content/StarterContent/Textures/T_Ceramic_Tile_N.uasset" 2441
"C:/Users/AlumnoM/Desktop/PINGUS/Juego/Penguin/Content/StarterContent/Textures/T_Ceramic_Tile_N.uexp" 2442
"C:/Users/AlumnoM/Desktop/PINGUS/Juego/Penguin/Content/StarterContent/Materials/M_Ceramic_Tile_Checker.uasset" 2443
"C:/Users/AlumnoM/Desktop/PINGUS/Juego/Penguin/Content/StarterContent/Materials/M_Ceramic_Tile_Checker.uexp" 2444
"C:/Users/AlumnoM/Desktop/PINGUS/Juego/Penguin/Content/StarterContent/Textures/T_Rock_Sandstone_N.ubulk" 2445
"C:/Users/AlumnoM/Desktop/PINGUS/Juego/Penguin/Content/StarterContent/Textures/T_Rock_Sandstone_N.uasset" 2446
"C:/Users/AlumnoM/Desktop/PINGUS/Juego/Penguin/Content/StarterContent/Textures/T_Rock_Sandstone_N.uexp" 2447
"C:/Users/AlumnoM/Desktop/PINGUS/Juego/Penguin/Content/StarterContent/Textures/T_Rock_Sandstone_D.ubulk" 2448
"C:/Users/AlumnoM/Desktop/PINGUS/Juego/Penguin/Content/StarterContent/Textures/T_Rock_Sandstone_D.uasset" 2449
"C:/Users/AlumnoM/Desktop/PINGUS/Juego/Penguin/Content/StarterContent/Textures/T_Rock_Sandstone_D.uexp" 2450
"C:/Users/AlumnoM/Desktop/PINGUS/Juego/Penguin/Content/StarterContent/Materials/M_Rock_Sandstone.uasset" 2451
"C:/Users/AlumnoM/Desktop/PINGUS/Juego/Penguin/Content/StarterContent/Materials/M_Rock_Sandstone.uexp" 2452
"C:/Users/AlumnoM/Desktop/PINGUS/Juego/Penguin/Content/StarterContent/Textures/T_Wood_Walnut_N.ubulk" 2453
"C:/Users/AlumnoM/Desktop/PINGUS/Juego/Penguin/Content/StarterContent/Textures/T_Wood_Walnut_N.uasset" 2454
"C:/Users/AlumnoM/Desktop/PINGUS/Juego/Penguin/Content/StarterContent/Textures/T_Wood_Walnut_N.uexp" 2455
"C:/Users/AlumnoM/Desktop/PINGUS/Juego/Penguin/Content/StarterContent/Textures/T_Wood_Walnut_D.ubulk" 2456
"C:/Users/AlumnoM/Desktop/PINGUS/Juego/Penguin/Content/StarterContent/Textures/T_Wood_Walnut_D.uasset" 2457
"C:/Users/AlumnoM/Desktop/PINGUS/Juego/Penguin/Content/StarterContent/Textures/T_Wood_Walnut_D.uexp" 2458
"C:/Users/AlumnoM/Desktop/PINGUS/Juego/Penguin/Content/StarterContent/Materials/M_Wood_Walnut.uasset" 2459
"C:/Users/AlumnoM/Desktop/PINGUS/Juego/Penguin/Content/StarterContent/Materials/M_Wood_Walnut.uexp" 2460
"C:/Users/AlumnoM/Desktop/PINGUS/Juego/Penguin/Content/StarterContent/Audio/Collapse_Cue.uasset" 2461
"C:/Users/AlumnoM/Desktop/PINGUS/Juego/Penguin/Content/StarterContent/Audio/Collapse_Cue.uexp" 2462
"C:/Users/AlumnoM/Desktop/PINGUS/Juego/Penguin/Content/StarterContent/Textures/T_Brick_Cut_Stone_N.ubulk" 2463
"C:/Users/AlumnoM/Desktop/PINGUS/Juego/Penguin/Content/StarterContent/Textures/T_Brick_Cut_Stone_N.uasset" 2464
"C:/Users/AlumnoM/Desktop/PINGUS/Juego/Penguin/Content/StarterContent/Textures/T_Brick_Cut_Stone_N.uexp" 2465
"C:/Users/AlumnoM/Desktop/PINGUS/Juego/Penguin/Content/StarterContent/Textures/T_Brick_Cut_Stone_D.ubulk" 2466
"C:/Users/AlumnoM/Desktop/PINGUS/Juego/Penguin/Content/StarterContent/Textures/T_Brick_Cut_Stone_D.uasset" 2467
"C:/Users/AlumnoM/Desktop/PINGUS/Juego/Penguin/Content/StarterContent/Textures/T_Brick_Cut_Stone_D.uexp" 2468
"C:/Users/AlumnoM/Desktop/PINGUS/Juego/Penguin/Content/StarterContent/Materials/M_Brick_Cut_Stone.uasset" 2469
"C:/Users/AlumnoM/Desktop/PINGUS/Juego/Penguin/Content/StarterContent/Materials/M_Brick_Cut_Stone.uexp" 2470
"C:/Users/AlumnoM/Desktop/PINGUS/Juego/Penguin/Content/StarterContent/Textures/T_Dust_Particle_D.ubulk" 2471
"C:/Users/AlumnoM/Desktop/PINGUS/Juego/Penguin/Content/StarterContent/Textures/T_Dust_Particle_D.uasset" 2472
"C:/Users/AlumnoM/Desktop/PINGUS/Juego/Penguin/Content/StarterContent/Textures/T_Dust_Particle_D.uexp" 2473
"C:/Users/AlumnoM/Desktop/PINGUS/Juego/Penguin/Content/StarterContent/Particles/Materials/M_Dust_Particle.uasset" 2474
"C:/Users/AlumnoM/Desktop/PINGUS/Juego/Penguin/Content/StarterContent/Particles/Materials/M_Dust_Particle.uexp" 2475
"C:/Users/AlumnoM/Desktop/PINGUS/Juego/Penguin/Content/StarterContent/Particles/P_Ambient_Dust.uasset" 2476
"C:/Users/AlumnoM/Desktop/PINGUS/Juego/Penguin/Content/StarterContent/Particles/P_Ambient_Dust.uexp" 2477
"C:/Users/AlumnoM/Desktop/PINGUS/Juego/Penguin/Content/StarterContent/Props/SM_WindowFrame.ubulk" 2478
"C:/Users/AlumnoM/Desktop/PINGUS/Juego/Penguin/Content/StarterContent/Props/SM_WindowFrame.uasset" 2479
"C:/Users/AlumnoM/Desktop/PINGUS/Juego/Penguin/Content/StarterContent/Props/SM_WindowFrame.uexp" 2480
"C:/Users/AlumnoM/Desktop/PINGUS/Juego/Penguin/Content/StarterContent/Textures/T_Metal_Copper_D.ubulk" 2481
"C:/Users/AlumnoM/Desktop/PINGUS/Juego/Penguin/Content/StarterContent/Textures/T_Metal_Copper_D.uasset" 2482
"C:/Users/AlumnoM/Desktop/PINGUS/Juego/Penguin/Content/StarterContent/Textures/T_Metal_Copper_D.uexp" 2483
"C:/Users/AlumnoM/Desktop/PINGUS/Juego/Penguin/Content/StarterContent/Materials/M_Metal_Copper.uasset" 2484
"C:/Users/AlumnoM/Desktop/PINGUS/Juego/Penguin/Content/StarterContent/Materials/M_Metal_Copper.uexp" 2485
"C:/Users/AlumnoM/Desktop/PINGUS/Juego/Penguin/Content/StarterContent/Textures/T_Water_M.ubulk" 2486
"C:/Users/AlumnoM/Desktop/PINGUS/Juego/Penguin/Content/StarterContent/Textures/T_Water_M.uasset" 2487
"C:/Users/AlumnoM/Desktop/PINGUS/Juego/Penguin/Content/StarterContent/Textures/T_Water_M.uexp" 2488
"C:/Users/AlumnoM/Desktop/PINGUS/Juego/Penguin/Content/StarterContent/Materials/M_Water_Ocean.uasset" 2489
"C:/Users/AlumnoM/Desktop/PINGUS/Juego/Penguin/Content/StarterContent/Materials/M_Water_Ocean.uexp" 2490
"C:/Users/AlumnoM/Desktop/PINGUS/Juego/Penguin/Content/StarterContent/Textures/T_CobbleStone_Pebble_N.ubulk" 2491
"C:/Users/AlumnoM/Desktop/PINGUS/Juego/Penguin/Content/StarterContent/Textures/T_CobbleStone_Pebble_N.uasset" 2492
"C:/Users/AlumnoM/Desktop/PINGUS/Juego/Penguin/Content/StarterContent/Textures/T_CobbleStone_Pebble_N.uexp" 2493
"C:/Users/AlumnoM/Desktop/PINGUS/Juego/Penguin/Content/StarterContent/Textures/T_CobbleStone_Pebble_M.ubulk" 2494
"C:/Users/AlumnoM/Desktop/PINGUS/Juego/Penguin/Content/StarterContent/Textures/T_CobbleStone_Pebble_M.uasset" 2495
"C:/Users/AlumnoM/Desktop/PINGUS/Juego/Penguin/Content/StarterContent/Textures/T_CobbleStone_Pebble_M.uexp" 2496
"C:/Users/AlumnoM/Desktop/PINGUS/Juego/Penguin/Content/StarterContent/Textures/T_CobbleStone_Pebble_D.ubulk" 2497
"C:/Users/AlumnoM/Desktop/PINGUS/Juego/Penguin/Content/StarterContent/Textures/T_CobbleStone_Pebble_D.uasset" 2498
"C:/Users/AlumnoM/Desktop/PINGUS/Juego/Penguin/Content/StarterContent/Textures/T_CobbleStone_Pebble_D.uexp" 2499
"C:/Users/AlumnoM/Desktop/PINGUS/Juego/Penguin/Content/StarterContent/Materials/M_CobbleStone_Pebble.uasset" 2500
"C:/Users/AlumnoM/Desktop/PINGUS/Juego/Penguin/Content/StarterContent/Materials/M_CobbleStone_Pebble.uexp" 2501
"C:/Users/AlumnoM/Desktop/PINGUS/Juego/Penguin/Content/StarterContent/Textures/T_Brick_Clay_Old_N.ubulk" 2502
"C:/Users/AlumnoM/Desktop/PINGUS/Juego/Penguin/Content/StarterContent/Textures/T_Brick_Clay_Old_N.uasset" 2503
"C:/Users/AlumnoM/Desktop/PINGUS/Juego/Penguin/Content/StarterContent/Textures/T_Brick_Clay_Old_N.uexp" 2504
"C:/Users/AlumnoM/Desktop/PINGUS/Juego/Penguin/Content/StarterContent/Textures/T_Brick_Clay_Old_D.ubulk" 2505
"C:/Users/AlumnoM/Desktop/PINGUS/Juego/Penguin/Content/StarterContent/Textures/T_Brick_Clay_Old_D.uasset" 2506
"C:/Users/AlumnoM/Desktop/PINGUS/Juego/Penguin/Content/StarterContent/Textures/T_Brick_Clay_Old_D.uexp" 2507
"C:/Users/AlumnoM/Desktop/PINGUS/Juego/Penguin/Content/StarterContent/Materials/M_Brick_Clay_Old.uasset" 2508
"C:/Users/AlumnoM/Desktop/PINGUS/Juego/Penguin/Content/StarterContent/Materials/M_Brick_Clay_Old.uexp" 2509
"C:/Users/AlumnoM/Desktop/PINGUS/Juego/Penguin/Content/StarterContent/Textures/T_Metal_Steel_D.ubulk" 2510
"C:/Users/AlumnoM/Desktop/PINGUS/Juego/Penguin/Content/StarterContent/Textures/T_Metal_Steel_D.uasset" 2511
"C:/Users/AlumnoM/Desktop/PINGUS/Juego/Penguin/Content/StarterContent/Textures/T_Metal_Steel_D.uexp" 2512
"C:/Users/AlumnoM/Desktop/PINGUS/Juego/Penguin/Content/StarterContent/Textures/T_Metal_Steel_N.ubulk" 2513
"C:/Users/AlumnoM/Desktop/PINGUS/Juego/Penguin/Content/StarterContent/Textures/T_Metal_Steel_N.uasset" 2514
"C:/Users/AlumnoM/Desktop/PINGUS/Juego/Penguin/Content/StarterContent/Textures/T_Metal_Steel_N.uexp" 2515
"C:/Users/AlumnoM/Desktop/PINGUS/Juego/Penguin/Content/StarterContent/Materials/M_Metal_Steel.uasset" 2516
"C:/Users/AlumnoM/Desktop/PINGUS/Juego/Penguin/Content/StarterContent/Materials/M_Metal_Steel.uexp" 2517
"C:/Users/AlumnoM/Desktop/PINGUS/Juego/Penguin/Content/StarterContent/Materials/M_Wood_Floor_Walnut_Polished.uasset" 2518
"C:/Users/AlumnoM/Desktop/PINGUS/Juego/Penguin/Content/StarterContent/Materials/M_Wood_Floor_Walnut_Polished.uexp" 2519
"C:/Users/AlumnoM/Desktop/PINGUS/Juego/Penguin/Content/StarterContent/Props/SM_Lamp_Wall.ubulk" 2520
"C:/Users/AlumnoM/Desktop/PINGUS/Juego/Penguin/Content/StarterContent/Props/SM_Lamp_Wall.uasset" 2521
"C:/Users/AlumnoM/Desktop/PINGUS/Juego/Penguin/Content/StarterContent/Props/SM_Lamp_Wall.uexp" 2522
"C:/Users/AlumnoM/Desktop/PINGUS/Juego/Penguin/Content/StarterContent/Blueprints/Blueprint_WallSconce.uasset" 2523
"C:/Users/AlumnoM/Desktop/PINGUS/Juego/Penguin/Content/StarterContent/Blueprints/Blueprint_WallSconce.uexp" 2524
"C:/Users/AlumnoM/Desktop/PINGUS/Juego/Penguin/Content/StarterContent/Textures/T_Tech_Panel_N.ubulk" 2525
"C:/Users/AlumnoM/Desktop/PINGUS/Juego/Penguin/Content/StarterContent/Textures/T_Tech_Panel_N.uasset" 2526
"C:/Users/AlumnoM/Desktop/PINGUS/Juego/Penguin/Content/StarterContent/Textures/T_Tech_Panel_N.uexp" 2527
"C:/Users/AlumnoM/Desktop/PINGUS/Juego/Penguin/Content/StarterContent/Textures/T_Tech_Panel_M.ubulk" 2528
"C:/Users/AlumnoM/Desktop/PINGUS/Juego/Penguin/Content/StarterContent/Textures/T_Tech_Panel_M.uasset" 2529
"C:/Users/AlumnoM/Desktop/PINGUS/Juego/Penguin/Content/StarterContent/Textures/T_Tech_Panel_M.uexp" 2530
"C:/Users/AlumnoM/Desktop/PINGUS/Juego/Penguin/Content/StarterContent/Materials/M_Tech_Panel.uasset" 2531
"C:/Users/AlumnoM/Desktop/PINGUS/Juego/Penguin/Content/StarterContent/Materials/M_Tech_Panel.uexp" 2532
"C:/Users/AlumnoM/Desktop/PINGUS/Juego/Penguin/Content/StarterContent/Materials/M_Tech_Hex_Tile_Pulse.uasset" 2533
"C:/Users/AlumnoM/Desktop/PINGUS/Juego/Penguin/Content/StarterContent/Materials/M_Tech_Hex_Tile_Pulse.uexp" 2534
"C:/Users/AlumnoM/Desktop/PINGUS/Juego/Penguin/Content/StarterContent/Props/SM_PillarFrame.ubulk" 2535
"C:/Users/AlumnoM/Desktop/PINGUS/Juego/Penguin/Content/StarterContent/Props/SM_PillarFrame.uasset" 2536
"C:/Users/AlumnoM/Desktop/PINGUS/Juego/Penguin/Content/StarterContent/Props/SM_PillarFrame.uexp" 2537
"C:/Users/AlumnoM/Desktop/PINGUS/Juego/Penguin/Content/StarterContent/Textures/T_TableRound_N.ubulk" 2538
"C:/Users/AlumnoM/Desktop/PINGUS/Juego/Penguin/Content/StarterContent/Textures/T_TableRound_N.uasset" 2539
"C:/Users/AlumnoM/Desktop/PINGUS/Juego/Penguin/Content/StarterContent/Textures/T_TableRound_N.uexp" 2540
"C:/Users/AlumnoM/Desktop/PINGUS/Juego/Penguin/Content/StarterContent/Textures/T_TableRound_M.ubulk" 2541
"C:/Users/AlumnoM/Desktop/PINGUS/Juego/Penguin/Content/StarterContent/Textures/T_TableRound_M.uasset" 2542
"C:/Users/AlumnoM/Desktop/PINGUS/Juego/Penguin/Content/StarterContent/Textures/T_TableRound_M.uexp" 2543
"C:/Users/AlumnoM/Desktop/PINGUS/Juego/Penguin/Content/StarterContent/Props/Materials/M_TableRound.uasset" 2544
"C:/Users/AlumnoM/Desktop/PINGUS/Juego/Penguin/Content/StarterContent/Props/Materials/M_TableRound.uexp" 2545
"C:/Users/AlumnoM/Desktop/PINGUS/Juego/Penguin/Content/StarterContent/Props/SM_TableRound.ubulk" 2546
"C:/Users/AlumnoM/Desktop/PINGUS/Juego/Penguin/Content/StarterContent/Props/SM_TableRound.uasset" 2547
"C:/Users/AlumnoM/Desktop/PINGUS/Juego/Penguin/Content/StarterContent/Props/SM_TableRound.uexp" 2548
"C:/Users/AlumnoM/Desktop/PINGUS/Juego/Penguin/Content/StarterContent/Textures/T_Fire_Tiled_D.ubulk" 2549
"C:/Users/AlumnoM/Desktop/PINGUS/Juego/Penguin/Content/StarterContent/Textures/T_Fire_Tiled_D.uasset" 2550
"C:/Users/AlumnoM/Desktop/PINGUS/Juego/Penguin/Content/StarterContent/Textures/T_Fire_Tiled_D.uexp" 2551
"C:/Users/AlumnoM/Desktop/PINGUS/Juego/Penguin/Content/StarterContent/Textures/T_Fire_SubUV.ubulk" 2552
"C:/Users/AlumnoM/Desktop/PINGUS/Juego/Penguin/Content/StarterContent/Textures/T_Fire_SubUV.uasset" 2553
"C:/Users/AlumnoM/Desktop/PINGUS/Juego/Penguin/Content/StarterContent/Textures/T_Fire_SubUV.uexp" 2554
"C:/Users/AlumnoM/Desktop/PINGUS/Juego/Penguin/Content/StarterContent/Particles/Materials/M_Fire_SubUV.uasset" 2555
"C:/Users/AlumnoM/Desktop/PINGUS/Juego/Penguin/Content/StarterContent/Particles/Materials/M_Fire_SubUV.uexp" 2556
"C:/Users/AlumnoM/Desktop/PINGUS/Juego/Penguin/Content/StarterContent/Particles/Materials/M_Heat_Distortion.uasset" 2557
"C:/Users/AlumnoM/Desktop/PINGUS/Juego/Penguin/Content/StarterContent/Particles/Materials/M_Heat_Distortion.uexp" 2558
"C:/Users/AlumnoM/Desktop/PINGUS/Juego/Penguin/Content/StarterContent/Particles/P_Fire.uasset" 2559
"C:/Users/AlumnoM/Desktop/PINGUS/Juego/Penguin/Content/StarterContent/Particles/P_Fire.uexp" 2560
"C:/Users/AlumnoM/Desktop/PINGUS/Juego/Penguin/Content/StarterContent/Audio/Fire01_Cue.uasset" 2561
"C:/Users/AlumnoM/Desktop/PINGUS/Juego/Penguin/Content/StarterContent/Audio/Fire01_Cue.uexp" 2562
"C:/Users/AlumnoM/Desktop/PINGUS/Juego/Penguin/Content/StarterContent/Blueprints/Blueprint_Effect_Fire.uasset" 2563
"C:/Users/AlumnoM/Desktop/PINGUS/Juego/Penguin/Content/StarterContent/Blueprints/Blueprint_Effect_Fire.uexp" 2564
"C:/Users/AlumnoM/Desktop/PINGUS/Juego/Penguin/Content/StarterContent/Textures/T_Wood_Oak_N.ubulk" 2565
"C:/Users/AlumnoM/Desktop/PINGUS/Juego/Penguin/Content/StarterContent/Textures/T_Wood_Oak_N.uasset" 2566
"C:/Users/AlumnoM/Desktop/PINGUS/Juego/Penguin/Content/StarterContent/Textures/T_Wood_Oak_N.uexp" 2567
"C:/Users/AlumnoM/Desktop/PINGUS/Juego/Penguin/Content/StarterContent/Textures/T_Wood_Oak_D.ubulk" 2568
"C:/Users/AlumnoM/Desktop/PINGUS/Juego/Penguin/Content/StarterContent/Textures/T_Wood_Oak_D.uasset" 2569
"C:/Users/AlumnoM/Desktop/PINGUS/Juego/Penguin/Content/StarterContent/Textures/T_Wood_Oak_D.uexp" 2570
"C:/Users/AlumnoM/Desktop/PINGUS/Juego/Penguin/Content/StarterContent/Materials/M_Wood_Oak.uasset" 2571
"C:/Users/AlumnoM/Desktop/PINGUS/Juego/Penguin/Content/StarterContent/Materials/M_Wood_Oak.uexp" 2572
"C:/Users/AlumnoM/Desktop/PINGUS/Juego/Penguin/Content/StarterContent/Architecture/Wall_Window_400x300.ubulk" 2573
"C:/Users/AlumnoM/Desktop/PINGUS/Juego/Penguin/Content/StarterContent/Architecture/Wall_Window_400x300.uasset" 2574
"C:/Users/AlumnoM/Desktop/PINGUS/Juego/Penguin/Content/StarterContent/Architecture/Wall_Window_400x300.uexp" 2575
"C:/Users/AlumnoM/Desktop/PINGUS/Juego/Penguin/Content/StarterContent/Textures/T_Brick_Hewn_Stone_N.ubulk" 2576
"C:/Users/AlumnoM/Desktop/PINGUS/Juego/Penguin/Content/StarterContent/Textures/T_Brick_Hewn_Stone_N.uasset" 2577
"C:/Users/AlumnoM/Desktop/PINGUS/Juego/Penguin/Content/StarterContent/Textures/T_Brick_Hewn_Stone_N.uexp" 2578
"C:/Users/AlumnoM/Desktop/PINGUS/Juego/Penguin/Content/StarterContent/Textures/T_Brick_Hewn_Stone_D.ubulk" 2579
"C:/Users/AlumnoM/Desktop/PINGUS/Juego/Penguin/Content/StarterContent/Textures/T_Brick_Hewn_Stone_D.uasset" 2580
"C:/Users/AlumnoM/Desktop/PINGUS/Juego/Penguin/Content/StarterContent/Textures/T_Brick_Hewn_Stone_D.uexp" 2581
"C:/Users/AlumnoM/Desktop/PINGUS/Juego/Penguin/Content/StarterContent/Textures/T_Brick_Hewn_Stone_M.ubulk" 2582
"C:/Users/AlumnoM/Desktop/PINGUS/Juego/Penguin/Content/StarterContent/Textures/T_Brick_Hewn_Stone_M.uasset" 2583
"C:/Users/AlumnoM/Desktop/PINGUS/Juego/Penguin/Content/StarterContent/Textures/T_Brick_Hewn_Stone_M.uexp" 2584
"C:/Users/AlumnoM/Desktop/PINGUS/Juego/Penguin/Content/StarterContent/Materials/M_Brick_Hewn_Stone.uasset" 2585
"C:/Users/AlumnoM/Desktop/PINGUS/Juego/Penguin/Content/StarterContent/Materials/M_Brick_Hewn_Stone.uexp" 2586
"C:/Users/AlumnoM/Desktop/PINGUS/Juego/Penguin/Content/StarterContent/Audio/Smoke01_Cue.uasset" 2587
"C:/Users/AlumnoM/Desktop/PINGUS/Juego/Penguin/Content/StarterContent/Audio/Smoke01_Cue.uexp" 2588
"C:/Users/AlumnoM/Desktop/PINGUS/Juego/Penguin/Content/StarterContent/Particles/P_Smoke.uasset" 2589
"C:/Users/AlumnoM/Desktop/PINGUS/Juego/Penguin/Content/StarterContent/Particles/P_Smoke.uexp" 2590
"C:/Users/AlumnoM/Desktop/PINGUS/Juego/Penguin/Content/StarterContent/Blueprints/Blueprint_Effect_Smoke.uasset" 2591
"C:/Users/AlumnoM/Desktop/PINGUS/Juego/Penguin/Content/StarterContent/Blueprints/Blueprint_Effect_Smoke.uexp" 2592
"C:/Users/AlumnoM/Desktop/PINGUS/Juego/Penguin/Content/StarterContent/Textures/T_CobbleStone_Rough_N.ubulk" 2593
"C:/Users/AlumnoM/Desktop/PINGUS/Juego/Penguin/Content/StarterContent/Textures/T_CobbleStone_Rough_N.uasset" 2594
"C:/Users/AlumnoM/Desktop/PINGUS/Juego/Penguin/Content/StarterContent/Textures/T_CobbleStone_Rough_N.uexp" 2595
"C:/Users/AlumnoM/Desktop/PINGUS/Juego/Penguin/Content/StarterContent/Textures/T_CobbleStone_Rough_D.ubulk" 2596
"C:/Users/AlumnoM/Desktop/PINGUS/Juego/Penguin/Content/StarterContent/Textures/T_CobbleStone_Rough_D.uasset" 2597
"C:/Users/AlumnoM/Desktop/PINGUS/Juego/Penguin/Content/StarterContent/Textures/T_CobbleStone_Rough_D.uexp" 2598
"C:/Users/AlumnoM/Desktop/PINGUS/Juego/Penguin/Content/StarterContent/Materials/M_CobbleStone_Rough.uasset" 2599
"C:/Users/AlumnoM/Desktop/PINGUS/Juego/Penguin/Content/StarterContent/Materials/M_CobbleStone_Rough.uexp" 2600
"C:/Users/AlumnoM/Desktop/PINGUS/Juego/Penguin/Content/StarterContent/Textures/T_Statue_M.ubulk" 2601
"C:/Users/AlumnoM/Desktop/PINGUS/Juego/Penguin/Content/StarterContent/Textures/T_Statue_M.uasset" 2602
"C:/Users/AlumnoM/Desktop/PINGUS/Juego/Penguin/Content/StarterContent/Textures/T_Statue_M.uexp" 2603
"C:/Users/AlumnoM/Desktop/PINGUS/Juego/Penguin/Content/StarterContent/Textures/T_Statue_N.ubulk" 2604
"C:/Users/AlumnoM/Desktop/PINGUS/Juego/Penguin/Content/StarterContent/Textures/T_Statue_N.uasset" 2605
"C:/Users/AlumnoM/Desktop/PINGUS/Juego/Penguin/Content/StarterContent/Textures/T_Statue_N.uexp" 2606
"C:/Users/AlumnoM/Desktop/PINGUS/Juego/Penguin/Content/StarterContent/Props/Materials/M_Statue.uasset" 2607
"C:/Users/AlumnoM/Desktop/PINGUS/Juego/Penguin/Content/StarterContent/Props/Materials/M_Statue.uexp" 2608
"C:/Users/AlumnoM/Desktop/PINGUS/Juego/Penguin/Content/StarterContent/Props/Materials/M_StatueGlass.uasset" 2609
"C:/Users/AlumnoM/Desktop/PINGUS/Juego/Penguin/Content/StarterContent/Props/Materials/M_StatueGlass.uexp" 2610
"C:/Users/AlumnoM/Desktop/PINGUS/Juego/Penguin/Content/StarterContent/Props/SM_Statue.ubulk" 2611
"C:/Users/AlumnoM/Desktop/PINGUS/Juego/Penguin/Content/StarterContent/Props/SM_Statue.uasset" 2612
"C:/Users/AlumnoM/Desktop/PINGUS/Juego/Penguin/Content/StarterContent/Props/SM_Statue.uexp" 2613
"C:/Users/AlumnoM/Desktop/PINGUS/Juego/Penguin/Content/StarterContent/Textures/T_ground_Moss_D.ubulk" 2614
"C:/Users/AlumnoM/Desktop/PINGUS/Juego/Penguin/Content/StarterContent/Textures/T_ground_Moss_D.uasset" 2615
"C:/Users/AlumnoM/Desktop/PINGUS/Juego/Penguin/Content/StarterContent/Textures/T_ground_Moss_D.uexp" 2616
"C:/Users/AlumnoM/Desktop/PINGUS/Juego/Penguin/Content/StarterContent/Textures/T_Ground_Moss_N.ubulk" 2617
"C:/Users/AlumnoM/Desktop/PINGUS/Juego/Penguin/Content/StarterContent/Textures/T_Ground_Moss_N.uasset" 2618
"C:/Users/AlumnoM/Desktop/PINGUS/Juego/Penguin/Content/StarterContent/Textures/T_Ground_Moss_N.uexp" 2619
"C:/Users/AlumnoM/Desktop/PINGUS/Juego/Penguin/Content/StarterContent/Materials/M_Ground_Moss.uasset" 2620
"C:/Users/AlumnoM/Desktop/PINGUS/Juego/Penguin/Content/StarterContent/Materials/M_Ground_Moss.uexp" 2621
"C:/Users/AlumnoM/Desktop/PINGUS/Juego/Penguin/Content/StarterContent/Props/SM_PillarFrame300.ubulk" 2622
"C:/Users/AlumnoM/Desktop/PINGUS/Juego/Penguin/Content/StarterContent/Props/SM_PillarFrame300.uasset" 2623
"C:/Users/AlumnoM/Desktop/PINGUS/Juego/Penguin/Content/StarterContent/Props/SM_PillarFrame300.uexp" 2624
"C:/Users/AlumnoM/Desktop/PINGUS/Juego/Penguin/Content/StarterContent/Materials/M_Metal_Chrome.uasset" 2625
"C:/Users/AlumnoM/Desktop/PINGUS/Juego/Penguin/Content/StarterContent/Materials/M_Metal_Chrome.uexp" 2626
"C:/Users/AlumnoM/Desktop/PINGUS/Juego/Penguin/Content/StarterContent/Textures/T_Metal_Gold_D.ubulk" 2627
"C:/Users/AlumnoM/Desktop/PINGUS/Juego/Penguin/Content/StarterContent/Textures/T_Metal_Gold_D.uasset" 2628
"C:/Users/AlumnoM/Desktop/PINGUS/Juego/Penguin/Content/StarterContent/Textures/T_Metal_Gold_D.uexp" 2629
"C:/Users/AlumnoM/Desktop/PINGUS/Juego/Penguin/Content/StarterContent/Materials/M_Metal_Gold.uasset" 2630
"C:/Users/AlumnoM/Desktop/PINGUS/Juego/Penguin/Content/StarterContent/Materials/M_Metal_Gold.uexp" 2631
"C:/Users/AlumnoM/Desktop/PINGUS/Juego/Penguin/Content/StarterContent/Textures/T_Ground_Grass_D.ubulk" 2632
"C:/Users/AlumnoM/Desktop/PINGUS/Juego/Penguin/Content/StarterContent/Textures/T_Ground_Grass_D.uasset" 2633
"C:/Users/AlumnoM/Desktop/PINGUS/Juego/Penguin/Content/StarterContent/Textures/T_Ground_Grass_D.uexp" 2634
"C:/Users/AlumnoM/Desktop/PINGUS/Juego/Penguin/Content/StarterContent/Textures/T_Ground_Grass_N.ubulk" 2635
"C:/Users/AlumnoM/Desktop/PINGUS/Juego/Penguin/Content/StarterContent/Textures/T_Ground_Grass_N.uasset" 2636
"C:/Users/AlumnoM/Desktop/PINGUS/Juego/Penguin/Content/StarterContent/Textures/T_Ground_Grass_N.uexp" 2637
"C:/Users/AlumnoM/Desktop/PINGUS/Juego/Penguin/Content/StarterContent/Materials/M_Ground_Grass.uasset" 2638
"C:/Users/AlumnoM/Desktop/PINGUS/Juego/Penguin/Content/StarterContent/Materials/M_Ground_Grass.uexp" 2639
"C:/Users/AlumnoM/Desktop/PINGUS/Juego/Penguin/Content/StarterContent/Audio/Starter_Background_Cue.uasset" 2640
"C:/Users/AlumnoM/Desktop/PINGUS/Juego/Penguin/Content/StarterContent/Audio/Starter_Background_Cue.uexp" 2641
"C:/Users/AlumnoM/Desktop/PINGUS/Juego/Penguin/Content/StarterContent/Maps/StarterMap_BuiltData.ubulk" 2642
"C:/Users/AlumnoM/Desktop/PINGUS/Juego/Penguin/Content/StarterContent/Maps/StarterMap_BuiltData.uasset" 2643
"C:/Users/AlumnoM/Desktop/PINGUS/Juego/Penguin/Content/StarterContent/Maps/StarterMap_BuiltData.uexp" 2644
"C:/Users/AlumnoM/Desktop/PINGUS/Juego/Penguin/Content/StarterContent/Props/SM_CornerFrame.ubulk" 2645
"C:/Users/AlumnoM/Desktop/PINGUS/Juego/Penguin/Content/StarterContent/Props/SM_CornerFrame.uasset" 2646
"C:/Users/AlumnoM/Desktop/PINGUS/Juego/Penguin/Content/StarterContent/Props/SM_CornerFrame.uexp" 2647
"C:/Users/AlumnoM/Desktop/PINGUS/Juego/Penguin/Content/StarterContent/Shapes/Shape_Sphere.ubulk" 2648
"C:/Users/AlumnoM/Desktop/PINGUS/Juego/Penguin/Content/StarterContent/Shapes/Shape_Sphere.uasset" 2649
"C:/Users/AlumnoM/Desktop/PINGUS/Juego/Penguin/Content/StarterContent/Shapes/Shape_Sphere.uexp" 2650
"C:/Users/AlumnoM/Desktop/PINGUS/Juego/Penguin/Content/StarterContent/Audio/Starter_Music_Cue.uasset" 2651
"C:/Users/AlumnoM/Desktop/PINGUS/Juego/Penguin/Content/StarterContent/Audio/Starter_Music_Cue.uexp" 2652
"C:/Users/AlumnoM/Desktop/PINGUS/Juego/Penguin/Content/StarterContent/Shapes/Shape_QuadPyramid.ubulk" 2653
"C:/Users/AlumnoM/Desktop/PINGUS/Juego/Penguin/Content/StarterContent/Shapes/Shape_QuadPyramid.uasset" 2654
"C:/Users/AlumnoM/Desktop/PINGUS/Juego/Penguin/Content/StarterContent/Shapes/Shape_QuadPyramid.uexp" 2655
"C:/Users/AlumnoM/Desktop/PINGUS/Juego/Penguin/Content/StarterContent/Textures/T_Brick_Clay_New_D.ubulk" 2656
"C:/Users/AlumnoM/Desktop/PINGUS/Juego/Penguin/Content/StarterContent/Textures/T_Brick_Clay_New_D.uasset" 2657
"C:/Users/AlumnoM/Desktop/PINGUS/Juego/Penguin/Content/StarterContent/Textures/T_Brick_Clay_New_D.uexp" 2658
"C:/Users/AlumnoM/Desktop/PINGUS/Juego/Penguin/Content/StarterContent/Textures/T_Brick_Clay_New_M.uasset" 2659
"C:/Users/AlumnoM/Desktop/PINGUS/Juego/Penguin/Content/StarterContent/Textures/T_Brick_Clay_New_M.uexp" 2660
"C:/Users/AlumnoM/Desktop/PINGUS/Juego/Penguin/Content/StarterContent/Textures/T_Brick_Clay_New_N.uasset" 2661
"C:/Users/AlumnoM/Desktop/PINGUS/Juego/Penguin/Content/StarterContent/Textures/T_Brick_Clay_New_N.uexp" 2662
"C:/Users/AlumnoM/Desktop/PINGUS/Juego/Penguin/Content/StarterContent/Materials/M_Brick_Clay_New.uasset" 2663
"C:/Users/AlumnoM/Desktop/PINGUS/Juego/Penguin/Content/StarterContent/Materials/M_Brick_Clay_New.uexp" 2664
"C:/Users/AlumnoM/Desktop/PINGUS/Juego/Penguin/Content/StarterContent/Textures/T_Metal_Aluminum_D.ubulk" 2665
"C:/Users/AlumnoM/Desktop/PINGUS/Juego/Penguin/Content/StarterContent/Textures/T_Metal_Aluminum_D.uasset" 2666
"C:/Users/AlumnoM/Desktop/PINGUS/Juego/Penguin/Content/StarterContent/Textures/T_Metal_Aluminum_D.uexp" 2667
"C:/Users/AlumnoM/Desktop/PINGUS/Juego/Penguin/Content/StarterContent/Materials/M_Metal_Burnished_Steel.uasset" 2668
"C:/Users/AlumnoM/Desktop/PINGUS/Juego/Penguin/Content/StarterContent/Materials/M_Metal_Burnished_Steel.uexp" 2669
"C:/Users/AlumnoM/Desktop/PINGUS/Juego/Penguin/Content/StarterContent/Props/SM_Chair.ubulk" 2670
"C:/Users/AlumnoM/Desktop/PINGUS/Juego/Penguin/Content/StarterContent/Props/SM_Chair.uasset" 2671
"C:/Users/AlumnoM/Desktop/PINGUS/Juego/Penguin/Content/StarterContent/Props/SM_Chair.uexp" 2672
"C:/Users/AlumnoM/Desktop/PINGUS/Juego/Penguin/Content/StarterContent/Textures/T_Concrete_Panels_D.ubulk" 2673
"C:/Users/AlumnoM/Desktop/PINGUS/Juego/Penguin/Content/StarterContent/Textures/T_Concrete_Panels_D.uasset" 2674
"C:/Users/AlumnoM/Desktop/PINGUS/Juego/Penguin/Content/StarterContent/Textures/T_Concrete_Panels_D.uexp" 2675
"C:/Users/AlumnoM/Desktop/PINGUS/Juego/Penguin/Content/StarterContent/Textures/T_Concrete_Panels_N.ubulk" 2676
"C:/Users/AlumnoM/Desktop/PINGUS/Juego/Penguin/Content/StarterContent/Textures/T_Concrete_Panels_N.uasset" 2677
"C:/Users/AlumnoM/Desktop/PINGUS/Juego/Penguin/Content/StarterContent/Textures/T_Concrete_Panels_N.uexp" 2678
"C:/Users/AlumnoM/Desktop/PINGUS/Juego/Penguin/Content/StarterContent/Materials/M_Concrete_Panels.uasset" 2679
"C:/Users/AlumnoM/Desktop/PINGUS/Juego/Penguin/Content/StarterContent/Materials/M_Concrete_Panels.uexp" 2680
"C:/Users/AlumnoM/Desktop/PINGUS/Juego/Penguin/Content/StarterContent/Maps/StarterMap.uexp" 2681
"C:/Users/AlumnoM/Desktop/PINGUS/Juego/Penguin/Content/StarterContent/Maps/StarterMap.umap" 2682
"C:/Users/AlumnoM/Desktop/PINGUS/Juego/Penguin/Content/StarterContent/Maps/Minimal_Default_BuiltData.ubulk" 2683
"C:/Users/AlumnoM/Desktop/PINGUS/Juego/Penguin/Content/StarterContent/Maps/Minimal_Default_BuiltData.uasset" 2684
"C:/Users/AlumnoM/Desktop/PINGUS/Juego/Penguin/Content/StarterContent/Maps/Minimal_Default_BuiltData.uexp" 2685
"C:/Users/AlumnoM/Desktop/PINGUS/Juego/Penguin/Content/StarterContent/Maps/Minimal_Default.uexp" 2686
"C:/Users/AlumnoM/Desktop/PINGUS/Juego/Penguin/Content/StarterContent/Maps/Minimal_Default.umap" 2687
"C:/Users/AlumnoM/Desktop/PINGUS/Juego/Penguin/Content/StarterContent/Maps/Advanced_Lighting_BuiltData.ubulk" 2688
"C:/Users/AlumnoM/Desktop/PINGUS/Juego/Penguin/Content/StarterContent/Maps/Advanced_Lighting_BuiltData.uasset" 2689
"C:/Users/AlumnoM/Desktop/PINGUS/Juego/Penguin/Content/StarterContent/Maps/Advanced_Lighting_BuiltData.uexp" 2690
"C:/Users/AlumnoM/Desktop/PINGUS/Juego/Penguin/Content/StarterContent/Materials/M_AssetPlatform.uasset" 2691
"C:/Users/AlumnoM/Desktop/PINGUS/Juego/Penguin/Content/StarterContent/Materials/M_AssetPlatform.uexp" 2692
"C:/Users/AlumnoM/Desktop/PINGUS/Juego/Penguin/Content/StarterContent/Architecture/SM_AssetPlatform.ubulk" 2693
"C:/Users/AlumnoM/Desktop/PINGUS/Juego/Penguin/Content/StarterContent/Architecture/SM_AssetPlatform.uasset" 2694
"C:/Users/AlumnoM/Desktop/PINGUS/Juego/Penguin/Content/StarterContent/Architecture/SM_AssetPlatform.uexp" 2695
"C:/Users/AlumnoM/Desktop/PINGUS/Juego/Penguin/Content/StarterContent/Blueprints/Assets/M_LightStage_Skybox_HDRI.uasset" 2696
"C:/Users/AlumnoM/Desktop/PINGUS/Juego/Penguin/Content/StarterContent/Blueprints/Assets/M_LightStage_Skybox_HDRI.uexp" 2697
"C:/Users/AlumnoM/Desktop/PINGUS/Juego/Penguin/Content/StarterContent/HDRI/HDRI_Epic_Courtyard_Daylight.uasset" 2698
"C:/Users/AlumnoM/Desktop/PINGUS/Juego/Penguin/Content/StarterContent/HDRI/HDRI_Epic_Courtyard_Daylight.uexp" 2699
"C:/Users/AlumnoM/Desktop/PINGUS/Juego/Penguin/Content/StarterContent/Blueprints/Assets/SunlightColorLUT.uasset" 2700
"C:/Users/AlumnoM/Desktop/PINGUS/Juego/Penguin/Content/StarterContent/Blueprints/Assets/SunlightColorLUT.uexp" 2701
"C:/Users/AlumnoM/Desktop/PINGUS/Juego/Penguin/Content/StarterContent/Blueprints/Assets/FogBrightnessLUT.uasset" 2702
"C:/Users/AlumnoM/Desktop/PINGUS/Juego/Penguin/Content/StarterContent/Blueprints/Assets/FogBrightnessLUT.uexp" 2703
"C:/Users/AlumnoM/Desktop/PINGUS/Juego/Penguin/Content/StarterContent/Blueprints/Assets/SM_Arrows.ubulk" 2704
"C:/Users/AlumnoM/Desktop/PINGUS/Juego/Penguin/Content/StarterContent/Blueprints/Assets/SM_Arrows.uasset" 2705
"C:/Users/AlumnoM/Desktop/PINGUS/Juego/Penguin/Content/StarterContent/Blueprints/Assets/SM_Arrows.uexp" 2706
"C:/Users/AlumnoM/Desktop/PINGUS/Juego/Penguin/Content/StarterContent/Blueprints/Assets/M_LightStage_Arrows.uasset" 2707
"C:/Users/AlumnoM/Desktop/PINGUS/Juego/Penguin/Content/StarterContent/Blueprints/Assets/M_LightStage_Arrows.uexp" 2708
"../../../Engine/Content/ArtTools/RenderToTexture/MaterialFunctions/CheckerPattern.uasset" 2709
"../../../Engine/Content/ArtTools/RenderToTexture/MaterialFunctions/CheckerPattern.uexp" 2710
"../../../Engine/Content/Functions/Engine_MaterialFunctions01/Texturing/ScaleUVsByCenter.uasset" 2711
"../../../Engine/Content/Functions/Engine_MaterialFunctions01/Texturing/ScaleUVsByCenter.uexp" 2712
"../../../Engine/Content/Functions/Engine_MaterialFunctions02/ScreenResolution.uasset" 2713
"../../../Engine/Content/Functions/Engine_MaterialFunctions02/ScreenResolution.uexp" 2714
"../../../Engine/Content/Functions/Engine_MaterialFunctions02/Texturing/ScreenAlignedUVs.uasset" 2715
"../../../Engine/Content/Functions/Engine_MaterialFunctions02/Texturing/ScreenAlignedUVs.uexp" 2716
"../../../Engine/Content/EditorMaterials/Thumbnails/SkySphereMaterial.uasset" 2717
"../../../Engine/Content/EditorMaterials/Thumbnails/SkySphereMaterial.uexp" 2718
"C:/Users/AlumnoM/Desktop/PINGUS/Juego/Penguin/Content/StarterContent/Blueprints/Assets/Skybox.ubulk" 2719
"C:/Users/AlumnoM/Desktop/PINGUS/Juego/Penguin/Content/StarterContent/Blueprints/Assets/Skybox.uasset" 2720
"C:/Users/AlumnoM/Desktop/PINGUS/Juego/Penguin/Content/StarterContent/Blueprints/Assets/Skybox.uexp" 2721
"C:/Users/AlumnoM/Desktop/PINGUS/Juego/Penguin/Content/StarterContent/Blueprints/BP_LightStudio.uasset" 2722
"C:/Users/AlumnoM/Desktop/PINGUS/Juego/Penguin/Content/StarterContent/Blueprints/BP_LightStudio.uexp" 2723
"../../../Engine/Content/EditorMeshes/ColorCalibrator/M_GreyBall.uasset" 2724
"../../../Engine/Content/EditorMeshes/ColorCalibrator/M_GreyBall.uexp" 2725
"../../../Engine/Content/EditorMeshes/ColorCalibrator/M_ClearCoat.uasset" 2726
"../../../Engine/Content/EditorMeshes/ColorCalibrator/M_ClearCoat.uexp" 2727
"../../../Engine/Content/EditorMeshes/ColorCalibrator/M_ChromeBall.uasset" 2728
"../../../Engine/Content/EditorMeshes/ColorCalibrator/M_ChromeBall.uexp" 2729
"../../../Engine/Content/EditorMeshes/ColorCalibrator/M_ClearCoatBlack.uasset" 2730
"../../../Engine/Content/EditorMeshes/ColorCalibrator/M_ClearCoatBlack.uexp" 2731
"../../../Engine/Content/EditorMeshes/ColorCalibrator/Color_checker.ubulk" 2732
"../../../Engine/Content/EditorMeshes/ColorCalibrator/Color_checker.uasset" 2733
"../../../Engine/Content/EditorMeshes/ColorCalibrator/Color_checker.uexp" 2734
"../../../Engine/Content/EditorMeshes/ColorCalibrator/M_ColorGrid.uasset" 2735
"../../../Engine/Content/EditorMeshes/ColorCalibrator/M_ColorGrid.uexp" 2736
"../../../Engine/Content/EditorMeshes/ColorCalibrator/SM_ColorCalibrator.ubulk" 2737
"../../../Engine/Content/EditorMeshes/ColorCalibrator/SM_ColorCalibrator.uasset" 2738
"../../../Engine/Content/EditorMeshes/ColorCalibrator/SM_ColorCalibrator.uexp" 2739
"C:/Users/AlumnoM/Desktop/PINGUS/Juego/Penguin/Content/StarterContent/Maps/Advanced_Lighting.uexp" 2740
"C:/Users/AlumnoM/Desktop/PINGUS/Juego/Penguin/Content/StarterContent/Maps/Advanced_Lighting.umap" 2741
"C:/Users/AlumnoM/Desktop/PINGUS/Juego/Penguin/Content/Levels/build/Level1.uexp" 2742
"C:/Users/AlumnoM/Desktop/PINGUS/Juego/Penguin/Content/Levels/build/Level1.ubulk" 2743
"C:/Users/AlumnoM/Desktop/PINGUS/Juego/Penguin/Content/Levels/build/Level1.umap" 2744
"C:/Users/AlumnoM/Desktop/PINGUS/Juego/Penguin/Content/Levels/Level2/_Generated_/9810QXZIB7A3PVMRONUEFLFHG.uexp" 2745
"C:/Users/AlumnoM/Desktop/PINGUS/Juego/Penguin/Content/Levels/Level2/_Generated_/9810QXZIB7A3PVMRONUEFLFHG.umap" 2746
"C:/Users/AlumnoM/Desktop/PINGUS/Juego/Penguin/Content/Levels/Level2/_Generated_/A20PC58CU2ONGRXQNDXM7MHZ9.uexp" 2747
"C:/Users/AlumnoM/Desktop/PINGUS/Juego/Penguin/Content/Levels/Level2/_Generated_/A20PC58CU2ONGRXQNDXM7MHZ9.ubulk" 2748
"C:/Users/AlumnoM/Desktop/PINGUS/Juego/Penguin/Content/Levels/Level2/_Generated_/A20PC58CU2ONGRXQNDXM7MHZ9.umap" 2749
"C:/Users/AlumnoM/Desktop/PINGUS/Juego/Penguin/Content/Levels/Level2/_Generated_/F373QAJS2CL1SPTDQSCSILCH8.uexp" 2750
"C:/Users/AlumnoM/Desktop/PINGUS/Juego/Penguin/Content/Levels/Level2/_Generated_/F373QAJS2CL1SPTDQSCSILCH8.ubulk" 2751
"C:/Users/AlumnoM/Desktop/PINGUS/Juego/Penguin/Content/Levels/Level2/_Generated_/F373QAJS2CL1SPTDQSCSILCH8.umap" 2752
"C:/Users/AlumnoM/Desktop/PINGUS/Juego/Penguin/Content/Levels/Level2/_Generated_/CE1167VFQV0LNKZS9T4U51OJS.uexp" 2753
"C:/Users/AlumnoM/Desktop/PINGUS/Juego/Penguin/Content/Levels/Level2/_Generated_/CE1167VFQV0LNKZS9T4U51OJS.ubulk" 2754
"C:/Users/AlumnoM/Desktop/PINGUS/Juego/Penguin/Content/Levels/Level2/_Generated_/CE1167VFQV0LNKZS9T4U51OJS.umap" 2755
"C:/Users/AlumnoM/Desktop/PINGUS/Juego/Penguin/Content/Levels/Level2/_Generated_/7IJZBFAQITNIHI47LU9H6M5SH.uexp" 2756
"C:/Users/AlumnoM/Desktop/PINGUS/Juego/Penguin/Content/Levels/Level2/_Generated_/7IJZBFAQITNIHI47LU9H6M5SH.ubulk" 2757
"C:/Users/AlumnoM/Desktop/PINGUS/Juego/Penguin/Content/Levels/Level2/_Generated_/7IJZBFAQITNIHI47LU9H6M5SH.umap" 2758
"C:/Users/AlumnoM/Desktop/PINGUS/Juego/Penguin/Content/Levels/Level2/_Generated_/EQW3V8G4HOSKZ96AFFJXVWSTP.uexp" 2759
"C:/Users/AlumnoM/Desktop/PINGUS/Juego/Penguin/Content/Levels/Level2/_Generated_/EQW3V8G4HOSKZ96AFFJXVWSTP.ubulk" 2760
"C:/Users/AlumnoM/Desktop/PINGUS/Juego/Penguin/Content/Levels/Level2/_Generated_/EQW3V8G4HOSKZ96AFFJXVWSTP.umap" 2761
"C:/Users/AlumnoM/Desktop/PINGUS/Juego/Penguin/Content/Levels/Level2/_Generated_/5QHS6MAQ3LNIRY395DUJ6WCEV.uexp" 2762
"C:/Users/AlumnoM/Desktop/PINGUS/Juego/Penguin/Content/Levels/Level2/_Generated_/5QHS6MAQ3LNIRY395DUJ6WCEV.ubulk" 2763
"C:/Users/AlumnoM/Desktop/PINGUS/Juego/Penguin/Content/Levels/Level2/_Generated_/5QHS6MAQ3LNIRY395DUJ6WCEV.umap" 2764
"C:/Users/AlumnoM/Desktop/PINGUS/Juego/Penguin/Content/Levels/Level2/_Generated_/4563EUHJ6HGVO8RJA948RRXM1.uexp" 2765
"C:/Users/AlumnoM/Desktop/PINGUS/Juego/Penguin/Content/Levels/Level2/_Generated_/4563EUHJ6HGVO8RJA948RRXM1.ubulk" 2766
"C:/Users/AlumnoM/Desktop/PINGUS/Juego/Penguin/Content/Levels/Level2/_Generated_/4563EUHJ6HGVO8RJA948RRXM1.umap" 2767
"C:/Users/AlumnoM/Desktop/PINGUS/Juego/Penguin/Content/Levels/Level2/_Generated_/0WSA03DHW8BW5BDENU8R97037.uexp" 2768
"C:/Users/AlumnoM/Desktop/PINGUS/Juego/Penguin/Content/Levels/Level2/_Generated_/0WSA03DHW8BW5BDENU8R97037.ubulk" 2769
"C:/Users/AlumnoM/Desktop/PINGUS/Juego/Penguin/Content/Levels/Level2/_Generated_/0WSA03DHW8BW5BDENU8R97037.umap" 2770
"C:/Users/AlumnoM/Desktop/PINGUS/Juego/Penguin/Content/Levels/Level2/_Generated_/2UAESXTM2VSFT1LA6EWP1WYF8.uexp" 2771
"C:/Users/AlumnoM/Desktop/PINGUS/Juego/Penguin/Content/Levels/Level2/_Generated_/2UAESXTM2VSFT1LA6EWP1WYF8.ubulk" 2772
"C:/Users/AlumnoM/Desktop/PINGUS/Juego/Penguin/Content/Levels/Level2/_Generated_/2UAESXTM2VSFT1LA6EWP1WYF8.umap" 2773
"C:/Users/AlumnoM/Desktop/PINGUS/Juego/Penguin/Content/Levels/Level2/_Generated_/AFBNAB69W2ILHBBPVFID47AZS.uexp" 2774
"C:/Users/AlumnoM/Desktop/PINGUS/Juego/Penguin/Content/Levels/Level2/_Generated_/AFBNAB69W2ILHBBPVFID47AZS.ubulk" 2775
"C:/Users/AlumnoM/Desktop/PINGUS/Juego/Penguin/Content/Levels/Level2/_Generated_/AFBNAB69W2ILHBBPVFID47AZS.umap" 2776
"C:/Users/AlumnoM/Desktop/PINGUS/Juego/Penguin/Content/Levels/Level2/_Generated_/75DG17J3UBTTDJDNZJ3QTQBNZ.uexp" 2777
"C:/Users/AlumnoM/Desktop/PINGUS/Juego/Penguin/Content/Levels/Level2/_Generated_/75DG17J3UBTTDJDNZJ3QTQBNZ.ubulk" 2778
"C:/Users/AlumnoM/Desktop/PINGUS/Juego/Penguin/Content/Levels/Level2/_Generated_/75DG17J3UBTTDJDNZJ3QTQBNZ.umap" 2779
"C:/Users/AlumnoM/Desktop/PINGUS/Juego/Penguin/Content/Levels/Level2/_Generated_/AXEL0SOIKKJ39AU1MEYZRZIIO.uexp" 2780
"C:/Users/AlumnoM/Desktop/PINGUS/Juego/Penguin/Content/Levels/Level2/_Generated_/AXEL0SOIKKJ39AU1MEYZRZIIO.ubulk" 2781
"C:/Users/AlumnoM/Desktop/PINGUS/Juego/Penguin/Content/Levels/Level2/_Generated_/AXEL0SOIKKJ39AU1MEYZRZIIO.umap" 2782
"C:/Users/AlumnoM/Desktop/PINGUS/Juego/Penguin/Content/Levels/Level2/_Generated_/BUNSIKTOFDUQL3KX67V3RNLU8.uexp" 2783
"C:/Users/AlumnoM/Desktop/PINGUS/Juego/Penguin/Content/Levels/Level2/_Generated_/BUNSIKTOFDUQL3KX67V3RNLU8.ubulk" 2784
"C:/Users/AlumnoM/Desktop/PINGUS/Juego/Penguin/Content/Levels/Level2/_Generated_/BUNSIKTOFDUQL3KX67V3RNLU8.umap" 2785
"C:/Users/AlumnoM/Desktop/PINGUS/Juego/Penguin/Content/Levels/Level2/_Generated_/1WCIBJAHLIAHIV4KP43ZV2E3L.uexp" 2786
"C:/Users/AlumnoM/Desktop/PINGUS/Juego/Penguin/Content/Levels/Level2/_Generated_/1WCIBJAHLIAHIV4KP43ZV2E3L.ubulk" 2787
"C:/Users/AlumnoM/Desktop/PINGUS/Juego/Penguin/Content/Levels/Level2/_Generated_/1WCIBJAHLIAHIV4KP43ZV2E3L.umap" 2788
"C:/Users/AlumnoM/Desktop/PINGUS/Juego/Penguin/Content/Levels/Level2/_Generated_/EC0KZP0Z0UPG02ODZ4KLFXC1Y.uexp" 2789
"C:/Users/AlumnoM/Desktop/PINGUS/Juego/Penguin/Content/Levels/Level2/_Generated_/EC0KZP0Z0UPG02ODZ4KLFXC1Y.ubulk" 2790
"C:/Users/AlumnoM/Desktop/PINGUS/Juego/Penguin/Content/Levels/Level2/_Generated_/EC0KZP0Z0UPG02ODZ4KLFXC1Y.umap" 2791
"C:/Users/AlumnoM/Desktop/PINGUS/Juego/Penguin/Content/Levels/Level2/_Generated_/06HINMYD7GGRQFAR1LCYM60DW.uexp" 2792
"C:/Users/AlumnoM/Desktop/PINGUS/Juego/Penguin/Content/Levels/Level2/_Generated_/06HINMYD7GGRQFAR1LCYM60DW.ubulk" 2793
"C:/Users/AlumnoM/Desktop/PINGUS/Juego/Penguin/Content/Levels/Level2/_Generated_/06HINMYD7GGRQFAR1LCYM60DW.umap" 2794
"C:/Users/AlumnoM/Desktop/PINGUS/Juego/Penguin/Content/Levels/Level2/_Generated_/BAGGGGD58VF8W1ZQLBRM3MHL1.uexp" 2795
"C:/Users/AlumnoM/Desktop/PINGUS/Juego/Penguin/Content/Levels/Level2/_Generated_/BAGGGGD58VF8W1ZQLBRM3MHL1.ubulk" 2796
"C:/Users/AlumnoM/Desktop/PINGUS/Juego/Penguin/Content/Levels/Level2/_Generated_/BAGGGGD58VF8W1ZQLBRM3MHL1.umap" 2797
"C:/Users/AlumnoM/Desktop/PINGUS/Juego/Penguin/Content/Levels/Level2/_Generated_/5SEKVO5497917BNXQ0FHH01MX.uexp" 2798
"C:/Users/AlumnoM/Desktop/PINGUS/Juego/Penguin/Content/Levels/Level2/_Generated_/5SEKVO5497917BNXQ0FHH01MX.ubulk" 2799
"C:/Users/AlumnoM/Desktop/PINGUS/Juego/Penguin/Content/Levels/Level2/_Generated_/5SEKVO5497917BNXQ0FHH01MX.umap" 2800
"C:/Users/AlumnoM/Desktop/PINGUS/Juego/Penguin/Content/Levels/Level2/_Generated_/550T04V5WYXDRVLX887STKL8M.uexp" 2801
"C:/Users/AlumnoM/Desktop/PINGUS/Juego/Penguin/Content/Levels/Level2/_Generated_/550T04V5WYXDRVLX887STKL8M.ubulk" 2802
"C:/Users/AlumnoM/Desktop/PINGUS/Juego/Penguin/Content/Levels/Level2/_Generated_/550T04V5WYXDRVLX887STKL8M.umap" 2803
"C:/Users/AlumnoM/Desktop/PINGUS/Juego/Penguin/Content/Levels/Level2/_Generated_/BECIGAMIHRJJ0DKYDZBS7X7GF.uexp" 2804
"C:/Users/AlumnoM/Desktop/PINGUS/Juego/Penguin/Content/Levels/Level2/_Generated_/BECIGAMIHRJJ0DKYDZBS7X7GF.ubulk" 2805
"C:/Users/AlumnoM/Desktop/PINGUS/Juego/Penguin/Content/Levels/Level2/_Generated_/BECIGAMIHRJJ0DKYDZBS7X7GF.umap" 2806
"C:/Users/AlumnoM/Desktop/PINGUS/Juego/Penguin/Content/Levels/Level2/_Generated_/1ANFLOH8E6WRBTONYWS5HT2Z1.uexp" 2807
"C:/Users/AlumnoM/Desktop/PINGUS/Juego/Penguin/Content/Levels/Level2/_Generated_/1ANFLOH8E6WRBTONYWS5HT2Z1.ubulk" 2808
"C:/Users/AlumnoM/Desktop/PINGUS/Juego/Penguin/Content/Levels/Level2/_Generated_/1ANFLOH8E6WRBTONYWS5HT2Z1.umap" 2809
"C:/Users/AlumnoM/Desktop/PINGUS/Juego/Penguin/Content/Levels/Level2/_Generated_/0JZYR6IP1SFJBF0BAL4U851ET.uexp" 2810
"C:/Users/AlumnoM/Desktop/PINGUS/Juego/Penguin/Content/Levels/Level2/_Generated_/0JZYR6IP1SFJBF0BAL4U851ET.ubulk" 2811
"C:/Users/AlumnoM/Desktop/PINGUS/Juego/Penguin/Content/Levels/Level2/_Generated_/0JZYR6IP1SFJBF0BAL4U851ET.umap" 2812
"C:/Users/AlumnoM/Desktop/PINGUS/Juego/Penguin/Content/Levels/Level2/_Generated_/7ARGOHG7G02A6TKYZJV9WAR2R.uexp" 2813
"C:/Users/AlumnoM/Desktop/PINGUS/Juego/Penguin/Content/Levels/Level2/_Generated_/7ARGOHG7G02A6TKYZJV9WAR2R.ubulk" 2814
"C:/Users/AlumnoM/Desktop/PINGUS/Juego/Penguin/Content/Levels/Level2/_Generated_/7ARGOHG7G02A6TKYZJV9WAR2R.umap" 2815
"C:/Users/AlumnoM/Desktop/PINGUS/Juego/Penguin/Content/Levels/Level2/_Generated_/DMUHOQCQNYT6IZI364F05PLEN.uexp" 2816
"C:/Users/AlumnoM/Desktop/PINGUS/Juego/Penguin/Content/Levels/Level2/_Generated_/DMUHOQCQNYT6IZI364F05PLEN.ubulk" 2817
"C:/Users/AlumnoM/Desktop/PINGUS/Juego/Penguin/Content/Levels/Level2/_Generated_/DMUHOQCQNYT6IZI364F05PLEN.umap" 2818
"C:/Users/AlumnoM/Desktop/PINGUS/Juego/Penguin/Content/Levels/Level2/_Generated_/3UFA21ZW58M1F54BVIDAFRH18.uexp" 2819
"C:/Users/AlumnoM/Desktop/PINGUS/Juego/Penguin/Content/Levels/Level2/_Generated_/3UFA21ZW58M1F54BVIDAFRH18.ubulk" 2820
"C:/Users/AlumnoM/Desktop/PINGUS/Juego/Penguin/Content/Levels/Level2/_Generated_/3UFA21ZW58M1F54BVIDAFRH18.umap" 2821
"C:/Users/AlumnoM/Desktop/PINGUS/Juego/Penguin/Content/Levels/Level2/_Generated_/1GK4EIBLA4UUH3HU5Y67P0S31.uexp" 2822
"C:/Users/AlumnoM/Desktop/PINGUS/Juego/Penguin/Content/Levels/Level2/_Generated_/1GK4EIBLA4UUH3HU5Y67P0S31.ubulk" 2823
"C:/Users/AlumnoM/Desktop/PINGUS/Juego/Penguin/Content/Levels/Level2/_Generated_/1GK4EIBLA4UUH3HU5Y67P0S31.umap" 2824
"C:/Users/AlumnoM/Desktop/PINGUS/Juego/Penguin/Content/Levels/Level2/_Generated_/4ACDFAV28QOCEZXGND3ADI9GD.uexp" 2825
"C:/Users/AlumnoM/Desktop/PINGUS/Juego/Penguin/Content/Levels/Level2/_Generated_/4ACDFAV28QOCEZXGND3ADI9GD.ubulk" 2826
"C:/Users/AlumnoM/Desktop/PINGUS/Juego/Penguin/Content/Levels/Level2/_Generated_/4ACDFAV28QOCEZXGND3ADI9GD.umap" 2827
"C:/Users/AlumnoM/Desktop/PINGUS/Juego/Penguin/Content/Levels/Level2/_Generated_/99HKRHBT0827XY9WNB0M41YE9.uexp" 2828
"C:/Users/AlumnoM/Desktop/PINGUS/Juego/Penguin/Content/Levels/Level2/_Generated_/99HKRHBT0827XY9WNB0M41YE9.ubulk" 2829
"C:/Users/AlumnoM/Desktop/PINGUS/Juego/Penguin/Content/Levels/Level2/_Generated_/99HKRHBT0827XY9WNB0M41YE9.umap" 2830
"C:/Users/AlumnoM/Desktop/PINGUS/Juego/Penguin/Content/Levels/Level2/_Generated_/8DNOWNUGDUOP4NTHHKW08NL7C.uexp" 2831
"C:/Users/AlumnoM/Desktop/PINGUS/Juego/Penguin/Content/Levels/Level2/_Generated_/8DNOWNUGDUOP4NTHHKW08NL7C.ubulk" 2832
"C:/Users/AlumnoM/Desktop/PINGUS/Juego/Penguin/Content/Levels/Level2/_Generated_/8DNOWNUGDUOP4NTHHKW08NL7C.umap" 2833
"C:/Users/AlumnoM/Desktop/PINGUS/Juego/Penguin/Content/Levels/Level2/_Generated_/434G6RCS5O4TB03SELVYI6X9X.uexp" 2834
"C:/Users/AlumnoM/Desktop/PINGUS/Juego/Penguin/Content/Levels/Level2/_Generated_/434G6RCS5O4TB03SELVYI6X9X.ubulk" 2835
"C:/Users/AlumnoM/Desktop/PINGUS/Juego/Penguin/Content/Levels/Level2/_Generated_/434G6RCS5O4TB03SELVYI6X9X.umap" 2836
"C:/Users/AlumnoM/Desktop/PINGUS/Juego/Penguin/Content/Levels/Level2/_Generated_/1EVFIKA4YUWJNYVXBZ8FWBIXH.uexp" 2837
"C:/Users/AlumnoM/Desktop/PINGUS/Juego/Penguin/Content/Levels/Level2/_Generated_/1EVFIKA4YUWJNYVXBZ8FWBIXH.ubulk" 2838
"C:/Users/AlumnoM/Desktop/PINGUS/Juego/Penguin/Content/Levels/Level2/_Generated_/1EVFIKA4YUWJNYVXBZ8FWBIXH.umap" 2839
"C:/Users/AlumnoM/Desktop/PINGUS/Juego/Penguin/Content/Levels/Level2/_Generated_/6XJADF4O4LE3I6J3XW5KCZ6ET.uexp" 2840
"C:/Users/AlumnoM/Desktop/PINGUS/Juego/Penguin/Content/Levels/Level2/_Generated_/6XJADF4O4LE3I6J3XW5KCZ6ET.ubulk" 2841
"C:/Users/AlumnoM/Desktop/PINGUS/Juego/Penguin/Content/Levels/Level2/_Generated_/6XJADF4O4LE3I6J3XW5KCZ6ET.umap" 2842
"C:/Users/AlumnoM/Desktop/PINGUS/Juego/Penguin/Content/Levels/Level2/_Generated_/2YFBGLFPRXXH6HP4VAK1HTB6E.uexp" 2843
"C:/Users/AlumnoM/Desktop/PINGUS/Juego/Penguin/Content/Levels/Level2/_Generated_/2YFBGLFPRXXH6HP4VAK1HTB6E.ubulk" 2844
"C:/Users/AlumnoM/Desktop/PINGUS/Juego/Penguin/Content/Levels/Level2/_Generated_/2YFBGLFPRXXH6HP4VAK1HTB6E.umap" 2845
"C:/Users/AlumnoM/Desktop/PINGUS/Juego/Penguin/Content/Levels/Level2/_Generated_/8USYF3FFB1DH1QCN73IR9MP55.uexp" 2846
"C:/Users/AlumnoM/Desktop/PINGUS/Juego/Penguin/Content/Levels/Level2/_Generated_/8USYF3FFB1DH1QCN73IR9MP55.ubulk" 2847
"C:/Users/AlumnoM/Desktop/PINGUS/Juego/Penguin/Content/Levels/Level2/_Generated_/8USYF3FFB1DH1QCN73IR9MP55.umap" 2848
"C:/Users/AlumnoM/Desktop/PINGUS/Juego/Penguin/Content/Levels/Level2/_Generated_/7VDZCLKMK95LXFCABE2UM8FR1.uexp" 2849
"C:/Users/AlumnoM/Desktop/PINGUS/Juego/Penguin/Content/Levels/Level2/_Generated_/7VDZCLKMK95LXFCABE2UM8FR1.ubulk" 2850
"C:/Users/AlumnoM/Desktop/PINGUS/Juego/Penguin/Content/Levels/Level2/_Generated_/7VDZCLKMK95LXFCABE2UM8FR1.umap" 2851
"C:/Users/AlumnoM/Desktop/PINGUS/Juego/Penguin/Content/Levels/Level2/_Generated_/9N7YOT8SH5C9QGPWS5KEDFYYL.uexp" 2852
"C:/Users/AlumnoM/Desktop/PINGUS/Juego/Penguin/Content/Levels/Level2/_Generated_/9N7YOT8SH5C9QGPWS5KEDFYYL.ubulk" 2853
"C:/Users/AlumnoM/Desktop/PINGUS/Juego/Penguin/Content/Levels/Level2/_Generated_/9N7YOT8SH5C9QGPWS5KEDFYYL.umap" 2854
"C:/Users/AlumnoM/Desktop/PINGUS/Juego/Penguin/Content/Levels/Level2/_Generated_/3C9XAJV4BM4LC9W98GH2LVAX0.uexp" 2855
"C:/Users/AlumnoM/Desktop/PINGUS/Juego/Penguin/Content/Levels/Level2/_Generated_/3C9XAJV4BM4LC9W98GH2LVAX0.ubulk" 2856
"C:/Users/AlumnoM/Desktop/PINGUS/Juego/Penguin/Content/Levels/Level2/_Generated_/3C9XAJV4BM4LC9W98GH2LVAX0.umap" 2857
"C:/Users/AlumnoM/Desktop/PINGUS/Juego/Penguin/Content/Levels/Level2/_Generated_/3JYLH00LO1ATCTVJONC4Q3JC5.uexp" 2858
"C:/Users/AlumnoM/Desktop/PINGUS/Juego/Penguin/Content/Levels/Level2/_Generated_/3JYLH00LO1ATCTVJONC4Q3JC5.ubulk" 2859
"C:/Users/AlumnoM/Desktop/PINGUS/Juego/Penguin/Content/Levels/Level2/_Generated_/3JYLH00LO1ATCTVJONC4Q3JC5.umap" 2860
"C:/Users/AlumnoM/Desktop/PINGUS/Juego/Penguin/Content/Levels/Level2/_Generated_/2NHNJUYUNOPF7P1NGVVATXQJJ.uexp" 2861
"C:/Users/AlumnoM/Desktop/PINGUS/Juego/Penguin/Content/Levels/Level2/_Generated_/2NHNJUYUNOPF7P1NGVVATXQJJ.ubulk" 2862
"C:/Users/AlumnoM/Desktop/PINGUS/Juego/Penguin/Content/Levels/Level2/_Generated_/2NHNJUYUNOPF7P1NGVVATXQJJ.umap" 2863
"C:/Users/AlumnoM/Desktop/PINGUS/Juego/Penguin/Content/Levels/Level2/_Generated_/04O2XPUK167O8IMZ24GMPQREE.uexp" 2864
"C:/Users/AlumnoM/Desktop/PINGUS/Juego/Penguin/Content/Levels/Level2/_Generated_/04O2XPUK167O8IMZ24GMPQREE.ubulk" 2865
"C:/Users/AlumnoM/Desktop/PINGUS/Juego/Penguin/Content/Levels/Level2/_Generated_/04O2XPUK167O8IMZ24GMPQREE.umap" 2866
"C:/Users/AlumnoM/Desktop/PINGUS/Juego/Penguin/Content/Levels/Level2/_Generated_/137C05T4ILBDAN6OF8PX56RKW.uexp" 2867
"C:/Users/AlumnoM/Desktop/PINGUS/Juego/Penguin/Content/Levels/Level2/_Generated_/137C05T4ILBDAN6OF8PX56RKW.ubulk" 2868
"C:/Users/AlumnoM/Desktop/PINGUS/Juego/Penguin/Content/Levels/Level2/_Generated_/137C05T4ILBDAN6OF8PX56RKW.umap" 2869
"C:/Users/AlumnoM/Desktop/PINGUS/Juego/Penguin/Content/Levels/Level2/_Generated_/C8OFJMQRCWXDYRYUCBS1YU327.uexp" 2870
"C:/Users/AlumnoM/Desktop/PINGUS/Juego/Penguin/Content/Levels/Level2/_Generated_/C8OFJMQRCWXDYRYUCBS1YU327.ubulk" 2871
"C:/Users/AlumnoM/Desktop/PINGUS/Juego/Penguin/Content/Levels/Level2/_Generated_/C8OFJMQRCWXDYRYUCBS1YU327.umap" 2872
"C:/Users/AlumnoM/Desktop/PINGUS/Juego/Penguin/Content/Levels/Level2/_Generated_/621IMG5AIHEQ41UISIT9R7SNB.uexp" 2873
"C:/Users/AlumnoM/Desktop/PINGUS/Juego/Penguin/Content/Levels/Level2/_Generated_/621IMG5AIHEQ41UISIT9R7SNB.ubulk" 2874
"C:/Users/AlumnoM/Desktop/PINGUS/Juego/Penguin/Content/Levels/Level2/_Generated_/621IMG5AIHEQ41UISIT9R7SNB.umap" 2875
"C:/Users/AlumnoM/Desktop/PINGUS/Juego/Penguin/Content/Levels/Level2/_Generated_/B1DPYZ04OZNXKMBHMZYZR5QG6.uexp" 2876
"C:/Users/AlumnoM/Desktop/PINGUS/Juego/Penguin/Content/Levels/Level2/_Generated_/B1DPYZ04OZNXKMBHMZYZR5QG6.umap" 2877
"C:/Users/AlumnoM/Desktop/PINGUS/Juego/Penguin/Content/Levels/Level2/_Generated_/C146UF32BYTWY28CIFWZHK89L.uexp" 2878
"C:/Users/AlumnoM/Desktop/PINGUS/Juego/Penguin/Content/Levels/Level2/_Generated_/C146UF32BYTWY28CIFWZHK89L.ubulk" 2879
"C:/Users/AlumnoM/Desktop/PINGUS/Juego/Penguin/Content/Levels/Level2/_Generated_/C146UF32BYTWY28CIFWZHK89L.umap" 2880
"C:/Users/AlumnoM/Desktop/PINGUS/Juego/Penguin/Content/Levels/Level2/_Generated_/AI2G5UA8TKPOTI4UBRISKWKMK.uexp" 2881
"C:/Users/AlumnoM/Desktop/PINGUS/Juego/Penguin/Content/Levels/Level2/_Generated_/AI2G5UA8TKPOTI4UBRISKWKMK.umap" 2882
"C:/Users/AlumnoM/Desktop/PINGUS/Juego/Penguin/Content/Levels/Level2/_Generated_/1VHK4VYSG468EAOBHEDBQ0TWN.uexp" 2883
"C:/Users/AlumnoM/Desktop/PINGUS/Juego/Penguin/Content/Levels/Level2/_Generated_/1VHK4VYSG468EAOBHEDBQ0TWN.ubulk" 2884
"C:/Users/AlumnoM/Desktop/PINGUS/Juego/Penguin/Content/Levels/Level2/_Generated_/1VHK4VYSG468EAOBHEDBQ0TWN.umap" 2885
"C:/Users/AlumnoM/Desktop/PINGUS/Juego/Penguin/Content/Levels/Level2/_Generated_/ESQQ277XI8EBNQ3MY5OJMKA5A.uexp" 2886
"C:/Users/AlumnoM/Desktop/PINGUS/Juego/Penguin/Content/Levels/Level2/_Generated_/ESQQ277XI8EBNQ3MY5OJMKA5A.ubulk" 2887
"C:/Users/AlumnoM/Desktop/PINGUS/Juego/Penguin/Content/Levels/Level2/_Generated_/ESQQ277XI8EBNQ3MY5OJMKA5A.umap" 2888
"C:/Users/AlumnoM/Desktop/PINGUS/Juego/Penguin/Content/Levels/Level2/_Generated_/8SYB9F2ICQ3QHHMXY4JBRABVP.uexp" 2889
"C:/Users/AlumnoM/Desktop/PINGUS/Juego/Penguin/Content/Levels/Level2/_Generated_/8SYB9F2ICQ3QHHMXY4JBRABVP.ubulk" 2890
"C:/Users/AlumnoM/Desktop/PINGUS/Juego/Penguin/Content/Levels/Level2/_Generated_/8SYB9F2ICQ3QHHMXY4JBRABVP.umap" 2891
"C:/Users/AlumnoM/Desktop/PINGUS/Juego/Penguin/Content/Levels/Level2/_Generated_/60L3L3NCUEKL24C32DFKAPIIE.uexp" 2892
"C:/Users/AlumnoM/Desktop/PINGUS/Juego/Penguin/Content/Levels/Level2/_Generated_/60L3L3NCUEKL24C32DFKAPIIE.ubulk" 2893
"C:/Users/AlumnoM/Desktop/PINGUS/Juego/Penguin/Content/Levels/Level2/_Generated_/60L3L3NCUEKL24C32DFKAPIIE.umap" 2894
"C:/Users/AlumnoM/Desktop/PINGUS/Juego/Penguin/Content/Levels/Level2/_Generated_/34E9S08OOXIXFM2XQF45W7UB2.uexp" 2895
"C:/Users/AlumnoM/Desktop/PINGUS/Juego/Penguin/Content/Levels/Level2/_Generated_/34E9S08OOXIXFM2XQF45W7UB2.ubulk" 2896
"C:/Users/AlumnoM/Desktop/PINGUS/Juego/Penguin/Content/Levels/Level2/_Generated_/34E9S08OOXIXFM2XQF45W7UB2.umap" 2897
"C:/Users/AlumnoM/Desktop/PINGUS/Juego/Penguin/Content/Levels/Level2/_Generated_/EZRKAZFAIBFXMFMGOAX4EWDUZ.uexp" 2898
"C:/Users/AlumnoM/Desktop/PINGUS/Juego/Penguin/Content/Levels/Level2/_Generated_/EZRKAZFAIBFXMFMGOAX4EWDUZ.ubulk" 2899
"C:/Users/AlumnoM/Desktop/PINGUS/Juego/Penguin/Content/Levels/Level2/_Generated_/EZRKAZFAIBFXMFMGOAX4EWDUZ.umap" 2900
"C:/Users/AlumnoM/Desktop/PINGUS/Juego/Penguin/Content/Levels/Level2/_Generated_/8MSTTKYSY8OSX51NIOGK86NJ8.uexp" 2901
"C:/Users/AlumnoM/Desktop/PINGUS/Juego/Penguin/Content/Levels/Level2/_Generated_/8MSTTKYSY8OSX51NIOGK86NJ8.ubulk" 2902
"C:/Users/AlumnoM/Desktop/PINGUS/Juego/Penguin/Content/Levels/Level2/_Generated_/8MSTTKYSY8OSX51NIOGK86NJ8.umap" 2903
"C:/Users/AlumnoM/Desktop/PINGUS/Juego/Penguin/Content/Levels/Level2/_Generated_/3FVJQHT36FU8UY498Q4KUPH49.uexp" 2904
"C:/Users/AlumnoM/Desktop/PINGUS/Juego/Penguin/Content/Levels/Level2/_Generated_/3FVJQHT36FU8UY498Q4KUPH49.ubulk" 2905
"C:/Users/AlumnoM/Desktop/PINGUS/Juego/Penguin/Content/Levels/Level2/_Generated_/3FVJQHT36FU8UY498Q4KUPH49.umap" 2906
"C:/Users/AlumnoM/Desktop/PINGUS/Juego/Penguin/Content/Levels/Level2/_Generated_/6HU410OI3G9ICJZQ0RCHBVK5M.uexp" 2907
"C:/Users/AlumnoM/Desktop/PINGUS/Juego/Penguin/Content/Levels/Level2/_Generated_/6HU410OI3G9ICJZQ0RCHBVK5M.ubulk" 2908
"C:/Users/AlumnoM/Desktop/PINGUS/Juego/Penguin/Content/Levels/Level2/_Generated_/6HU410OI3G9ICJZQ0RCHBVK5M.umap" 2909
"C:/Users/AlumnoM/Desktop/PINGUS/Juego/Penguin/Content/Levels/Level2/_Generated_/4V2JYNQC45F7K7PMLSN7HMDLZ.uexp" 2910
"C:/Users/AlumnoM/Desktop/PINGUS/Juego/Penguin/Content/Levels/Level2/_Generated_/4V2JYNQC45F7K7PMLSN7HMDLZ.ubulk" 2911
"C:/Users/AlumnoM/Desktop/PINGUS/Juego/Penguin/Content/Levels/Level2/_Generated_/4V2JYNQC45F7K7PMLSN7HMDLZ.umap" 2912
"C:/Users/AlumnoM/Desktop/PINGUS/Juego/Penguin/Content/Levels/Level2/_Generated_/4R8Z8U338YVWKBEJS34H1T49C.uexp" 2913
"C:/Users/AlumnoM/Desktop/PINGUS/Juego/Penguin/Content/Levels/Level2/_Generated_/4R8Z8U338YVWKBEJS34H1T49C.ubulk" 2914
"C:/Users/AlumnoM/Desktop/PINGUS/Juego/Penguin/Content/Levels/Level2/_Generated_/4R8Z8U338YVWKBEJS34H1T49C.umap" 2915
"C:/Users/AlumnoM/Desktop/PINGUS/Juego/Penguin/Content/Levels/Level2/_Generated_/EKST993L1O7YAAWIGGR9XE4WW.uexp" 2916
"C:/Users/AlumnoM/Desktop/PINGUS/Juego/Penguin/Content/Levels/Level2/_Generated_/EKST993L1O7YAAWIGGR9XE4WW.ubulk" 2917
"C:/Users/AlumnoM/Desktop/PINGUS/Juego/Penguin/Content/Levels/Level2/_Generated_/EKST993L1O7YAAWIGGR9XE4WW.umap" 2918
"C:/Users/AlumnoM/Desktop/PINGUS/Juego/Penguin/Content/Levels/Level2/_Generated_/EZF10HM385DG2GJNFFBP8YVKU.uexp" 2919
"C:/Users/AlumnoM/Desktop/PINGUS/Juego/Penguin/Content/Levels/Level2/_Generated_/EZF10HM385DG2GJNFFBP8YVKU.ubulk" 2920
"C:/Users/AlumnoM/Desktop/PINGUS/Juego/Penguin/Content/Levels/Level2/_Generated_/EZF10HM385DG2GJNFFBP8YVKU.umap" 2921
"C:/Users/AlumnoM/Desktop/PINGUS/Juego/Penguin/Content/VehicleTemplate/Maps/VehicleOffroadExampleMap/_Generated_/6MQ8ZQEYF9G6N92SKG7PG7WVF.uexp" 2922
"C:/Users/AlumnoM/Desktop/PINGUS/Juego/Penguin/Content/VehicleTemplate/Maps/VehicleOffroadExampleMap/_Generated_/6MQ8ZQEYF9G6N92SKG7PG7WVF.umap" 2923
"C:/Users/AlumnoM/Desktop/PINGUS/Juego/Penguin/Content/VehicleTemplate/Maps/VehicleOffroadExampleMap/_Generated_/0KM5C5FCYFS7BNAPMLSTBC8ZX.uexp" 2924
"C:/Users/AlumnoM/Desktop/PINGUS/Juego/Penguin/Content/VehicleTemplate/Maps/VehicleOffroadExampleMap/_Generated_/0KM5C5FCYFS7BNAPMLSTBC8ZX.ubulk" 2925
"C:/Users/AlumnoM/Desktop/PINGUS/Juego/Penguin/Content/VehicleTemplate/Maps/VehicleOffroadExampleMap/_Generated_/0KM5C5FCYFS7BNAPMLSTBC8ZX.umap" 2926
"C:/Users/AlumnoM/Desktop/PINGUS/Juego/Penguin/Content/VehicleTemplate/Maps/VehicleOffroadExampleMap/_Generated_/1DHPLEI0XPLH9F2XE2FZR31XZ.uexp" 2927
"C:/Users/AlumnoM/Desktop/PINGUS/Juego/Penguin/Content/VehicleTemplate/Maps/VehicleOffroadExampleMap/_Generated_/1DHPLEI0XPLH9F2XE2FZR31XZ.ubulk" 2928
"C:/Users/AlumnoM/Desktop/PINGUS/Juego/Penguin/Content/VehicleTemplate/Maps/VehicleOffroadExampleMap/_Generated_/1DHPLEI0XPLH9F2XE2FZR31XZ.umap" 2929
"C:/Users/AlumnoM/Desktop/PINGUS/Juego/Penguin/Content/VehicleTemplate/Maps/VehicleOffroadExampleMap/_Generated_/4WX5IYWWXN4L0VEHH44198W8M.uexp" 2930
"C:/Users/AlumnoM/Desktop/PINGUS/Juego/Penguin/Content/VehicleTemplate/Maps/VehicleOffroadExampleMap/_Generated_/4WX5IYWWXN4L0VEHH44198W8M.ubulk" 2931
"C:/Users/AlumnoM/Desktop/PINGUS/Juego/Penguin/Content/VehicleTemplate/Maps/VehicleOffroadExampleMap/_Generated_/4WX5IYWWXN4L0VEHH44198W8M.umap" 2932
"C:/Users/AlumnoM/Desktop/PINGUS/Juego/Penguin/Content/VehicleTemplate/Maps/VehicleOffroadExampleMap/_Generated_/DNZHQFXT8R5CO30PVFHG0SS20.uexp" 2933
"C:/Users/AlumnoM/Desktop/PINGUS/Juego/Penguin/Content/VehicleTemplate/Maps/VehicleOffroadExampleMap/_Generated_/DNZHQFXT8R5CO30PVFHG0SS20.ubulk" 2934
"C:/Users/AlumnoM/Desktop/PINGUS/Juego/Penguin/Content/VehicleTemplate/Maps/VehicleOffroadExampleMap/_Generated_/DNZHQFXT8R5CO30PVFHG0SS20.umap" 2935
"C:/Users/AlumnoM/Desktop/PINGUS/Juego/Penguin/Content/VehicleTemplate/Maps/VehicleOffroadExampleMap/_Generated_/0A14CGT1G5AUNIEO0RD6LK1G4.uexp" 2936
"C:/Users/AlumnoM/Desktop/PINGUS/Juego/Penguin/Content/VehicleTemplate/Maps/VehicleOffroadExampleMap/_Generated_/0A14CGT1G5AUNIEO0RD6LK1G4.ubulk" 2937
"C:/Users/AlumnoM/Desktop/PINGUS/Juego/Penguin/Content/VehicleTemplate/Maps/VehicleOffroadExampleMap/_Generated_/0A14CGT1G5AUNIEO0RD6LK1G4.umap" 2938
"C:/Users/AlumnoM/Desktop/PINGUS/Juego/Penguin/Content/VehicleTemplate/Maps/VehicleOffroadExampleMap/_Generated_/14SB48ECRC4C760PP8HUTE0F4.uexp" 2939
"C:/Users/AlumnoM/Desktop/PINGUS/Juego/Penguin/Content/VehicleTemplate/Maps/VehicleOffroadExampleMap/_Generated_/14SB48ECRC4C760PP8HUTE0F4.ubulk" 2940
"C:/Users/AlumnoM/Desktop/PINGUS/Juego/Penguin/Content/VehicleTemplate/Maps/VehicleOffroadExampleMap/_Generated_/14SB48ECRC4C760PP8HUTE0F4.umap" 2941
"C:/Users/AlumnoM/Desktop/PINGUS/Juego/Penguin/Content/VehicleTemplate/Maps/VehicleOffroadExampleMap/_Generated_/9YGOS9TE4F7CTGSG2OVUG3NI1.uexp" 2942
"C:/Users/AlumnoM/Desktop/PINGUS/Juego/Penguin/Content/VehicleTemplate/Maps/VehicleOffroadExampleMap/_Generated_/9YGOS9TE4F7CTGSG2OVUG3NI1.ubulk" 2943
"C:/Users/AlumnoM/Desktop/PINGUS/Juego/Penguin/Content/VehicleTemplate/Maps/VehicleOffroadExampleMap/_Generated_/9YGOS9TE4F7CTGSG2OVUG3NI1.umap" 2944
"C:/Users/AlumnoM/Desktop/PINGUS/Juego/Penguin/Content/VehicleTemplate/Maps/VehicleOffroadExampleMap/_Generated_/A6XWSVJJDO42JV81OUQHMPPVV.uexp" 2945
"C:/Users/AlumnoM/Desktop/PINGUS/Juego/Penguin/Content/VehicleTemplate/Maps/VehicleOffroadExampleMap/_Generated_/A6XWSVJJDO42JV81OUQHMPPVV.ubulk" 2946
"C:/Users/AlumnoM/Desktop/PINGUS/Juego/Penguin/Content/VehicleTemplate/Maps/VehicleOffroadExampleMap/_Generated_/A6XWSVJJDO42JV81OUQHMPPVV.umap" 2947
"C:/Users/AlumnoM/Desktop/PINGUS/Juego/Penguin/Content/VehicleTemplate/Maps/VehicleOffroadExampleMap/_Generated_/EONWOQUWDRN57815M12F26CRB.uexp" 2948
"C:/Users/AlumnoM/Desktop/PINGUS/Juego/Penguin/Content/VehicleTemplate/Maps/VehicleOffroadExampleMap/_Generated_/EONWOQUWDRN57815M12F26CRB.ubulk" 2949
"C:/Users/AlumnoM/Desktop/PINGUS/Juego/Penguin/Content/VehicleTemplate/Maps/VehicleOffroadExampleMap/_Generated_/EONWOQUWDRN57815M12F26CRB.umap" 2950
"C:/Users/AlumnoM/Desktop/PINGUS/Juego/Penguin/Content/VehicleTemplate/Maps/VehicleOffroadExampleMap/_Generated_/9Z27WDY52QKSRVMMW6XEXUWWQ.uexp" 2951
"C:/Users/AlumnoM/Desktop/PINGUS/Juego/Penguin/Content/VehicleTemplate/Maps/VehicleOffroadExampleMap/_Generated_/9Z27WDY52QKSRVMMW6XEXUWWQ.ubulk" 2952
"C:/Users/AlumnoM/Desktop/PINGUS/Juego/Penguin/Content/VehicleTemplate/Maps/VehicleOffroadExampleMap/_Generated_/9Z27WDY52QKSRVMMW6XEXUWWQ.umap" 2953
"C:/Users/AlumnoM/Desktop/PINGUS/Juego/Penguin/Content/VehicleTemplate/Maps/VehicleOffroadExampleMap/_Generated_/3LZEUPC6DVW31U4GVHG3M97VR.uexp" 2954
"C:/Users/AlumnoM/Desktop/PINGUS/Juego/Penguin/Content/VehicleTemplate/Maps/VehicleOffroadExampleMap/_Generated_/3LZEUPC6DVW31U4GVHG3M97VR.ubulk" 2955
"C:/Users/AlumnoM/Desktop/PINGUS/Juego/Penguin/Content/VehicleTemplate/Maps/VehicleOffroadExampleMap/_Generated_/3LZEUPC6DVW31U4GVHG3M97VR.umap" 2956
"C:/Users/AlumnoM/Desktop/PINGUS/Juego/Penguin/Content/Levels/Level2/_Generated_/56WQL0R0QZEZ84XA5C3YQLT18.uexp" 2957
"C:/Users/AlumnoM/Desktop/PINGUS/Juego/Penguin/Content/Levels/Level2/_Generated_/56WQL0R0QZEZ84XA5C3YQLT18.ubulk" 2958
"C:/Users/AlumnoM/Desktop/PINGUS/Juego/Penguin/Content/Levels/Level2/_Generated_/56WQL0R0QZEZ84XA5C3YQLT18.umap" 2959
"C:/Users/AlumnoM/Desktop/PINGUS/Juego/Penguin/Content/Levels/Level2/_Generated_/1M5D5ZZPDGK4AUVRSQ7MRSRL2.uexp" 2960
"C:/Users/AlumnoM/Desktop/PINGUS/Juego/Penguin/Content/Levels/Level2/_Generated_/1M5D5ZZPDGK4AUVRSQ7MRSRL2.ubulk" 2961
"C:/Users/AlumnoM/Desktop/PINGUS/Juego/Penguin/Content/Levels/Level2/_Generated_/1M5D5ZZPDGK4AUVRSQ7MRSRL2.umap" 2962
"C:/Users/AlumnoM/Desktop/PINGUS/Juego/Penguin/Content/Levels/Level2/_Generated_/D6FQU5G2LIU3SPQOWR04NQ4NU.uexp" 2963
"C:/Users/AlumnoM/Desktop/PINGUS/Juego/Penguin/Content/Levels/Level2/_Generated_/D6FQU5G2LIU3SPQOWR04NQ4NU.ubulk" 2964
"C:/Users/AlumnoM/Desktop/PINGUS/Juego/Penguin/Content/Levels/Level2/_Generated_/D6FQU5G2LIU3SPQOWR04NQ4NU.umap" 2965
"C:/Users/AlumnoM/Desktop/PINGUS/Juego/Penguin/Content/Levels/Level2/_Generated_/4TEWAKE2JHWU5IX3LL2VVHW6Z.uexp" 2966
"C:/Users/AlumnoM/Desktop/PINGUS/Juego/Penguin/Content/Levels/Level2/_Generated_/4TEWAKE2JHWU5IX3LL2VVHW6Z.ubulk" 2967
"C:/Users/AlumnoM/Desktop/PINGUS/Juego/Penguin/Content/Levels/Level2/_Generated_/4TEWAKE2JHWU5IX3LL2VVHW6Z.umap" 2968
"C:/Users/AlumnoM/Desktop/PINGUS/Juego/Penguin/Content/VehicleTemplate/Maps/VehicleOffroadExampleMap/_Generated_/9R4DG2UXWLOT9PFUW8VSBQY8L.uexp" 2969
"C:/Users/AlumnoM/Desktop/PINGUS/Juego/Penguin/Content/VehicleTemplate/Maps/VehicleOffroadExampleMap/_Generated_/9R4DG2UXWLOT9PFUW8VSBQY8L.ubulk" 2970
"C:/Users/AlumnoM/Desktop/PINGUS/Juego/Penguin/Content/VehicleTemplate/Maps/VehicleOffroadExampleMap/_Generated_/9R4DG2UXWLOT9PFUW8VSBQY8L.umap" 2971
"C:/Users/AlumnoM/Desktop/PINGUS/Juego/Penguin/Content/VehicleTemplate/Maps/VehicleOffroadExampleMap/_Generated_/9I7EBCR9QTN0LHRZX6YHHJT07.uexp" 2972
"C:/Users/AlumnoM/Desktop/PINGUS/Juego/Penguin/Content/VehicleTemplate/Maps/VehicleOffroadExampleMap/_Generated_/9I7EBCR9QTN0LHRZX6YHHJT07.ubulk" 2973
"C:/Users/AlumnoM/Desktop/PINGUS/Juego/Penguin/Content/VehicleTemplate/Maps/VehicleOffroadExampleMap/_Generated_/9I7EBCR9QTN0LHRZX6YHHJT07.umap" 2974
"C:/Users/AlumnoM/Desktop/PINGUS/Juego/Penguin/Content/VehicleTemplate/Maps/VehicleOffroadExampleMap/_Generated_/1SXNYQSDGOXWF4E900LX00SAO.uexp" 2975
"C:/Users/AlumnoM/Desktop/PINGUS/Juego/Penguin/Content/VehicleTemplate/Maps/VehicleOffroadExampleMap/_Generated_/1SXNYQSDGOXWF4E900LX00SAO.ubulk" 2976
"C:/Users/AlumnoM/Desktop/PINGUS/Juego/Penguin/Content/VehicleTemplate/Maps/VehicleOffroadExampleMap/_Generated_/1SXNYQSDGOXWF4E900LX00SAO.umap" 2977
"C:/Users/AlumnoM/Desktop/PINGUS/Juego/Penguin/Content/VehicleTemplate/Maps/VehicleOffroadExampleMap/_Generated_/3ZZ13BUDYV21VU9G351D7W69H.uexp" 2978
"C:/Users/AlumnoM/Desktop/PINGUS/Juego/Penguin/Content/VehicleTemplate/Maps/VehicleOffroadExampleMap/_Generated_/3ZZ13BUDYV21VU9G351D7W69H.ubulk" 2979
"C:/Users/AlumnoM/Desktop/PINGUS/Juego/Penguin/Content/VehicleTemplate/Maps/VehicleOffroadExampleMap/_Generated_/3ZZ13BUDYV21VU9G351D7W69H.umap" 2980
"C:/Users/AlumnoM/Desktop/PINGUS/Juego/Penguin/Content/VehicleTemplate/Maps/VehicleOffroadExampleMap/_Generated_/5SRDNZPNULEYI4YLCR5DQB22K.uexp" 2981
"C:/Users/AlumnoM/Desktop/PINGUS/Juego/Penguin/Content/VehicleTemplate/Maps/VehicleOffroadExampleMap/_Generated_/5SRDNZPNULEYI4YLCR5DQB22K.ubulk" 2982
"C:/Users/AlumnoM/Desktop/PINGUS/Juego/Penguin/Content/VehicleTemplate/Maps/VehicleOffroadExampleMap/_Generated_/5SRDNZPNULEYI4YLCR5DQB22K.umap" 2983
"C:/Users/AlumnoM/Desktop/PINGUS/Juego/Penguin/Content/VehicleTemplate/Maps/VehicleOffroadExampleMap/_Generated_/A0RSX1Y80R3F2ER2N9296P85L.uexp" 2984
"C:/Users/AlumnoM/Desktop/PINGUS/Juego/Penguin/Content/VehicleTemplate/Maps/VehicleOffroadExampleMap/_Generated_/A0RSX1Y80R3F2ER2N9296P85L.ubulk" 2985
"C:/Users/AlumnoM/Desktop/PINGUS/Juego/Penguin/Content/VehicleTemplate/Maps/VehicleOffroadExampleMap/_Generated_/A0RSX1Y80R3F2ER2N9296P85L.umap" 2986
"C:/Users/AlumnoM/Desktop/PINGUS/Juego/Penguin/Content/VehicleTemplate/Maps/VehicleOffroadExampleMap/_Generated_/3FT0YG0A8B9C19LZBARUOY3JN.uexp" 2987
"C:/Users/AlumnoM/Desktop/PINGUS/Juego/Penguin/Content/VehicleTemplate/Maps/VehicleOffroadExampleMap/_Generated_/3FT0YG0A8B9C19LZBARUOY3JN.ubulk" 2988
"C:/Users/AlumnoM/Desktop/PINGUS/Juego/Penguin/Content/VehicleTemplate/Maps/VehicleOffroadExampleMap/_Generated_/3FT0YG0A8B9C19LZBARUOY3JN.umap" 2989
"C:/Users/AlumnoM/Desktop/PINGUS/Juego/Penguin/Content/VehicleTemplate/Maps/VehicleOffroadExampleMap/_Generated_/8275DBNUI6LS0M49L0QVXZE2P.uexp" 2990
"C:/Users/AlumnoM/Desktop/PINGUS/Juego/Penguin/Content/VehicleTemplate/Maps/VehicleOffroadExampleMap/_Generated_/8275DBNUI6LS0M49L0QVXZE2P.ubulk" 2991
"C:/Users/AlumnoM/Desktop/PINGUS/Juego/Penguin/Content/VehicleTemplate/Maps/VehicleOffroadExampleMap/_Generated_/8275DBNUI6LS0M49L0QVXZE2P.umap" 2992
"C:/Users/AlumnoM/Desktop/PINGUS/Juego/Penguin/Content/VehicleTemplate/Maps/VehicleOffroadExampleMap/_Generated_/6H4LVQEAGW64Z9KCGA46UGDYZ.uexp" 2993
"C:/Users/AlumnoM/Desktop/PINGUS/Juego/Penguin/Content/VehicleTemplate/Maps/VehicleOffroadExampleMap/_Generated_/6H4LVQEAGW64Z9KCGA46UGDYZ.ubulk" 2994
"C:/Users/AlumnoM/Desktop/PINGUS/Juego/Penguin/Content/VehicleTemplate/Maps/VehicleOffroadExampleMap/_Generated_/6H4LVQEAGW64Z9KCGA46UGDYZ.umap" 2995
"C:/Users/AlumnoM/Desktop/PINGUS/Juego/Penguin/Content/VehicleTemplate/Maps/VehicleOffroadExampleMap/_Generated_/30M1DZ7WX4D0XXQUXFINJDIGO.uexp" 2996
"C:/Users/AlumnoM/Desktop/PINGUS/Juego/Penguin/Content/VehicleTemplate/Maps/VehicleOffroadExampleMap/_Generated_/30M1DZ7WX4D0XXQUXFINJDIGO.ubulk" 2997
"C:/Users/AlumnoM/Desktop/PINGUS/Juego/Penguin/Content/VehicleTemplate/Maps/VehicleOffroadExampleMap/_Generated_/30M1DZ7WX4D0XXQUXFINJDIGO.umap" 2998
"C:/Users/AlumnoM/Desktop/PINGUS/Juego/Penguin/Content/VehicleTemplate/Maps/VehicleOffroadExampleMap/_Generated_/C6HRMPYX2DIVOWHGNWH7LB5NZ.uexp" 2999
"C:/Users/AlumnoM/Desktop/PINGUS/Juego/Penguin/Content/VehicleTemplate/Maps/VehicleOffroadExampleMap/_Generated_/C6HRMPYX2DIVOWHGNWH7LB5NZ.ubulk" 3000
"C:/Users/AlumnoM/Desktop/PINGUS/Juego/Penguin/Content/VehicleTemplate/Maps/VehicleOffroadExampleMap/_Generated_/C6HRMPYX2DIVOWHGNWH7LB5NZ.umap" 3001
"C:/Users/AlumnoM/Desktop/PINGUS/Juego/Penguin/Content/VehicleTemplate/Maps/VehicleOffroadExampleMap/_Generated_/1RKIKRZC9LETZALME88J1HS4I.uexp" 3002
"C:/Users/AlumnoM/Desktop/PINGUS/Juego/Penguin/Content/VehicleTemplate/Maps/VehicleOffroadExampleMap/_Generated_/1RKIKRZC9LETZALME88J1HS4I.ubulk" 3003
"C:/Users/AlumnoM/Desktop/PINGUS/Juego/Penguin/Content/VehicleTemplate/Maps/VehicleOffroadExampleMap/_Generated_/1RKIKRZC9LETZALME88J1HS4I.umap" 3004
"C:/Users/AlumnoM/Desktop/PINGUS/Juego/Penguin/Content/VehicleTemplate/Maps/VehicleOffroadExampleMap/_Generated_/7YPA6TW8N0DYYK4R8RX8D5G8I.uexp" 3005
"C:/Users/AlumnoM/Desktop/PINGUS/Juego/Penguin/Content/VehicleTemplate/Maps/VehicleOffroadExampleMap/_Generated_/7YPA6TW8N0DYYK4R8RX8D5G8I.ubulk" 3006
"C:/Users/AlumnoM/Desktop/PINGUS/Juego/Penguin/Content/VehicleTemplate/Maps/VehicleOffroadExampleMap/_Generated_/7YPA6TW8N0DYYK4R8RX8D5G8I.umap" 3007
"C:/Users/AlumnoM/Desktop/PINGUS/Juego/Penguin/Content/VehicleTemplate/Maps/VehicleOffroadExampleMap/_Generated_/A5VO2LGMMQILI5NBPG3ASR4D1.uexp" 3008
"C:/Users/AlumnoM/Desktop/PINGUS/Juego/Penguin/Content/VehicleTemplate/Maps/VehicleOffroadExampleMap/_Generated_/A5VO2LGMMQILI5NBPG3ASR4D1.ubulk" 3009
"C:/Users/AlumnoM/Desktop/PINGUS/Juego/Penguin/Content/VehicleTemplate/Maps/VehicleOffroadExampleMap/_Generated_/A5VO2LGMMQILI5NBPG3ASR4D1.umap" 3010
"C:/Users/AlumnoM/Desktop/PINGUS/Juego/Penguin/Content/VehicleTemplate/Maps/VehicleOffroadExampleMap/_Generated_/BHPXEE8XPT5B2CFA6X4V0EBKF.uexp" 3011
"C:/Users/AlumnoM/Desktop/PINGUS/Juego/Penguin/Content/VehicleTemplate/Maps/VehicleOffroadExampleMap/_Generated_/BHPXEE8XPT5B2CFA6X4V0EBKF.ubulk" 3012
"C:/Users/AlumnoM/Desktop/PINGUS/Juego/Penguin/Content/VehicleTemplate/Maps/VehicleOffroadExampleMap/_Generated_/BHPXEE8XPT5B2CFA6X4V0EBKF.umap" 3013
"C:/Users/AlumnoM/Desktop/PINGUS/Juego/Penguin/Content/VehicleTemplate/Maps/VehicleOffroadExampleMap/_Generated_/2A1XLKZDJFBHD6XPI5B1SZIES.uexp" 3014
"C:/Users/AlumnoM/Desktop/PINGUS/Juego/Penguin/Content/VehicleTemplate/Maps/VehicleOffroadExampleMap/_Generated_/2A1XLKZDJFBHD6XPI5B1SZIES.ubulk" 3015
"C:/Users/AlumnoM/Desktop/PINGUS/Juego/Penguin/Content/VehicleTemplate/Maps/VehicleOffroadExampleMap/_Generated_/2A1XLKZDJFBHD6XPI5B1SZIES.umap" 3016
"C:/Users/AlumnoM/Desktop/PINGUS/Juego/Penguin/Content/VehicleTemplate/Maps/VehicleOffroadExampleMap/_Generated_/EBOINYDX0QDUMUZTBLV4Z43K2.uexp" 3017
"C:/Users/AlumnoM/Desktop/PINGUS/Juego/Penguin/Content/VehicleTemplate/Maps/VehicleOffroadExampleMap/_Generated_/EBOINYDX0QDUMUZTBLV4Z43K2.ubulk" 3018
"C:/Users/AlumnoM/Desktop/PINGUS/Juego/Penguin/Content/VehicleTemplate/Maps/VehicleOffroadExampleMap/_Generated_/EBOINYDX0QDUMUZTBLV4Z43K2.umap" 3019
"C:/Users/AlumnoM/Desktop/PINGUS/Juego/Penguin/Content/VehicleTemplate/Maps/VehicleOffroadExampleMap/_Generated_/796A6N7C8GA6HSR6G7GZ6F9LE.uexp" 3020
"C:/Users/AlumnoM/Desktop/PINGUS/Juego/Penguin/Content/VehicleTemplate/Maps/VehicleOffroadExampleMap/_Generated_/796A6N7C8GA6HSR6G7GZ6F9LE.ubulk" 3021
"C:/Users/AlumnoM/Desktop/PINGUS/Juego/Penguin/Content/VehicleTemplate/Maps/VehicleOffroadExampleMap/_Generated_/796A6N7C8GA6HSR6G7GZ6F9LE.umap" 3022
"C:/Users/AlumnoM/Desktop/PINGUS/Juego/Penguin/Content/VehicleTemplate/Maps/VehicleOffroadExampleMap/_Generated_/E7ZM2N4LJI0OYEVA9L9P00M9H.uexp" 3023
"C:/Users/AlumnoM/Desktop/PINGUS/Juego/Penguin/Content/VehicleTemplate/Maps/VehicleOffroadExampleMap/_Generated_/E7ZM2N4LJI0OYEVA9L9P00M9H.ubulk" 3024
"C:/Users/AlumnoM/Desktop/PINGUS/Juego/Penguin/Content/VehicleTemplate/Maps/VehicleOffroadExampleMap/_Generated_/E7ZM2N4LJI0OYEVA9L9P00M9H.umap" 3025
"C:/Users/AlumnoM/Desktop/PINGUS/Juego/Penguin/Content/VehicleTemplate/Maps/VehicleOffroadExampleMap/_Generated_/35ZAZVM2C89YTB3Y6LRCD8CXC.uexp" 3026
"C:/Users/AlumnoM/Desktop/PINGUS/Juego/Penguin/Content/VehicleTemplate/Maps/VehicleOffroadExampleMap/_Generated_/35ZAZVM2C89YTB3Y6LRCD8CXC.ubulk" 3027
"C:/Users/AlumnoM/Desktop/PINGUS/Juego/Penguin/Content/VehicleTemplate/Maps/VehicleOffroadExampleMap/_Generated_/35ZAZVM2C89YTB3Y6LRCD8CXC.umap" 3028
"C:/Users/AlumnoM/Desktop/PINGUS/Juego/Penguin/Content/VehicleTemplate/Maps/VehicleOffroadExampleMap/_Generated_/4YG0LAHYJFX94MMUV1U1H1GGS.uexp" 3029
"C:/Users/AlumnoM/Desktop/PINGUS/Juego/Penguin/Content/VehicleTemplate/Maps/VehicleOffroadExampleMap/_Generated_/4YG0LAHYJFX94MMUV1U1H1GGS.ubulk" 3030
"C:/Users/AlumnoM/Desktop/PINGUS/Juego/Penguin/Content/VehicleTemplate/Maps/VehicleOffroadExampleMap/_Generated_/4YG0LAHYJFX94MMUV1U1H1GGS.umap" 3031
"C:/Users/AlumnoM/Desktop/PINGUS/Juego/Penguin/Content/VehicleTemplate/Maps/VehicleOffroadExampleMap/_Generated_/97FS2423KAZKPUCX2M4QH82T7.uexp" 3032
"C:/Users/AlumnoM/Desktop/PINGUS/Juego/Penguin/Content/VehicleTemplate/Maps/VehicleOffroadExampleMap/_Generated_/97FS2423KAZKPUCX2M4QH82T7.ubulk" 3033
"C:/Users/AlumnoM/Desktop/PINGUS/Juego/Penguin/Content/VehicleTemplate/Maps/VehicleOffroadExampleMap/_Generated_/97FS2423KAZKPUCX2M4QH82T7.umap" 3034
"C:/Users/AlumnoM/Desktop/PINGUS/Juego/Penguin/Content/VehicleTemplate/Maps/VehicleOffroadExampleMap/_Generated_/6NL6RLS123P7BRKW6AKRUEATE.uexp" 3035
"C:/Users/AlumnoM/Desktop/PINGUS/Juego/Penguin/Content/VehicleTemplate/Maps/VehicleOffroadExampleMap/_Generated_/6NL6RLS123P7BRKW6AKRUEATE.ubulk" 3036
"C:/Users/AlumnoM/Desktop/PINGUS/Juego/Penguin/Content/VehicleTemplate/Maps/VehicleOffroadExampleMap/_Generated_/6NL6RLS123P7BRKW6AKRUEATE.umap" 3037
"C:/Users/AlumnoM/Desktop/PINGUS/Juego/Penguin/Content/VehicleTemplate/Maps/VehicleOffroadExampleMap/_Generated_/9MSNLYQXMNEWV0VWQ25BTKSBW.uexp" 3038
"C:/Users/AlumnoM/Desktop/PINGUS/Juego/Penguin/Content/VehicleTemplate/Maps/VehicleOffroadExampleMap/_Generated_/9MSNLYQXMNEWV0VWQ25BTKSBW.ubulk" 3039
"C:/Users/AlumnoM/Desktop/PINGUS/Juego/Penguin/Content/VehicleTemplate/Maps/VehicleOffroadExampleMap/_Generated_/9MSNLYQXMNEWV0VWQ25BTKSBW.umap" 3040
"C:/Users/AlumnoM/Desktop/PINGUS/Juego/Penguin/Content/VehicleTemplate/Maps/VehicleOffroadExampleMap/_Generated_/5WDPFX674TU1B43NTTPNT6N7B.uexp" 3041
"C:/Users/AlumnoM/Desktop/PINGUS/Juego/Penguin/Content/VehicleTemplate/Maps/VehicleOffroadExampleMap/_Generated_/5WDPFX674TU1B43NTTPNT6N7B.ubulk" 3042
"C:/Users/AlumnoM/Desktop/PINGUS/Juego/Penguin/Content/VehicleTemplate/Maps/VehicleOffroadExampleMap/_Generated_/5WDPFX674TU1B43NTTPNT6N7B.umap" 3043
"C:/Users/AlumnoM/Desktop/PINGUS/Juego/Penguin/Content/VehicleTemplate/Maps/VehicleOffroadExampleMap/_Generated_/DECSKW366OLG520RZIGTOIPQ1.uexp" 3044
"C:/Users/AlumnoM/Desktop/PINGUS/Juego/Penguin/Content/VehicleTemplate/Maps/VehicleOffroadExampleMap/_Generated_/DECSKW366OLG520RZIGTOIPQ1.ubulk" 3045
"C:/Users/AlumnoM/Desktop/PINGUS/Juego/Penguin/Content/VehicleTemplate/Maps/VehicleOffroadExampleMap/_Generated_/DECSKW366OLG520RZIGTOIPQ1.umap" 3046
"C:/Users/AlumnoM/Desktop/PINGUS/Juego/Penguin/Content/VehicleTemplate/Maps/VehicleOffroadExampleMap/_Generated_/3IRWFS2R52YUIVPTFB2YJ29D2.uexp" 3047
"C:/Users/AlumnoM/Desktop/PINGUS/Juego/Penguin/Content/VehicleTemplate/Maps/VehicleOffroadExampleMap/_Generated_/3IRWFS2R52YUIVPTFB2YJ29D2.ubulk" 3048
"C:/Users/AlumnoM/Desktop/PINGUS/Juego/Penguin/Content/VehicleTemplate/Maps/VehicleOffroadExampleMap/_Generated_/3IRWFS2R52YUIVPTFB2YJ29D2.umap" 3049
"C:/Users/AlumnoM/Desktop/PINGUS/Juego/Penguin/Content/VehicleTemplate/Maps/VehicleOffroadExampleMap/_Generated_/CZPOC3G5DAM5H3UT0CW7M07IZ.uexp" 3050
"C:/Users/AlumnoM/Desktop/PINGUS/Juego/Penguin/Content/VehicleTemplate/Maps/VehicleOffroadExampleMap/_Generated_/CZPOC3G5DAM5H3UT0CW7M07IZ.ubulk" 3051
"C:/Users/AlumnoM/Desktop/PINGUS/Juego/Penguin/Content/VehicleTemplate/Maps/VehicleOffroadExampleMap/_Generated_/CZPOC3G5DAM5H3UT0CW7M07IZ.umap" 3052
"C:/Users/AlumnoM/Desktop/PINGUS/Juego/Penguin/Content/VehicleTemplate/Maps/VehicleOffroadExampleMap/_Generated_/33IV3HPBHTQZ25QDYS0722XD9.uexp" 3053
"C:/Users/AlumnoM/Desktop/PINGUS/Juego/Penguin/Content/VehicleTemplate/Maps/VehicleOffroadExampleMap/_Generated_/33IV3HPBHTQZ25QDYS0722XD9.ubulk" 3054
"C:/Users/AlumnoM/Desktop/PINGUS/Juego/Penguin/Content/VehicleTemplate/Maps/VehicleOffroadExampleMap/_Generated_/33IV3HPBHTQZ25QDYS0722XD9.umap" 3055
"C:/Users/AlumnoM/Desktop/PINGUS/Juego/Penguin/Content/VehicleTemplate/Maps/VehicleOffroadExampleMap/_Generated_/3QS0CKX778GGE92DJRO0XAX18.uexp" 3056
"C:/Users/AlumnoM/Desktop/PINGUS/Juego/Penguin/Content/VehicleTemplate/Maps/VehicleOffroadExampleMap/_Generated_/3QS0CKX778GGE92DJRO0XAX18.ubulk" 3057
"C:/Users/AlumnoM/Desktop/PINGUS/Juego/Penguin/Content/VehicleTemplate/Maps/VehicleOffroadExampleMap/_Generated_/3QS0CKX778GGE92DJRO0XAX18.umap" 3058
"C:/Users/AlumnoM/Desktop/PINGUS/Juego/Penguin/Content/VehicleTemplate/Maps/VehicleOffroadExampleMap/_Generated_/5WPL32YUNG5TDBI5TXMTGVEV5.uexp" 3059
"C:/Users/AlumnoM/Desktop/PINGUS/Juego/Penguin/Content/VehicleTemplate/Maps/VehicleOffroadExampleMap/_Generated_/5WPL32YUNG5TDBI5TXMTGVEV5.ubulk" 3060
"C:/Users/AlumnoM/Desktop/PINGUS/Juego/Penguin/Content/VehicleTemplate/Maps/VehicleOffroadExampleMap/_Generated_/5WPL32YUNG5TDBI5TXMTGVEV5.umap" 3061
"C:/Users/AlumnoM/Desktop/PINGUS/Juego/Penguin/Content/VehicleTemplate/Maps/VehicleOffroadExampleMap/_Generated_/BTEJH5NGW6RF59TGILEEBK6I0.uexp" 3062
"C:/Users/AlumnoM/Desktop/PINGUS/Juego/Penguin/Content/VehicleTemplate/Maps/VehicleOffroadExampleMap/_Generated_/BTEJH5NGW6RF59TGILEEBK6I0.ubulk" 3063
"C:/Users/AlumnoM/Desktop/PINGUS/Juego/Penguin/Content/VehicleTemplate/Maps/VehicleOffroadExampleMap/_Generated_/BTEJH5NGW6RF59TGILEEBK6I0.umap" 3064
"C:/Users/AlumnoM/Desktop/PINGUS/Juego/Penguin/Content/VehicleTemplate/Maps/VehicleOffroadExampleMap/_Generated_/7JX21D9AWZ4WLZD91Y2USPK6C.uexp" 3065
"C:/Users/AlumnoM/Desktop/PINGUS/Juego/Penguin/Content/VehicleTemplate/Maps/VehicleOffroadExampleMap/_Generated_/7JX21D9AWZ4WLZD91Y2USPK6C.ubulk" 3066
"C:/Users/AlumnoM/Desktop/PINGUS/Juego/Penguin/Content/VehicleTemplate/Maps/VehicleOffroadExampleMap/_Generated_/7JX21D9AWZ4WLZD91Y2USPK6C.umap" 3067
"C:/Users/AlumnoM/Desktop/PINGUS/Juego/Penguin/Content/VehicleTemplate/Maps/VehicleOffroadExampleMap/_Generated_/CPENKO3XRS91MRXUHXAQUMS98.uexp" 3068
"C:/Users/AlumnoM/Desktop/PINGUS/Juego/Penguin/Content/VehicleTemplate/Maps/VehicleOffroadExampleMap/_Generated_/CPENKO3XRS91MRXUHXAQUMS98.ubulk" 3069
"C:/Users/AlumnoM/Desktop/PINGUS/Juego/Penguin/Content/VehicleTemplate/Maps/VehicleOffroadExampleMap/_Generated_/CPENKO3XRS91MRXUHXAQUMS98.umap" 3070
"C:/Users/AlumnoM/Desktop/PINGUS/Juego/Penguin/Content/VehicleTemplate/Maps/VehicleOffroadExampleMap/_Generated_/29NF725H5SU7FKL2S40K12O09.uexp" 3071
"C:/Users/AlumnoM/Desktop/PINGUS/Juego/Penguin/Content/VehicleTemplate/Maps/VehicleOffroadExampleMap/_Generated_/29NF725H5SU7FKL2S40K12O09.ubulk" 3072
"C:/Users/AlumnoM/Desktop/PINGUS/Juego/Penguin/Content/VehicleTemplate/Maps/VehicleOffroadExampleMap/_Generated_/29NF725H5SU7FKL2S40K12O09.umap" 3073
"C:/Users/AlumnoM/Desktop/PINGUS/Juego/Penguin/Content/VehicleTemplate/Maps/VehicleOffroadExampleMap/_Generated_/07897PU45H1VHQUXYC447MMWZ.uexp" 3074
"C:/Users/AlumnoM/Desktop/PINGUS/Juego/Penguin/Content/VehicleTemplate/Maps/VehicleOffroadExampleMap/_Generated_/07897PU45H1VHQUXYC447MMWZ.ubulk" 3075
"C:/Users/AlumnoM/Desktop/PINGUS/Juego/Penguin/Content/VehicleTemplate/Maps/VehicleOffroadExampleMap/_Generated_/07897PU45H1VHQUXYC447MMWZ.umap" 3076
"C:/Users/AlumnoM/Desktop/PINGUS/Juego/Penguin/Content/VehicleTemplate/Maps/VehicleOffroadExampleMap/_Generated_/EL9VQ8JPD08E7HYDJBFIWPXI8.uexp" 3077
"C:/Users/AlumnoM/Desktop/PINGUS/Juego/Penguin/Content/VehicleTemplate/Maps/VehicleOffroadExampleMap/_Generated_/EL9VQ8JPD08E7HYDJBFIWPXI8.ubulk" 3078
"C:/Users/AlumnoM/Desktop/PINGUS/Juego/Penguin/Content/VehicleTemplate/Maps/VehicleOffroadExampleMap/_Generated_/EL9VQ8JPD08E7HYDJBFIWPXI8.umap" 3079
"C:/Users/AlumnoM/Desktop/PINGUS/Juego/Penguin/Content/VehicleTemplate/Maps/VehicleOffroadExampleMap/_Generated_/8CWQ3ADMBABZ95ZZI1XOM2H1V.uexp" 3080
"C:/Users/AlumnoM/Desktop/PINGUS/Juego/Penguin/Content/VehicleTemplate/Maps/VehicleOffroadExampleMap/_Generated_/8CWQ3ADMBABZ95ZZI1XOM2H1V.ubulk" 3081
"C:/Users/AlumnoM/Desktop/PINGUS/Juego/Penguin/Content/VehicleTemplate/Maps/VehicleOffroadExampleMap/_Generated_/8CWQ3ADMBABZ95ZZI1XOM2H1V.umap" 3082
"C:/Users/AlumnoM/Desktop/PINGUS/Juego/Penguin/Content/VehicleTemplate/Maps/VehicleOffroadExampleMap/_Generated_/CC6FV42L1FAD9EANEV0JSH56O.uexp" 3083
"C:/Users/AlumnoM/Desktop/PINGUS/Juego/Penguin/Content/VehicleTemplate/Maps/VehicleOffroadExampleMap/_Generated_/CC6FV42L1FAD9EANEV0JSH56O.ubulk" 3084
"C:/Users/AlumnoM/Desktop/PINGUS/Juego/Penguin/Content/VehicleTemplate/Maps/VehicleOffroadExampleMap/_Generated_/CC6FV42L1FAD9EANEV0JSH56O.umap" 3085
"C:/Users/AlumnoM/Desktop/PINGUS/Juego/Penguin/Content/VehicleTemplate/Maps/VehicleOffroadExampleMap/_Generated_/3L7FFPNSJU6LBXTQCL5C9KY22.uexp" 3086
"C:/Users/AlumnoM/Desktop/PINGUS/Juego/Penguin/Content/VehicleTemplate/Maps/VehicleOffroadExampleMap/_Generated_/3L7FFPNSJU6LBXTQCL5C9KY22.ubulk" 3087
"C:/Users/AlumnoM/Desktop/PINGUS/Juego/Penguin/Content/VehicleTemplate/Maps/VehicleOffroadExampleMap/_Generated_/3L7FFPNSJU6LBXTQCL5C9KY22.umap" 3088
"C:/Users/AlumnoM/Desktop/PINGUS/Juego/Penguin/Content/VehicleTemplate/Maps/VehicleOffroadExampleMap/_Generated_/5FBTV6QFRVBU0KL6089F7AQQS.uexp" 3089
"C:/Users/AlumnoM/Desktop/PINGUS/Juego/Penguin/Content/VehicleTemplate/Maps/VehicleOffroadExampleMap/_Generated_/5FBTV6QFRVBU0KL6089F7AQQS.ubulk" 3090
"C:/Users/AlumnoM/Desktop/PINGUS/Juego/Penguin/Content/VehicleTemplate/Maps/VehicleOffroadExampleMap/_Generated_/5FBTV6QFRVBU0KL6089F7AQQS.umap" 3091
"C:/Users/AlumnoM/Desktop/PINGUS/Juego/Penguin/Content/VehicleTemplate/Maps/VehicleOffroadExampleMap/_Generated_/5OR0K95V476K9IVRCUQ379P0U.uexp" 3092
"C:/Users/AlumnoM/Desktop/PINGUS/Juego/Penguin/Content/VehicleTemplate/Maps/VehicleOffroadExampleMap/_Generated_/5OR0K95V476K9IVRCUQ379P0U.ubulk" 3093
"C:/Users/AlumnoM/Desktop/PINGUS/Juego/Penguin/Content/VehicleTemplate/Maps/VehicleOffroadExampleMap/_Generated_/5OR0K95V476K9IVRCUQ379P0U.umap" 3094
"C:/Users/AlumnoM/Desktop/PINGUS/Juego/Penguin/Content/VehicleTemplate/Maps/VehicleOffroadExampleMap/_Generated_/9QV9QR6MAIGRXLWR0V9CUR62I.uexp" 3095
"C:/Users/AlumnoM/Desktop/PINGUS/Juego/Penguin/Content/VehicleTemplate/Maps/VehicleOffroadExampleMap/_Generated_/9QV9QR6MAIGRXLWR0V9CUR62I.ubulk" 3096
"C:/Users/AlumnoM/Desktop/PINGUS/Juego/Penguin/Content/VehicleTemplate/Maps/VehicleOffroadExampleMap/_Generated_/9QV9QR6MAIGRXLWR0V9CUR62I.umap" 3097
"C:/Users/AlumnoM/Desktop/PINGUS/Juego/Penguin/Content/VehicleTemplate/Maps/VehicleOffroadExampleMap/_Generated_/B8H4WQE8BVYFR7O4RMHDCJ1G5.uexp" 3098
"C:/Users/AlumnoM/Desktop/PINGUS/Juego/Penguin/Content/VehicleTemplate/Maps/VehicleOffroadExampleMap/_Generated_/B8H4WQE8BVYFR7O4RMHDCJ1G5.ubulk" 3099
"C:/Users/AlumnoM/Desktop/PINGUS/Juego/Penguin/Content/VehicleTemplate/Maps/VehicleOffroadExampleMap/_Generated_/B8H4WQE8BVYFR7O4RMHDCJ1G5.umap" 3100
"C:/Users/AlumnoM/Desktop/PINGUS/Juego/Penguin/Content/VehicleTemplate/Maps/VehicleOffroadExampleMap/_Generated_/ESTW57633G6J8DD123L5CIGXE.uexp" 3101
"C:/Users/AlumnoM/Desktop/PINGUS/Juego/Penguin/Content/VehicleTemplate/Maps/VehicleOffroadExampleMap/_Generated_/ESTW57633G6J8DD123L5CIGXE.ubulk" 3102
"C:/Users/AlumnoM/Desktop/PINGUS/Juego/Penguin/Content/VehicleTemplate/Maps/VehicleOffroadExampleMap/_Generated_/ESTW57633G6J8DD123L5CIGXE.umap" 3103
"C:/Users/AlumnoM/Desktop/PINGUS/Juego/Penguin/Content/VehicleTemplate/Maps/VehicleOffroadExampleMap/_Generated_/02W0H60F25FBRZX7J2QKK65KI.uexp" 3104
"C:/Users/AlumnoM/Desktop/PINGUS/Juego/Penguin/Content/VehicleTemplate/Maps/VehicleOffroadExampleMap/_Generated_/02W0H60F25FBRZX7J2QKK65KI.ubulk" 3105
"C:/Users/AlumnoM/Desktop/PINGUS/Juego/Penguin/Content/VehicleTemplate/Maps/VehicleOffroadExampleMap/_Generated_/02W0H60F25FBRZX7J2QKK65KI.umap" 3106
"C:/Users/AlumnoM/Desktop/PINGUS/Juego/Penguin/Content/VehicleTemplate/Maps/VehicleOffroadExampleMap/_Generated_/1J9H26GGN87FAGE5CE48K5YH3.uexp" 3107
"C:/Users/AlumnoM/Desktop/PINGUS/Juego/Penguin/Content/VehicleTemplate/Maps/VehicleOffroadExampleMap/_Generated_/1J9H26GGN87FAGE5CE48K5YH3.ubulk" 3108
"C:/Users/AlumnoM/Desktop/PINGUS/Juego/Penguin/Content/VehicleTemplate/Maps/VehicleOffroadExampleMap/_Generated_/1J9H26GGN87FAGE5CE48K5YH3.umap" 3109
"C:/Users/AlumnoM/Desktop/PINGUS/Juego/Penguin/Content/VehicleTemplate/Maps/VehicleOffroadExampleMap/_Generated_/C581SWRPUNQACPHKROMWK5JWU.uexp" 3110
"C:/Users/AlumnoM/Desktop/PINGUS/Juego/Penguin/Content/VehicleTemplate/Maps/VehicleOffroadExampleMap/_Generated_/C581SWRPUNQACPHKROMWK5JWU.ubulk" 3111
"C:/Users/AlumnoM/Desktop/PINGUS/Juego/Penguin/Content/VehicleTemplate/Maps/VehicleOffroadExampleMap/_Generated_/C581SWRPUNQACPHKROMWK5JWU.umap" 3112
"C:/Users/AlumnoM/Desktop/PINGUS/Juego/Penguin/Content/VehicleTemplate/Maps/VehicleOffroadExampleMap/_Generated_/1N9RMPSRWN4ZMPAYHN7FKNDGU.uexp" 3113
"C:/Users/AlumnoM/Desktop/PINGUS/Juego/Penguin/Content/VehicleTemplate/Maps/VehicleOffroadExampleMap/_Generated_/1N9RMPSRWN4ZMPAYHN7FKNDGU.ubulk" 3114
"C:/Users/AlumnoM/Desktop/PINGUS/Juego/Penguin/Content/VehicleTemplate/Maps/VehicleOffroadExampleMap/_Generated_/1N9RMPSRWN4ZMPAYHN7FKNDGU.umap" 3115
"C:/Users/AlumnoM/Desktop/PINGUS/Juego/Penguin/Content/VehicleTemplate/Maps/VehicleOffroadExampleMap/_Generated_/CKPICKZU6UM2AQT37GKW1HFJD.uexp" 3116
"C:/Users/AlumnoM/Desktop/PINGUS/Juego/Penguin/Content/VehicleTemplate/Maps/VehicleOffroadExampleMap/_Generated_/CKPICKZU6UM2AQT37GKW1HFJD.ubulk" 3117
"C:/Users/AlumnoM/Desktop/PINGUS/Juego/Penguin/Content/VehicleTemplate/Maps/VehicleOffroadExampleMap/_Generated_/CKPICKZU6UM2AQT37GKW1HFJD.umap" 3118
"C:/Users/AlumnoM/Desktop/PINGUS/Juego/Penguin/Content/VehicleTemplate/Maps/VehicleOffroadExampleMap/_Generated_/EN4HL8RD63MIZ3E9M9I2PQALN.uexp" 3119
"C:/Users/AlumnoM/Desktop/PINGUS/Juego/Penguin/Content/VehicleTemplate/Maps/VehicleOffroadExampleMap/_Generated_/EN4HL8RD63MIZ3E9M9I2PQALN.ubulk" 3120
"C:/Users/AlumnoM/Desktop/PINGUS/Juego/Penguin/Content/VehicleTemplate/Maps/VehicleOffroadExampleMap/_Generated_/EN4HL8RD63MIZ3E9M9I2PQALN.umap" 3121
"C:/Users/AlumnoM/Desktop/PINGUS/Juego/Penguin/Content/VehicleTemplate/Maps/VehicleOffroadExampleMap/_Generated_/27DWF7D4Q7YTWSDN7NFH6OSMB.uexp" 3122
"C:/Users/AlumnoM/Desktop/PINGUS/Juego/Penguin/Content/VehicleTemplate/Maps/VehicleOffroadExampleMap/_Generated_/27DWF7D4Q7YTWSDN7NFH6OSMB.ubulk" 3123
"C:/Users/AlumnoM/Desktop/PINGUS/Juego/Penguin/Content/VehicleTemplate/Maps/VehicleOffroadExampleMap/_Generated_/27DWF7D4Q7YTWSDN7NFH6OSMB.umap" 3124
"C:/Users/AlumnoM/Desktop/PINGUS/Juego/Penguin/Content/VehicleTemplate/Maps/VehicleOffroadExampleMap/_Generated_/6TW8V50TO3SHAURKV7DKEXUN8.uexp" 3125
"C:/Users/AlumnoM/Desktop/PINGUS/Juego/Penguin/Content/VehicleTemplate/Maps/VehicleOffroadExampleMap/_Generated_/6TW8V50TO3SHAURKV7DKEXUN8.ubulk" 3126
"C:/Users/AlumnoM/Desktop/PINGUS/Juego/Penguin/Content/VehicleTemplate/Maps/VehicleOffroadExampleMap/_Generated_/6TW8V50TO3SHAURKV7DKEXUN8.umap" 3127
"C:/Users/AlumnoM/Desktop/PINGUS/Juego/Penguin/Content/Levels/build/Level1/_Generated_/162AAR9UMY26SFL2TW0KWY8HQ.uexp" 3128
"C:/Users/AlumnoM/Desktop/PINGUS/Juego/Penguin/Content/Levels/build/Level1/_Generated_/162AAR9UMY26SFL2TW0KWY8HQ.ubulk" 3129
"C:/Users/AlumnoM/Desktop/PINGUS/Juego/Penguin/Content/Levels/build/Level1/_Generated_/162AAR9UMY26SFL2TW0KWY8HQ.umap" 3130
"C:/Users/AlumnoM/Desktop/PINGUS/Juego/Penguin/Content/Levels/build/Level1/_Generated_/4CGOIMPBATT0LKCIWWRP32JBV.uexp" 3131
"C:/Users/AlumnoM/Desktop/PINGUS/Juego/Penguin/Content/Levels/build/Level1/_Generated_/4CGOIMPBATT0LKCIWWRP32JBV.ubulk" 3132
"C:/Users/AlumnoM/Desktop/PINGUS/Juego/Penguin/Content/Levels/build/Level1/_Generated_/4CGOIMPBATT0LKCIWWRP32JBV.umap" 3133
"C:/Users/AlumnoM/Desktop/PINGUS/Juego/Penguin/Content/Levels/build/Level1/_Generated_/078YQS18N5VWTXH8OB65FP1RH.uexp" 3134
"C:/Users/AlumnoM/Desktop/PINGUS/Juego/Penguin/Content/Levels/build/Level1/_Generated_/078YQS18N5VWTXH8OB65FP1RH.ubulk" 3135
"C:/Users/AlumnoM/Desktop/PINGUS/Juego/Penguin/Content/Levels/build/Level1/_Generated_/078YQS18N5VWTXH8OB65FP1RH.umap" 3136
"C:/Users/AlumnoM/Desktop/PINGUS/Juego/Penguin/Content/Levels/build/Level1/_Generated_/0WJ1G1RO1ZAPCAC5560JSCBEH.uexp" 3137
"C:/Users/AlumnoM/Desktop/PINGUS/Juego/Penguin/Content/Levels/build/Level1/_Generated_/0WJ1G1RO1ZAPCAC5560JSCBEH.ubulk" 3138
"C:/Users/AlumnoM/Desktop/PINGUS/Juego/Penguin/Content/Levels/build/Level1/_Generated_/0WJ1G1RO1ZAPCAC5560JSCBEH.umap" 3139
"C:/Users/AlumnoM/Desktop/PINGUS/Juego/Penguin/Content/Levels/build/Level1/_Generated_/COCQ6WBCFT84UR9A770E07C8C.uexp" 3140
"C:/Users/AlumnoM/Desktop/PINGUS/Juego/Penguin/Content/Levels/build/Level1/_Generated_/COCQ6WBCFT84UR9A770E07C8C.ubulk" 3141
"C:/Users/AlumnoM/Desktop/PINGUS/Juego/Penguin/Content/Levels/build/Level1/_Generated_/COCQ6WBCFT84UR9A770E07C8C.umap" 3142
"C:/Users/AlumnoM/Desktop/PINGUS/Juego/Penguin/Content/Levels/build/Level1/_Generated_/5TL52OXB0RP371N1Y1PPXUB06.uexp" 3143
"C:/Users/AlumnoM/Desktop/PINGUS/Juego/Penguin/Content/Levels/build/Level1/_Generated_/5TL52OXB0RP371N1Y1PPXUB06.ubulk" 3144
"C:/Users/AlumnoM/Desktop/PINGUS/Juego/Penguin/Content/Levels/build/Level1/_Generated_/5TL52OXB0RP371N1Y1PPXUB06.umap" 3145
"C:/Users/AlumnoM/Desktop/PINGUS/Juego/Penguin/Content/Levels/build/Level1/_Generated_/6PJ43J3QIVY7VDJ1MBTLZLO3T.uexp" 3146
"C:/Users/AlumnoM/Desktop/PINGUS/Juego/Penguin/Content/Levels/build/Level1/_Generated_/6PJ43J3QIVY7VDJ1MBTLZLO3T.ubulk" 3147
"C:/Users/AlumnoM/Desktop/PINGUS/Juego/Penguin/Content/Levels/build/Level1/_Generated_/6PJ43J3QIVY7VDJ1MBTLZLO3T.umap" 3148
"C:/Users/AlumnoM/Desktop/PINGUS/Juego/Penguin/Content/Levels/build/Level1/_Generated_/5CDAQEQIFV12HVJ8B7AGKN36W.uexp" 3149
"C:/Users/AlumnoM/Desktop/PINGUS/Juego/Penguin/Content/Levels/build/Level1/_Generated_/5CDAQEQIFV12HVJ8B7AGKN36W.ubulk" 3150
"C:/Users/AlumnoM/Desktop/PINGUS/Juego/Penguin/Content/Levels/build/Level1/_Generated_/5CDAQEQIFV12HVJ8B7AGKN36W.umap" 3151
"C:/Users/AlumnoM/Desktop/PINGUS/Juego/Penguin/Content/Levels/build/Level1/_Generated_/0LAGPMXXY2BQYU3159AGSTT3A.uexp" 3152
"C:/Users/AlumnoM/Desktop/PINGUS/Juego/Penguin/Content/Levels/build/Level1/_Generated_/0LAGPMXXY2BQYU3159AGSTT3A.ubulk" 3153
"C:/Users/AlumnoM/Desktop/PINGUS/Juego/Penguin/Content/Levels/build/Level1/_Generated_/0LAGPMXXY2BQYU3159AGSTT3A.umap" 3154
"C:/Users/AlumnoM/Desktop/PINGUS/Juego/Penguin/Content/Levels/build/Level1/_Generated_/1R49I2NAEY2LYDP8CXCZHLWFU.uexp" 3155
"C:/Users/AlumnoM/Desktop/PINGUS/Juego/Penguin/Content/Levels/build/Level1/_Generated_/1R49I2NAEY2LYDP8CXCZHLWFU.ubulk" 3156
"C:/Users/AlumnoM/Desktop/PINGUS/Juego/Penguin/Content/Levels/build/Level1/_Generated_/1R49I2NAEY2LYDP8CXCZHLWFU.umap" 3157
"C:/Users/AlumnoM/Desktop/PINGUS/Juego/Penguin/Content/Levels/build/Level1/_Generated_/CF6VMYTR065F1UGXVNGSFTIV6.uexp" 3158
"C:/Users/AlumnoM/Desktop/PINGUS/Juego/Penguin/Content/Levels/build/Level1/_Generated_/CF6VMYTR065F1UGXVNGSFTIV6.ubulk" 3159
"C:/Users/AlumnoM/Desktop/PINGUS/Juego/Penguin/Content/Levels/build/Level1/_Generated_/CF6VMYTR065F1UGXVNGSFTIV6.umap" 3160
"C:/Users/AlumnoM/Desktop/PINGUS/Juego/Penguin/Content/Levels/build/Level1/_Generated_/AROELL93LLOIK7E3H67ZBVV01.uexp" 3161
"C:/Users/AlumnoM/Desktop/PINGUS/Juego/Penguin/Content/Levels/build/Level1/_Generated_/AROELL93LLOIK7E3H67ZBVV01.ubulk" 3162
"C:/Users/AlumnoM/Desktop/PINGUS/Juego/Penguin/Content/Levels/build/Level1/_Generated_/AROELL93LLOIK7E3H67ZBVV01.umap" 3163
"C:/Users/AlumnoM/Desktop/PINGUS/Juego/Penguin/Content/Levels/build/Level1/_Generated_/9OETJK3QLHZG1THU57940B1ZJ.uexp" 3164
"C:/Users/AlumnoM/Desktop/PINGUS/Juego/Penguin/Content/Levels/build/Level1/_Generated_/9OETJK3QLHZG1THU57940B1ZJ.ubulk" 3165
"C:/Users/AlumnoM/Desktop/PINGUS/Juego/Penguin/Content/Levels/build/Level1/_Generated_/9OETJK3QLHZG1THU57940B1ZJ.umap" 3166
"C:/Users/AlumnoM/Desktop/PINGUS/Juego/Penguin/Content/Levels/build/Level1/_Generated_/711T6T7YK1Q01P3XCSUH4CT07.uexp" 3167
"C:/Users/AlumnoM/Desktop/PINGUS/Juego/Penguin/Content/Levels/build/Level1/_Generated_/711T6T7YK1Q01P3XCSUH4CT07.ubulk" 3168
"C:/Users/AlumnoM/Desktop/PINGUS/Juego/Penguin/Content/Levels/build/Level1/_Generated_/711T6T7YK1Q01P3XCSUH4CT07.umap" 3169
"C:/Users/AlumnoM/Desktop/PINGUS/Juego/Penguin/Content/Levels/build/Level1/_Generated_/9MYFP09NQHT2J8RYRHLB3PYAS.uexp" 3170
"C:/Users/AlumnoM/Desktop/PINGUS/Juego/Penguin/Content/Levels/build/Level1/_Generated_/9MYFP09NQHT2J8RYRHLB3PYAS.ubulk" 3171
"C:/Users/AlumnoM/Desktop/PINGUS/Juego/Penguin/Content/Levels/build/Level1/_Generated_/9MYFP09NQHT2J8RYRHLB3PYAS.umap" 3172
"C:/Users/AlumnoM/Desktop/PINGUS/Juego/Penguin/Content/Levels/build/Level1/_Generated_/5BO35YTNMR65MEQTQZWFKVGW5.uexp" 3173
"C:/Users/AlumnoM/Desktop/PINGUS/Juego/Penguin/Content/Levels/build/Level1/_Generated_/5BO35YTNMR65MEQTQZWFKVGW5.ubulk" 3174
"C:/Users/AlumnoM/Desktop/PINGUS/Juego/Penguin/Content/Levels/build/Level1/_Generated_/5BO35YTNMR65MEQTQZWFKVGW5.umap" 3175
"C:/Users/AlumnoM/Desktop/PINGUS/Juego/Penguin/Content/Levels/build/Level1/_Generated_/E0HBN71JVFASJQDNZV1G89XVQ.uexp" 3176
"C:/Users/AlumnoM/Desktop/PINGUS/Juego/Penguin/Content/Levels/build/Level1/_Generated_/E0HBN71JVFASJQDNZV1G89XVQ.ubulk" 3177
"C:/Users/AlumnoM/Desktop/PINGUS/Juego/Penguin/Content/Levels/build/Level1/_Generated_/E0HBN71JVFASJQDNZV1G89XVQ.umap" 3178
"C:/Users/AlumnoM/Desktop/PINGUS/Juego/Penguin/Content/Levels/build/Level1/_Generated_/97BABZX7COL95802F3L18BGAK.uexp" 3179
"C:/Users/AlumnoM/Desktop/PINGUS/Juego/Penguin/Content/Levels/build/Level1/_Generated_/97BABZX7COL95802F3L18BGAK.ubulk" 3180
"C:/Users/AlumnoM/Desktop/PINGUS/Juego/Penguin/Content/Levels/build/Level1/_Generated_/97BABZX7COL95802F3L18BGAK.umap" 3181
"C:/Users/AlumnoM/Desktop/PINGUS/Juego/Penguin/Content/Levels/build/Level1/_Generated_/EKL7AUOGXYUMC5RI8RY9J3OS6.uexp" 3182
"C:/Users/AlumnoM/Desktop/PINGUS/Juego/Penguin/Content/Levels/build/Level1/_Generated_/EKL7AUOGXYUMC5RI8RY9J3OS6.ubulk" 3183
"C:/Users/AlumnoM/Desktop/PINGUS/Juego/Penguin/Content/Levels/build/Level1/_Generated_/EKL7AUOGXYUMC5RI8RY9J3OS6.umap" 3184
"C:/Users/AlumnoM/Desktop/PINGUS/Juego/Penguin/Content/Levels/build/Level1/_Generated_/E4TZWYKOIZHSV1T6MSBJQZNXN.uexp" 3185
"C:/Users/AlumnoM/Desktop/PINGUS/Juego/Penguin/Content/Levels/build/Level1/_Generated_/E4TZWYKOIZHSV1T6MSBJQZNXN.ubulk" 3186
"C:/Users/AlumnoM/Desktop/PINGUS/Juego/Penguin/Content/Levels/build/Level1/_Generated_/E4TZWYKOIZHSV1T6MSBJQZNXN.umap" 3187
"C:/Users/AlumnoM/Desktop/PINGUS/Juego/Penguin/Content/Levels/build/Level1/_Generated_/49YG6665TZ3P43D2UE5K3GHYC.uexp" 3188
"C:/Users/AlumnoM/Desktop/PINGUS/Juego/Penguin/Content/Levels/build/Level1/_Generated_/49YG6665TZ3P43D2UE5K3GHYC.ubulk" 3189
"C:/Users/AlumnoM/Desktop/PINGUS/Juego/Penguin/Content/Levels/build/Level1/_Generated_/49YG6665TZ3P43D2UE5K3GHYC.umap" 3190
"C:/Users/AlumnoM/Desktop/PINGUS/Juego/Penguin/Content/Levels/build/Level1/_Generated_/8OX8XJYEPTTJF5EXPX9UDM8P7.uexp" 3191
"C:/Users/AlumnoM/Desktop/PINGUS/Juego/Penguin/Content/Levels/build/Level1/_Generated_/8OX8XJYEPTTJF5EXPX9UDM8P7.ubulk" 3192
"C:/Users/AlumnoM/Desktop/PINGUS/Juego/Penguin/Content/Levels/build/Level1/_Generated_/8OX8XJYEPTTJF5EXPX9UDM8P7.umap" 3193
"C:/Users/AlumnoM/Desktop/PINGUS/Juego/Penguin/Content/Levels/build/Level1/_Generated_/F4VHI68V4VTWVHPXX6CTNUM4L.uexp" 3194
"C:/Users/AlumnoM/Desktop/PINGUS/Juego/Penguin/Content/Levels/build/Level1/_Generated_/F4VHI68V4VTWVHPXX6CTNUM4L.ubulk" 3195
"C:/Users/AlumnoM/Desktop/PINGUS/Juego/Penguin/Content/Levels/build/Level1/_Generated_/F4VHI68V4VTWVHPXX6CTNUM4L.umap" 3196
"C:/Users/AlumnoM/Desktop/PINGUS/Juego/Penguin/Content/Levels/build/Level1/_Generated_/1WGEHF08TPFJ4COQDWS9WHLWJ.uexp" 3197
"C:/Users/AlumnoM/Desktop/PINGUS/Juego/Penguin/Content/Levels/build/Level1/_Generated_/1WGEHF08TPFJ4COQDWS9WHLWJ.ubulk" 3198
"C:/Users/AlumnoM/Desktop/PINGUS/Juego/Penguin/Content/Levels/build/Level1/_Generated_/1WGEHF08TPFJ4COQDWS9WHLWJ.umap" 3199
"C:/Users/AlumnoM/Desktop/PINGUS/Juego/Penguin/Content/Levels/build/Level1/_Generated_/8QPXQUKV2EODRMSJORJOA74EH.uexp" 3200
"C:/Users/AlumnoM/Desktop/PINGUS/Juego/Penguin/Content/Levels/build/Level1/_Generated_/8QPXQUKV2EODRMSJORJOA74EH.ubulk" 3201
"C:/Users/AlumnoM/Desktop/PINGUS/Juego/Penguin/Content/Levels/build/Level1/_Generated_/8QPXQUKV2EODRMSJORJOA74EH.umap" 3202
"C:/Users/AlumnoM/Desktop/PINGUS/Juego/Penguin/Content/Levels/build/Level1/_Generated_/0021J4WH23WJXXMIMDLW0FC7V.uexp" 3203
"C:/Users/AlumnoM/Desktop/PINGUS/Juego/Penguin/Content/Levels/build/Level1/_Generated_/0021J4WH23WJXXMIMDLW0FC7V.ubulk" 3204
"C:/Users/AlumnoM/Desktop/PINGUS/Juego/Penguin/Content/Levels/build/Level1/_Generated_/0021J4WH23WJXXMIMDLW0FC7V.umap" 3205
"C:/Users/AlumnoM/Desktop/PINGUS/Juego/Penguin/Content/Levels/build/Level1/_Generated_/6MNJ152J9ELW71T0D4TTJB64I.uexp" 3206
"C:/Users/AlumnoM/Desktop/PINGUS/Juego/Penguin/Content/Levels/build/Level1/_Generated_/6MNJ152J9ELW71T0D4TTJB64I.ubulk" 3207
"C:/Users/AlumnoM/Desktop/PINGUS/Juego/Penguin/Content/Levels/build/Level1/_Generated_/6MNJ152J9ELW71T0D4TTJB64I.umap" 3208
"C:/Users/AlumnoM/Desktop/PINGUS/Juego/Penguin/Content/Levels/build/Level1/_Generated_/0TSNOR44W2M65PFN5ER30E2CE.uexp" 3209
"C:/Users/AlumnoM/Desktop/PINGUS/Juego/Penguin/Content/Levels/build/Level1/_Generated_/0TSNOR44W2M65PFN5ER30E2CE.ubulk" 3210
"C:/Users/AlumnoM/Desktop/PINGUS/Juego/Penguin/Content/Levels/build/Level1/_Generated_/0TSNOR44W2M65PFN5ER30E2CE.umap" 3211
"C:/Users/AlumnoM/Desktop/PINGUS/Juego/Penguin/Content/Levels/build/Level1/_Generated_/BP37EO0IFQIX3ZZLHK9E7R82A.uexp" 3212
"C:/Users/AlumnoM/Desktop/PINGUS/Juego/Penguin/Content/Levels/build/Level1/_Generated_/BP37EO0IFQIX3ZZLHK9E7R82A.ubulk" 3213
"C:/Users/AlumnoM/Desktop/PINGUS/Juego/Penguin/Content/Levels/build/Level1/_Generated_/BP37EO0IFQIX3ZZLHK9E7R82A.umap" 3214
"C:/Users/AlumnoM/Desktop/PINGUS/Juego/Penguin/Content/Levels/build/Level1/_Generated_/13A4J47P9L2D07XT7SPPHRZ0O.uexp" 3215
"C:/Users/AlumnoM/Desktop/PINGUS/Juego/Penguin/Content/Levels/build/Level1/_Generated_/13A4J47P9L2D07XT7SPPHRZ0O.ubulk" 3216
"C:/Users/AlumnoM/Desktop/PINGUS/Juego/Penguin/Content/Levels/build/Level1/_Generated_/13A4J47P9L2D07XT7SPPHRZ0O.umap" 3217
"C:/Users/AlumnoM/Desktop/PINGUS/Juego/Penguin/Content/Levels/build/Level1/_Generated_/6T91TQNKGRGCS88NKV6H3KU7N.uexp" 3218
"C:/Users/AlumnoM/Desktop/PINGUS/Juego/Penguin/Content/Levels/build/Level1/_Generated_/6T91TQNKGRGCS88NKV6H3KU7N.ubulk" 3219
"C:/Users/AlumnoM/Desktop/PINGUS/Juego/Penguin/Content/Levels/build/Level1/_Generated_/6T91TQNKGRGCS88NKV6H3KU7N.umap" 3220
"C:/Users/AlumnoM/Desktop/PINGUS/Juego/Penguin/Content/Levels/build/Level1/_Generated_/EUVT8XZLZUSN53VOTMVLJT1BD.uexp" 3221
"C:/Users/AlumnoM/Desktop/PINGUS/Juego/Penguin/Content/Levels/build/Level1/_Generated_/EUVT8XZLZUSN53VOTMVLJT1BD.ubulk" 3222
"C:/Users/AlumnoM/Desktop/PINGUS/Juego/Penguin/Content/Levels/build/Level1/_Generated_/EUVT8XZLZUSN53VOTMVLJT1BD.umap" 3223
"C:/Users/AlumnoM/Desktop/PINGUS/Juego/Penguin/Content/Levels/build/Level1/_Generated_/BIM3DQD0A8DNVYEX6BVNOKOPR.uexp" 3224
"C:/Users/AlumnoM/Desktop/PINGUS/Juego/Penguin/Content/Levels/build/Level1/_Generated_/BIM3DQD0A8DNVYEX6BVNOKOPR.ubulk" 3225
"C:/Users/AlumnoM/Desktop/PINGUS/Juego/Penguin/Content/Levels/build/Level1/_Generated_/BIM3DQD0A8DNVYEX6BVNOKOPR.umap" 3226
"C:/Users/AlumnoM/Desktop/PINGUS/Juego/Penguin/Content/Levels/build/Level1/_Generated_/1CK6PBYP5CX3A4C6P0YTCN60B.uexp" 3227
"C:/Users/AlumnoM/Desktop/PINGUS/Juego/Penguin/Content/Levels/build/Level1/_Generated_/1CK6PBYP5CX3A4C6P0YTCN60B.ubulk" 3228
"C:/Users/AlumnoM/Desktop/PINGUS/Juego/Penguin/Content/Levels/build/Level1/_Generated_/1CK6PBYP5CX3A4C6P0YTCN60B.umap" 3229
"C:/Users/AlumnoM/Desktop/PINGUS/Juego/Penguin/Content/Levels/build/Level1/_Generated_/EUGZD3GOXJ1884WLS1H1KNRHZ.uexp" 3230
"C:/Users/AlumnoM/Desktop/PINGUS/Juego/Penguin/Content/Levels/build/Level1/_Generated_/EUGZD3GOXJ1884WLS1H1KNRHZ.ubulk" 3231
"C:/Users/AlumnoM/Desktop/PINGUS/Juego/Penguin/Content/Levels/build/Level1/_Generated_/EUGZD3GOXJ1884WLS1H1KNRHZ.umap" 3232
"C:/Users/AlumnoM/Desktop/PINGUS/Juego/Penguin/Content/Levels/build/Level1/_Generated_/99LTT9RLRYEMN1WV5HGDRO417.uexp" 3233
"C:/Users/AlumnoM/Desktop/PINGUS/Juego/Penguin/Content/Levels/build/Level1/_Generated_/99LTT9RLRYEMN1WV5HGDRO417.ubulk" 3234
"C:/Users/AlumnoM/Desktop/PINGUS/Juego/Penguin/Content/Levels/build/Level1/_Generated_/99LTT9RLRYEMN1WV5HGDRO417.umap" 3235
"C:/Users/AlumnoM/Desktop/PINGUS/Juego/Penguin/Content/Levels/build/Level1/_Generated_/6RXZB6PVTOB3VCKKFDFBV3LL6.uexp" 3236
"C:/Users/AlumnoM/Desktop/PINGUS/Juego/Penguin/Content/Levels/build/Level1/_Generated_/6RXZB6PVTOB3VCKKFDFBV3LL6.ubulk" 3237
"C:/Users/AlumnoM/Desktop/PINGUS/Juego/Penguin/Content/Levels/build/Level1/_Generated_/6RXZB6PVTOB3VCKKFDFBV3LL6.umap" 3238
"C:/Users/AlumnoM/Desktop/PINGUS/Juego/Penguin/Content/Levels/build/Level1/_Generated_/3UZDQH11SJUB2IB7JGWVVM02X.uexp" 3239
"C:/Users/AlumnoM/Desktop/PINGUS/Juego/Penguin/Content/Levels/build/Level1/_Generated_/3UZDQH11SJUB2IB7JGWVVM02X.ubulk" 3240
"C:/Users/AlumnoM/Desktop/PINGUS/Juego/Penguin/Content/Levels/build/Level1/_Generated_/3UZDQH11SJUB2IB7JGWVVM02X.umap" 3241
"C:/Users/AlumnoM/Desktop/PINGUS/Juego/Penguin/Content/Levels/build/Level1/_Generated_/3T4953XGLD0H1G8Y7V0JT141X.uexp" 3242
"C:/Users/AlumnoM/Desktop/PINGUS/Juego/Penguin/Content/Levels/build/Level1/_Generated_/3T4953XGLD0H1G8Y7V0JT141X.ubulk" 3243
"C:/Users/AlumnoM/Desktop/PINGUS/Juego/Penguin/Content/Levels/build/Level1/_Generated_/3T4953XGLD0H1G8Y7V0JT141X.umap" 3244
"C:/Users/AlumnoM/Desktop/PINGUS/Juego/Penguin/Content/Levels/build/Level1/_Generated_/3S94VJWN398IEA667YKSMLDW1.uexp" 3245
"C:/Users/AlumnoM/Desktop/PINGUS/Juego/Penguin/Content/Levels/build/Level1/_Generated_/3S94VJWN398IEA667YKSMLDW1.ubulk" 3246
"C:/Users/AlumnoM/Desktop/PINGUS/Juego/Penguin/Content/Levels/build/Level1/_Generated_/3S94VJWN398IEA667YKSMLDW1.umap" 3247
"C:/Users/AlumnoM/Desktop/PINGUS/Juego/Penguin/Content/Levels/build/Level1/_Generated_/5CP1L83UBVSE0H7S5B2HCBTDP.uexp" 3248
"C:/Users/AlumnoM/Desktop/PINGUS/Juego/Penguin/Content/Levels/build/Level1/_Generated_/5CP1L83UBVSE0H7S5B2HCBTDP.ubulk" 3249
"C:/Users/AlumnoM/Desktop/PINGUS/Juego/Penguin/Content/Levels/build/Level1/_Generated_/5CP1L83UBVSE0H7S5B2HCBTDP.umap" 3250
"C:/Users/AlumnoM/Desktop/PINGUS/Juego/Penguin/Content/Levels/build/Level1/_Generated_/2YMY8BVJC9O5H6ZTK1I9LFLW8.uexp" 3251
"C:/Users/AlumnoM/Desktop/PINGUS/Juego/Penguin/Content/Levels/build/Level1/_Generated_/2YMY8BVJC9O5H6ZTK1I9LFLW8.ubulk" 3252
"C:/Users/AlumnoM/Desktop/PINGUS/Juego/Penguin/Content/Levels/build/Level1/_Generated_/2YMY8BVJC9O5H6ZTK1I9LFLW8.umap" 3253
"C:/Users/AlumnoM/Desktop/PINGUS/Juego/Penguin/Content/Levels/build/Level1/_Generated_/6N67XXH81V8SIJ43RZYYFJE1Q.uexp" 3254
"C:/Users/AlumnoM/Desktop/PINGUS/Juego/Penguin/Content/Levels/build/Level1/_Generated_/6N67XXH81V8SIJ43RZYYFJE1Q.ubulk" 3255
"C:/Users/AlumnoM/Desktop/PINGUS/Juego/Penguin/Content/Levels/build/Level1/_Generated_/6N67XXH81V8SIJ43RZYYFJE1Q.umap" 3256
"C:/Users/AlumnoM/Desktop/PINGUS/Juego/Penguin/Content/Levels/build/Level1/_Generated_/7YVKPTM3WBNVMWRH8N6VYSG3Y.uexp" 3257
"C:/Users/AlumnoM/Desktop/PINGUS/Juego/Penguin/Content/Levels/build/Level1/_Generated_/7YVKPTM3WBNVMWRH8N6VYSG3Y.ubulk" 3258
"C:/Users/AlumnoM/Desktop/PINGUS/Juego/Penguin/Content/Levels/build/Level1/_Generated_/7YVKPTM3WBNVMWRH8N6VYSG3Y.umap" 3259
"C:/Users/AlumnoM/Desktop/PINGUS/Juego/Penguin/Content/Levels/build/Level1/_Generated_/2H530SLCXDTHSES240XAJB853.uexp" 3260
"C:/Users/AlumnoM/Desktop/PINGUS/Juego/Penguin/Content/Levels/build/Level1/_Generated_/2H530SLCXDTHSES240XAJB853.ubulk" 3261
"C:/Users/AlumnoM/Desktop/PINGUS/Juego/Penguin/Content/Levels/build/Level1/_Generated_/2H530SLCXDTHSES240XAJB853.umap" 3262
"C:/Users/AlumnoM/Desktop/PINGUS/Juego/Penguin/Content/Levels/build/Level1/_Generated_/DB1I8VU1GQRJLJPQ16BX9NVPX.uexp" 3263
"C:/Users/AlumnoM/Desktop/PINGUS/Juego/Penguin/Content/Levels/build/Level1/_Generated_/DB1I8VU1GQRJLJPQ16BX9NVPX.umap" 3264
"C:/Users/AlumnoM/Desktop/PINGUS/Juego/Penguin/Content/Levels/build/Level1/_Generated_/6KKFWGCZO4QO3OHDGWXVSN83P.uexp" 3265
"C:/Users/AlumnoM/Desktop/PINGUS/Juego/Penguin/Content/Levels/build/Level1/_Generated_/6KKFWGCZO4QO3OHDGWXVSN83P.ubulk" 3266
"C:/Users/AlumnoM/Desktop/PINGUS/Juego/Penguin/Content/Levels/build/Level1/_Generated_/6KKFWGCZO4QO3OHDGWXVSN83P.umap" 3267
"C:/Users/AlumnoM/Desktop/PINGUS/Juego/Penguin/Content/Levels/build/Level1/_Generated_/9NLS8VDGMGEVRKFGPW2V9P9TW.uexp" 3268
"C:/Users/AlumnoM/Desktop/PINGUS/Juego/Penguin/Content/Levels/build/Level1/_Generated_/9NLS8VDGMGEVRKFGPW2V9P9TW.umap" 3269
"C:/Users/AlumnoM/Desktop/PINGUS/Juego/Penguin/Content/Levels/build/Level1/_Generated_/C7ALBUINCROGQYQKC0U3DURJ0.uexp" 3270
"C:/Users/AlumnoM/Desktop/PINGUS/Juego/Penguin/Content/Levels/build/Level1/_Generated_/C7ALBUINCROGQYQKC0U3DURJ0.ubulk" 3271
"C:/Users/AlumnoM/Desktop/PINGUS/Juego/Penguin/Content/Levels/build/Level1/_Generated_/C7ALBUINCROGQYQKC0U3DURJ0.umap" 3272
"C:/Users/AlumnoM/Desktop/PINGUS/Juego/Penguin/Content/Levels/build/Level1/_Generated_/A6GCUW2BW4UZWJTPQ8U8UY7DE.uexp" 3273
"C:/Users/AlumnoM/Desktop/PINGUS/Juego/Penguin/Content/Levels/build/Level1/_Generated_/A6GCUW2BW4UZWJTPQ8U8UY7DE.ubulk" 3274
"C:/Users/AlumnoM/Desktop/PINGUS/Juego/Penguin/Content/Levels/build/Level1/_Generated_/A6GCUW2BW4UZWJTPQ8U8UY7DE.umap" 3275
"C:/Users/AlumnoM/Desktop/PINGUS/Juego/Penguin/Content/Levels/build/Level1/_Generated_/F24QFHHMVW1KL9OW56XKH6RU1.uexp" 3276
"C:/Users/AlumnoM/Desktop/PINGUS/Juego/Penguin/Content/Levels/build/Level1/_Generated_/F24QFHHMVW1KL9OW56XKH6RU1.ubulk" 3277
"C:/Users/AlumnoM/Desktop/PINGUS/Juego/Penguin/Content/Levels/build/Level1/_Generated_/F24QFHHMVW1KL9OW56XKH6RU1.umap" 3278
"C:/Users/AlumnoM/Desktop/PINGUS/Juego/Penguin/Content/Levels/build/Level1/_Generated_/8SIXYL80V47FCT9IDJZGFCG11.uexp" 3279
"C:/Users/AlumnoM/Desktop/PINGUS/Juego/Penguin/Content/Levels/build/Level1/_Generated_/8SIXYL80V47FCT9IDJZGFCG11.ubulk" 3280
"C:/Users/AlumnoM/Desktop/PINGUS/Juego/Penguin/Content/Levels/build/Level1/_Generated_/8SIXYL80V47FCT9IDJZGFCG11.umap" 3281
"C:/Users/AlumnoM/Desktop/PINGUS/Juego/Penguin/Content/Levels/build/Level1/_Generated_/4EZZGSJ3NW5LZ4JS4C6KUUCZ3.uexp" 3282
"C:/Users/AlumnoM/Desktop/PINGUS/Juego/Penguin/Content/Levels/build/Level1/_Generated_/4EZZGSJ3NW5LZ4JS4C6KUUCZ3.ubulk" 3283
"C:/Users/AlumnoM/Desktop/PINGUS/Juego/Penguin/Content/Levels/build/Level1/_Generated_/4EZZGSJ3NW5LZ4JS4C6KUUCZ3.umap" 3284
"C:/Users/AlumnoM/Desktop/PINGUS/Juego/Penguin/Content/Levels/build/Level1/_Generated_/5TOSXSETNKA01DJM89V5FALGD.uexp" 3285
"C:/Users/AlumnoM/Desktop/PINGUS/Juego/Penguin/Content/Levels/build/Level1/_Generated_/5TOSXSETNKA01DJM89V5FALGD.ubulk" 3286
"C:/Users/AlumnoM/Desktop/PINGUS/Juego/Penguin/Content/Levels/build/Level1/_Generated_/5TOSXSETNKA01DJM89V5FALGD.umap" 3287
"C:/Users/AlumnoM/Desktop/PINGUS/Juego/Penguin/Content/Levels/build/Level1/_Generated_/AG50OM1TW88DY8Y6KUOO1DKKW.uexp" 3288
"C:/Users/AlumnoM/Desktop/PINGUS/Juego/Penguin/Content/Levels/build/Level1/_Generated_/AG50OM1TW88DY8Y6KUOO1DKKW.ubulk" 3289
"C:/Users/AlumnoM/Desktop/PINGUS/Juego/Penguin/Content/Levels/build/Level1/_Generated_/AG50OM1TW88DY8Y6KUOO1DKKW.umap" 3290
"C:/Users/AlumnoM/Desktop/PINGUS/Juego/Penguin/Content/Levels/build/Level1/_Generated_/2P44C3GQWPSAYY2MJATD93Q0Z.uexp" 3291
"C:/Users/AlumnoM/Desktop/PINGUS/Juego/Penguin/Content/Levels/build/Level1/_Generated_/2P44C3GQWPSAYY2MJATD93Q0Z.ubulk" 3292
"C:/Users/AlumnoM/Desktop/PINGUS/Juego/Penguin/Content/Levels/build/Level1/_Generated_/2P44C3GQWPSAYY2MJATD93Q0Z.umap" 3293
"C:/Users/AlumnoM/Desktop/PINGUS/Juego/Penguin/Content/Levels/build/Level1/_Generated_/8MXTSIKK2EH5QWUM8GXOM5D8Y.uexp" 3294
"C:/Users/AlumnoM/Desktop/PINGUS/Juego/Penguin/Content/Levels/build/Level1/_Generated_/8MXTSIKK2EH5QWUM8GXOM5D8Y.ubulk" 3295
"C:/Users/AlumnoM/Desktop/PINGUS/Juego/Penguin/Content/Levels/build/Level1/_Generated_/8MXTSIKK2EH5QWUM8GXOM5D8Y.umap" 3296
"C:/Users/AlumnoM/Desktop/PINGUS/Juego/Penguin/Content/Levels/build/Level1/_Generated_/6DDROUA00FNJSRO0CGLCWRQZB.uexp" 3297
"C:/Users/AlumnoM/Desktop/PINGUS/Juego/Penguin/Content/Levels/build/Level1/_Generated_/6DDROUA00FNJSRO0CGLCWRQZB.ubulk" 3298
"C:/Users/AlumnoM/Desktop/PINGUS/Juego/Penguin/Content/Levels/build/Level1/_Generated_/6DDROUA00FNJSRO0CGLCWRQZB.umap" 3299
"C:/Users/AlumnoM/Desktop/PINGUS/Juego/Penguin/Content/Levels/build/Level1/_Generated_/78TZ58N9E05BN8M7QPRIO0BRP.uexp" 3300
"C:/Users/AlumnoM/Desktop/PINGUS/Juego/Penguin/Content/Levels/build/Level1/_Generated_/78TZ58N9E05BN8M7QPRIO0BRP.ubulk" 3301
"C:/Users/AlumnoM/Desktop/PINGUS/Juego/Penguin/Content/Levels/build/Level1/_Generated_/78TZ58N9E05BN8M7QPRIO0BRP.umap" 3302
"C:/Users/AlumnoM/Desktop/PINGUS/Juego/Penguin/Content/Levels/build/Level1/_Generated_/AR1A0ZAWN396G1WLDV2NQUNWE.uexp" 3303
"C:/Users/AlumnoM/Desktop/PINGUS/Juego/Penguin/Content/Levels/build/Level1/_Generated_/AR1A0ZAWN396G1WLDV2NQUNWE.ubulk" 3304
"C:/Users/AlumnoM/Desktop/PINGUS/Juego/Penguin/Content/Levels/build/Level1/_Generated_/AR1A0ZAWN396G1WLDV2NQUNWE.umap" 3305
"C:/Users/AlumnoM/Desktop/PINGUS/Juego/Penguin/Content/Levels/build/Level1/_Generated_/CRYPRG2PJIES7DQ041LV5P16P.uexp" 3306
"C:/Users/AlumnoM/Desktop/PINGUS/Juego/Penguin/Content/Levels/build/Level1/_Generated_/CRYPRG2PJIES7DQ041LV5P16P.ubulk" 3307
"C:/Users/AlumnoM/Desktop/PINGUS/Juego/Penguin/Content/Levels/build/Level1/_Generated_/CRYPRG2PJIES7DQ041LV5P16P.umap" 3308
"C:/Users/AlumnoM/Desktop/PINGUS/Juego/Penguin/Content/Levels/build/Level1/_Generated_/2SO8Z8Q1RRL31HNQS7JBQSSRH.uexp" 3309
"C:/Users/AlumnoM/Desktop/PINGUS/Juego/Penguin/Content/Levels/build/Level1/_Generated_/2SO8Z8Q1RRL31HNQS7JBQSSRH.umap" 3310
"C:/Users/AlumnoM/Desktop/PINGUS/Juego/Penguin/Content/Levels/build/Level1/_Generated_/007WVSD3I9A4AHW16P3JSW9WS.uexp" 3311
"C:/Users/AlumnoM/Desktop/PINGUS/Juego/Penguin/Content/Levels/build/Level1/_Generated_/007WVSD3I9A4AHW16P3JSW9WS.umap" 3312
"C:/Users/AlumnoM/Desktop/PINGUS/Juego/Penguin/Content/Levels/build/Level1/_Generated_/4GNHSQQ7L5L4I3EI3EQ6BKH28.uexp" 3313
"C:/Users/AlumnoM/Desktop/PINGUS/Juego/Penguin/Content/Levels/build/Level1/_Generated_/4GNHSQQ7L5L4I3EI3EQ6BKH28.umap" 3314
"C:/Users/AlumnoM/Desktop/PINGUS/Juego/Penguin/Content/Levels/Level3/_Generated_/13RLDSNUF1CJFX164BOEC5D84.uexp" 3315
"C:/Users/AlumnoM/Desktop/PINGUS/Juego/Penguin/Content/Levels/Level3/_Generated_/13RLDSNUF1CJFX164BOEC5D84.umap" 3316
"C:/Users/AlumnoM/Desktop/PINGUS/Juego/Penguin/Content/Levels/Level3/_Generated_/2RDTHTP11WUV8UB6YOG0WQJE3.uexp" 3317
"C:/Users/AlumnoM/Desktop/PINGUS/Juego/Penguin/Content/Levels/Level3/_Generated_/2RDTHTP11WUV8UB6YOG0WQJE3.ubulk" 3318
"C:/Users/AlumnoM/Desktop/PINGUS/Juego/Penguin/Content/Levels/Level3/_Generated_/2RDTHTP11WUV8UB6YOG0WQJE3.umap" 3319
"C:/Users/AlumnoM/Desktop/PINGUS/Juego/Penguin/Content/Levels/Level3/_Generated_/CCJ2LL40BMFDPL9J8IDJYGJQJ.uexp" 3320
"C:/Users/AlumnoM/Desktop/PINGUS/Juego/Penguin/Content/Levels/Level3/_Generated_/CCJ2LL40BMFDPL9J8IDJYGJQJ.ubulk" 3321
"C:/Users/AlumnoM/Desktop/PINGUS/Juego/Penguin/Content/Levels/Level3/_Generated_/CCJ2LL40BMFDPL9J8IDJYGJQJ.umap" 3322
"C:/Users/AlumnoM/Desktop/PINGUS/Juego/Penguin/Content/Levels/Level3/_Generated_/6GIKGM5TSHNYWSPYHQYAF4HXN.uexp" 3323
"C:/Users/AlumnoM/Desktop/PINGUS/Juego/Penguin/Content/Levels/Level3/_Generated_/6GIKGM5TSHNYWSPYHQYAF4HXN.ubulk" 3324
"C:/Users/AlumnoM/Desktop/PINGUS/Juego/Penguin/Content/Levels/Level3/_Generated_/6GIKGM5TSHNYWSPYHQYAF4HXN.umap" 3325
"C:/Users/AlumnoM/Desktop/PINGUS/Juego/Penguin/Content/Levels/Level3/_Generated_/6MZQT9FT9STUF9YRW8RN4AET7.uexp" 3326
"C:/Users/AlumnoM/Desktop/PINGUS/Juego/Penguin/Content/Levels/Level3/_Generated_/6MZQT9FT9STUF9YRW8RN4AET7.ubulk" 3327
"C:/Users/AlumnoM/Desktop/PINGUS/Juego/Penguin/Content/Levels/Level3/_Generated_/6MZQT9FT9STUF9YRW8RN4AET7.umap" 3328
"C:/Users/AlumnoM/Desktop/PINGUS/Juego/Penguin/Content/Levels/build/Level1/_Generated_/BW4EF591CZ4NBSHT0ZCY99ZAV.uexp" 3329
"C:/Users/AlumnoM/Desktop/PINGUS/Juego/Penguin/Content/Levels/build/Level1/_Generated_/BW4EF591CZ4NBSHT0ZCY99ZAV.ubulk" 3330
"C:/Users/AlumnoM/Desktop/PINGUS/Juego/Penguin/Content/Levels/build/Level1/_Generated_/BW4EF591CZ4NBSHT0ZCY99ZAV.umap" 3331
"C:/Users/AlumnoM/Desktop/PINGUS/Juego/Penguin/Content/Levels/build/Level1/_Generated_/3ZBVDR84U0QMHPFCSKIQF6B89.uexp" 3332
"C:/Users/AlumnoM/Desktop/PINGUS/Juego/Penguin/Content/Levels/build/Level1/_Generated_/3ZBVDR84U0QMHPFCSKIQF6B89.ubulk" 3333
"C:/Users/AlumnoM/Desktop/PINGUS/Juego/Penguin/Content/Levels/build/Level1/_Generated_/3ZBVDR84U0QMHPFCSKIQF6B89.umap" 3334
"C:/Users/AlumnoM/Desktop/PINGUS/Juego/Penguin/Content/Levels/build/Level1/_Generated_/2L37EV360CGTSE2YD5M4Y0VLY.uexp" 3335
"C:/Users/AlumnoM/Desktop/PINGUS/Juego/Penguin/Content/Levels/build/Level1/_Generated_/2L37EV360CGTSE2YD5M4Y0VLY.ubulk" 3336
"C:/Users/AlumnoM/Desktop/PINGUS/Juego/Penguin/Content/Levels/build/Level1/_Generated_/2L37EV360CGTSE2YD5M4Y0VLY.umap" 3337
"C:/Users/AlumnoM/Desktop/PINGUS/Juego/Penguin/Content/Levels/build/Level1/_Generated_/9WITSG1EOLFD5MM0BXDMY42LI.uexp" 3338
"C:/Users/AlumnoM/Desktop/PINGUS/Juego/Penguin/Content/Levels/build/Level1/_Generated_/9WITSG1EOLFD5MM0BXDMY42LI.ubulk" 3339
"C:/Users/AlumnoM/Desktop/PINGUS/Juego/Penguin/Content/Levels/build/Level1/_Generated_/9WITSG1EOLFD5MM0BXDMY42LI.umap" 3340
"C:/Users/AlumnoM/Desktop/PINGUS/Juego/Penguin/Content/Levels/build/Level1/_Generated_/B587RD6F1LIVC0VHIE8JHQT0P.uexp" 3341
"C:/Users/AlumnoM/Desktop/PINGUS/Juego/Penguin/Content/Levels/build/Level1/_Generated_/B587RD6F1LIVC0VHIE8JHQT0P.ubulk" 3342
"C:/Users/AlumnoM/Desktop/PINGUS/Juego/Penguin/Content/Levels/build/Level1/_Generated_/B587RD6F1LIVC0VHIE8JHQT0P.umap" 3343
"C:/Users/AlumnoM/Desktop/PINGUS/Juego/Penguin/Content/Levels/Level3/_Generated_/47IWSVL5LN7J5SBIU6Q9O177Z.uexp" 3344
"C:/Users/AlumnoM/Desktop/PINGUS/Juego/Penguin/Content/Levels/Level3/_Generated_/47IWSVL5LN7J5SBIU6Q9O177Z.ubulk" 3345
"C:/Users/AlumnoM/Desktop/PINGUS/Juego/Penguin/Content/Levels/Level3/_Generated_/47IWSVL5LN7J5SBIU6Q9O177Z.umap" 3346
"C:/Users/AlumnoM/Desktop/PINGUS/Juego/Penguin/Content/Levels/Level3/_Generated_/3LFHDIIE1G8VE48NMZ5MARPPP.uexp" 3347
"C:/Users/AlumnoM/Desktop/PINGUS/Juego/Penguin/Content/Levels/Level3/_Generated_/3LFHDIIE1G8VE48NMZ5MARPPP.ubulk" 3348
"C:/Users/AlumnoM/Desktop/PINGUS/Juego/Penguin/Content/Levels/Level3/_Generated_/3LFHDIIE1G8VE48NMZ5MARPPP.umap" 3349
"C:/Users/AlumnoM/Desktop/PINGUS/Juego/Penguin/Content/Levels/Level3/_Generated_/375VNBGXI1EG9M3XJQSRL9ILA.uexp" 3350
"C:/Users/AlumnoM/Desktop/PINGUS/Juego/Penguin/Content/Levels/Level3/_Generated_/375VNBGXI1EG9M3XJQSRL9ILA.ubulk" 3351
"C:/Users/AlumnoM/Desktop/PINGUS/Juego/Penguin/Content/Levels/Level3/_Generated_/375VNBGXI1EG9M3XJQSRL9ILA.umap" 3352
"C:/Users/AlumnoM/Desktop/PINGUS/Juego/Penguin/Content/Levels/Level3/_Generated_/ED6JFSZY7IFI7UF6OQL4KENFD.uexp" 3353
"C:/Users/AlumnoM/Desktop/PINGUS/Juego/Penguin/Content/Levels/Level3/_Generated_/ED6JFSZY7IFI7UF6OQL4KENFD.ubulk" 3354
"C:/Users/AlumnoM/Desktop/PINGUS/Juego/Penguin/Content/Levels/Level3/_Generated_/ED6JFSZY7IFI7UF6OQL4KENFD.umap" 3355
"C:/Users/AlumnoM/Desktop/PINGUS/Juego/Penguin/Content/Levels/Level3/_Generated_/3RVIE3B2JCS5ATOLNPCSONBGV.uexp" 3356
"C:/Users/AlumnoM/Desktop/PINGUS/Juego/Penguin/Content/Levels/Level3/_Generated_/3RVIE3B2JCS5ATOLNPCSONBGV.ubulk" 3357
"C:/Users/AlumnoM/Desktop/PINGUS/Juego/Penguin/Content/Levels/Level3/_Generated_/3RVIE3B2JCS5ATOLNPCSONBGV.umap" 3358
"C:/Users/AlumnoM/Desktop/PINGUS/Juego/Penguin/Content/Levels/Level3/_Generated_/DF8TE7UYB17033P210C1ZYJWS.uexp" 3359
"C:/Users/AlumnoM/Desktop/PINGUS/Juego/Penguin/Content/Levels/Level3/_Generated_/DF8TE7UYB17033P210C1ZYJWS.ubulk" 3360
"C:/Users/AlumnoM/Desktop/PINGUS/Juego/Penguin/Content/Levels/Level3/_Generated_/DF8TE7UYB17033P210C1ZYJWS.umap" 3361
"C:/Users/AlumnoM/Desktop/PINGUS/Juego/Penguin/Content/Levels/Level3/_Generated_/2RUMM0CJ4CJGLB383C23J0RKA.uexp" 3362
"C:/Users/AlumnoM/Desktop/PINGUS/Juego/Penguin/Content/Levels/Level3/_Generated_/2RUMM0CJ4CJGLB383C23J0RKA.ubulk" 3363
"C:/Users/AlumnoM/Desktop/PINGUS/Juego/Penguin/Content/Levels/Level3/_Generated_/2RUMM0CJ4CJGLB383C23J0RKA.umap" 3364
"C:/Users/AlumnoM/Desktop/PINGUS/Juego/Penguin/Content/Levels/Level3/_Generated_/6SVZMWVS4PODGQYC5F1TI780C.uexp" 3365
"C:/Users/AlumnoM/Desktop/PINGUS/Juego/Penguin/Content/Levels/Level3/_Generated_/6SVZMWVS4PODGQYC5F1TI780C.ubulk" 3366
"C:/Users/AlumnoM/Desktop/PINGUS/Juego/Penguin/Content/Levels/Level3/_Generated_/6SVZMWVS4PODGQYC5F1TI780C.umap" 3367
"C:/Users/AlumnoM/Desktop/PINGUS/Juego/Penguin/Content/Levels/Level3/_Generated_/E8H5MPNTBUPDD8SUT7S97KBAZ.uexp" 3368
"C:/Users/AlumnoM/Desktop/PINGUS/Juego/Penguin/Content/Levels/Level3/_Generated_/E8H5MPNTBUPDD8SUT7S97KBAZ.ubulk" 3369
"C:/Users/AlumnoM/Desktop/PINGUS/Juego/Penguin/Content/Levels/Level3/_Generated_/E8H5MPNTBUPDD8SUT7S97KBAZ.umap" 3370
"C:/Users/AlumnoM/Desktop/PINGUS/Juego/Penguin/Content/Levels/Level3/_Generated_/E54HHKVHSJIBU3VQHF38IP696.uexp" 3371
"C:/Users/AlumnoM/Desktop/PINGUS/Juego/Penguin/Content/Levels/Level3/_Generated_/E54HHKVHSJIBU3VQHF38IP696.ubulk" 3372
"C:/Users/AlumnoM/Desktop/PINGUS/Juego/Penguin/Content/Levels/Level3/_Generated_/E54HHKVHSJIBU3VQHF38IP696.umap" 3373
"C:/Users/AlumnoM/Desktop/PINGUS/Juego/Penguin/Content/Levels/Level3/_Generated_/35IX42UEOTEIU1VU0AMHWJ8PH.uexp" 3374
"C:/Users/AlumnoM/Desktop/PINGUS/Juego/Penguin/Content/Levels/Level3/_Generated_/35IX42UEOTEIU1VU0AMHWJ8PH.ubulk" 3375
"C:/Users/AlumnoM/Desktop/PINGUS/Juego/Penguin/Content/Levels/Level3/_Generated_/35IX42UEOTEIU1VU0AMHWJ8PH.umap" 3376
"C:/Users/AlumnoM/Desktop/PINGUS/Juego/Penguin/Content/Levels/Level3/_Generated_/DQHE6VC0EXBA5NT08YNNIECOL.uexp" 3377
"C:/Users/AlumnoM/Desktop/PINGUS/Juego/Penguin/Content/Levels/Level3/_Generated_/DQHE6VC0EXBA5NT08YNNIECOL.ubulk" 3378
"C:/Users/AlumnoM/Desktop/PINGUS/Juego/Penguin/Content/Levels/Level3/_Generated_/DQHE6VC0EXBA5NT08YNNIECOL.umap" 3379
"C:/Users/AlumnoM/Desktop/PINGUS/Juego/Penguin/Content/Levels/Level3/_Generated_/6T8Q3PJFWM5LMIG1CPYMOQ8Q3.uexp" 3380
"C:/Users/AlumnoM/Desktop/PINGUS/Juego/Penguin/Content/Levels/Level3/_Generated_/6T8Q3PJFWM5LMIG1CPYMOQ8Q3.ubulk" 3381
"C:/Users/AlumnoM/Desktop/PINGUS/Juego/Penguin/Content/Levels/Level3/_Generated_/6T8Q3PJFWM5LMIG1CPYMOQ8Q3.umap" 3382
"C:/Users/AlumnoM/Desktop/PINGUS/Juego/Penguin/Content/Levels/Level3/_Generated_/EVJSTE5YPNZ9O5082NUIUVXBX.uexp" 3383
"C:/Users/AlumnoM/Desktop/PINGUS/Juego/Penguin/Content/Levels/Level3/_Generated_/EVJSTE5YPNZ9O5082NUIUVXBX.ubulk" 3384
"C:/Users/AlumnoM/Desktop/PINGUS/Juego/Penguin/Content/Levels/Level3/_Generated_/EVJSTE5YPNZ9O5082NUIUVXBX.umap" 3385
"C:/Users/AlumnoM/Desktop/PINGUS/Juego/Penguin/Content/Levels/Level3/_Generated_/14EVEO02X8Q8O6ED3TU5MYS0H.uexp" 3386
"C:/Users/AlumnoM/Desktop/PINGUS/Juego/Penguin/Content/Levels/Level3/_Generated_/14EVEO02X8Q8O6ED3TU5MYS0H.ubulk" 3387
"C:/Users/AlumnoM/Desktop/PINGUS/Juego/Penguin/Content/Levels/Level3/_Generated_/14EVEO02X8Q8O6ED3TU5MYS0H.umap" 3388
"C:/Users/AlumnoM/Desktop/PINGUS/Juego/Penguin/Content/Levels/Level3/_Generated_/44QD6VR8R5UW1D7SPZTPP9HVO.uexp" 3389
"C:/Users/AlumnoM/Desktop/PINGUS/Juego/Penguin/Content/Levels/Level3/_Generated_/44QD6VR8R5UW1D7SPZTPP9HVO.ubulk" 3390
"C:/Users/AlumnoM/Desktop/PINGUS/Juego/Penguin/Content/Levels/Level3/_Generated_/44QD6VR8R5UW1D7SPZTPP9HVO.umap" 3391
"C:/Users/AlumnoM/Desktop/PINGUS/Juego/Penguin/Content/Levels/Level3/_Generated_/0QYDB2QUNTT0SVTCITFF30P6Q.uexp" 3392
"C:/Users/AlumnoM/Desktop/PINGUS/Juego/Penguin/Content/Levels/Level3/_Generated_/0QYDB2QUNTT0SVTCITFF30P6Q.ubulk" 3393
"C:/Users/AlumnoM/Desktop/PINGUS/Juego/Penguin/Content/Levels/Level3/_Generated_/0QYDB2QUNTT0SVTCITFF30P6Q.umap" 3394
"C:/Users/AlumnoM/Desktop/PINGUS/Juego/Penguin/Content/Levels/Level3/_Generated_/79WTRS5K4VO6THFB0LZUP1CPK.uexp" 3395
"C:/Users/AlumnoM/Desktop/PINGUS/Juego/Penguin/Content/Levels/Level3/_Generated_/79WTRS5K4VO6THFB0LZUP1CPK.ubulk" 3396
"C:/Users/AlumnoM/Desktop/PINGUS/Juego/Penguin/Content/Levels/Level3/_Generated_/79WTRS5K4VO6THFB0LZUP1CPK.umap" 3397
"C:/Users/AlumnoM/Desktop/PINGUS/Juego/Penguin/Content/Levels/Level3/_Generated_/CXNI4G4G0E9053TRWRLXDBXAL.uexp" 3398
"C:/Users/AlumnoM/Desktop/PINGUS/Juego/Penguin/Content/Levels/Level3/_Generated_/CXNI4G4G0E9053TRWRLXDBXAL.ubulk" 3399
"C:/Users/AlumnoM/Desktop/PINGUS/Juego/Penguin/Content/Levels/Level3/_Generated_/CXNI4G4G0E9053TRWRLXDBXAL.umap" 3400
"C:/Users/AlumnoM/Desktop/PINGUS/Juego/Penguin/Content/Levels/Level3/_Generated_/2ALZ4IR0G04NO6JMEDHYWWW4X.uexp" 3401
"C:/Users/AlumnoM/Desktop/PINGUS/Juego/Penguin/Content/Levels/Level3/_Generated_/2ALZ4IR0G04NO6JMEDHYWWW4X.ubulk" 3402
"C:/Users/AlumnoM/Desktop/PINGUS/Juego/Penguin/Content/Levels/Level3/_Generated_/2ALZ4IR0G04NO6JMEDHYWWW4X.umap" 3403
"C:/Users/AlumnoM/Desktop/PINGUS/Juego/Penguin/Content/Levels/Level3/_Generated_/AZM8U4C32EPY0823CL4GXTMP0.uexp" 3404
"C:/Users/AlumnoM/Desktop/PINGUS/Juego/Penguin/Content/Levels/Level3/_Generated_/AZM8U4C32EPY0823CL4GXTMP0.ubulk" 3405
"C:/Users/AlumnoM/Desktop/PINGUS/Juego/Penguin/Content/Levels/Level3/_Generated_/AZM8U4C32EPY0823CL4GXTMP0.umap" 3406
"C:/Users/AlumnoM/Desktop/PINGUS/Juego/Penguin/Content/Levels/Level3/_Generated_/A3948SYEW46RZSBOWSFU5FMGU.uexp" 3407
"C:/Users/AlumnoM/Desktop/PINGUS/Juego/Penguin/Content/Levels/Level3/_Generated_/A3948SYEW46RZSBOWSFU5FMGU.ubulk" 3408
"C:/Users/AlumnoM/Desktop/PINGUS/Juego/Penguin/Content/Levels/Level3/_Generated_/A3948SYEW46RZSBOWSFU5FMGU.umap" 3409
"C:/Users/AlumnoM/Desktop/PINGUS/Juego/Penguin/Content/Levels/Level3/_Generated_/C6CNZURQJCFCM9MPVRVYFOXOB.uexp" 3410
"C:/Users/AlumnoM/Desktop/PINGUS/Juego/Penguin/Content/Levels/Level3/_Generated_/C6CNZURQJCFCM9MPVRVYFOXOB.ubulk" 3411
"C:/Users/AlumnoM/Desktop/PINGUS/Juego/Penguin/Content/Levels/Level3/_Generated_/C6CNZURQJCFCM9MPVRVYFOXOB.umap" 3412
"C:/Users/AlumnoM/Desktop/PINGUS/Juego/Penguin/Content/Levels/Level3/_Generated_/2TRMUEKL0YW7ZL8IW9BWCPVCQ.uexp" 3413
"C:/Users/AlumnoM/Desktop/PINGUS/Juego/Penguin/Content/Levels/Level3/_Generated_/2TRMUEKL0YW7ZL8IW9BWCPVCQ.ubulk" 3414
"C:/Users/AlumnoM/Desktop/PINGUS/Juego/Penguin/Content/Levels/Level3/_Generated_/2TRMUEKL0YW7ZL8IW9BWCPVCQ.umap" 3415
"C:/Users/AlumnoM/Desktop/PINGUS/Juego/Penguin/Content/Levels/Level3/_Generated_/22VUCJL9V9BU4WHNRGUSOZLG2.uexp" 3416
"C:/Users/AlumnoM/Desktop/PINGUS/Juego/Penguin/Content/Levels/Level3/_Generated_/22VUCJL9V9BU4WHNRGUSOZLG2.ubulk" 3417
"C:/Users/AlumnoM/Desktop/PINGUS/Juego/Penguin/Content/Levels/Level3/_Generated_/22VUCJL9V9BU4WHNRGUSOZLG2.umap" 3418
"C:/Users/AlumnoM/Desktop/PINGUS/Juego/Penguin/Content/Levels/Level3/_Generated_/3U760IKM58X51ZVHLCUV42OU5.uexp" 3419
"C:/Users/AlumnoM/Desktop/PINGUS/Juego/Penguin/Content/Levels/Level3/_Generated_/3U760IKM58X51ZVHLCUV42OU5.ubulk" 3420
"C:/Users/AlumnoM/Desktop/PINGUS/Juego/Penguin/Content/Levels/Level3/_Generated_/3U760IKM58X51ZVHLCUV42OU5.umap" 3421
"C:/Users/AlumnoM/Desktop/PINGUS/Juego/Penguin/Content/Levels/Level3/_Generated_/DYI1WIL8NEVHBRAHI04R3R0OO.uexp" 3422
"C:/Users/AlumnoM/Desktop/PINGUS/Juego/Penguin/Content/Levels/Level3/_Generated_/DYI1WIL8NEVHBRAHI04R3R0OO.ubulk" 3423
"C:/Users/AlumnoM/Desktop/PINGUS/Juego/Penguin/Content/Levels/Level3/_Generated_/DYI1WIL8NEVHBRAHI04R3R0OO.umap" 3424
"C:/Users/AlumnoM/Desktop/PINGUS/Juego/Penguin/Content/Levels/Level3/_Generated_/2FR4SDG3HQTDC9CW0PXH5ICHB.uexp" 3425
"C:/Users/AlumnoM/Desktop/PINGUS/Juego/Penguin/Content/Levels/Level3/_Generated_/2FR4SDG3HQTDC9CW0PXH5ICHB.ubulk" 3426
"C:/Users/AlumnoM/Desktop/PINGUS/Juego/Penguin/Content/Levels/Level3/_Generated_/2FR4SDG3HQTDC9CW0PXH5ICHB.umap" 3427
"C:/Users/AlumnoM/Desktop/PINGUS/Juego/Penguin/Content/Levels/Level3/_Generated_/96FI0D7JMDU55XF0ACH1JU3JK.uexp" 3428
"C:/Users/AlumnoM/Desktop/PINGUS/Juego/Penguin/Content/Levels/Level3/_Generated_/96FI0D7JMDU55XF0ACH1JU3JK.ubulk" 3429
"C:/Users/AlumnoM/Desktop/PINGUS/Juego/Penguin/Content/Levels/Level3/_Generated_/96FI0D7JMDU55XF0ACH1JU3JK.umap" 3430
"C:/Users/AlumnoM/Desktop/PINGUS/Juego/Penguin/Content/Levels/Level3/_Generated_/7GIXEMIQCQGUJSB2OSK80NDT0.uexp" 3431
"C:/Users/AlumnoM/Desktop/PINGUS/Juego/Penguin/Content/Levels/Level3/_Generated_/7GIXEMIQCQGUJSB2OSK80NDT0.ubulk" 3432
"C:/Users/AlumnoM/Desktop/PINGUS/Juego/Penguin/Content/Levels/Level3/_Generated_/7GIXEMIQCQGUJSB2OSK80NDT0.umap" 3433
"C:/Users/AlumnoM/Desktop/PINGUS/Juego/Penguin/Content/Levels/Level3/_Generated_/6R9O8D7RXK53SLOO4A9MBKY2Y.uexp" 3434
"C:/Users/AlumnoM/Desktop/PINGUS/Juego/Penguin/Content/Levels/Level3/_Generated_/6R9O8D7RXK53SLOO4A9MBKY2Y.ubulk" 3435
"C:/Users/AlumnoM/Desktop/PINGUS/Juego/Penguin/Content/Levels/Level3/_Generated_/6R9O8D7RXK53SLOO4A9MBKY2Y.umap" 3436
"C:/Users/AlumnoM/Desktop/PINGUS/Juego/Penguin/Content/Levels/Level3/_Generated_/7EZW8QNHHF0UZEMCO32X73AN6.uexp" 3437
"C:/Users/AlumnoM/Desktop/PINGUS/Juego/Penguin/Content/Levels/Level3/_Generated_/7EZW8QNHHF0UZEMCO32X73AN6.ubulk" 3438
"C:/Users/AlumnoM/Desktop/PINGUS/Juego/Penguin/Content/Levels/Level3/_Generated_/7EZW8QNHHF0UZEMCO32X73AN6.umap" 3439
"C:/Users/AlumnoM/Desktop/PINGUS/Juego/Penguin/Content/Levels/Level3/_Generated_/F3OYA8KJ4G7MB9E85XX747TVN.uexp" 3440
"C:/Users/AlumnoM/Desktop/PINGUS/Juego/Penguin/Content/Levels/Level3/_Generated_/F3OYA8KJ4G7MB9E85XX747TVN.ubulk" 3441
"C:/Users/AlumnoM/Desktop/PINGUS/Juego/Penguin/Content/Levels/Level3/_Generated_/F3OYA8KJ4G7MB9E85XX747TVN.umap" 3442
"C:/Users/AlumnoM/Desktop/PINGUS/Juego/Penguin/Content/Levels/Level3/_Generated_/704JD8FWZZC3W3X2DCB30XG2O.uexp" 3443
"C:/Users/AlumnoM/Desktop/PINGUS/Juego/Penguin/Content/Levels/Level3/_Generated_/704JD8FWZZC3W3X2DCB30XG2O.ubulk" 3444
"C:/Users/AlumnoM/Desktop/PINGUS/Juego/Penguin/Content/Levels/Level3/_Generated_/704JD8FWZZC3W3X2DCB30XG2O.umap" 3445
"C:/Users/AlumnoM/Desktop/PINGUS/Juego/Penguin/Content/Levels/Level3/_Generated_/9YG61NOY0Q7Y29YSGLV3MFW8P.uexp" 3446
"C:/Users/AlumnoM/Desktop/PINGUS/Juego/Penguin/Content/Levels/Level3/_Generated_/9YG61NOY0Q7Y29YSGLV3MFW8P.ubulk" 3447
"C:/Users/AlumnoM/Desktop/PINGUS/Juego/Penguin/Content/Levels/Level3/_Generated_/9YG61NOY0Q7Y29YSGLV3MFW8P.umap" 3448
"C:/Users/AlumnoM/Desktop/PINGUS/Juego/Penguin/Content/Levels/Level3/_Generated_/9WPAQ583PSBYW3G2IU8HFZNB4.uexp" 3449
"C:/Users/AlumnoM/Desktop/PINGUS/Juego/Penguin/Content/Levels/Level3/_Generated_/9WPAQ583PSBYW3G2IU8HFZNB4.ubulk" 3450
"C:/Users/AlumnoM/Desktop/PINGUS/Juego/Penguin/Content/Levels/Level3/_Generated_/9WPAQ583PSBYW3G2IU8HFZNB4.umap" 3451
"C:/Users/AlumnoM/Desktop/PINGUS/Juego/Penguin/Content/Levels/Level3/_Generated_/5OY9ACFO5ILURZZ8CT9D2ZX1T.uexp" 3452
"C:/Users/AlumnoM/Desktop/PINGUS/Juego/Penguin/Content/Levels/Level3/_Generated_/5OY9ACFO5ILURZZ8CT9D2ZX1T.ubulk" 3453
"C:/Users/AlumnoM/Desktop/PINGUS/Juego/Penguin/Content/Levels/Level3/_Generated_/5OY9ACFO5ILURZZ8CT9D2ZX1T.umap" 3454
"C:/Users/AlumnoM/Desktop/PINGUS/Juego/Penguin/Content/Levels/Level3/_Generated_/7M4NWOUV6QZJOCVAEETYCNW62.uexp" 3455
"C:/Users/AlumnoM/Desktop/PINGUS/Juego/Penguin/Content/Levels/Level3/_Generated_/7M4NWOUV6QZJOCVAEETYCNW62.ubulk" 3456
"C:/Users/AlumnoM/Desktop/PINGUS/Juego/Penguin/Content/Levels/Level3/_Generated_/7M4NWOUV6QZJOCVAEETYCNW62.umap" 3457
"C:/Users/AlumnoM/Desktop/PINGUS/Juego/Penguin/Content/Levels/Level3/_Generated_/BDJZVULXTL34MP2LJ3RGDIWTX.uexp" 3458
"C:/Users/AlumnoM/Desktop/PINGUS/Juego/Penguin/Content/Levels/Level3/_Generated_/BDJZVULXTL34MP2LJ3RGDIWTX.ubulk" 3459
"C:/Users/AlumnoM/Desktop/PINGUS/Juego/Penguin/Content/Levels/Level3/_Generated_/BDJZVULXTL34MP2LJ3RGDIWTX.umap" 3460
"C:/Users/AlumnoM/Desktop/PINGUS/Juego/Penguin/Content/Levels/Level3/_Generated_/3NS41G1SGYMZ867VHKBAPFW95.uexp" 3461
"C:/Users/AlumnoM/Desktop/PINGUS/Juego/Penguin/Content/Levels/Level3/_Generated_/3NS41G1SGYMZ867VHKBAPFW95.ubulk" 3462
"C:/Users/AlumnoM/Desktop/PINGUS/Juego/Penguin/Content/Levels/Level3/_Generated_/3NS41G1SGYMZ867VHKBAPFW95.umap" 3463
"C:/Users/AlumnoM/Desktop/PINGUS/Juego/Penguin/Content/Levels/Level3/_Generated_/4LPW4X71T5VF8NZ98QFEVKGK3.uexp" 3464
"C:/Users/AlumnoM/Desktop/PINGUS/Juego/Penguin/Content/Levels/Level3/_Generated_/4LPW4X71T5VF8NZ98QFEVKGK3.ubulk" 3465
"C:/Users/AlumnoM/Desktop/PINGUS/Juego/Penguin/Content/Levels/Level3/_Generated_/4LPW4X71T5VF8NZ98QFEVKGK3.umap" 3466
"C:/Users/AlumnoM/Desktop/PINGUS/Juego/Penguin/Content/Levels/Level3/_Generated_/AI45C493PQQ117RLTPS5FE0T3.uexp" 3467
"C:/Users/AlumnoM/Desktop/PINGUS/Juego/Penguin/Content/Levels/Level3/_Generated_/AI45C493PQQ117RLTPS5FE0T3.ubulk" 3468
"C:/Users/AlumnoM/Desktop/PINGUS/Juego/Penguin/Content/Levels/Level3/_Generated_/AI45C493PQQ117RLTPS5FE0T3.umap" 3469
"C:/Users/AlumnoM/Desktop/PINGUS/Juego/Penguin/Content/Levels/Level3/_Generated_/92YTI6MVE8F9CAR75I02E9KUG.uexp" 3470
"C:/Users/AlumnoM/Desktop/PINGUS/Juego/Penguin/Content/Levels/Level3/_Generated_/92YTI6MVE8F9CAR75I02E9KUG.ubulk" 3471
"C:/Users/AlumnoM/Desktop/PINGUS/Juego/Penguin/Content/Levels/Level3/_Generated_/92YTI6MVE8F9CAR75I02E9KUG.umap" 3472
"C:/Users/AlumnoM/Desktop/PINGUS/Juego/Penguin/Content/Levels/Level3/_Generated_/E7AS4BJTZC0E7E3XQZIN24RNB.uexp" 3473
"C:/Users/AlumnoM/Desktop/PINGUS/Juego/Penguin/Content/Levels/Level3/_Generated_/E7AS4BJTZC0E7E3XQZIN24RNB.ubulk" 3474
"C:/Users/AlumnoM/Desktop/PINGUS/Juego/Penguin/Content/Levels/Level3/_Generated_/E7AS4BJTZC0E7E3XQZIN24RNB.umap" 3475
"C:/Users/AlumnoM/Desktop/PINGUS/Juego/Penguin/Content/Levels/Level3/_Generated_/0WWXVSIUSGPWATJ9957HEHISP.uexp" 3476
"C:/Users/AlumnoM/Desktop/PINGUS/Juego/Penguin/Content/Levels/Level3/_Generated_/0WWXVSIUSGPWATJ9957HEHISP.ubulk" 3477
"C:/Users/AlumnoM/Desktop/PINGUS/Juego/Penguin/Content/Levels/Level3/_Generated_/0WWXVSIUSGPWATJ9957HEHISP.umap" 3478
"C:/Users/AlumnoM/Desktop/PINGUS/Juego/Penguin/Content/Levels/Level3/_Generated_/6PFQAGYPMSC1QGPH37M8FB6Y9.uexp" 3479
"C:/Users/AlumnoM/Desktop/PINGUS/Juego/Penguin/Content/Levels/Level3/_Generated_/6PFQAGYPMSC1QGPH37M8FB6Y9.ubulk" 3480
"C:/Users/AlumnoM/Desktop/PINGUS/Juego/Penguin/Content/Levels/Level3/_Generated_/6PFQAGYPMSC1QGPH37M8FB6Y9.umap" 3481
"C:/Users/AlumnoM/Desktop/PINGUS/Juego/Penguin/Content/Levels/Level3/_Generated_/0JWL43ZN37491COCQLBVM382A.uexp" 3482
"C:/Users/AlumnoM/Desktop/PINGUS/Juego/Penguin/Content/Levels/Level3/_Generated_/0JWL43ZN37491COCQLBVM382A.ubulk" 3483
"C:/Users/AlumnoM/Desktop/PINGUS/Juego/Penguin/Content/Levels/Level3/_Generated_/0JWL43ZN37491COCQLBVM382A.umap" 3484
"C:/Users/AlumnoM/Desktop/PINGUS/Juego/Penguin/Content/Levels/Level3/_Generated_/D3BGKFFLZXUFIY2892L29XILK.uexp" 3485
"C:/Users/AlumnoM/Desktop/PINGUS/Juego/Penguin/Content/Levels/Level3/_Generated_/D3BGKFFLZXUFIY2892L29XILK.ubulk" 3486
"C:/Users/AlumnoM/Desktop/PINGUS/Juego/Penguin/Content/Levels/Level3/_Generated_/D3BGKFFLZXUFIY2892L29XILK.umap" 3487
"C:/Users/AlumnoM/Desktop/PINGUS/Juego/Penguin/Content/Levels/Level3/_Generated_/CKB7SC9NSLDVVQ6UYHWEPLQOT.uexp" 3488
"C:/Users/AlumnoM/Desktop/PINGUS/Juego/Penguin/Content/Levels/Level3/_Generated_/CKB7SC9NSLDVVQ6UYHWEPLQOT.ubulk" 3489
"C:/Users/AlumnoM/Desktop/PINGUS/Juego/Penguin/Content/Levels/Level3/_Generated_/CKB7SC9NSLDVVQ6UYHWEPLQOT.umap" 3490
"C:/Users/AlumnoM/Desktop/PINGUS/Juego/Penguin/Content/Levels/Level3/_Generated_/BR17G7X0VZMT8SGOQW4JXLNEO.uexp" 3491
"C:/Users/AlumnoM/Desktop/PINGUS/Juego/Penguin/Content/Levels/Level3/_Generated_/BR17G7X0VZMT8SGOQW4JXLNEO.ubulk" 3492
"C:/Users/AlumnoM/Desktop/PINGUS/Juego/Penguin/Content/Levels/Level3/_Generated_/BR17G7X0VZMT8SGOQW4JXLNEO.umap" 3493
"C:/Users/AlumnoM/Desktop/PINGUS/Juego/Penguin/Content/Levels/Level3/_Generated_/8152WQGKOZNIZ2KX1RMQU5ZE3.uexp" 3494
"C:/Users/AlumnoM/Desktop/PINGUS/Juego/Penguin/Content/Levels/Level3/_Generated_/8152WQGKOZNIZ2KX1RMQU5ZE3.ubulk" 3495
"C:/Users/AlumnoM/Desktop/PINGUS/Juego/Penguin/Content/Levels/Level3/_Generated_/8152WQGKOZNIZ2KX1RMQU5ZE3.umap" 3496
"C:/Users/AlumnoM/Desktop/PINGUS/Juego/Penguin/Content/Levels/Level3/_Generated_/2O9W4HOBMV5MZUI8ZODAEUP7P.uexp" 3497
"C:/Users/AlumnoM/Desktop/PINGUS/Juego/Penguin/Content/Levels/Level3/_Generated_/2O9W4HOBMV5MZUI8ZODAEUP7P.ubulk" 3498
"C:/Users/AlumnoM/Desktop/PINGUS/Juego/Penguin/Content/Levels/Level3/_Generated_/2O9W4HOBMV5MZUI8ZODAEUP7P.umap" 3499
"C:/Users/AlumnoM/Desktop/PINGUS/Juego/Penguin/Content/Levels/Level3/_Generated_/6CS2UK0XZTKD0MCL5ZUL3DO9O.uexp" 3500
"C:/Users/AlumnoM/Desktop/PINGUS/Juego/Penguin/Content/Levels/Level3/_Generated_/6CS2UK0XZTKD0MCL5ZUL3DO9O.ubulk" 3501
"C:/Users/AlumnoM/Desktop/PINGUS/Juego/Penguin/Content/Levels/Level3/_Generated_/6CS2UK0XZTKD0MCL5ZUL3DO9O.umap" 3502
"C:/Users/AlumnoM/Desktop/PINGUS/Juego/Penguin/Content/Levels/Level3/_Generated_/915Z49SP8M635WRKUNXTQW0TA.uexp" 3503
"C:/Users/AlumnoM/Desktop/PINGUS/Juego/Penguin/Content/Levels/Level3/_Generated_/915Z49SP8M635WRKUNXTQW0TA.ubulk" 3504
"C:/Users/AlumnoM/Desktop/PINGUS/Juego/Penguin/Content/Levels/Level3/_Generated_/915Z49SP8M635WRKUNXTQW0TA.umap" 3505
"C:/Users/AlumnoM/Desktop/PINGUS/Juego/Penguin/Content/Levels/Level3/_Generated_/83Q79O5I8KPZQL8EE1D614O35.uexp" 3506
"C:/Users/AlumnoM/Desktop/PINGUS/Juego/Penguin/Content/Levels/Level3/_Generated_/83Q79O5I8KPZQL8EE1D614O35.ubulk" 3507
"C:/Users/AlumnoM/Desktop/PINGUS/Juego/Penguin/Content/Levels/Level3/_Generated_/83Q79O5I8KPZQL8EE1D614O35.umap" 3508
"C:/Users/AlumnoM/Desktop/PINGUS/Juego/Penguin/Content/Levels/Level3/_Generated_/1DKJA75CMXY3MOGIVLZEFJY8Q.uexp" 3509
"C:/Users/AlumnoM/Desktop/PINGUS/Juego/Penguin/Content/Levels/Level3/_Generated_/1DKJA75CMXY3MOGIVLZEFJY8Q.ubulk" 3510
"C:/Users/AlumnoM/Desktop/PINGUS/Juego/Penguin/Content/Levels/Level3/_Generated_/1DKJA75CMXY3MOGIVLZEFJY8Q.umap" 3511
"C:/Users/AlumnoM/Desktop/PINGUS/Juego/Penguin/Content/Levels/Level3/_Generated_/D7G1ZSEKCX3S9SKDNOW9JULZG.uexp" 3512
"C:/Users/AlumnoM/Desktop/PINGUS/Juego/Penguin/Content/Levels/Level3/_Generated_/D7G1ZSEKCX3S9SKDNOW9JULZG.ubulk" 3513
"C:/Users/AlumnoM/Desktop/PINGUS/Juego/Penguin/Content/Levels/Level3/_Generated_/D7G1ZSEKCX3S9SKDNOW9JULZG.umap" 3514
"C:/Users/AlumnoM/Desktop/PINGUS/Juego/Penguin/Content/Levels/Level3/_Generated_/7M9EFMWIQRWV0BIPF7C9HCWUO.uexp" 3515
"C:/Users/AlumnoM/Desktop/PINGUS/Juego/Penguin/Content/Levels/Level3/_Generated_/7M9EFMWIQRWV0BIPF7C9HCWUO.ubulk" 3516
"C:/Users/AlumnoM/Desktop/PINGUS/Juego/Penguin/Content/Levels/Level3/_Generated_/7M9EFMWIQRWV0BIPF7C9HCWUO.umap" 3517
"C:/Users/AlumnoM/Desktop/PINGUS/Juego/Penguin/Content/Levels/Level3/_Generated_/8OMXZXRVMVW295CMD05U393GM.uexp" 3518
"C:/Users/AlumnoM/Desktop/PINGUS/Juego/Penguin/Content/Levels/Level3/_Generated_/8OMXZXRVMVW295CMD05U393GM.ubulk" 3519
"C:/Users/AlumnoM/Desktop/PINGUS/Juego/Penguin/Content/Levels/Level3/_Generated_/8OMXZXRVMVW295CMD05U393GM.umap" 3520
"C:/Users/AlumnoM/Desktop/PINGUS/Juego/Penguin/Content/Levels/Level3/_Generated_/F4YQ3WUFN2SJ7EFL4VNPHLOD0.uexp" 3521
"C:/Users/AlumnoM/Desktop/PINGUS/Juego/Penguin/Content/Levels/Level3/_Generated_/F4YQ3WUFN2SJ7EFL4VNPHLOD0.ubulk" 3522
"C:/Users/AlumnoM/Desktop/PINGUS/Juego/Penguin/Content/Levels/Level3/_Generated_/F4YQ3WUFN2SJ7EFL4VNPHLOD0.umap" 3523
