"C:/Users/AlumnoM/Desktop/PINGUS/Juego/Penguin/Penguin.uproject" 1
"../../../Engine/Plugins/AudioGameplay/AudioGameplay.uplugin" 2
"../../../Engine/Plugins/AudioInsights/AudioInsights.uplugin" 3
"../../../Engine/Plugins/AudioGameplayVolume/AudioGameplayVolume.uplugin" 4
"../../../Engine/Plugins/Bridge/Bridge.uplugin" 5
"../../../Engine/Plugins/ChaosVD/ChaosVD.uplugin" 6
"../../../Engine/Plugins/BlueprintFileUtils/BlueprintFileUtils.uplugin" 7
"../../../Engine/Plugins/ChaosClothAsset/ChaosClothAsset.uplugin" 8
"../../../Engine/Plugins/FastBuildController/FastBuildController.uplugin" 9
"../../../Engine/Plugins/CmdLinkServer/CmdLinkServer.uplugin" 10
"../../../Engine/Plugins/DiscoveryBeaconReceiver/DiscoveryBeaconReceiver.uplugin" 11
"../../../Engine/Plugins/ChaosCloth/ChaosCloth.uplugin" 12
"../../../Engine/Plugins/JsonBlueprintUtilities/JsonBlueprintUtilities.uplugin" 13
"../../../Engine/Plugins/PCG/PCG.uplugin" 14
"../../../Engine/Plugins/PCGGeometryScriptInterop/PCGGeometryScriptInterop.uplugin" 15
"../../../Engine/Plugins/LightWeightInstancesEditor/LightWeightInstancesEditor.uplugin" 16
"../../../Engine/Plugins/ChaosClothAssetEditor/ChaosClothAssetEditor.uplugin" 17
"../../../Engine/Plugins/EnhancedInput/EnhancedInput.uplugin" 18
"../../../Engine/Plugins/MemoryUsageQueries/MemoryUsageQueries.uplugin" 19
"../../../Engine/Plugins/RenderGraphInsights/RenderGraphInsights.uplugin" 20
"../../../Engine/Plugins/MeshPainting/MeshPainting.uplugin" 21
"../../../Engine/Plugins/PCGExternalDataInterop/PCGExternalDataInterop.uplugin" 22
"../../../Engine/Plugins/TraceUtilities/TraceUtilities.uplugin" 23
"../../../Engine/Plugins/UbaController/UbaController.uplugin" 24
"../../../Engine/Plugins/WorldMetrics/WorldMetrics.uplugin" 25
"../../../Engine/Plugins/ScriptPlugin/ScriptPlugin.uplugin" 26
"../../../Engine/Plugins/XGEController/XGEController.uplugin" 27
"../../../Engine/Plugins/Portal/LauncherChunkInstaller/LauncherChunkInstaller.uplugin" 28
"../../../Engine/Plugins/AI/AISupport/AISupport.uplugin" 29
"../../../Engine/Plugins/MovieScene/CustomizableSequencerTracks/CustomizableSequencerTracks.uplugin" 30
"../../../Engine/Plugins/MovieScene/MovieRenderPipeline/MovieRenderPipeline.uplugin" 31
"../../../Engine/Plugins/AI/MassAI/MassAI.uplugin" 32
"../../../Engine/Plugins/AI/MassCrowd/MassCrowd.uplugin" 33
"../../../Engine/Plugins/MovieScene/MoviePipelineMaskRenderPass/MoviePipelineMaskRenderPass.uplugin" 34
"../../../Engine/Plugins/AI/HTNPlanner/HTNPlanner.uplugin" 35
"../../../Engine/Plugins/MovieScene/ActorSequence/ActorSequence.uplugin" 36
"../../../Engine/Plugins/AI/MLAdapter/MLAdapter.uplugin" 37
"../../../Engine/Plugins/MovieScene/LevelSequenceEditor/LevelSequenceEditor.uplugin" 38
"../../../Engine/Plugins/MovieScene/SequencerScripting/SequencerScripting.uplugin" 39
"../../../Engine/Plugins/AI/EnvironmentQueryEditor/EnvironmentQueryEditor.uplugin" 40
"../../../Engine/Plugins/MovieScene/MovieSceneTextTrack/MovieSceneTextTrack.uplugin" 41
"../../../Engine/Plugins/Interchange/Editor/InterchangeEditor.uplugin" 42
"../../../Engine/Plugins/MovieScene/ReplayTracks/ReplayTracks.uplugin" 43
"../../../Engine/Plugins/MovieScene/TemplateSequence/TemplateSequence.uplugin" 44
"../../../Engine/Plugins/Slate/SlateScripting/SlateScripting.uplugin" 45
"../../../Engine/Plugins/Online/EOSShared/EOSShared.uplugin" 46
"../../../Engine/Plugins/Interchange/Runtime/Interchange.uplugin" 47
"../../../Engine/Plugins/Slate/SlateInsights/SlateInsights.uplugin" 48
"../../../Engine/Plugins/Online/OnlineBase/OnlineBase.uplugin" 49
"../../../Engine/Plugins/Online/OnlineServices/OnlineServices.uplugin" 50
"../../../Engine/Plugins/Online/OnlineServicesNull/OnlineServicesNull.uplugin" 51
"../../../Engine/Plugins/Online/OnlineFramework/OnlineFramework.uplugin" 52
"../../../Engine/Plugins/Online/OnlineServicesEOS/OnlineServicesEOS.uplugin" 53
"../../../Engine/Plugins/Online/OnlineServicesEOSGS/OnlineServicesEOSGS.uplugin" 54
"../../../Engine/Plugins/Online/OnlineServicesOSSAdapter/OnlineServicesOSSAdapter.uplugin" 55
"../../../Engine/Plugins/Online/EOSOverlayInputProvider/EOSOverlayInputProvider.uplugin" 56
"../../../Engine/Plugins/Online/OnlineSubsystem/OnlineSubsystem.uplugin" 57
"../../../Engine/Plugins/Online/OnlineSubsystemEOS/OnlineSubsystemEOS.uplugin" 58
"../../../Engine/Plugins/Online/OnlineSubsystemAmazon/OnlineSubsystemAmazon.uplugin" 59
"../../../Engine/Plugins/Online/OnlineSubsystemFacebook/OnlineSubsystemFacebook.uplugin" 60
"../../../Engine/Plugins/Online/OnlineSubsystemGoogle/OnlineSubsystemGoogle.uplugin" 61
"../../../Engine/Plugins/Online/OnlineSubsystemApple/OnlineSubsystemApple.uplugin" 62
"../../../Engine/Plugins/Online/OnlineSubsystemSteam/OnlineSubsystemSteam.uplugin" 63
"../../../Engine/Plugins/Online/OnlineSubsystemNull/OnlineSubsystemNull.uplugin" 64
"../../../Engine/Plugins/Media/AjaMedia/AjaMedia.uplugin" 65
"../../../Engine/Plugins/Media/AndroidCamera/AndroidCamera.uplugin" 66
"../../../Engine/Plugins/Online/OnlineSubsystemOculus/OnlineSubsystemOculus.uplugin" 67
"../../../Engine/Plugins/Online/SocketSubsystemEOS/SocketSubsystemEOS.uplugin" 68
"../../../Engine/Plugins/Online/OnlineSubsystemUtils/OnlineSubsystemUtils.uplugin" 69
"../../../Engine/Plugins/Online/WebAuth/WebAuth.uplugin" 70
"../../../Engine/Plugins/Online/OnlineSubsystemTencent/OnlineSubsystemTencent.uplugin" 71
"../../../Engine/Plugins/Media/AndroidMedia/AndroidMedia.uplugin" 72
"../../../Engine/Plugins/Media/AppleProResMedia/AppleProResMedia.uplugin" 73
"../../../Engine/Plugins/Media/AppleProResDecoderElectra/AppleProResDecoderElectra.uplugin" 74
"../../../Engine/Plugins/Media/AudioCaptureTimecodeProvider/AudioCaptureTimecodeProvider.uplugin" 75
"../../../Engine/Plugins/Media/AvfMedia/AvfMedia.uplugin" 76
"../../../Engine/Plugins/Media/AvidDNxHDDecoderElectra/AvidDNxHDDecoderElectra.uplugin" 77
"../../../Engine/Plugins/Media/AvidDNxMedia/AvidDNxMedia.uplugin" 78
"../../../Engine/Plugins/Media/BinkMedia/BinkMedia.uplugin" 79
"../../../Engine/Plugins/Media/ElectraCDM/ElectraCDM.uplugin" 80
"../../../Engine/Plugins/Media/BlackmagicMedia/BlackmagicMedia.uplugin" 81
"../../../Engine/Plugins/Media/ElectraCodecs/ElectraCodecs.uplugin" 82
"../../../Engine/Plugins/Media/ElectraPlayer/ElectraPlayer.uplugin" 83
"../../../Engine/Plugins/Media/HAPDecoderElectra/HAPDecoderElectra.uplugin" 84
"../../../Engine/Plugins/Media/ElectraUtil/ElectraUtil.uplugin" 85
"../../../Engine/Plugins/Media/HAPMedia/HAPMedia.uplugin" 86
"../../../Engine/Plugins/Media/ElectraSubtitles/ElectraSubtitles.uplugin" 87
"../../../Engine/Plugins/Media/ImgMedia/ImgMedia.uplugin" 88
"../../../Engine/Plugins/Media/MediaCompositing/MediaCompositing.uplugin" 89
"../../../Engine/Plugins/Media/HardwareEncoders/HardwareEncoders.uplugin" 90
"../../../Engine/Plugins/Media/LinearTimecode/LinearTimecode.uplugin" 91
"../../../Engine/Plugins/Media/MediaFrameworkUtilities/MediaFrameworkUtilities.uplugin" 92
"../../../Engine/Plugins/Media/MediaIOFramework/MediaIOFramework.uplugin" 93
"../../../Engine/Plugins/Media/MediaMovieStreamer/MediaMovieStreamer.uplugin" 94
"../../../Engine/Plugins/Media/MediaPlate/MediaPlate.uplugin" 95
"../../../Engine/Plugins/Media/OpusDecoderElectra/OpusDecoderElectra.uplugin" 96
"../../../Engine/Plugins/Media/MediaPlayerEditor/MediaPlayerEditor.uplugin" 97
"../../../Engine/Plugins/Media/MfMedia/MfMedia.uplugin" 98
"../../../Engine/Plugins/Media/VPxDecoderElectra/VPxDecoderElectra.uplugin" 99
"../../../Engine/Plugins/Media/PixelStreaming/PixelStreaming.uplugin" 100
"../../../Engine/Plugins/Media/PixelCapture/PixelCapture.uplugin" 101
"../../../Engine/Plugins/Media/WebMMedia/WebMMedia.uplugin" 102
"../../../Engine/Plugins/Media/TimecodeSynchronizer/TimecodeSynchronizer.uplugin" 103
"../../../Engine/Plugins/Media/WmfMedia/WmfMedia.uplugin" 104
"../../../Engine/Plugins/FX/ExampleCustomDataInterface/ExampleCustomDataInterface.uplugin" 105
"../../../Engine/Plugins/FX/NiagaraFluids/NiagaraFluids.uplugin" 106
"../../../Engine/Plugins/FX/Niagara/Niagara.uplugin" 107
"../../../Engine/Plugins/FX/NiagaraSimCaching/NiagaraSimCaching.uplugin" 108
"../../../Engine/Plugins/FX/NiagaraMRQ/NiagaraMRQ.uplugin" 109
"../../../Engine/Plugins/VirtualProduction/CameraCalibration/CameraCalibration.uplugin" 110
"../../../Engine/Plugins/FX/CascadeToNiagaraConverter/CascadeToNiagaraConverter.uplugin" 111
"../../../Engine/Plugins/VirtualProduction/CameraCalibrationCore/CameraCalibrationCore.uplugin" 112
"../../../Engine/Plugins/VirtualProduction/DataCharts/DataCharts.uplugin" 113
"../../../Engine/Plugins/VirtualProduction/LensComponent/LensComponent.uplugin" 114
"../../../Engine/Plugins/VirtualProduction/EpicStageApp/EpicStageApp.uplugin" 115
"../../../Engine/Plugins/VirtualProduction/LevelSnapshots/LevelSnapshots.uplugin" 116
"../../../Engine/Plugins/VirtualProduction/ICVFX/ICVFX.uplugin" 117
"../../../Engine/Plugins/VirtualProduction/CompositePlane/CompositePlane.uplugin" 118
"../../../Engine/Plugins/VirtualProduction/ICVFXTesting/ICVFXTesting.uplugin" 119
"../../../Engine/Plugins/VirtualProduction/LiveLinkCamera/LiveLinkCamera.uplugin" 120
"../../../Engine/Plugins/VirtualProduction/LiveLinkMasterLockit/LiveLinkMasterLockit.uplugin" 121
"../../../Engine/Plugins/VirtualProduction/LiveLinkXR/LiveLinkXR.uplugin" 122
"../../../Engine/Plugins/VirtualProduction/LiveLinkPrestonMDR/LiveLinkPrestonMDR.uplugin" 123
"../../../Engine/Plugins/VirtualProduction/LiveLinkFreeD/LiveLinkFreeD.uplugin" 124
"../../../Engine/Plugins/VirtualProduction/LiveLinkInputDevice/LiveLinkInputDevice.uplugin" 125
"../../../Engine/Plugins/VirtualProduction/LiveLinkLens/LiveLinkLens.uplugin" 126
"../../../Engine/Plugins/VirtualProduction/MultiUserTakes/MultiUserTakes.uplugin" 127
"../../../Engine/Plugins/VirtualProduction/RemoteControl/RemoteControl.uplugin" 128
"../../../Engine/Plugins/VirtualProduction/RemoteControlInterception/RemoteControlInterception.uplugin" 129
"../../../Engine/Plugins/VirtualProduction/RemoteControlProtocolDMX/RemoteControlProtocolDMX.uplugin" 130
"../../../Engine/Plugins/VirtualProduction/LiveLinkVRPN/LiveLinkVRPN.uplugin" 131
"../../../Engine/Plugins/VirtualProduction/RemoteControlProtocolMIDI/RemoteControlProtocolMIDI.uplugin" 132
"../../../Engine/Plugins/VirtualProduction/RemoteControlProtocolOSC/RemoteControlProtocolOSC.uplugin" 133
"../../../Engine/Plugins/VirtualProduction/RemoteControlWebInterface/RemoteControlWebInterface.uplugin" 134
"../../../Engine/Plugins/VirtualProduction/StageMonitoring/StageMonitoring.uplugin" 135
"../../../Engine/Plugins/VirtualProduction/Takes/Takes.uplugin" 136
"../../../Engine/Plugins/VirtualProduction/Switchboard/Switchboard.uplugin" 137
"../../../Engine/Plugins/VirtualProduction/SequencerPlaylists/SequencerPlaylists.uplugin" 138
"../../../Engine/Plugins/VirtualProduction/TextureShare/TextureShare.uplugin" 139
"../../../Engine/Plugins/VirtualProduction/VirtualCamera/VirtualCamera.uplugin" 140
"../../../Engine/Plugins/VirtualProduction/VirtualCameraCore/VirtualCameraCore.uplugin" 141
"../../../Engine/Plugins/Compositing/Composure/Composure.uplugin" 142
"../../../Engine/Plugins/VirtualProduction/TimedDataMonitor/TimedDataMonitor.uplugin" 143
"../../../Engine/Plugins/Web/HttpBlueprint/HttpBlueprint.uplugin" 144
"../../../Engine/Plugins/Compositing/LensDistortion/LensDistortion.uplugin" 145
"../../../Engine/Plugins/Compositing/OpenColorIO/OpenColorIO.uplugin" 146
"../../../Engine/Plugins/Enterprise/DatasmithC4DImporter/DatasmithC4DImporter.uplugin" 147
"../../../Engine/Plugins/Enterprise/AxFImporter/AxFImporter.uplugin" 148
"../../../Engine/Plugins/Enterprise/VariantManagerContent/VariantManagerContent.uplugin" 149
"../../../Engine/Plugins/Messaging/TcpMessaging/TcpMessaging.uplugin" 150
"../../../Engine/Plugins/Enterprise/DatasmithCADImporter/DatasmithCADImporter.uplugin" 151
"../../../Engine/Plugins/Enterprise/MDLImporter/MDLImporter.uplugin" 152
"../../../Engine/Plugins/Messaging/MessagingDebugger/MessagingDebugger.uplugin" 153
"../../../Engine/Plugins/Compositing/OpenCVLensDistortion/OpenCVLensDistortion.uplugin" 154
"../../../Engine/Plugins/Compression/OodleNetwork/OodleNetwork.uplugin" 155
"../../../Engine/Plugins/Enterprise/DatasmithFBXImporter/DatasmithFBXImporter.uplugin" 156
"../../../Engine/Plugins/Messaging/UdpMessaging/UdpMessaging.uplugin" 157
"../../../Engine/Plugins/Enterprise/DataprepEditor/DataprepEditor.uplugin" 158
"../../../Engine/Plugins/Developer/BlankPlugin/BlankPlugin.uplugin" 159
"../../../Engine/Plugins/Importers/AlembicHairImporter/AlembicHairImporter.uplugin" 160
"../../../Engine/Plugins/Importers/AlembicImporter/AlembicImporter.uplugin" 161
"../../../Engine/Plugins/Enterprise/DatasmithImporter/DatasmithImporter.uplugin" 162
"../../../Engine/Plugins/Developer/CLionSourceCodeAccess/CLionSourceCodeAccess.uplugin" 163
"../../../Engine/Plugins/Enterprise/LidarPointCloud/LidarPointCloud.uplugin" 164
"../../../Engine/Plugins/Importers/USDImporter/USDImporter.uplugin" 165
"../../../Engine/Plugins/Developer/DumpGPUServices/DumpGPUServices.uplugin" 166
"../../../Engine/Plugins/Developer/CodeLiteSourceCodeAccess/CodeLiteSourceCodeAccess.uplugin" 167
"../../../Engine/Plugins/Enterprise/VariantManager/VariantManager.uplugin" 168
"../../../Engine/Plugins/Enterprise/DatasmithContent/DatasmithContent.uplugin" 169
"../../../Engine/Plugins/Developer/GitSourceControl/GitSourceControl.uplugin" 170
"../../../Engine/Plugins/Developer/PerforceSourceControl/PerforceSourceControl.uplugin" 171
"../../../Engine/Plugins/Developer/KDevelopSourceCodeAccess/KDevelopSourceCodeAccess.uplugin" 172
"../../../Engine/Plugins/Developer/PixWinPlugin/PixWinPlugin.uplugin" 173
"../../../Engine/Plugins/Developer/PlasticSourceControl/PlasticSourceControl.uplugin" 174
"../../../Engine/Plugins/Developer/NullSourceCodeAccess/NullSourceCodeAccess.uplugin" 175
"../../../Engine/Plugins/Enterprise/GLTFExporter/GLTFExporter.uplugin" 176
"../../../Engine/Plugins/Developer/AnimationSharing/AnimationSharing.uplugin" 177
"../../../Engine/Plugins/Developer/OneSkyLocalizationService/OneSkyLocalizationService.uplugin" 178
"../../../Engine/Plugins/Developer/N10XSourceCodeAccess/N10XSourceCodeAccess.uplugin" 179
"../../../Engine/Plugins/Developer/PluginUtils/PluginUtils.uplugin" 180
"../../../Engine/Plugins/Importers/USDMultiUser/USDMultiUser.uplugin" 181
"../../../Engine/Plugins/Developer/PropertyAccessNode/PropertyAccessNode.uplugin" 182
"../../../Engine/Plugins/Developer/RiderSourceCodeAccess/RiderSourceCodeAccess.uplugin" 183
"../../../Engine/Plugins/Developer/RenderDocPlugin/RenderDocPlugin.uplugin" 184
"../../../Engine/Plugins/Developer/SubversionSourceControl/SubversionSourceControl.uplugin" 185
"../../../Engine/Plugins/Developer/TraceDataFiltering/TraceDataFilters.uplugin" 186
"../../../Engine/Plugins/Developer/TextureFormatOodle/TextureFormatOodle.uplugin" 187
"../../../Engine/Plugins/Developer/TraceSourceFiltering/TraceSourceFilters.uplugin" 188
"../../../Engine/Plugins/Developer/VisualStudioCodeSourceCodeAccess/VisualStudioCodeSourceCodeAccess.uplugin" 189
"../../../Engine/Plugins/Developer/VisualStudioSourceCodeAccess/VisualStudioSourceCodeAccess.uplugin" 190
"../../../Engine/Plugins/Developer/XcodeGPUDebuggerPlugin/XcodeGPUDebuggerPlugin.uplugin" 191
"../../../Engine/Plugins/Protocols/MQTT/MQTT.uplugin" 192
"../../../Engine/Plugins/Developer/XCodeSourceCodeAccess/XCodeSourceCodeAccess.uplugin" 193
"../../../Engine/Plugins/Editor/AssetSearch/AssetSearch.uplugin" 194
"../../../Engine/Plugins/Editor/BlueprintHeaderView/BlueprintHeaderView.uplugin" 195
"../../../Engine/Plugins/Developer/UObjectPlugin/UObjectPlugin.uplugin" 196
"../../../Engine/Plugins/Editor/AssetRegistryExport/AssetRegistryExport.uplugin" 197
"../../../Engine/Plugins/Editor/AssetManagerEditor/AssetManagerEditor.uplugin" 198
"../../../Engine/Plugins/Editor/CryptoKeys/CryptoKeys.uplugin" 199
"../../../Engine/Plugins/Editor/ChangelistReview/ChangelistReview.uplugin" 200
"../../../Engine/Plugins/Editor/ConsoleVariablesEditor/ConsoleVariables.uplugin" 201
"../../../Engine/Plugins/Editor/DataValidation/DataValidation.uplugin" 202
"../../../Engine/Plugins/Editor/CurveEditorTools/CurveEditorTools.uplugin" 203
"../../../Engine/Plugins/Editor/BlueprintMaterialTextureNodes/BlueprintMaterialTextureNodes.uplugin" 204
"../../../Engine/Plugins/Editor/DisplayClusterLaunch/DisplayClusterLaunch.uplugin" 205
"../../../Engine/Plugins/Performance/PerformanceMonitor/PerformanceMonitor.uplugin" 206
"../../../Engine/Plugins/Editor/AssetReferenceRestrictions/AssetReferenceRestrictions.uplugin" 207
"../../../Engine/Plugins/Editor/EditorDebugTools/EditorDebugTools.uplugin" 208
"../../../Engine/Plugins/Editor/EditorScriptingUtilities/EditorScriptingUtilities.uplugin" 209
"../../../Engine/Plugins/Editor/EditorSysConfigAssistant/EditorSysConfigAssistant.uplugin" 210
"../../../Engine/Plugins/Editor/EditorPerformanceModule/EditorPerformanceModule.uplugin" 211
"../../../Engine/Plugins/Editor/EngineAssetDefinitions/EngineAssetDefinitions.uplugin" 212
"../../../Engine/Plugins/Editor/GameplayTagsEditor/GameplayTagsEditor.uplugin" 213
"../../../Engine/Plugins/Editor/FacialAnimation/FacialAnimation.uplugin" 214
"../../../Engine/Plugins/Editor/GeometryMode/GeometryMode.uplugin" 215
"../../../Engine/Plugins/Editor/MacGraphicsSwitching/MacGraphicsSwitching.uplugin" 216
"../../../Engine/Plugins/Editor/LiveUpdateForSlate/LiveUpdateForSlate.uplugin" 217
"../../../Engine/Plugins/Editor/GuidedTutorials/GuidedTutorials.uplugin" 218
"../../../Engine/Plugins/Editor/MaterialAnalyzer/MaterialAnalyzer.uplugin" 219
"../../../Engine/Plugins/Editor/MeshLODToolset/MeshLODToolset.uplugin" 220
"../../../Engine/Plugins/Editor/MakeCookedEditorAsDLC/MakeCookedEditorAsDLC.uplugin" 221
"../../../Engine/Plugins/Editor/MobileLauncherProfileWizard/MobileLauncherProfileWizard.uplugin" 222
"../../../Engine/Plugins/Editor/ModelingToolsEditorMode/ModelingToolsEditorMode.uplugin" 223
"../../../Engine/Plugins/Editor/ProxyLODPlugin/ProxyLODPlugin.uplugin" 224
"../../../Engine/Plugins/Editor/PluginBrowser/PluginBrowser.uplugin" 225
"../../../Engine/Plugins/Editor/SequencerAnimTools/SequencerAnimTools.uplugin" 226
"../../../Engine/Plugins/Editor/SampleToolsEditorMode/SampleToolsEditorMode.uplugin" 227
"../../../Engine/Plugins/Editor/UVEditor/UVEditor.uplugin" 228
"../../../Engine/Plugins/Editor/SpeedTreeImporter/SpeedTreeImporter.uplugin" 229
"../../../Engine/Plugins/Editor/ScriptableToolsEditorMode/ScriptableToolsEditorMode.uplugin" 230
"../../../Engine/Plugins/Editor/WaveformEditor/WaveformEditor.uplugin" 231
"../../../Engine/Plugins/Editor/StylusInput/StylusInput.uplugin" 232
"../../../Engine/Plugins/Editor/WorldPartitionHLODUtilities/WorldPartitionHLODUtilities.uplugin" 233
"../../../Engine/Plugins/Editor/StaticMeshEditorModeling/StaticMeshEditorModeling.uplugin" 234
"../../../Engine/Plugins/Tests/AutomationDriverTests/AutomationDriverTests.uplugin" 235
"../../../Engine/Plugins/Tests/CQTest/CQTest.uplugin" 236
"../../../Engine/Plugins/Tests/FbxAutomationTestBuilder/FbxAutomationTestBuilder.uplugin" 237
"../../../Engine/Plugins/Tests/EditorTests/EditorTests.uplugin" 238
"../../../Engine/Plugins/Tests/FunctionalTestingEditor/FunctionalTestingEditor.uplugin" 239
"../../../Engine/Plugins/Tests/PythonAutomationTest/PythonAutomationTest.uplugin" 240
"../../../Engine/Plugins/Tests/InterchangeTests/InterchangeTests.uplugin" 241
"../../../Engine/Plugins/Tests/RuntimeTests/RuntimeTests.uplugin" 242
"../../../Engine/Plugins/Tests/TestSamples/TestSamples.uplugin" 243
"../../../Engine/Plugins/NetcodeUnitTest/NetcodeUnitTest/NetcodeUnitTest.uplugin" 244
"../../../Engine/Plugins/NNE/NNERuntimeORT/NNERuntimeORT.uplugin" 245
"../../../Engine/Plugins/NetcodeUnitTest/NUTUnrealEngine/NUTUnrealEngine.uplugin" 246
"../../../Engine/Plugins/Runtime/ActorLayerUtilities/ActorLayerUtilities.uplugin" 247
"../../../Engine/Plugins/Tests/TestFramework/TestFramework.uplugin" 248
"../../../Engine/Plugins/Tests/WidgetAutomationTests/WidgetAutomationTests.uplugin" 249
"../../../Engine/Plugins/Runtime/AndroidBackgroundService/AndroidBackgroundService.uplugin" 250
"../../../Engine/Plugins/Tests/RHITests/RHITests.uplugin" 251
"../../../Engine/Plugins/Runtime/AndroidDeviceProfileSelector/AndroidDeviceProfileSelector.uplugin" 252
"../../../Engine/Plugins/Runtime/AndroidFileServer/AndroidFileServer.uplugin" 253
"../../../Engine/Plugins/Runtime/AndroidMoviePlayer/AndroidMoviePlayer.uplugin" 254
"../../../Engine/Plugins/Runtime/AndroidPermission/AndroidPermission.uplugin" 255
"../../../Engine/Plugins/Runtime/AppleImageUtils/AppleImageUtils.uplugin" 256
"../../../Engine/Plugins/Runtime/ApexDestruction/ApexDestruction.uplugin" 257
"../../../Engine/Plugins/Runtime/AnimationBudgetAllocator/AnimationBudgetAllocator.uplugin" 258
"../../../Engine/Plugins/Runtime/AssetTags/AssetTags.uplugin" 259
"../../../Engine/Plugins/Runtime/AudioCapture/AudioCapture.uplugin" 260
"../../../Engine/Plugins/Runtime/AppleMoviePlayer/AppleMoviePlayer.uplugin" 261
"../../../Engine/Plugins/Runtime/ArchVisCharacter/ArchVisCharacter.uplugin" 262
"../../../Engine/Plugins/Runtime/AudioSynesthesia/AudioSynesthesia.uplugin" 263
"../../../Engine/Plugins/Runtime/AudioModulation/AudioModulation.uplugin" 264
"../../../Engine/Plugins/Runtime/AudioMotorSim/AudioMotorSim.uplugin" 265
"../../../Engine/Plugins/Runtime/CableComponent/CableComponent.uplugin" 266
"../../../Engine/Plugins/Runtime/AudioWidgets/AudioWidgets.uplugin" 267
"../../../Engine/Plugins/Runtime/CommonUI/CommonUI.uplugin" 268
"../../../Engine/Plugins/Runtime/ChunkDownloader/ChunkDownloader.uplugin" 269
"../../../Engine/Plugins/Runtime/ComputeFramework/ComputeFramework.uplugin" 270
"../../../Engine/Plugins/Runtime/DataRegistry/DataRegistry.uplugin" 271
"../../../Engine/Plugins/Runtime/CustomMeshComponent/CustomMeshComponent.uplugin" 272
"../../../Engine/Plugins/Runtime/GameplayAbilities/GameplayAbilities.uplugin" 273
"../../../Engine/Plugins/Runtime/Firebase/Firebase.uplugin" 274
"../../../Engine/Plugins/Runtime/GameInput/GameInput.uplugin" 275
"../../../Engine/Plugins/Runtime/GameplayInteractions/GameplayInteractions.uplugin" 276
"../../../Engine/Plugins/Runtime/ExampleDeviceProfileSelector/ExampleDeviceProfileSelector.uplugin" 277
"../../../Engine/Plugins/Runtime/GameplayBehaviorSmartObjects/GameplayBehaviorSmartObjects.uplugin" 278
"../../../Engine/Plugins/Runtime/GameFeatures/GameFeatures.uplugin" 279
"../../../Engine/Plugins/Runtime/GeometryScripting/GeometryScripting.uplugin" 280
"../../../Engine/Plugins/Runtime/GameplayStateTree/GameplayStateTree.uplugin" 281
"../../../Engine/Plugins/Runtime/GeometryCache/GeometryCache.uplugin" 282
"../../../Engine/Plugins/Runtime/GeometryProcessing/GeometryProcessing.uplugin" 283
"../../../Engine/Plugins/Runtime/GoogleCloudMessaging/GoogleCloudMessaging.uplugin" 284
"../../../Engine/Plugins/Runtime/GeoReferencing/GeoReferencing.uplugin" 285
"../../../Engine/Plugins/Runtime/GooglePAD/GooglePAD.uplugin" 286
"../../../Engine/Plugins/Runtime/Harmonix/Harmonix.uplugin" 287
"../../../Engine/Plugins/Runtime/InputDebugging/InputDebugging.uplugin" 288
"../../../Engine/Plugins/Runtime/HDRIBackdrop/HDRIBackdrop.uplugin" 289
"../../../Engine/Plugins/Runtime/InstancedActors/InstancedActors.uplugin" 290
"../../../Engine/Plugins/Runtime/HairStrands/HairStrands.uplugin" 291
"../../../Engine/Plugins/Runtime/HTTPChunkInstaller/HTTPChunkInstaller.uplugin" 292
"../../../Engine/Plugins/Runtime/IOSDeviceProfileSelector/IOSDeviceProfileSelector.uplugin" 293
"../../../Engine/Plugins/Runtime/LiveLinkOvernDisplay/LiveLinkOverNDisplay.uplugin" 294
"../../../Engine/Plugins/Runtime/IOSReplayKit/IOSReplayKit.uplugin" 295
"../../../Engine/Plugins/Runtime/LevelStreamingPersistence/LevelStreamingPersistence.uplugin" 296
"../../../Engine/Plugins/Runtime/LinuxDeviceProfileSelector/LinuxDeviceProfileSelector.uplugin" 297
"../../../Engine/Plugins/Runtime/LocationServicesBPLibrary/LocationServicesBPLibrary.uplugin" 298
"../../../Engine/Plugins/Runtime/LocationServicesAndroidImpl/LocationServicesAndroidImpl.uplugin" 299
"../../../Engine/Plugins/Runtime/LocationServicesIOSImpl/LocationServicesIOSImpl.uplugin" 300
"../../../Engine/Plugins/Runtime/MassEntity/MassEntity.uplugin" 301
"../../../Engine/Plugins/Runtime/HPMotionController/HPMotionController.uplugin" 302
"../../../Engine/Plugins/Runtime/MeshModelingToolset/MeshModelingToolset.uplugin" 303
"../../../Engine/Plugins/Runtime/MicrosoftSpatialAudio/MicroSoftSpatialSound.uplugin" 304
"../../../Engine/Plugins/Runtime/MassGameplay/MassGameplay.uplugin" 305
"../../../Engine/Plugins/Runtime/Metasound/Metasound.uplugin" 306
"../../../Engine/Plugins/Runtime/MobileFSR/MobileFSR.uplugin" 307
"../../../Engine/Plugins/Runtime/MIDIDevice/MIDIDevice.uplugin" 308
"../../../Engine/Plugins/Runtime/ModelViewViewModel/ModelViewViewModel.uplugin" 309
"../../../Engine/Plugins/Runtime/nDisplayModularFeatures/nDisplayModularFeatures.uplugin" 310
"../../../Engine/Plugins/Runtime/MsQuic/MsQuic.uplugin" 311
"../../../Engine/Plugins/Runtime/nDisplay/nDisplay.uplugin" 312
"../../../Engine/Plugins/Runtime/NetworkPrediction/NetworkPrediction.uplugin" 313
"../../../Engine/Plugins/Runtime/MobilePatchingUtils/MobilePatchingUtils.uplugin" 314
"../../../Engine/Plugins/Runtime/OpenCV/OpenCV.uplugin" 315
"../../../Engine/Plugins/Runtime/ModularGameplay/ModularGameplay.uplugin" 316
"../../../Engine/Plugins/Runtime/NetworkPredictionInsights/NetworkPredictionInsights.uplugin" 317
"../../../Engine/Plugins/Runtime/OpenXR/OpenXR.uplugin" 318
"../../../Engine/Plugins/Runtime/MixedRealityCaptureFramework/MixedRealityCaptureFramework.uplugin" 319
"../../../Engine/Plugins/Runtime/OpenXREyeTracker/OpenXREyeTracker.uplugin" 320
"../../../Engine/Plugins/Runtime/OpenXRHandTracking/OpenXRHandTracking.uplugin" 321
"../../../Engine/Plugins/Runtime/OpenXRViveTracker/OpenXRViveTracker.uplugin" 322
"../../../Engine/Plugins/Runtime/NavCorridor/NavCorridor.uplugin" 323
"../../../Engine/Plugins/Runtime/OptionalMobileFeaturesBPLibrary/OptionalMobileFeaturesBPLibrary.uplugin" 324
"../../../Engine/Plugins/Runtime/PreLoadScreenMoviePlayer/PreLoadScreenMoviePlayer.uplugin" 325
"../../../Engine/Plugins/Runtime/OSCModulationMixing/OSCModulationMixing.uplugin" 326
"../../../Engine/Plugins/Runtime/NetworkPredictionExtras/NetworkPredictionExtras.uplugin" 327
"../../../Engine/Plugins/Runtime/ProceduralMeshComponent/ProceduralMeshComponent.uplugin" 328
"../../../Engine/Plugins/Runtime/OpenXRMsftHandInteraction/OpenXRMsftHandInteraction.uplugin" 329
"../../../Engine/Plugins/Runtime/PropertyBindingUtils/PropertyBindingUtils.uplugin" 330
"../../../Engine/Plugins/Runtime/ResonanceAudio/ResonanceAudio.uplugin" 331
"../../../Engine/Plugins/Runtime/ReplicationSystemTestPlugin/ReplicationSystemTestPlugin.uplugin" 332
"../../../Engine/Plugins/Runtime/RenderTrace/RenderTrace.uplugin" 333
"../../../Engine/Plugins/Runtime/PropertyAccess/PropertyAccessEditor.uplugin" 334
"../../../Engine/Plugins/Runtime/ReplicationGraph/ReplicationGraph.uplugin" 335
"../../../Engine/Plugins/Runtime/RigVM/RigVM.uplugin" 336
"../../../Engine/Plugins/Runtime/OSC/OSC.uplugin" 337
"../../../Engine/Plugins/Runtime/SignificanceManager/SignificanceManager.uplugin" 338
"../../../Engine/Plugins/Runtime/SmartObjects/SmartObjects.uplugin" 339
"../../../Engine/Plugins/Runtime/ScriptableToolsFramework/ScriptableToolsFramework.uplugin" 340
"../../../Engine/Plugins/Runtime/SoundMod/SoundMod.uplugin" 341
"../../../Engine/Plugins/Runtime/SoundFields/SoundFields.uplugin" 342
"../../../Engine/Plugins/Runtime/SkeletalMerging/SkeletalMerging.uplugin" 343
"../../../Engine/Plugins/Runtime/Soundscape/Soundscape.uplugin" 344
"../../../Engine/Plugins/Runtime/SoundCueTemplates/SoundCueTemplates.uplugin" 345
"../../../Engine/Plugins/Runtime/SoundUtilities/SoundUtilities.uplugin" 346
"../../../Engine/Plugins/Runtime/SunPosition/SunPosition.uplugin" 347
"../../../Engine/Plugins/Runtime/StateTree/StateTree.uplugin" 348
"../../../Engine/Plugins/Runtime/Synthesis/Synthesis.uplugin" 349
"../../../Engine/Plugins/Runtime/WebMMoviePlayer/WebMMoviePlayer.uplugin" 350
"../../../Engine/Plugins/Runtime/WebBrowserNativeProxy/WebBrowserNativeProxy.uplugin" 351
"../../../Engine/Plugins/Runtime/WarpUtils/WarpUtils.uplugin" 352
"../../../Engine/Plugins/Runtime/WaveTable/WaveTable.uplugin" 353
"../../../Engine/Plugins/Runtime/WorldConditions/WorldConditions.uplugin" 354
"../../../Engine/Plugins/Runtime/WindowsMoviePlayer/WindowsMoviePlayer.uplugin" 355
"../../../Engine/Plugins/Runtime/WebBrowserWidget/WebBrowserWidget.uplugin" 356
"../../../Engine/Plugins/Runtime/WindowsDeviceProfileSelector/WindowsDeviceProfileSelector.uplugin" 357
"../../../Engine/Plugins/Runtime/ZoneGraph/ZoneGraph.uplugin" 358
"../../../Engine/Plugins/Runtime/ZoneGraphAnnotations/ZoneGraphAnnotations.uplugin" 359
"../../../Engine/Plugins/Runtime/Spatialization/Spatialization.uplugin" 360
"../../../Engine/Plugins/Runtime/XRBase/XRBase.uplugin" 361
"../../../Engine/Plugins/Experimental/AbilitySystemGameFeatureActions/AbilitySystemGameFeatureActions.uplugin" 362
"../../../Engine/Plugins/Experimental/AppleVision/AppleVision.uplugin" 363
"../../../Engine/Plugins/Experimental/AutomationUtils/AutomationUtils.uplugin" 364
"../../../Engine/Plugins/Experimental/Avalanche/Avalanche.uplugin" 365
"../../../Engine/Plugins/Experimental/ActorPalette/ActorPalette.uplugin" 366
"../../../Engine/Plugins/Experimental/AnimNext/AnimNext.uplugin" 367
"../../../Engine/Plugins/Experimental/AnimToTexture/AnimToTexture.uplugin" 368
"../../../Engine/Plugins/Experimental/BackChannel/BackChannel.uplugin" 369
"../../../Engine/Plugins/Experimental/BlueprintStats/BlueprintStats.uplugin" 370
"../../../Engine/Plugins/Experimental/BlueprintSnapNodes/BlueprintSnapNodes.uplugin" 371
"../../../Engine/Plugins/Experimental/AdvancedRenamer/AdvancedRenamer.uplugin" 372
"../../../Engine/Plugins/Experimental/ChaosCaching/ChaosCaching.uplugin" 373
"../../../Engine/Plugins/Experimental/ChaosCachingUSD/ChaosCachingUSD.uplugin" 374
"../../../Engine/Plugins/Experimental/ChaosFlesh/ChaosFlesh.uplugin" 375
"../../../Engine/Plugins/Experimental/ChaosEditor/ChaosEditor.uplugin" 376
"../../../Engine/Plugins/Experimental/ChaosNiagara/ChaosNiagara.uplugin" 377
"../../../Engine/Plugins/Experimental/ActorModifierCore/ActorModifierCore.uplugin" 378
"../../../Engine/Plugins/Experimental/ChaosVehiclesPlugin/ChaosVehiclesPlugin.uplugin" 379
"../../../Engine/Plugins/Experimental/ChaosSolverPlugin/ChaosSolverPlugin.uplugin" 380
"../../../Engine/Plugins/Experimental/ChaosClothEditor/ChaosClothEditor.uplugin" 381
"../../../Engine/Plugins/Experimental/ChaosModularVehicle/ChaosModularVehicle.uplugin" 382
"../../../Engine/Plugins/Experimental/CharacterAI/CharacterAI.uplugin" 383
"../../../Engine/Plugins/Experimental/Chooser/Chooser.uplugin" 384
"../../../Engine/Plugins/Experimental/Buoyancy/Buoyancy.uplugin" 385
"../../../Engine/Plugins/Experimental/CinematicPrestreaming/CinematicPrestreaming.uplugin" 386
"../../../Engine/Plugins/Experimental/CineCameraSceneCapture/CineCameraSceneCapture.uplugin" 387
"../../../Engine/Plugins/Experimental/ClonerEffector/ClonerEffector.uplugin" 388
"../../../Engine/Plugins/Experimental/CodeView/CodeView.uplugin" 389
"../../../Engine/Plugins/Experimental/CineCameraRigs/CineCameraRigs.uplugin" 390
"../../../Engine/Plugins/Experimental/ColorCorrectRegions/ColorCorrectRegions.uplugin" 391
"../../../Engine/Plugins/Experimental/CommonConversation/CommonConversation.uplugin" 392
"../../../Engine/Plugins/Experimental/CodeEditor/CodeEditor.uplugin" 393
"../../../Engine/Plugins/Experimental/Dataflow/Dataflow.uplugin" 394
"../../../Engine/Plugins/Experimental/ControlFlows/ControlFlows.uplugin" 395
"../../../Engine/Plugins/Experimental/DynamicMaterial/DynamicMaterial.uplugin" 396
"../../../Engine/Plugins/Experimental/DatasmithCloTranslator/DatasmithCloTranslator.uplugin" 397
"../../../Engine/Plugins/Experimental/FieldSystemPlugin/FieldSystemPlugin.uplugin" 398
"../../../Engine/Plugins/Experimental/FloatingProperties/FloatingProperties.uplugin" 399
"../../../Engine/Plugins/Experimental/ChaosUserDataPT/ChaosUserDataPT.uplugin" 400
"../../../Engine/Plugins/Experimental/GameplayBehaviors/GameplayBehaviors.uplugin" 401
"../../../Engine/Plugins/Experimental/CustomDetailsView/CustomDetailsView.uplugin" 402
"../../../Engine/Plugins/Experimental/DefaultInstallBundleManager/DefaultInstallBundleManager.uplugin" 403
"../../../Engine/Plugins/Experimental/Fracture/Fracture.uplugin" 404
"../../../Engine/Plugins/Experimental/GameInputWindows/GameInputWindows.uplugin" 405
"../../../Engine/Plugins/Experimental/GameplayTargetingSystem/TargetingSystem.uplugin" 406
"../../../Engine/Plugins/Experimental/FullBodyIK/FullBodyIK.uplugin" 407
"../../../Engine/Plugins/Experimental/GameplayGraph/GameplayGraph.uplugin" 408
"../../../Engine/Plugins/Experimental/GeometryCollectionPlugin/GeometryCollectionPlugin.uplugin" 409
"../../../Engine/Plugins/Experimental/GeometryFlow/GeometryFlow.uplugin" 410
"../../../Engine/Plugins/Experimental/GeometryCacheAbcFile/GeometryCacheAbcFile.uplugin" 411
"../../../Engine/Plugins/Experimental/GeometryMask/GeometryMask.uplugin" 412
"../../../Engine/Plugins/Experimental/GPULightmass/GPULightmass.uplugin" 413
"../../../Engine/Plugins/Experimental/GizmoEdMode/GizmoEdMode.uplugin" 414
"../../../Engine/Plugins/Experimental/ImagePlate/ImagePlate.uplugin" 415
"../../../Engine/Plugins/Experimental/HairModelingToolset/HairModelingToolset.uplugin" 416
"../../../Engine/Plugins/Experimental/InstanceDataObjectFixupTool/InstanceDataObjectFixupTool.uplugin" 417
"../../../Engine/Plugins/Experimental/GizmoFramework/GizmoFramework.uplugin" 418
"../../../Engine/Plugins/Experimental/Iris/Iris.uplugin" 419
"../../../Engine/Plugins/Experimental/HairCardGenerator/HairCardGenerator.uplugin" 420
"../../../Engine/Plugins/Experimental/JWT/JWT.uplugin" 421
"../../../Engine/Plugins/Experimental/ImpostorBaker/ImpostorBaker.uplugin" 422
"../../../Engine/Plugins/Experimental/Landmass/Landmass.uplugin" 423
"../../../Engine/Plugins/Experimental/LandscapePatch/LandscapePatch.uplugin" 424
"../../../Engine/Plugins/Experimental/Gauntlet/Gauntlet.uplugin" 425
"../../../Engine/Plugins/Experimental/LearningAgents/LearningAgents.uplugin" 426
"../../../Engine/Plugins/Experimental/LocalizableMessage/LocalizableMessage.uplugin" 427
"../../../Engine/Plugins/Experimental/LiveLinkControlRig/LiveLinkControlRig.uplugin" 428
"../../../Engine/Plugins/Experimental/MeshModelingToolsetExp/MeshModelingToolsetExp.uplugin" 429
"../../../Engine/Plugins/Experimental/MotorSimOutputMotoSynth/MotorSimOutputMotoSynth.uplugin" 430
"../../../Engine/Plugins/Experimental/LiveLinkFaceImporter/LiveLinkFaceImporter.uplugin" 431
"../../../Engine/Plugins/Experimental/MotoSynth/MotoSynth.uplugin" 432
"../../../Engine/Plugins/Experimental/MoverExamples/MoverExamples.uplugin" 433
"../../../Engine/Plugins/Experimental/MoverTests/MoverTests.uplugin" 434
"../../../Engine/Plugins/Experimental/Mover/Mover.uplugin" 435
"../../../Engine/Plugins/Experimental/NeuralRendering/NeuralRendering.uplugin" 436
"../../../Engine/Plugins/Experimental/NNERuntimeBasicCpu/NNERuntimeBasicCpu.uplugin" 437
"../../../Engine/Plugins/Experimental/NaniteDisplacedMesh/NaniteDisplacedMesh.uplugin" 438
"../../../Engine/Plugins/Experimental/Mutable/Mutable.uplugin" 439
"../../../Engine/Plugins/Experimental/NNEDenoiser/NNEDenoiser.uplugin" 440
"../../../Engine/Plugins/Experimental/NNERuntimeIREE/NNERuntimeIREE.uplugin" 441
"../../../Engine/Plugins/Experimental/NNERuntimeRDG/NNERuntimeRDG.uplugin" 442
"../../../Engine/Plugins/Experimental/OpenImageDenoise/OpenImageDenoise.uplugin" 443
"../../../Engine/Plugins/Experimental/OperatorStack/OperatorStack.uplugin" 444
"../../../Engine/Plugins/Experimental/OptiXDenoise/OptiXDenoise.uplugin" 445
"../../../Engine/Plugins/Experimental/PanoramicCapture/PanoramicCapture.uplugin" 446
"../../../Engine/Plugins/Experimental/PCGBiomeCore/PCGBiomeCore.uplugin" 447
"../../../Engine/Plugins/Experimental/PCGWaterInterop/PCGWaterInterop.uplugin" 448
"../../../Engine/Plugins/Experimental/PCGBiomeSample/PCGBiomeSample.uplugin" 449
"../../../Engine/Plugins/Experimental/PlanarCutPlugin/PlanarCut.uplugin" 450
"../../../Engine/Plugins/Experimental/PhysicsControl/PhysicsControl.uplugin" 451
"../../../Engine/Plugins/Experimental/PixelStreamingPlayer/PixelStreamingPlayer.uplugin" 452
"../../../Engine/Plugins/Experimental/PluginReferenceViewer/PluginReferenceViewer.uplugin" 453
"../../../Engine/Plugins/Experimental/PostProcessMaterialChainGraph/PostProcessMaterialChainGraph.uplugin" 454
"../../../Engine/Plugins/Experimental/PropertyAnimator/PropertyAnimator.uplugin" 455
"../../../Engine/Plugins/Experimental/PropertyAnimatorCore/PropertyAnimatorCore.uplugin" 456
"../../../Engine/Plugins/Experimental/PluginAudit/PluginAudit.uplugin" 457
"../../../Engine/Plugins/Experimental/PythonScriptPlugin/PythonScriptPlugin.uplugin" 458
"../../../Engine/Plugins/Experimental/QuicMessaging/QuicMessaging.uplugin" 459
"../../../Engine/Plugins/Experimental/PythonFoundationPackages/PythonFoundationPackages.uplugin" 460
"../../../Engine/Plugins/Experimental/PluginTemplateTool/PluginTemplateTool.uplugin" 461
"../../../Engine/Plugins/Experimental/RemoteControlComponents/RemoteControlComponents.uplugin" 462
"../../../Engine/Plugins/Experimental/RemoteSession/RemoteSession.uplugin" 463
"../../../Engine/Plugins/Experimental/RawInput/RawInput.uplugin" 464
"../../../Engine/Plugins/Experimental/RenderGrid/RenderGrid.uplugin" 465
"../../../Engine/Plugins/Experimental/SerializationUtils/SerializationUtils.uplugin" 466
"../../../Engine/Plugins/Experimental/Shotgrid/Shotgrid.uplugin" 467
"../../../Engine/Plugins/Experimental/ScreenReader/ScreenReader.uplugin" 468
"../../../Engine/Plugins/Experimental/SecuritySandbox/SecuritySandbox.uplugin" 469
"../../../Engine/Plugins/Experimental/PlatformCrypto/PlatformCrypto.uplugin" 470
"../../../Engine/Plugins/Experimental/SimpleHMD/SimpleHMD.uplugin" 471
"../../../Engine/Plugins/Experimental/SlateModelViewViewModel/SlateModelViewViewModel.uplugin" 472
"../../../Engine/Plugins/Experimental/StormSyncAvalancheBridge/StormSyncAvalancheBridge.uplugin" 473
"../../../Engine/Plugins/Experimental/SlateScreenReader/SlateScreenReader.uplugin" 474
"../../../Engine/Plugins/Experimental/SkeletalReduction/SkeletalReduction.uplugin" 475
"../../../Engine/Plugins/Experimental/StateGraph/StateGraph.uplugin" 476
"../../../Engine/Plugins/Experimental/StormSync/StormSync.uplugin" 477
"../../../Engine/Plugins/Experimental/StudioTelemetry/StudioTelemetry.uplugin" 478
"../../../Engine/Plugins/Experimental/StructUtils/StructUtils.uplugin" 479
"../../../Engine/Plugins/Experimental/SurfaceEffects/SurfaceEffects.uplugin" 480
"../../../Engine/Plugins/Experimental/SVGImporter/SVGImporter.uplugin" 481
"../../../Engine/Plugins/Experimental/TetMeshing/TetMeshing.uplugin" 482
"../../../Engine/Plugins/Experimental/TargetDeviceServicesScripting/TargetDeviceServicesScripting.uplugin" 483
"../../../Engine/Plugins/Experimental/Text3D/Text3D.uplugin" 484
"../../../Engine/Plugins/Experimental/TextureGraph/TextureGraph.uplugin" 485
"../../../Engine/Plugins/Experimental/TextureMediaPlayer/TextureMediaPlayer.uplugin" 486
"../../../Engine/Plugins/Experimental/ToolPresets/ToolPresets.uplugin" 487
"../../../Engine/Plugins/Experimental/TypedElementDataStorageEditorUI/TypedElementDataStorageEditorUI.uplugin" 488
"../../../Engine/Plugins/Experimental/TextToSpeech/TextToSpeech.uplugin" 489
"../../../Engine/Plugins/Experimental/UserToolBoxCore/UserToolBoxCore.uplugin" 490
"../../../Engine/Plugins/Experimental/TypedElementsDataStorage/TypedElementsDataStorage.uplugin" 491
"../../../Engine/Plugins/Experimental/UIFramework/UIFramework.uplugin" 492
"../../../Engine/Plugins/Experimental/VirtualHeightfieldMesh/VirtualHeightfieldMesh.uplugin" 493
"../../../Engine/Plugins/Experimental/UserToolBoxBasicCommand/UserToolBoxBasicCommand.uplugin" 494
"../../../Engine/Plugins/Experimental/VirtualProductionUtilities/VirtualProductionUtilities.uplugin" 495
"../../../Engine/Plugins/Experimental/VirtualScouting/VirtualScouting.uplugin" 496
"../../../Engine/Plugins/Experimental/Water/Water.uplugin" 497
"../../../Engine/Plugins/Experimental/WaterExtras/WaterExtras.uplugin" 498
"../../../Engine/Plugins/Experimental/XRCreativeFramework/XRCreativeFramework.uplugin" 499
"../../../Engine/Plugins/Animation/ACLPlugin/ACLPlugin.uplugin" 500
"../../../Engine/Plugins/Animation/AnimationData/AnimationData.uplugin" 501
"../../../Engine/Plugins/Experimental/WaveFunctionCollapse/WaveFunctionCollapse.uplugin" 502
"../../../Engine/Plugins/Animation/AnimationModifierLibrary/AnimationModifierLibrary.uplugin" 503
"../../../Engine/Plugins/Experimental/WidgetEditorToolPalette/WidgetEditorToolPalette.uplugin" 504
"../../../Engine/Plugins/Experimental/WebSocketMessaging/WebSocketMessaging.uplugin" 505
"../../../Engine/Plugins/Animation/AnimationLocomotionLibrary/AnimationLocomotionLibrary.uplugin" 506
"../../../Engine/Plugins/2D/Paper2D/Paper2D.uplugin" 507
"../../../Engine/Plugins/Animation/AnimationWarping/AnimationWarping.uplugin" 508
"../../../Engine/Plugins/Animation/ControlRig/ControlRig.uplugin" 509
"../../../Engine/Plugins/Experimental/WebSocketNetworking/WebSocketNetworking.uplugin" 510
"../../../Engine/Plugins/Animation/BlendSpaceMotionAnalysis/BlendSpaceMotionAnalysis.uplugin" 511
"../../../Engine/Plugins/Animation/BlendStack/BlendStack.uplugin" 512
"../../../Engine/Plugins/Animation/ControlRigSpline/ControlRigSpline.uplugin" 513
"../../../Engine/Plugins/Animation/ControlRigModules/ControlRigModules.uplugin" 514
"../../../Engine/Plugins/Animation/LiveLink/LiveLink.uplugin" 515
"../../../Engine/Plugins/Animation/LiveLinkHub/LiveLinkHub.uplugin" 516
"../../../Engine/Plugins/Animation/DeformerGraph/DeformerGraph.uplugin" 517
"../../../Engine/Plugins/Animation/MotionWarping/MotionWarping.uplugin" 518
"../../../Engine/Plugins/Animation/PoseSearch/PoseSearch.uplugin" 519
"../../../Engine/Plugins/Cameras/CameraShakePreviewer/CameraShakePreviewer.uplugin" 520
"../../../Engine/Plugins/Cameras/GameplayCameras/GameplayCameras.uplugin" 521
"../../../Engine/Plugins/Animation/IKRig/IKRig.uplugin" 522
"../../../Engine/Plugins/Animation/PerformanceCaptureCore/PerformanceCaptureCore.uplugin" 523
"../../../Engine/Plugins/Animation/GameplayInsights/GameplayInsights.uplugin" 524
"../../../Engine/Plugins/Animation/LiveLinkCurveDebugUI/LiveLinkCurveDebugUI.uplugin" 525
"../../../Engine/Plugins/Experimental/Volumetrics/Volumetrics.uplugin" 526
"../../../Engine/Plugins/Animation/RigLogic/RigLogic.uplugin" 527
"../../../Engine/Plugins/Runtime/XR/XRVisualization/XRVisualization.uplugin" 528
"../../../Engine/Plugins/Runtime/XR/XRScribe/XRScribe.uplugin" 529
"../../../Engine/Plugins/Editor/Localization/PortableObjectFileDataSource/PortableObjectFileDataSource.uplugin" 530
"../../../Engine/Plugins/VirtualProduction/DMX/DatasmithMVR/DatasmithMVR.uplugin" 531
"../../../Engine/Plugins/VirtualProduction/DMX/DMXControlConsole/DMXControlConsole.uplugin" 532
"../../../Engine/Plugins/VirtualProduction/DMX/DMXEngine/DMXEngine.uplugin" 533
"../../../Engine/Plugins/VirtualProduction/DMX/DMXFixtures/DMXFixtures.uplugin" 534
"../../../Engine/Plugins/VirtualProduction/DMX/DMXModularFeatures/DMXModularFeatures.uplugin" 535
"../../../Engine/Plugins/VirtualProduction/DMX/DMXPixelMapping/DMXPixelMapping.uplugin" 536
"../../../Engine/Plugins/Runtime/Nvidia/Reflex/Reflex.uplugin" 537
"../../../Engine/Plugins/VirtualProduction/DMX/DMXDisplayCluster/DMXDisplayCluster.uplugin" 538
"../../../Engine/Plugins/Runtime/MeshReconstruction/DummyMeshReconstructor/DummyMeshReconstructor.uplugin" 539
"../../../Engine/Plugins/Runtime/Analytics/Adjust/Adjust.uplugin" 540
"../../../Engine/Plugins/Runtime/Nvidia/GeForceNOWWrapper/GeForceNOWWrapper.uplugin" 541
"../../../Engine/Plugins/Runtime/Analytics/AnalyticsMulticast/AnalyticsMulticast.uplugin" 542
"../../../Engine/Plugins/Runtime/Analytics/Flurry/Flurry.uplugin" 543
"../../../Engine/Plugins/Runtime/Analytics/AnalyticsBlueprintLibrary/AnalyticsBlueprintLibrary.uplugin" 544
"../../../Engine/Plugins/Runtime/Analytics/FileLogging/FileLogging.uplugin" 545
"../../../Engine/Plugins/Experimental/Enterprise/DatasmithRuntime/DatasmithRuntime.uplugin" 546
"../../../Engine/Plugins/Online/VoiceChat/VoiceChat/VoiceChat.uplugin" 547
"../../../Engine/Plugins/Experimental/Enterprise/DatasmithInterchange/DatasmithInterchange.uplugin" 548
"../../../Engine/Plugins/Online/VoiceChat/EOSVoiceChat/EOSVoiceChat.uplugin" 549
"../../../Engine/Plugins/Experimental/Enterprise/DataprepGeometryOperations/DataprepGeometryOperations.uplugin" 550
"../../../Engine/Plugins/Runtime/Steam/SteamAudio/SteamAudio.uplugin" 551
"../../../Engine/Plugins/Online/IOS/OnlineSubsystemIOS/OnlineSubsystemIOS.uplugin" 552
"../../../Engine/Plugins/Runtime/Steam/SteamController/SteamController.uplugin" 553
"../../../Engine/Plugins/Runtime/Steam/SteamShared/SteamShared.uplugin" 554
"../../../Engine/Plugins/Experimental/AVCodecs/AVCodecsCore/AVCodecsCore.uplugin" 555
"../../../Engine/Plugins/Experimental/AVCodecs/AMFCodecs/AMFCodecs.uplugin" 556
"../../../Engine/Plugins/Experimental/AVCodecs/VTCodecs/VTCodecs.uplugin" 557
"../../../Engine/Plugins/Experimental/AVCodecs/WMFCodecs/WMFCodecs.uplugin" 558
"../../../Engine/Plugins/Experimental/AVCodecs/NVCodecs/NVCodecs.uplugin" 559
"../../../Engine/Plugins/Developer/Concert/ConcertMain/ConcertMain.uplugin" 560
"../../../Engine/Plugins/Runtime/Database/ADOSupport/ADOSupport.uplugin" 561
"../../../Engine/Plugins/Runtime/Database/RemoteDatabaseSupport/RemoteDatabaseSupport.uplugin" 562
"../../../Engine/Plugins/Runtime/Steam/SteamSockets/SteamSockets.uplugin" 563
"../../../Engine/Plugins/Runtime/Database/SQLiteSupport/SQLiteSupport.uplugin" 564
"../../../Engine/Plugins/Runtime/Database/DatabaseSupport/DatabaseSupport.uplugin" 565
"../../../Engine/Plugins/Runtime/Database/SQLiteCore/SQLiteCore.uplugin" 566
"../../../Engine/Plugins/VirtualProduction/DMX/DMXProtocol/DMXProtocol.uplugin" 567
"../../../Engine/Plugins/Experimental/CharacterFXEditor/BaseCharacterFXEditor/BaseCharacterFXEditor.uplugin" 568
"../../../Engine/Plugins/Experimental/MetaHuman/MetaHumanProjectUtilities/MetaHumanProjectUtilities.uplugin" 569
"../../../Engine/Plugins/Experimental/Web/WebAPI/WebAPI.uplugin" 570
"../../../Engine/Plugins/Experimental/CharacterFXEditor/ExampleCharacterFXEditor/ExampleCharacterFXEditor.uplugin" 571
"../../../Engine/Plugins/Editor/ContentBrowser/ContentBrowserClassDataSource/ContentBrowserClassDataSource.uplugin" 572
"../../../Engine/Plugins/Runtime/AR/AzureSpatialAnchorsForARCore/AzureSpatialAnchorsForARCore.uplugin" 573
"../../../Engine/Plugins/Editor/ContentBrowser/ContentBrowserFileDataSource/ContentBrowserFileDataSource.uplugin" 574
"../../../Engine/Plugins/Editor/ContentBrowser/ContentBrowserAliasDataSoure/ContentBrowserAliasDataSource.uplugin" 575
"../../../Engine/Plugins/Editor/ContentBrowser/ContentBrowserAssetDataSource/ContentBrowserAssetDataSource.uplugin" 576
"../../../Engine/Plugins/Runtime/AR/ARUtilities/ARUtilities.uplugin" 577
"../../../Engine/Plugins/Runtime/AR/AzureSpatialAnchorsForARKit/AzureSpatialAnchorsForARKit.uplugin" 578
"../../../Engine/Plugins/Runtime/AR/AzureSpatialAnchors/AzureSpatialAnchors.uplugin" 579
"../../../Engine/Plugins/Animation/MLDeformer/MLDeformerFramework/MLDeformerFramework.uplugin" 580
"../../../Engine/Plugins/VirtualProduction/Rivermax/RivermaxCore/RivermaxCore.uplugin" 581
"../../../Engine/Plugins/Animation/MLDeformer/VertexDeltaModel/VertexDeltaModel.uplugin" 582
"../../../Engine/Plugins/VirtualProduction/Rivermax/RivermaxMedia/RivermaxMedia.uplugin" 583
"../../../Engine/Plugins/Experimental/VirtualProduction/VPRoles/VPRoles.uplugin" 584
"../../../Engine/Plugins/Experimental/VirtualProduction/LedWallCalibration/LedWallCalibration.uplugin" 585
"../../../Engine/Plugins/Animation/MLDeformer/NeuralMorphModel/NeuralMorphModel.uplugin" 586
"../../../Engine/Plugins/Editor/ObjectMixer/LightMixer/LightMixer.uplugin" 587
"../../../Engine/Plugins/Editor/ObjectMixer/ObjectMixer/ObjectMixer.uplugin" 588
"../../../Engine/Plugins/Experimental/VirtualProduction/VPSettings/VPSettings.uplugin" 589
"../../../Engine/Plugins/Animation/MLDeformer/NearestNeighborModel/NearestNeighborModel.uplugin" 590
"../../../Engine/Plugins/VirtualProduction/Rivermax/RivermaxSync/RivermaxSync.uplugin" 591
"../../../Engine/Plugins/Animation/MLDeformer/ChaosClothGenerator/ChaosClothGenerator.uplugin" 592
"../../../Engine/Plugins/Runtime/Advertising/IOSTapJoy/IOSTapJoy.uplugin" 593
"../../../Engine/Plugins/Runtime/PacketHandlers/AESGCMHandlerComponent/AESGCMHandlerComponent.uplugin" 594
"../../../Engine/Plugins/Runtime/PacketHandlers/AESHandlerComponent/AESHandlerComponent.uplugin" 595
"../../../Engine/Plugins/Runtime/PacketHandlers/DTLSHandlerComponent/DTLSHandlerComponent.uplugin" 596
"../../../Engine/Plugins/Runtime/Windows/XInputDevice/XInputDevice.uplugin" 597
"../../../Engine/Plugins/Runtime/Windows/WinDualShock/WinDualShock.uplugin" 598
"../../../Engine/Plugins/Experimental/Animation/Optimus/Optimus.uplugin" 599
"../../../Engine/Plugins/Experimental/Animation/CurveExpression/CurveExpression.uplugin" 600
"../../../Engine/Plugins/Experimental/Animation/MotionTrajectory/MotionTrajectory.uplugin" 601
"../../../Engine/Plugins/Online/Android/AndroidFetchBackgroundDownload/AndroidFetchBackgroundDownload.uplugin" 602
"../../../Engine/Plugins/Online/Android/OnlineSubsystemGooglePlay/OnlineSubsystemGooglePlay.uplugin" 603
"../../../Engine/Plugins/Experimental/Animation/SkeletalMeshModelingTools/SkeletalMeshModelingTools.uplugin" 604
"../../../Engine/Plugins/Experimental/Animation/ContextualAnimation/ContextualAnimation.uplugin" 605
"../../../Engine/Plugins/Developer/Concert/ConcertApp/DisasterRecoveryClient/DisasterRecoveryClient.uplugin" 606
"../../../Engine/Plugins/Developer/Concert/ConcertApp/MultiUserClient/MultiUserClient.uplugin" 607
"../../../Engine/Plugins/Developer/Concert/ConcertApp/MultiUserServer/MultiUserServer.uplugin" 608
"../../../Engine/Plugins/Developer/Concert/ConcertUI/ConcertSharedSlate/ConcertSharedSlate.uplugin" 609
"../../../Engine/Plugins/Developer/Concert/ConcertUI/ConcertClientSharedSlate/ConcertClientSharedSlate.uplugin" 610
"../../../Engine/Plugins/Developer/Concert/ConcertScripting/ConcertReplicationScripting/ConcertReplicationScripting.uplugin" 611
"../../../Engine/Plugins/Developer/Concert/ConcertSync/ConcertSyncServer/ConcertSyncServer.uplugin" 612
"../../../Engine/Plugins/Developer/Concert/ConcertSync/ConcertSyncClient/ConcertSyncClient.uplugin" 613
"../../../Engine/Plugins/Developer/Concert/ConcertSync/ConcertSyncTest/ConcertSyncTest.uplugin" 614
"../../../Engine/Plugins/Runtime/AR/AppleAR/AppleARKit/AppleARKit.uplugin" 615
"../../../Engine/Plugins/Developer/Concert/ConcertSync/ConcertSyncCore/ConcertSyncCore.uplugin" 616
"../../../Engine/Plugins/Runtime/AR/Google/GoogleARCore/GoogleARCore.uplugin" 617
"../../../Engine/Plugins/Runtime/AR/AppleAR/AppleARKitFaceSupport/AppleARKitFaceSupport.uplugin" 618
"../../../Engine/Plugins/Runtime/AR/Google/GoogleARCoreServices/GoogleARCoreServices.uplugin" 619
"../../../Engine/Platforms/VisionOS/Plugins/Runtime/OpenXR/OpenXR_VisionOS.uplugin" 620
"../../../Engine/Platforms/VisionOS/Plugins/Runtime/OpenXRVisionOS/OpenXRVisionOS.uplugin" 621
"../../../Engine/Platforms/VisionOS/Plugins/Runtime/OpenXRHandTracking/OpenXRHandTracking_VisionOS.uplugin" 622
"../../../Engine/Platforms/VisionOS/Plugins/Compression/OodleNetwork/OodleNetwork_VisionOS.uplugin" 623
"../../../Engine/Content/Internationalization/icudt64l/cnvalias.icu" 624
"../../../Engine/Content/Internationalization/icudt64l/res_index.res" 625
"../../../Engine/Content/Internationalization/icudt64l/plurals.res" 626
"../../../Engine/Content/Internationalization/icudt64l/lang/es.res" 627
"../../../Engine/Content/Internationalization/icudt64l/lang/pool.res" 628
"../../../Engine/Content/Internationalization/icudt64l/lang/root.res" 629
"../../../Engine/Content/Internationalization/icudt64l/region/es.res" 630
"../../../Engine/Content/Internationalization/icudt64l/region/pool.res" 631
"../../../Engine/Content/Internationalization/icudt64l/region/root.res" 632
"../../../Engine/Content/Internationalization/icudt64l/lang/en.res" 633
"../../../Engine/Content/Internationalization/icudt64l/region/en.res" 634
"../../../Engine/Content/Internationalization/icudt64l/windowsZones.res" 635
"../../../Engine/Content/Internationalization/icudt64l/zoneinfo64.res" 636
"../../../Engine/Content/Internationalization/icudt64l/keyTypeData.res" 637
"../../../Engine/Content/Internationalization/icudt64l/timezoneTypes.res" 638
"../../../Engine/Content/Internationalization/icudt64l/likelySubtags.res" 639
"../../../Engine/Content/Internationalization/icudt64l/es_ES.res" 640
"../../../Engine/Content/Internationalization/icudt64l/pool.res" 641
"../../../Engine/Content/Internationalization/icudt64l/es.res" 642
"../../../Engine/Content/Internationalization/icudt64l/root.res" 643
"../../../Engine/Content/Internationalization/icudt64l/supplementalData.res" 644
"../../../Engine/Config/ConfigRedirects.ini" 645
"C:/Users/AlumnoM/AppData/Local/UnrealEngine/5.4/Saved/Config/WindowsEditor/Manifest.ini" 646
"../../../Engine/Config/BaseEngine.ini" 647
"../../../Engine/Config/Windows/BaseWindowsEngine.ini" 648
"../../../../../../Users/AlumnoM/Desktop/PINGUS/Juego/Penguin/Config/DefaultEngine.ini" 649
"../../../Engine/Config/Windows/WindowsEngine.ini" 650
"../../../Engine/Config/BaseGame.ini" 651
"../../../../../../Users/AlumnoM/Desktop/PINGUS/Juego/Penguin/Config/DefaultGame.ini" 652
"../../../Engine/Config/Windows/WindowsGame.ini" 653
"C:/Users/AlumnoM/Desktop/PINGUS/Juego/Penguin/Saved/Config/WindowsEditor/Game.ini" 654
"../../../Engine/Config/BaseInput.ini" 655
"../../../../../../Users/AlumnoM/Desktop/PINGUS/Juego/Penguin/Config/DefaultInput.ini" 656
"../../../Engine/Config/Windows/WindowsInput.ini" 657
"../../../Engine/Config/BaseDeviceProfiles.ini" 658
"../../../Engine/Config/BaseGameUserSettings.ini" 659
"C:/Users/AlumnoM/Desktop/PINGUS/Juego/Penguin/Saved/Config/WindowsEditor/GameUserSettings.ini" 660
"../../../Engine/Config/BaseScalability.ini" 661
"../../../Engine/Config/BaseRuntimeOptions.ini" 662
"../../../Engine/Config/BaseInstallBundle.ini" 663
"../../../Engine/Config/BaseHardware.ini" 664
"../../../Engine/Config/BaseCompat.ini" 665
"../../../Engine/Config/BaseLightmass.ini" 666
"../../../Engine/Config/BaseEditor.ini" 667
"../../../../../../Users/AlumnoM/Desktop/PINGUS/Juego/Penguin/Config/DefaultEditor.ini" 668
"C:/Users/AlumnoM/Desktop/PINGUS/Juego/Penguin/Saved/Config/WindowsEditor/Editor.ini" 669
"../../../Engine/Config/BaseEditorPerProjectUserSettings.ini" 670
"../../../../../../Users/AlumnoM/Desktop/PINGUS/Juego/Penguin/Config/DefaultEditorPerProjectUserSettings.ini" 671
"../../../Engine/Config/Windows/WindowsEditorPerProjectUserSettings.ini" 672
"C:/Users/AlumnoM/Desktop/PINGUS/Juego/Penguin/Saved/Config/WindowsEditor/EditorPerProjectUserSettings.ini" 673
"../../../Engine/Config/BaseEditorSettings.ini" 674
"C:/Users/AlumnoM/AppData/Local/UnrealEngine/5.4/Saved/Config/WindowsEditor/EditorSettings.ini" 675
"../../../Engine/Config/BaseEditorKeyBindings.ini" 676
"C:/Users/AlumnoM/AppData/Local/UnrealEngine/5.4/Saved/Config/WindowsEditor/EditorLayout.ini" 677
"../../../../../../Users/AlumnoM/Desktop/PINGUS/Juego/Penguin/Binaries/Win64/Penguin.target" 678
"../../../Engine/Config/IOS/BaseIOSEngine.ini" 679
"../../../Engine/Config/Android/BaseAndroidEngine.ini" 680
"../../../Engine/Config/Android/AndroidEngine.ini" 681
"../../../Engine/Config/Mac/BaseMacEngine.ini" 682
"../../../Engine/Platforms/VisionOS/Config/BaseVisionOSEngine.ini" 683
"../../../Engine/Config/TVOS/TVOSEngine.ini" 684
"../../../Engine/Config/Linux/BaseLinuxEngine.ini" 685
"../../../Engine/Config/LinuxArm64/BaseLinuxArm64Engine.ini" 686
"../../../Engine/Config/Unix/UnixEngine.ini" 687
"../../../Engine/Config/Linux/LinuxEngine.ini" 688
"../../../Engine/Config/LinuxArm64/LinuxArm64Engine.ini" 689
"../../../Engine/Config/Android/BaseAndroidGame.ini" 690
"../../../Engine/Config/IOS/BaseIOSGame.ini" 691
"../../../Engine/Config/IOS/IOSGame.ini" 692
"../../../Engine/Config/Mac/MacGame.ini" 693
"../../../Engine/Config/Linux/LinuxGame.ini" 694
"../../../Engine/Binaries/Win64/BootstrapPackagedGame-Win64-Shipping.target" 695
"../../../Engine/Config/Mac/BaseMacInput.ini" 696
"../../../Engine/Config/Android/AndroidScalability.ini" 697
"../../../Engine/Binaries/Win64/BuildPatchTool-Win64-Shipping.target" 698
"../../../Engine/Config/IOS/IOSScalability.ini" 699
"../../../Engine/Config/Android/BaseAndroidInstallBundle.ini" 700
"../../../Engine/Binaries/Win64/CrashReportClient-Win64-Shipping.target" 701
"../../../Engine/Binaries/Win64/CrashReportClientEditor-Win64-Shipping.target" 702
"../../../Engine/Binaries/Win64/DatasmithCADWorker.target" 703
"../../../Engine/Binaries/Win64/EpicWebHelper-Win64-Shipping.target" 704
"../../../Engine/Binaries/Win64/InterchangeWorker.target" 705
"../../../Engine/Binaries/Win64/LiveCodingConsole.target" 706
"../../../Engine/Binaries/Win64/ShaderCompileWorker.target" 707
"../../../Engine/Binaries/Win64/SwitchboardListener.target" 708
"../../../Engine/Binaries/Win64/SwitchboardListenerHelper.target" 709
"../../../Engine/Binaries/Win64/UnrealEditor-Win64-DebugGame.target" 710
"../../../Engine/Binaries/Win64/UnrealEditor.target" 711
"../../../Engine/Config/PluginBase.ini" 712
"../../../Engine/Plugins/ChaosVD/Config/Engine.ini" 713
"../../../Engine/Plugins/EnhancedInput/Config/BaseEnhancedInput.ini" 714
"../../../Engine/Plugins/EnhancedInput/Config/Input.ini" 715
"../../../Engine/Plugins/TraceUtilities/Config/BaseTraceUtilities.ini" 716
"../../../Engine/Plugins/Interchange/Runtime/Config/BaseInterchange.ini" 717
"../../../Engine/Plugins/FX/Niagara/Config/BaseNiagara.ini" 718
"../../../Engine/Plugins/Enterprise/VariantManagerContent/Config/BaseVariantManagerContent.ini" 719
"../../../Engine/Plugins/Enterprise/DatasmithContent/Config/BaseDatasmithContent.ini" 720
"../../../Engine/Plugins/Enterprise/GLTFExporter/Config/BaseGLTFExporter.ini" 721
"../../../Engine/Plugins/Enterprise/GLTFExporter/Config/DefaultGLTFExporter.ini" 722
"../../../Engine/Plugins/Developer/TraceDataFiltering/Config/BaseTraceDataFilters.ini" 723
"../../../Engine/Plugins/Editor/EditorScriptingUtilities/Config/BaseEditorScriptingUtilities.ini" 724
"../../../Engine/Plugins/Runtime/InputDebugging/Config/Input.ini" 725
"../../../Engine/Plugins/Runtime/Metasound/Config/BaseMetasound.ini" 726
"../../../Engine/Plugins/Runtime/Metasound/Config/DefaultMetasound.ini" 727
"../../../Engine/Plugins/Runtime/Synthesis/Config/BaseSynthesis.ini" 728
"../../../Engine/Plugins/Experimental/FullBodyIK/Config/BaseFullBodyIK.ini" 729
"../../../Engine/Plugins/Experimental/RawInput/Config/Input.ini" 730
"../../../Engine/Plugins/Experimental/StructUtils/Config/BaseStructUtils.ini" 731
"../../../Engine/Plugins/Experimental/ToolPresets/Config/BaseToolPresets.ini" 732
"../../../Engine/Plugins/2D/Paper2D/Config/BasePaper2D.ini" 733
"../../../Engine/Plugins/Animation/ControlRig/Config/BaseControlRig.ini" 734
"../../../Engine/Plugins/Animation/IKRig/Config/BaseIKRig.ini" 735
"../../../Engine/Plugins/Experimental/MetaHuman/MetaHumanProjectUtilities/Config/BaseMetaHumanProjectUtilities.ini" 736
"../../../Engine/Plugins/Experimental/RawInput/Binaries/Win64/UnrealEditor.modules" 737
"../../../Engine/Plugins/Editor/ModelingToolsEditorMode/Binaries/Win64/UnrealEditor.modules" 738
"../../../Engine/Plugins/Runtime/MeshModelingToolset/Binaries/Win64/UnrealEditor.modules" 739
"../../../Engine/Plugins/Experimental/MeshModelingToolsetExp/Binaries/Win64/UnrealEditor.modules" 740
"../../../Engine/Plugins/Editor/MeshLODToolset/Binaries/Win64/UnrealEditor.modules" 741
"../../../Engine/Plugins/Experimental/ToolPresets/Binaries/Win64/UnrealEditor.modules" 742
"../../../Engine/Plugins/Runtime/GeometryProcessing/Binaries/Win64/UnrealEditor.modules" 743
"../../../Engine/Plugins/Editor/ProxyLODPlugin/Binaries/Win64/UnrealEditor.modules" 744
"../../../Engine/Plugins/Experimental/PlanarCutPlugin/Binaries/Win64/UnrealEditor.modules" 745
"../../../Engine/Plugins/Experimental/GeometryFlow/Binaries/Win64/UnrealEditor.modules" 746
"../../../Engine/Plugins/Editor/EditorScriptingUtilities/Binaries/Win64/UnrealEditor.modules" 747
"../../../Engine/Plugins/Experimental/ChaosVehiclesPlugin/Binaries/Win64/UnrealEditor.modules" 748
"../../../Engine/Plugins/Experimental/Water/Binaries/Win64/UnrealEditor.modules" 749
"../../../Engine/Plugins/Experimental/Landmass/Binaries/Win64/UnrealEditor.modules" 750
"../../../Engine/Plugins/FX/Niagara/Binaries/Win64/UnrealEditor.modules" 751
"../../../Engine/Plugins/Editor/BlueprintMaterialTextureNodes/Binaries/Win64/UnrealEditor.modules" 752
"../../../Engine/Plugins/Experimental/PythonScriptPlugin/Binaries/Win64/UnrealEditor.modules" 753
"../../../Engine/Plugins/Editor/ContentBrowser/ContentBrowserFileDataSource/Binaries/Win64/UnrealEditor.modules" 754
"../../../Engine/Plugins/Bridge/Binaries/Win64/UnrealEditor.modules" 755
"../../../Engine/Plugins/Experimental/MetaHuman/MetaHumanProjectUtilities/Binaries/Win64/UnrealEditor.modules" 756
"../../../Engine/Plugins/ChaosCloth/Binaries/Win64/UnrealEditor.modules" 757
"../../../Engine/Plugins/Experimental/ChaosCaching/Binaries/Win64/UnrealEditor.modules" 758
"../../../Engine/Plugins/VirtualProduction/Takes/Binaries/Win64/UnrealEditor.modules" 759
"../../../Engine/Plugins/Runtime/AudioCapture/Binaries/Win64/UnrealEditor.modules" 760
"../../../Engine/Plugins/MovieScene/LevelSequenceEditor/Binaries/Win64/UnrealEditor.modules" 761
"../../../Engine/Plugins/MovieScene/SequencerScripting/Binaries/Win64/UnrealEditor.modules" 762
"../../../Engine/Plugins/ChaosVD/Binaries/Win64/UnrealEditor.modules" 763
"../../../Engine/Plugins/CmdLinkServer/Binaries/Win64/UnrealEditor.modules" 764
"../../../Engine/Plugins/EnhancedInput/Binaries/Win64/UnrealEditor.modules" 765
"../../../Engine/Plugins/FastBuildController/Binaries/Win64/UnrealEditor.modules" 766
"../../../Engine/Plugins/MeshPainting/Binaries/Win64/UnrealEditor.modules" 767
"../../../Engine/Plugins/Interchange/Editor/Binaries/Win64/UnrealEditor.modules" 768
"../../../Engine/Plugins/Interchange/Runtime/Binaries/Win64/UnrealEditor.modules" 769
"../../../Engine/Plugins/Enterprise/VariantManagerContent/Binaries/Win64/UnrealEditor.modules" 770
"../../../Engine/Plugins/Enterprise/VariantManager/Binaries/Win64/UnrealEditor.modules" 771
"../../../Engine/Plugins/RenderGraphInsights/Binaries/Win64/UnrealEditor.modules" 772
"../../../Engine/Plugins/TraceUtilities/Binaries/Win64/UnrealEditor.modules" 773
"../../../Engine/Plugins/WorldMetrics/Binaries/Win64/UnrealEditor.modules" 774
"../../../Engine/Plugins/XGEController/Binaries/Win64/UnrealEditor.modules" 775
"../../../Engine/Plugins/AI/AISupport/Binaries/Win64/UnrealEditor.modules" 776
"../../../Engine/Plugins/AI/EnvironmentQueryEditor/Binaries/Win64/UnrealEditor.modules" 777
"../../../Engine/Plugins/MovieScene/ActorSequence/Binaries/Win64/UnrealEditor.modules" 778
"../../../Engine/Plugins/Portal/LauncherChunkInstaller/Binaries/Win64/UnrealEditor.modules" 779
"../../../Engine/Plugins/Online/OnlineBase/Binaries/Win64/UnrealEditor.modules" 780
"../../../Engine/Plugins/Online/OnlineSubsystem/Binaries/Win64/UnrealEditor.modules" 781
"../../../Engine/Plugins/Online/OnlineSubsystemNull/Binaries/Win64/UnrealEditor.modules" 782
"../../../Engine/Plugins/Online/OnlineSubsystemUtils/Binaries/Win64/UnrealEditor.modules" 783
"../../../Engine/Plugins/Online/OnlineServices/Binaries/Win64/UnrealEditor.modules" 784
"../../../Engine/Plugins/Media/AndroidMedia/Binaries/Win64/UnrealEditor.modules" 785
"../../../Engine/Plugins/Media/AvfMedia/Binaries/Win64/UnrealEditor.modules" 786
"../../../Engine/Plugins/Media/ImgMedia/Binaries/Win64/UnrealEditor.modules" 787
"../../../Engine/Plugins/Media/MediaPlayerEditor/Binaries/Win64/UnrealEditor.modules" 788
"../../../Engine/Plugins/Media/MediaCompositing/Binaries/Win64/UnrealEditor.modules" 789
"../../../Engine/Plugins/Media/MediaPlate/Binaries/Win64/UnrealEditor.modules" 790
"../../../Engine/Plugins/Media/WmfMedia/Binaries/Win64/UnrealEditor.modules" 791
"../../../Engine/Plugins/FX/NiagaraSimCaching/Binaries/Win64/UnrealEditor.modules" 792
"../../../Engine/Plugins/Messaging/TcpMessaging/Binaries/Win64/UnrealEditor.modules" 793
"../../../Engine/Plugins/Compression/OodleNetwork/Binaries/Win64/UnrealEditor.modules" 794
"../../../Engine/Plugins/Messaging/UdpMessaging/Binaries/Win64/UnrealEditor.modules" 795
"../../../Engine/Plugins/Importers/AlembicImporter/Binaries/Win64/UnrealEditor.modules" 796
"../../../Engine/Plugins/Runtime/GeometryCache/Binaries/Win64/UnrealEditor.modules" 797
"../../../Engine/Plugins/Developer/AnimationSharing/Binaries/Win64/UnrealEditor.modules" 798
"../../../Engine/Plugins/Runtime/SignificanceManager/Binaries/Win64/UnrealEditor.modules" 799
"../../../Engine/Plugins/Developer/CLionSourceCodeAccess/Binaries/Win64/UnrealEditor.modules" 800
"../../../Engine/Plugins/Developer/DumpGPUServices/Binaries/Win64/UnrealEditor.modules" 801
"../../../Engine/Plugins/Enterprise/DatasmithContent/Binaries/Win64/UnrealEditor.modules" 802
"../../../Engine/Plugins/Developer/GitSourceControl/Binaries/Win64/UnrealEditor.modules" 803
"../../../Engine/Plugins/Developer/PerforceSourceControl/Binaries/Win64/UnrealEditor.modules" 804
"../../../Engine/Plugins/Developer/PixWinPlugin/Binaries/Win64/UnrealEditor.modules" 805
"../../../Engine/Plugins/Developer/PlasticSourceControl/Binaries/Win64/UnrealEditor.modules" 806
"../../../Engine/Plugins/Enterprise/GLTFExporter/Binaries/Win64/UnrealEditor.modules" 807
"../../../Engine/Plugins/Developer/N10XSourceCodeAccess/Binaries/Win64/UnrealEditor.modules" 808
"../../../Engine/Plugins/Developer/PluginUtils/Binaries/Win64/UnrealEditor.modules" 809
"../../../Engine/Plugins/Developer/RenderDocPlugin/Binaries/Win64/UnrealEditor.modules" 810
"../../../Engine/Plugins/Developer/PropertyAccessNode/Binaries/Win64/UnrealEditor.modules" 811
"../../../Engine/Plugins/Runtime/PropertyAccess/Binaries/Win64/UnrealEditor.modules" 812
"../../../Engine/Plugins/Developer/RiderSourceCodeAccess/Binaries/Win64/UnrealEditor.modules" 813
"../../../Engine/Plugins/Developer/SubversionSourceControl/Binaries/Win64/UnrealEditor.modules" 814
"../../../Engine/Plugins/Developer/TextureFormatOodle/Binaries/Win64/UnrealEditor.modules" 815
"../../../Engine/Plugins/Developer/TraceDataFiltering/Binaries/Win64/UnrealEditor.modules" 816
"../../../Engine/Plugins/Developer/VisualStudioCodeSourceCodeAccess/Binaries/Win64/UnrealEditor.modules" 817
"../../../Engine/Plugins/Developer/VisualStudioSourceCodeAccess/Binaries/Win64/UnrealEditor.modules" 818
"../../../Engine/Plugins/Developer/UObjectPlugin/Binaries/Win64/UnrealEditor.modules" 819
"../../../Engine/Plugins/Editor/BlueprintHeaderView/Binaries/Win64/UnrealEditor.modules" 820
"../../../Engine/Plugins/Editor/AssetManagerEditor/Binaries/Win64/UnrealEditor.modules" 821
"../../../Engine/Plugins/Editor/CryptoKeys/Binaries/Win64/UnrealEditor.modules" 822
"../../../Engine/Plugins/Editor/ChangelistReview/Binaries/Win64/UnrealEditor.modules" 823
"../../../Engine/Plugins/Editor/DataValidation/Binaries/Win64/UnrealEditor.modules" 824
"../../../Engine/Plugins/Editor/CurveEditorTools/Binaries/Win64/UnrealEditor.modules" 825
"../../../Engine/Plugins/Editor/EditorDebugTools/Binaries/Win64/UnrealEditor.modules" 826
"../../../Engine/Plugins/Editor/EngineAssetDefinitions/Binaries/Win64/UnrealEditor.modules" 827
"../../../Engine/Plugins/Editor/FacialAnimation/Binaries/Win64/UnrealEditor.modules" 828
"../../../Engine/Plugins/Editor/GameplayTagsEditor/Binaries/Win64/UnrealEditor.modules" 829
"../../../Engine/Plugins/Editor/GeometryMode/Binaries/Win64/UnrealEditor.modules" 830
"../../../Engine/Plugins/Editor/MaterialAnalyzer/Binaries/Win64/UnrealEditor.modules" 831
"../../../Engine/Plugins/Editor/MobileLauncherProfileWizard/Binaries/Win64/UnrealEditor.modules" 832
"../../../Engine/Plugins/Editor/PluginBrowser/Binaries/Win64/UnrealEditor.modules" 833
"../../../Engine/Plugins/Editor/SequencerAnimTools/Binaries/Win64/UnrealEditor.modules" 834
"../../../Engine/Plugins/Animation/ControlRig/Binaries/Win64/UnrealEditor.modules" 835
"../../../Engine/Plugins/Runtime/RigVM/Binaries/Win64/UnrealEditor.modules" 836
"../../../Engine/Plugins/Experimental/StructUtils/Binaries/Win64/UnrealEditor.modules" 837
"../../../Engine/Plugins/Editor/SpeedTreeImporter/Binaries/Win64/UnrealEditor.modules" 838
"../../../Engine/Plugins/Editor/UVEditor/Binaries/Win64/UnrealEditor.modules" 839
"../../../Engine/Plugins/Editor/WorldPartitionHLODUtilities/Binaries/Win64/UnrealEditor.modules" 840
"../../../Engine/Plugins/Tests/InterchangeTests/Binaries/Win64/UnrealEditor.modules" 841
"../../../Engine/Plugins/Runtime/ActorLayerUtilities/Binaries/Win64/UnrealEditor.modules" 842
"../../../Engine/Plugins/Runtime/AndroidDeviceProfileSelector/Binaries/Win64/UnrealEditor.modules" 843
"../../../Engine/Plugins/Runtime/AndroidFileServer/Binaries/Win64/UnrealEditor.modules" 844
"../../../Engine/Plugins/Runtime/AndroidPermission/Binaries/Win64/UnrealEditor.modules" 845
"../../../Engine/Plugins/Runtime/AppleImageUtils/Binaries/Win64/UnrealEditor.modules" 846
"../../../Engine/Plugins/Runtime/AssetTags/Binaries/Win64/UnrealEditor.modules" 847
"../../../Engine/Plugins/Runtime/ArchVisCharacter/Binaries/Win64/UnrealEditor.modules" 848
"../../../Engine/Plugins/Runtime/CableComponent/Binaries/Win64/UnrealEditor.modules" 849
"../../../Engine/Plugins/Runtime/ChunkDownloader/Binaries/Win64/UnrealEditor.modules" 850
"../../../Engine/Plugins/Runtime/CustomMeshComponent/Binaries/Win64/UnrealEditor.modules" 851
"../../../Engine/Plugins/Runtime/ExampleDeviceProfileSelector/Binaries/Win64/UnrealEditor.modules" 852
"../../../Engine/Plugins/Runtime/GooglePAD/Binaries/Win64/UnrealEditor.modules" 853
"../../../Engine/Plugins/Runtime/InputDebugging/Binaries/Win64/UnrealEditor.modules" 854
"../../../Engine/Plugins/Runtime/LocationServicesBPLibrary/Binaries/Win64/UnrealEditor.modules" 855
"../../../Engine/Plugins/Runtime/Metasound/Binaries/Win64/UnrealEditor.modules" 856
"../../../Engine/Plugins/Runtime/AudioWidgets/Binaries/Win64/UnrealEditor.modules" 857
"../../../Engine/Plugins/Runtime/AudioSynesthesia/Binaries/Win64/UnrealEditor.modules" 858
"../../../Engine/Plugins/Runtime/WaveTable/Binaries/Win64/UnrealEditor.modules" 859
"../../../Engine/Plugins/Runtime/MsQuic/Binaries/Win64/UnrealEditor.modules" 860
"../../../Engine/Plugins/Runtime/MobilePatchingUtils/Binaries/Win64/UnrealEditor.modules" 861
"../../../Engine/Plugins/Runtime/ProceduralMeshComponent/Binaries/Win64/UnrealEditor.modules" 862
"../../../Engine/Plugins/Runtime/ResonanceAudio/Binaries/Win64/UnrealEditor.modules" 863
"../../../Engine/Plugins/Runtime/SoundFields/Binaries/Win64/UnrealEditor.modules" 864
"../../../Engine/Plugins/Runtime/Synthesis/Binaries/Win64/UnrealEditor.modules" 865
"../../../Engine/Plugins/Runtime/WebMMoviePlayer/Binaries/Win64/UnrealEditor.modules" 866
"../../../Engine/Plugins/Media/WebMMedia/Binaries/Win64/UnrealEditor.modules" 867
"../../../Engine/Plugins/Runtime/WindowsDeviceProfileSelector/Binaries/Win64/UnrealEditor.modules" 868
"../../../Engine/Plugins/Runtime/WindowsMoviePlayer/Binaries/Win64/UnrealEditor.modules" 869
"../../../Engine/Plugins/Experimental/AutomationUtils/Binaries/Win64/UnrealEditor.modules" 870
"../../../Engine/Plugins/Experimental/BackChannel/Binaries/Win64/UnrealEditor.modules" 871
"../../../Engine/Plugins/Experimental/ChaosEditor/Binaries/Win64/UnrealEditor.modules" 872
"../../../Engine/Plugins/Experimental/GeometryCollectionPlugin/Binaries/Win64/UnrealEditor.modules" 873
"../../../Engine/Plugins/Experimental/Fracture/Binaries/Win64/UnrealEditor.modules" 874
"../../../Engine/Plugins/Experimental/ChaosSolverPlugin/Binaries/Win64/UnrealEditor.modules" 875
"../../../Engine/Plugins/Experimental/Dataflow/Binaries/Win64/UnrealEditor.modules" 876
"../../../Engine/Plugins/Experimental/CharacterFXEditor/BaseCharacterFXEditor/Binaries/Win64/UnrealEditor.modules" 877
"../../../Engine/Plugins/Experimental/ChaosNiagara/Binaries/Win64/UnrealEditor.modules" 878
"../../../Engine/Plugins/Experimental/CharacterAI/Binaries/Win64/UnrealEditor.modules" 879
"../../../Engine/Plugins/Experimental/ChaosUserDataPT/Binaries/Win64/UnrealEditor.modules" 880
"../../../Engine/Plugins/Experimental/LocalizableMessage/Binaries/Win64/UnrealEditor.modules" 881
"../../../Engine/Plugins/Experimental/OpenImageDenoise/Binaries/Win64/UnrealEditor.modules" 882
"../../../Engine/Plugins/Experimental/PlatformCrypto/Binaries/Win64/UnrealEditor.modules" 883
"../../../Engine/Plugins/Experimental/SkeletalReduction/Binaries/Win64/UnrealEditor.modules" 884
"../../../Engine/Plugins/Experimental/StudioTelemetry/Binaries/Win64/UnrealEditor.modules" 885
"../../../Engine/Plugins/2D/Paper2D/Binaries/Win64/UnrealEditor.modules" 886
"../../../Engine/Plugins/Animation/AnimationData/Binaries/Win64/UnrealEditor.modules" 887
"../../../Engine/Plugins/Animation/ACLPlugin/Binaries/Win64/UnrealEditor.modules" 888
"../../../Engine/Plugins/Animation/AnimationModifierLibrary/Binaries/Win64/UnrealEditor.modules" 889
"../../../Engine/Plugins/Animation/BlendSpaceMotionAnalysis/Binaries/Win64/UnrealEditor.modules" 890
"../../../Engine/Plugins/Animation/ControlRigSpline/Binaries/Win64/UnrealEditor.modules" 891
"../../../Engine/Plugins/Cameras/CameraShakePreviewer/Binaries/Win64/UnrealEditor.modules" 892
"../../../Engine/Plugins/Cameras/GameplayCameras/Binaries/Win64/UnrealEditor.modules" 893
"../../../Engine/Plugins/MovieScene/TemplateSequence/Binaries/Win64/UnrealEditor.modules" 894
"../../../Engine/Plugins/Animation/IKRig/Binaries/Win64/UnrealEditor.modules" 895
"../../../Engine/Plugins/Experimental/FullBodyIK/Binaries/Win64/UnrealEditor.modules" 896
"../../../Engine/Plugins/Editor/Localization/PortableObjectFileDataSource/Binaries/Win64/UnrealEditor.modules" 897
"../../../Engine/Plugins/Editor/ContentBrowser/ContentBrowserClassDataSource/Binaries/Win64/UnrealEditor.modules" 898
"../../../Engine/Plugins/Editor/ContentBrowser/ContentBrowserAssetDataSource/Binaries/Win64/UnrealEditor.modules" 899
"../../../Engine/Plugins/Editor/ObjectMixer/LightMixer/Binaries/Win64/UnrealEditor.modules" 900
"../../../Engine/Plugins/Editor/ObjectMixer/ObjectMixer/Binaries/Win64/UnrealEditor.modules" 901
"../../../Engine/Plugins/Runtime/Windows/XInputDevice/Binaries/Win64/UnrealEditor.modules" 902
"../../../Engine/Config/BaseSourceControlSettings.ini" 903
"../../../Engine/Content/Internationalization/icudt64l/coll/ucadata.icu" 904
"../../../Engine/Content/Internationalization/icudt64l/coll/es.res" 905
"../../../Engine/Content/Internationalization/icudt64l/coll/root.res" 906
"../../../Engine/Content/Certificates/ThirdParty/cacert.pem" 907
"../../../Engine/Config/ConsoleVariables.ini" 908
"../../../Engine/Binaries/Win64/Android/UnrealEditor.modules" 909
"../../../Engine/Binaries/Win64/IOS/UnrealEditor.modules" 910
"../../../Engine/Binaries/Win64/Linux/UnrealEditor.modules" 911
"../../../Engine/Binaries/Win64/LinuxArm64/UnrealEditor.modules" 912
"../../../Engine/Content/Localization/Editor/en/Editor.locres" 913
"../../../Engine/Content/Localization/EditorTutorials/en/EditorTutorials.locres" 914
"../../../Engine/Content/Localization/Keywords/en/Keywords.locres" 915
"../../../Engine/Content/Localization/Category/en/Category.locres" 916
"../../../Engine/Content/Localization/ToolTips/en/ToolTips.locres" 917
"../../../Engine/Content/Localization/PropertyNames/en/PropertyNames.locres" 918
"../../../Engine/Content/Localization/Engine/en/Engine.locres" 919
"../../../Engine/Plugins/Online/OnlineSubsystem/Content/Localization/OnlineSubsystem/en/OnlineSubsystem.locres" 920
"../../../Engine/Plugins/Online/OnlineSubsystemUtils/Content/Localization/OnlineSubsystemUtils/en/OnlineSubsystemUtils.locres" 921
"../../../Engine/Plugins/Online/IOS/OnlineSubsystemIOS/Content/Localization/OnlineSubsystemIOS/en/OnlineSubsystemIOS.locres" 922
"../../../Engine/Plugins/Online/Android/OnlineSubsystemGooglePlay/Content/Localization/OnlineSubsystemGooglePlay/en/OnlineSubsystemGooglePlay.locres" 923
"../../../Engine/Content/Internationalization/icudt64l/numberingSystems.res" 924
"../../../Engine/Content/Internationalization/icudt64l/curr/supplementalData.res" 925
"../../../Engine/Content/Internationalization/icudt64l/curr/es.res" 926
"../../../Engine/Content/Internationalization/icudt64l/curr/pool.res" 927
"../../../Engine/Content/Internationalization/icudt64l/curr/root.res" 928
"../../../Engine/Content/Internationalization/icudt64l/lang/af.res" 929
"../../../Engine/Content/Internationalization/icudt64l/region/af.res" 930
"../../../Engine/Content/Internationalization/icudt64l/lang/agq.res" 931
"../../../Engine/Content/Internationalization/icudt64l/region/agq.res" 932
"../../../Engine/Content/Internationalization/icudt64l/lang/ak.res" 933
"../../../Engine/Content/Internationalization/icudt64l/region/ak.res" 934
"../../../Engine/Content/Internationalization/icudt64l/lang/am.res" 935
"../../../Engine/Content/Internationalization/icudt64l/region/am.res" 936
"../../../Engine/Content/Internationalization/icudt64l/lang/ar.res" 937
"../../../Engine/Content/Internationalization/icudt64l/region/ar.res" 938
"../../../Engine/Content/Internationalization/icudt64l/region/ar_AE.res" 939
"../../../Engine/Content/Internationalization/icudt64l/lang/ar_EG.res" 940
"../../../Engine/Content/Internationalization/icudt64l/lang/ar_LY.res" 941
"../../../Engine/Content/Internationalization/icudt64l/region/ar_LY.res" 942
"../../../Engine/Content/Internationalization/icudt64l/lang/ar_SA.res" 943
"../../../Engine/Content/Internationalization/icudt64l/region/ar_SA.res" 944
"../../../Engine/Content/Internationalization/icudt64l/lang/as.res" 945
"../../../Engine/Content/Internationalization/icudt64l/region/as.res" 946
"../../../Engine/Content/Internationalization/icudt64l/lang/asa.res" 947
"../../../Engine/Content/Internationalization/icudt64l/region/asa.res" 948
"../../../Engine/Content/Internationalization/icudt64l/lang/ast.res" 949
"../../../Engine/Content/Internationalization/icudt64l/region/ast.res" 950
"../../../Engine/Content/Internationalization/icudt64l/lang/az.res" 951
"../../../Engine/Content/Internationalization/icudt64l/lang/az_Cyrl.res" 952
"../../../Engine/Content/Internationalization/icudt64l/lang/az_AZ.res" 953
"../../../Engine/Content/Internationalization/icudt64l/lang/az_Latn_AZ.res" 954
"../../../Engine/Content/Internationalization/icudt64l/lang/az_Latn.res" 955
"../../../Engine/Content/Internationalization/icudt64l/region/az_AZ.res" 956
"../../../Engine/Content/Internationalization/icudt64l/region/az_Latn_AZ.res" 957
"../../../Engine/Content/Internationalization/icudt64l/region/az_Latn.res" 958
"../../../Engine/Content/Internationalization/icudt64l/region/az.res" 959
"../../../Engine/Content/Internationalization/icudt64l/region/az_Cyrl.res" 960
"../../../Engine/Content/Internationalization/icudt64l/lang/bas.res" 961
"../../../Engine/Content/Internationalization/icudt64l/region/bas.res" 962
"../../../Engine/Content/Internationalization/icudt64l/lang/be.res" 963
"../../../Engine/Content/Internationalization/icudt64l/region/be.res" 964
"../../../Engine/Content/Internationalization/icudt64l/lang/bem.res" 965
"../../../Engine/Content/Internationalization/icudt64l/region/bem.res" 966
"../../../Engine/Content/Internationalization/icudt64l/lang/bez.res" 967
"../../../Engine/Content/Internationalization/icudt64l/region/bez.res" 968
"../../../Engine/Content/Internationalization/icudt64l/lang/bg.res" 969
"../../../Engine/Content/Internationalization/icudt64l/region/bg.res" 970
"../../../Engine/Content/Internationalization/icudt64l/lang/bm.res" 971
"../../../Engine/Content/Internationalization/icudt64l/region/bm.res" 972
"../../../Engine/Content/Internationalization/icudt64l/lang/bn.res" 973
"../../../Engine/Content/Internationalization/icudt64l/region/bn.res" 974
"../../../Engine/Content/Internationalization/icudt64l/lang/bn_IN.res" 975
"../../../Engine/Content/Internationalization/icudt64l/region/bn_IN.res" 976
"../../../Engine/Content/Internationalization/icudt64l/lang/bo.res" 977
"../../../Engine/Content/Internationalization/icudt64l/region/bo.res" 978
"../../../Engine/Content/Internationalization/icudt64l/region/bo_IN.res" 979
"../../../Engine/Content/Internationalization/icudt64l/lang/br.res" 980
"../../../Engine/Content/Internationalization/icudt64l/region/br.res" 981
"../../../Engine/Content/Internationalization/icudt64l/lang/brx.res" 982
"../../../Engine/Content/Internationalization/icudt64l/region/brx.res" 983
"../../../Engine/Content/Internationalization/icudt64l/lang/bs.res" 984
"../../../Engine/Content/Internationalization/icudt64l/lang/bs_Cyrl.res" 985
"../../../Engine/Content/Internationalization/icudt64l/lang/bs_BA.res" 986
"../../../Engine/Content/Internationalization/icudt64l/lang/bs_Latn_BA.res" 987
"../../../Engine/Content/Internationalization/icudt64l/lang/bs_Latn.res" 988
"../../../Engine/Content/Internationalization/icudt64l/region/bs_BA.res" 989
"../../../Engine/Content/Internationalization/icudt64l/region/bs_Latn_BA.res" 990
"../../../Engine/Content/Internationalization/icudt64l/region/bs_Latn.res" 991
"../../../Engine/Content/Internationalization/icudt64l/region/bs.res" 992
"../../../Engine/Content/Internationalization/icudt64l/region/bs_Cyrl.res" 993
"../../../Engine/Content/Internationalization/icudt64l/lang/ca.res" 994
"../../../Engine/Content/Internationalization/icudt64l/region/ca.res" 995
"../../../Engine/Content/Internationalization/icudt64l/lang/ccp.res" 996
"../../../Engine/Content/Internationalization/icudt64l/region/ccp.res" 997
"../../../Engine/Content/Internationalization/icudt64l/lang/ce.res" 998
"../../../Engine/Content/Internationalization/icudt64l/region/ce.res" 999
"../../../Engine/Content/Internationalization/icudt64l/lang/ceb.res" 1000
"../../../Engine/Content/Internationalization/icudt64l/region/ceb.res" 1001
"../../../Engine/Content/Internationalization/icudt64l/lang/cgg.res" 1002
"../../../Engine/Content/Internationalization/icudt64l/region/cgg.res" 1003
"../../../Engine/Content/Internationalization/icudt64l/lang/chr.res" 1004
"../../../Engine/Content/Internationalization/icudt64l/region/chr.res" 1005
"../../../Engine/Content/Internationalization/icudt64l/lang/ckb.res" 1006
"../../../Engine/Content/Internationalization/icudt64l/region/ckb.res" 1007
"../../../Engine/Content/Internationalization/icudt64l/lang/cs.res" 1008
"../../../Engine/Content/Internationalization/icudt64l/region/cs.res" 1009
"../../../Engine/Content/Internationalization/icudt64l/lang/cy.res" 1010
"../../../Engine/Content/Internationalization/icudt64l/region/cy.res" 1011
"../../../Engine/Content/Internationalization/icudt64l/lang/da.res" 1012
"../../../Engine/Content/Internationalization/icudt64l/region/da.res" 1013
"../../../Engine/Content/Internationalization/icudt64l/lang/dav.res" 1014
"../../../Engine/Content/Internationalization/icudt64l/region/dav.res" 1015
"../../../Engine/Content/Internationalization/icudt64l/lang/de.res" 1016
"../../../Engine/Content/Internationalization/icudt64l/lang/de_AT.res" 1017
"../../../Engine/Content/Internationalization/icudt64l/region/de_AT.res" 1018
"../../../Engine/Content/Internationalization/icudt64l/region/de.res" 1019
"../../../Engine/Content/Internationalization/icudt64l/lang/de_CH.res" 1020
"../../../Engine/Content/Internationalization/icudt64l/region/de_CH.res" 1021
"../../../Engine/Content/Internationalization/icudt64l/lang/de_LU.res" 1022
"../../../Engine/Content/Internationalization/icudt64l/lang/dje.res" 1023
"../../../Engine/Content/Internationalization/icudt64l/region/dje.res" 1024
"../../../Engine/Content/Internationalization/icudt64l/lang/dsb.res" 1025
"../../../Engine/Content/Internationalization/icudt64l/region/dsb.res" 1026
"../../../Engine/Content/Internationalization/icudt64l/lang/dua.res" 1027
"../../../Engine/Content/Internationalization/icudt64l/region/dua.res" 1028
"../../../Engine/Content/Internationalization/icudt64l/lang/dyo.res" 1029
"../../../Engine/Content/Internationalization/icudt64l/region/dyo.res" 1030
"../../../Engine/Content/Internationalization/icudt64l/lang/dz.res" 1031
"../../../Engine/Content/Internationalization/icudt64l/region/dz.res" 1032
"../../../Engine/Content/Internationalization/icudt64l/lang/ebu.res" 1033
"../../../Engine/Content/Internationalization/icudt64l/region/ebu.res" 1034
"../../../Engine/Content/Internationalization/icudt64l/lang/ee.res" 1035
"../../../Engine/Content/Internationalization/icudt64l/region/ee.res" 1036
"../../../Engine/Content/Internationalization/icudt64l/lang/el.res" 1037
"../../../Engine/Content/Internationalization/icudt64l/region/el.res" 1038
"../../../Engine/Content/Internationalization/icudt64l/lang/en_001.res" 1039
"../../../Engine/Content/Internationalization/icudt64l/lang/en_150.res" 1040
"../../../Engine/Content/Internationalization/icudt64l/region/en_150.res" 1041
"../../../Engine/Content/Internationalization/icudt64l/lang/en_AG.res" 1042
"../../../Engine/Content/Internationalization/icudt64l/region/en_AG.res" 1043
"../../../Engine/Content/Internationalization/icudt64l/lang/en_AI.res" 1044
"../../../Engine/Content/Internationalization/icudt64l/region/en_AI.res" 1045
"../../../Engine/Content/Internationalization/icudt64l/lang/en_AT.res" 1046
"../../../Engine/Content/Internationalization/icudt64l/region/en_AT.res" 1047
"../../../Engine/Content/Internationalization/icudt64l/lang/en_AU.res" 1048
"../../../Engine/Content/Internationalization/icudt64l/region/en_AU.res" 1049
"../../../Engine/Content/Internationalization/icudt64l/lang/en_BB.res" 1050
"../../../Engine/Content/Internationalization/icudt64l/region/en_BB.res" 1051
"../../../Engine/Content/Internationalization/icudt64l/lang/en_BE.res" 1052
"../../../Engine/Content/Internationalization/icudt64l/region/en_BE.res" 1053
"../../../Engine/Content/Internationalization/icudt64l/lang/en_BM.res" 1054
"../../../Engine/Content/Internationalization/icudt64l/region/en_BM.res" 1055
"../../../Engine/Content/Internationalization/icudt64l/lang/en_BS.res" 1056
"../../../Engine/Content/Internationalization/icudt64l/region/en_BS.res" 1057
"../../../Engine/Content/Internationalization/icudt64l/lang/en_BW.res" 1058
"../../../Engine/Content/Internationalization/icudt64l/region/en_BW.res" 1059
"../../../Engine/Content/Internationalization/icudt64l/lang/en_BZ.res" 1060
"../../../Engine/Content/Internationalization/icudt64l/region/en_BZ.res" 1061
"../../../Engine/Content/Internationalization/icudt64l/lang/en_CA.res" 1062
"../../../Engine/Content/Internationalization/icudt64l/region/en_CA.res" 1063
"../../../Engine/Content/Internationalization/icudt64l/lang/en_CC.res" 1064
"../../../Engine/Content/Internationalization/icudt64l/region/en_CC.res" 1065
"../../../Engine/Content/Internationalization/icudt64l/lang/en_CH.res" 1066
"../../../Engine/Content/Internationalization/icudt64l/region/en_CH.res" 1067
"../../../Engine/Content/Internationalization/icudt64l/lang/en_CK.res" 1068
"../../../Engine/Content/Internationalization/icudt64l/region/en_CK.res" 1069
"../../../Engine/Content/Internationalization/icudt64l/lang/en_CM.res" 1070
"../../../Engine/Content/Internationalization/icudt64l/region/en_CM.res" 1071
"../../../Engine/Content/Internationalization/icudt64l/lang/en_CX.res" 1072
"../../../Engine/Content/Internationalization/icudt64l/region/en_CX.res" 1073
"../../../Engine/Content/Internationalization/icudt64l/lang/en_CY.res" 1074
"../../../Engine/Content/Internationalization/icudt64l/region/en_CY.res" 1075
"../../../Engine/Content/Internationalization/icudt64l/lang/en_DE.res" 1076
"../../../Engine/Content/Internationalization/icudt64l/region/en_DE.res" 1077
"../../../Engine/Content/Internationalization/icudt64l/lang/en_DG.res" 1078
"../../../Engine/Content/Internationalization/icudt64l/region/en_DG.res" 1079
"../../../Engine/Content/Internationalization/icudt64l/lang/en_DK.res" 1080
"../../../Engine/Content/Internationalization/icudt64l/region/en_DK.res" 1081
"../../../Engine/Content/Internationalization/icudt64l/lang/en_DM.res" 1082
"../../../Engine/Content/Internationalization/icudt64l/region/en_DM.res" 1083
"../../../Engine/Content/Internationalization/icudt64l/lang/en_ER.res" 1084
"../../../Engine/Content/Internationalization/icudt64l/region/en_ER.res" 1085
"../../../Engine/Content/Internationalization/icudt64l/lang/en_FI.res" 1086
"../../../Engine/Content/Internationalization/icudt64l/region/en_FI.res" 1087
"../../../Engine/Content/Internationalization/icudt64l/lang/en_FJ.res" 1088
"../../../Engine/Content/Internationalization/icudt64l/region/en_FJ.res" 1089
"../../../Engine/Content/Internationalization/icudt64l/lang/en_FK.res" 1090
"../../../Engine/Content/Internationalization/icudt64l/region/en_FK.res" 1091
"../../../Engine/Content/Internationalization/icudt64l/lang/en_FM.res" 1092
"../../../Engine/Content/Internationalization/icudt64l/region/en_FM.res" 1093
"../../../Engine/Content/Internationalization/icudt64l/lang/en_GB.res" 1094
"../../../Engine/Content/Internationalization/icudt64l/region/en_GB.res" 1095
"../../../Engine/Content/Internationalization/icudt64l/lang/en_GD.res" 1096
"../../../Engine/Content/Internationalization/icudt64l/region/en_GD.res" 1097
"../../../Engine/Content/Internationalization/icudt64l/lang/en_GG.res" 1098
"../../../Engine/Content/Internationalization/icudt64l/region/en_GG.res" 1099
"../../../Engine/Content/Internationalization/icudt64l/lang/en_GH.res" 1100
"../../../Engine/Content/Internationalization/icudt64l/region/en_GH.res" 1101
"../../../Engine/Content/Internationalization/icudt64l/lang/en_GI.res" 1102
"../../../Engine/Content/Internationalization/icudt64l/region/en_GI.res" 1103
"../../../Engine/Content/Internationalization/icudt64l/lang/en_GM.res" 1104
"../../../Engine/Content/Internationalization/icudt64l/region/en_GM.res" 1105
"../../../Engine/Content/Internationalization/icudt64l/lang/en_GY.res" 1106
"../../../Engine/Content/Internationalization/icudt64l/region/en_GY.res" 1107
"../../../Engine/Content/Internationalization/icudt64l/lang/en_HK.res" 1108
"../../../Engine/Content/Internationalization/icudt64l/region/en_HK.res" 1109
"../../../Engine/Content/Internationalization/icudt64l/lang/en_IE.res" 1110
"../../../Engine/Content/Internationalization/icudt64l/region/en_IE.res" 1111
"../../../Engine/Content/Internationalization/icudt64l/lang/en_IL.res" 1112
"../../../Engine/Content/Internationalization/icudt64l/region/en_IL.res" 1113
"../../../Engine/Content/Internationalization/icudt64l/lang/en_IM.res" 1114
"../../../Engine/Content/Internationalization/icudt64l/region/en_IM.res" 1115
"../../../Engine/Content/Internationalization/icudt64l/lang/en_IN.res" 1116
"../../../Engine/Content/Internationalization/icudt64l/region/en_IN.res" 1117
"../../../Engine/Content/Internationalization/icudt64l/lang/en_IO.res" 1118
"../../../Engine/Content/Internationalization/icudt64l/region/en_IO.res" 1119
"../../../Engine/Content/Internationalization/icudt64l/lang/en_JE.res" 1120
"../../../Engine/Content/Internationalization/icudt64l/region/en_JE.res" 1121
"../../../Engine/Content/Internationalization/icudt64l/lang/en_JM.res" 1122
"../../../Engine/Content/Internationalization/icudt64l/region/en_JM.res" 1123
"../../../Engine/Content/Internationalization/icudt64l/lang/en_KE.res" 1124
"../../../Engine/Content/Internationalization/icudt64l/region/en_KE.res" 1125
"../../../Engine/Content/Internationalization/icudt64l/lang/en_KI.res" 1126
"../../../Engine/Content/Internationalization/icudt64l/region/en_KI.res" 1127
"../../../Engine/Content/Internationalization/icudt64l/lang/en_KN.res" 1128
"../../../Engine/Content/Internationalization/icudt64l/region/en_KN.res" 1129
"../../../Engine/Content/Internationalization/icudt64l/lang/en_KY.res" 1130
"../../../Engine/Content/Internationalization/icudt64l/region/en_KY.res" 1131
"../../../Engine/Content/Internationalization/icudt64l/lang/en_LC.res" 1132
"../../../Engine/Content/Internationalization/icudt64l/region/en_LC.res" 1133
"../../../Engine/Content/Internationalization/icudt64l/lang/en_LR.res" 1134
"../../../Engine/Content/Internationalization/icudt64l/region/en_LR.res" 1135
"../../../Engine/Content/Internationalization/icudt64l/lang/en_LS.res" 1136
"../../../Engine/Content/Internationalization/icudt64l/region/en_LS.res" 1137
"../../../Engine/Content/Internationalization/icudt64l/lang/en_MG.res" 1138
"../../../Engine/Content/Internationalization/icudt64l/region/en_MG.res" 1139
"../../../Engine/Content/Internationalization/icudt64l/lang/en_MO.res" 1140
"../../../Engine/Content/Internationalization/icudt64l/region/en_MO.res" 1141
"../../../Engine/Content/Internationalization/icudt64l/lang/en_MS.res" 1142
"../../../Engine/Content/Internationalization/icudt64l/region/en_MS.res" 1143
"../../../Engine/Content/Internationalization/icudt64l/lang/en_MT.res" 1144
"../../../Engine/Content/Internationalization/icudt64l/region/en_MT.res" 1145
"../../../Engine/Content/Internationalization/icudt64l/lang/en_MU.res" 1146
"../../../Engine/Content/Internationalization/icudt64l/region/en_MU.res" 1147
"../../../Engine/Content/Internationalization/icudt64l/lang/en_MW.res" 1148
"../../../Engine/Content/Internationalization/icudt64l/region/en_MW.res" 1149
"../../../Engine/Content/Internationalization/icudt64l/lang/en_MY.res" 1150
"../../../Engine/Content/Internationalization/icudt64l/region/en_MY.res" 1151
"../../../Engine/Content/Internationalization/icudt64l/lang/en_NA.res" 1152
"../../../Engine/Content/Internationalization/icudt64l/region/en_NA.res" 1153
"../../../Engine/Content/Internationalization/icudt64l/lang/en_NF.res" 1154
"../../../Engine/Content/Internationalization/icudt64l/region/en_NF.res" 1155
"../../../Engine/Content/Internationalization/icudt64l/lang/en_NG.res" 1156
"../../../Engine/Content/Internationalization/icudt64l/region/en_NG.res" 1157
"../../../Engine/Content/Internationalization/icudt64l/lang/en_NL.res" 1158
"../../../Engine/Content/Internationalization/icudt64l/region/en_NL.res" 1159
"../../../Engine/Content/Internationalization/icudt64l/lang/en_NR.res" 1160
"../../../Engine/Content/Internationalization/icudt64l/region/en_NR.res" 1161
"../../../Engine/Content/Internationalization/icudt64l/lang/en_NU.res" 1162
"../../../Engine/Content/Internationalization/icudt64l/region/en_NU.res" 1163
"../../../Engine/Content/Internationalization/icudt64l/lang/en_NZ.res" 1164
"../../../Engine/Content/Internationalization/icudt64l/region/en_NZ.res" 1165
"../../../Engine/Content/Internationalization/icudt64l/lang/en_PG.res" 1166
"../../../Engine/Content/Internationalization/icudt64l/region/en_PG.res" 1167
"../../../Engine/Content/Internationalization/icudt64l/lang/en_PH.res" 1168
"../../../Engine/Content/Internationalization/icudt64l/region/en_PH.res" 1169
"../../../Engine/Content/Internationalization/icudt64l/lang/en_PK.res" 1170
"../../../Engine/Content/Internationalization/icudt64l/region/en_PK.res" 1171
"../../../Engine/Content/Internationalization/icudt64l/lang/en_PN.res" 1172
"../../../Engine/Content/Internationalization/icudt64l/region/en_PN.res" 1173
"../../../Engine/Content/Internationalization/icudt64l/lang/en_PW.res" 1174
"../../../Engine/Content/Internationalization/icudt64l/region/en_PW.res" 1175
"../../../Engine/Content/Internationalization/icudt64l/lang/en_RW.res" 1176
"../../../Engine/Content/Internationalization/icudt64l/region/en_RW.res" 1177
"../../../Engine/Content/Internationalization/icudt64l/lang/en_SB.res" 1178
"../../../Engine/Content/Internationalization/icudt64l/region/en_SB.res" 1179
"../../../Engine/Content/Internationalization/icudt64l/lang/en_SC.res" 1180
"../../../Engine/Content/Internationalization/icudt64l/region/en_SC.res" 1181
"../../../Engine/Content/Internationalization/icudt64l/lang/en_SD.res" 1182
"../../../Engine/Content/Internationalization/icudt64l/region/en_SD.res" 1183
"../../../Engine/Content/Internationalization/icudt64l/lang/en_SE.res" 1184
"../../../Engine/Content/Internationalization/icudt64l/region/en_SE.res" 1185
"../../../Engine/Content/Internationalization/icudt64l/lang/en_SG.res" 1186
"../../../Engine/Content/Internationalization/icudt64l/region/en_SG.res" 1187
"../../../Engine/Content/Internationalization/icudt64l/lang/en_SH.res" 1188
"../../../Engine/Content/Internationalization/icudt64l/region/en_SH.res" 1189
"../../../Engine/Content/Internationalization/icudt64l/lang/en_SI.res" 1190
"../../../Engine/Content/Internationalization/icudt64l/region/en_SI.res" 1191
"../../../Engine/Content/Internationalization/icudt64l/lang/en_SL.res" 1192
"../../../Engine/Content/Internationalization/icudt64l/region/en_SL.res" 1193
"../../../Engine/Content/Internationalization/icudt64l/lang/en_SS.res" 1194
"../../../Engine/Content/Internationalization/icudt64l/region/en_SS.res" 1195
"../../../Engine/Content/Internationalization/icudt64l/lang/en_SX.res" 1196
"../../../Engine/Content/Internationalization/icudt64l/region/en_SX.res" 1197
"../../../Engine/Content/Internationalization/icudt64l/lang/en_SZ.res" 1198
"../../../Engine/Content/Internationalization/icudt64l/region/en_SZ.res" 1199
"../../../Engine/Content/Internationalization/icudt64l/lang/en_TC.res" 1200
"../../../Engine/Content/Internationalization/icudt64l/region/en_TC.res" 1201
"../../../Engine/Content/Internationalization/icudt64l/lang/en_TK.res" 1202
"../../../Engine/Content/Internationalization/icudt64l/region/en_TK.res" 1203
"../../../Engine/Content/Internationalization/icudt64l/lang/en_TO.res" 1204
"../../../Engine/Content/Internationalization/icudt64l/region/en_TO.res" 1205
"../../../Engine/Content/Internationalization/icudt64l/lang/en_TT.res" 1206
"../../../Engine/Content/Internationalization/icudt64l/region/en_TT.res" 1207
"../../../Engine/Content/Internationalization/icudt64l/lang/en_TV.res" 1208
"../../../Engine/Content/Internationalization/icudt64l/region/en_TV.res" 1209
"../../../Engine/Content/Internationalization/icudt64l/lang/en_TZ.res" 1210
"../../../Engine/Content/Internationalization/icudt64l/region/en_TZ.res" 1211
"../../../Engine/Content/Internationalization/icudt64l/lang/en_UG.res" 1212
"../../../Engine/Content/Internationalization/icudt64l/region/en_UG.res" 1213
"../../../Engine/Content/Internationalization/icudt64l/lang/en_VC.res" 1214
"../../../Engine/Content/Internationalization/icudt64l/region/en_VC.res" 1215
"../../../Engine/Content/Internationalization/icudt64l/lang/en_VG.res" 1216
"../../../Engine/Content/Internationalization/icudt64l/region/en_VG.res" 1217
"../../../Engine/Content/Internationalization/icudt64l/lang/en_VU.res" 1218
"../../../Engine/Content/Internationalization/icudt64l/region/en_VU.res" 1219
"../../../Engine/Content/Internationalization/icudt64l/lang/en_WS.res" 1220
"../../../Engine/Content/Internationalization/icudt64l/region/en_WS.res" 1221
"../../../Engine/Content/Internationalization/icudt64l/lang/en_ZA.res" 1222
"../../../Engine/Content/Internationalization/icudt64l/region/en_ZA.res" 1223
"../../../Engine/Content/Internationalization/icudt64l/lang/en_ZM.res" 1224
"../../../Engine/Content/Internationalization/icudt64l/region/en_ZM.res" 1225
"../../../Engine/Content/Internationalization/icudt64l/lang/en_ZW.res" 1226
"../../../Engine/Content/Internationalization/icudt64l/region/en_ZW.res" 1227
"../../../Engine/Content/Internationalization/icudt64l/lang/eo.res" 1228
"../../../Engine/Content/Internationalization/icudt64l/region/eo.res" 1229
"../../../Engine/Content/Internationalization/icudt64l/lang/es_419.res" 1230
"../../../Engine/Content/Internationalization/icudt64l/region/es_419.res" 1231
"../../../Engine/Content/Internationalization/icudt64l/lang/es_AR.res" 1232
"../../../Engine/Content/Internationalization/icudt64l/region/es_AR.res" 1233
"../../../Engine/Content/Internationalization/icudt64l/lang/es_BO.res" 1234
"../../../Engine/Content/Internationalization/icudt64l/region/es_BO.res" 1235
"../../../Engine/Content/Internationalization/icudt64l/lang/es_BR.res" 1236
"../../../Engine/Content/Internationalization/icudt64l/region/es_BR.res" 1237
"../../../Engine/Content/Internationalization/icudt64l/lang/es_BZ.res" 1238
"../../../Engine/Content/Internationalization/icudt64l/region/es_BZ.res" 1239
"../../../Engine/Content/Internationalization/icudt64l/lang/es_CL.res" 1240
"../../../Engine/Content/Internationalization/icudt64l/region/es_CL.res" 1241
"../../../Engine/Content/Internationalization/icudt64l/lang/es_CO.res" 1242
"../../../Engine/Content/Internationalization/icudt64l/region/es_CO.res" 1243
"../../../Engine/Content/Internationalization/icudt64l/lang/es_CR.res" 1244
"../../../Engine/Content/Internationalization/icudt64l/region/es_CR.res" 1245
"../../../Engine/Content/Internationalization/icudt64l/lang/es_CU.res" 1246
"../../../Engine/Content/Internationalization/icudt64l/region/es_CU.res" 1247
"../../../Engine/Content/Internationalization/icudt64l/lang/es_DO.res" 1248
"../../../Engine/Content/Internationalization/icudt64l/region/es_DO.res" 1249
"../../../Engine/Content/Internationalization/icudt64l/lang/es_EC.res" 1250
"../../../Engine/Content/Internationalization/icudt64l/region/es_EC.res" 1251
"../../../Engine/Content/Internationalization/icudt64l/lang/es_GT.res" 1252
"../../../Engine/Content/Internationalization/icudt64l/region/es_GT.res" 1253
"../../../Engine/Content/Internationalization/icudt64l/lang/es_HN.res" 1254
"../../../Engine/Content/Internationalization/icudt64l/region/es_HN.res" 1255
"../../../Engine/Content/Internationalization/icudt64l/lang/es_MX.res" 1256
"../../../Engine/Content/Internationalization/icudt64l/region/es_MX.res" 1257
"../../../Engine/Content/Internationalization/icudt64l/lang/es_NI.res" 1258
"../../../Engine/Content/Internationalization/icudt64l/region/es_NI.res" 1259
"../../../Engine/Content/Internationalization/icudt64l/lang/es_PA.res" 1260
"../../../Engine/Content/Internationalization/icudt64l/region/es_PA.res" 1261
"../../../Engine/Content/Internationalization/icudt64l/lang/es_PE.res" 1262
"../../../Engine/Content/Internationalization/icudt64l/region/es_PE.res" 1263
"../../../Engine/Content/Internationalization/icudt64l/lang/es_PR.res" 1264
"../../../Engine/Content/Internationalization/icudt64l/region/es_PR.res" 1265
"../../../Engine/Content/Internationalization/icudt64l/lang/es_PY.res" 1266
"../../../Engine/Content/Internationalization/icudt64l/region/es_PY.res" 1267
"../../../Engine/Content/Internationalization/icudt64l/lang/es_SV.res" 1268
"../../../Engine/Content/Internationalization/icudt64l/region/es_SV.res" 1269
"../../../Engine/Content/Internationalization/icudt64l/lang/es_US.res" 1270
"../../../Engine/Content/Internationalization/icudt64l/region/es_US.res" 1271
"../../../Engine/Content/Internationalization/icudt64l/lang/es_UY.res" 1272
"../../../Engine/Content/Internationalization/icudt64l/region/es_UY.res" 1273
"../../../Engine/Content/Internationalization/icudt64l/lang/es_VE.res" 1274
"../../../Engine/Content/Internationalization/icudt64l/region/es_VE.res" 1275
"../../../Engine/Content/Internationalization/icudt64l/lang/et.res" 1276
"../../../Engine/Content/Internationalization/icudt64l/region/et.res" 1277
"../../../Engine/Content/Internationalization/icudt64l/lang/eu.res" 1278
"../../../Engine/Content/Internationalization/icudt64l/region/eu.res" 1279
"../../../Engine/Content/Internationalization/icudt64l/lang/ewo.res" 1280
"../../../Engine/Content/Internationalization/icudt64l/region/ewo.res" 1281
"../../../Engine/Content/Internationalization/icudt64l/lang/fa.res" 1282
"../../../Engine/Content/Internationalization/icudt64l/lang/fa_AF.res" 1283
"../../../Engine/Content/Internationalization/icudt64l/region/fa_AF.res" 1284
"../../../Engine/Content/Internationalization/icudt64l/region/fa.res" 1285
"../../../Engine/Content/Internationalization/icudt64l/lang/ff.res" 1286
"../../../Engine/Content/Internationalization/icudt64l/lang/ff_Latn.res" 1287
"../../../Engine/Content/Internationalization/icudt64l/region/ff.res" 1288
"../../../Engine/Content/Internationalization/icudt64l/region/ff_Latn.res" 1289
"../../../Engine/Content/Internationalization/icudt64l/lang/ff_CM.res" 1290
"../../../Engine/Content/Internationalization/icudt64l/lang/ff_Latn_CM.res" 1291
"../../../Engine/Content/Internationalization/icudt64l/region/ff_CM.res" 1292
"../../../Engine/Content/Internationalization/icudt64l/region/ff_Latn_CM.res" 1293
"../../../Engine/Content/Internationalization/icudt64l/lang/ff_GN.res" 1294
"../../../Engine/Content/Internationalization/icudt64l/lang/ff_Latn_GN.res" 1295
"../../../Engine/Content/Internationalization/icudt64l/region/ff_GN.res" 1296
"../../../Engine/Content/Internationalization/icudt64l/region/ff_Latn_GN.res" 1297
"../../../Engine/Content/Internationalization/icudt64l/lang/ff_MR.res" 1298
"../../../Engine/Content/Internationalization/icudt64l/lang/ff_Latn_MR.res" 1299
"../../../Engine/Content/Internationalization/icudt64l/region/ff_MR.res" 1300
"../../../Engine/Content/Internationalization/icudt64l/region/ff_Latn_MR.res" 1301
"../../../Engine/Content/Internationalization/icudt64l/lang/ff_SN.res" 1302
"../../../Engine/Content/Internationalization/icudt64l/lang/ff_Latn_SN.res" 1303
"../../../Engine/Content/Internationalization/icudt64l/region/ff_SN.res" 1304
"../../../Engine/Content/Internationalization/icudt64l/region/ff_Latn_SN.res" 1305
"../../../Engine/Content/Internationalization/icudt64l/lang/fi.res" 1306
"../../../Engine/Content/Internationalization/icudt64l/region/fi.res" 1307
"../../../Engine/Content/Internationalization/icudt64l/lang/fil.res" 1308
"../../../Engine/Content/Internationalization/icudt64l/lang/fil_PH.res" 1309
"../../../Engine/Content/Internationalization/icudt64l/region/fil_PH.res" 1310
"../../../Engine/Content/Internationalization/icudt64l/region/fil.res" 1311
"../../../Engine/Content/Internationalization/icudt64l/lang/fo.res" 1312
"../../../Engine/Content/Internationalization/icudt64l/region/fo.res" 1313
"../../../Engine/Content/Internationalization/icudt64l/lang/fr.res" 1314
"../../../Engine/Content/Internationalization/icudt64l/lang/fr_BE.res" 1315
"../../../Engine/Content/Internationalization/icudt64l/region/fr_BE.res" 1316
"../../../Engine/Content/Internationalization/icudt64l/region/fr.res" 1317
"../../../Engine/Content/Internationalization/icudt64l/lang/fr_CA.res" 1318
"../../../Engine/Content/Internationalization/icudt64l/region/fr_CA.res" 1319
"../../../Engine/Content/Internationalization/icudt64l/lang/fr_CH.res" 1320
"../../../Engine/Content/Internationalization/icudt64l/lang/fur.res" 1321
"../../../Engine/Content/Internationalization/icudt64l/region/fur.res" 1322
"../../../Engine/Content/Internationalization/icudt64l/lang/fy.res" 1323
"../../../Engine/Content/Internationalization/icudt64l/region/fy.res" 1324
"../../../Engine/Content/Internationalization/icudt64l/lang/ga.res" 1325
"../../../Engine/Content/Internationalization/icudt64l/region/ga.res" 1326
"../../../Engine/Content/Internationalization/icudt64l/lang/gd.res" 1327
"../../../Engine/Content/Internationalization/icudt64l/region/gd.res" 1328
"../../../Engine/Content/Internationalization/icudt64l/lang/gl.res" 1329
"../../../Engine/Content/Internationalization/icudt64l/region/gl.res" 1330
"../../../Engine/Content/Internationalization/icudt64l/lang/gsw.res" 1331
"../../../Engine/Content/Internationalization/icudt64l/region/gsw.res" 1332
"../../../Engine/Content/Internationalization/icudt64l/lang/gu.res" 1333
"../../../Engine/Content/Internationalization/icudt64l/region/gu.res" 1334
"../../../Engine/Content/Internationalization/icudt64l/lang/guz.res" 1335
"../../../Engine/Content/Internationalization/icudt64l/region/guz.res" 1336
"../../../Engine/Content/Internationalization/icudt64l/lang/gv.res" 1337
"../../../Engine/Content/Internationalization/icudt64l/region/gv.res" 1338
"../../../Engine/Content/Internationalization/icudt64l/lang/ha.res" 1339
"../../../Engine/Content/Internationalization/icudt64l/region/ha.res" 1340
"../../../Engine/Content/Internationalization/icudt64l/lang/ha_NE.res" 1341
"../../../Engine/Content/Internationalization/icudt64l/region/ha_NE.res" 1342
"../../../Engine/Content/Internationalization/icudt64l/lang/haw.res" 1343
"../../../Engine/Content/Internationalization/icudt64l/region/haw.res" 1344
"../../../Engine/Content/Internationalization/icudt64l/lang/he.res" 1345
"../../../Engine/Content/Internationalization/icudt64l/lang/he_IL.res" 1346
"../../../Engine/Content/Internationalization/icudt64l/region/he_IL.res" 1347
"../../../Engine/Content/Internationalization/icudt64l/region/he.res" 1348
"../../../Engine/Content/Internationalization/icudt64l/lang/hi.res" 1349
"../../../Engine/Content/Internationalization/icudt64l/region/hi.res" 1350
"../../../Engine/Content/Internationalization/icudt64l/lang/hr.res" 1351
"../../../Engine/Content/Internationalization/icudt64l/region/hr.res" 1352
"../../../Engine/Content/Internationalization/icudt64l/lang/hsb.res" 1353
"../../../Engine/Content/Internationalization/icudt64l/region/hsb.res" 1354
"../../../Engine/Content/Internationalization/icudt64l/lang/hu.res" 1355
"../../../Engine/Content/Internationalization/icudt64l/region/hu.res" 1356
"../../../Engine/Content/Internationalization/icudt64l/lang/hy.res" 1357
"../../../Engine/Content/Internationalization/icudt64l/region/hy.res" 1358
"../../../Engine/Content/Internationalization/icudt64l/lang/ia.res" 1359
"../../../Engine/Content/Internationalization/icudt64l/region/ia.res" 1360
"../../../Engine/Content/Internationalization/icudt64l/lang/id.res" 1361
"../../../Engine/Content/Internationalization/icudt64l/lang/id_ID.res" 1362
"../../../Engine/Content/Internationalization/icudt64l/region/id_ID.res" 1363
"../../../Engine/Content/Internationalization/icudt64l/region/id.res" 1364
"../../../Engine/Content/Internationalization/icudt64l/lang/ig.res" 1365
"../../../Engine/Content/Internationalization/icudt64l/region/ig.res" 1366
"../../../Engine/Content/Internationalization/icudt64l/lang/ii.res" 1367
"../../../Engine/Content/Internationalization/icudt64l/region/ii.res" 1368
"../../../Engine/Content/Internationalization/icudt64l/lang/is.res" 1369
"../../../Engine/Content/Internationalization/icudt64l/region/is.res" 1370
"../../../Engine/Content/Internationalization/icudt64l/lang/it.res" 1371
"../../../Engine/Content/Internationalization/icudt64l/region/it.res" 1372
"../../../Engine/Content/Internationalization/icudt64l/lang/ja.res" 1373
"../../../Engine/Content/Internationalization/icudt64l/lang/ja_JP.res" 1374
"../../../Engine/Content/Internationalization/icudt64l/region/ja_JP.res" 1375
"../../../Engine/Content/Internationalization/icudt64l/region/ja.res" 1376
"../../../Engine/Content/Internationalization/icudt64l/lang/jgo.res" 1377
"../../../Engine/Content/Internationalization/icudt64l/region/jgo.res" 1378
"../../../Engine/Content/Internationalization/icudt64l/lang/jmc.res" 1379
"../../../Engine/Content/Internationalization/icudt64l/region/jmc.res" 1380
"../../../Engine/Content/Internationalization/icudt64l/lang/jv.res" 1381
"../../../Engine/Content/Internationalization/icudt64l/region/jv.res" 1382
"../../../Engine/Content/Internationalization/icudt64l/lang/ka.res" 1383
"../../../Engine/Content/Internationalization/icudt64l/region/ka.res" 1384
"../../../Engine/Content/Internationalization/icudt64l/lang/kab.res" 1385
"../../../Engine/Content/Internationalization/icudt64l/region/kab.res" 1386
"../../../Engine/Content/Internationalization/icudt64l/lang/kam.res" 1387
"../../../Engine/Content/Internationalization/icudt64l/region/kam.res" 1388
"../../../Engine/Content/Internationalization/icudt64l/lang/kde.res" 1389
"../../../Engine/Content/Internationalization/icudt64l/region/kde.res" 1390
"../../../Engine/Content/Internationalization/icudt64l/lang/kea.res" 1391
"../../../Engine/Content/Internationalization/icudt64l/region/kea.res" 1392
"../../../Engine/Content/Internationalization/icudt64l/lang/khq.res" 1393
"../../../Engine/Content/Internationalization/icudt64l/region/khq.res" 1394
"../../../Engine/Content/Internationalization/icudt64l/lang/ki.res" 1395
"../../../Engine/Content/Internationalization/icudt64l/region/ki.res" 1396
"../../../Engine/Content/Internationalization/icudt64l/lang/kk.res" 1397
"../../../Engine/Content/Internationalization/icudt64l/region/kk.res" 1398
"../../../Engine/Content/Internationalization/icudt64l/lang/kkj.res" 1399
"../../../Engine/Content/Internationalization/icudt64l/region/kkj.res" 1400
"../../../Engine/Content/Internationalization/icudt64l/lang/kl.res" 1401
"../../../Engine/Content/Internationalization/icudt64l/region/kl.res" 1402
"../../../Engine/Content/Internationalization/icudt64l/lang/kln.res" 1403
"../../../Engine/Content/Internationalization/icudt64l/region/kln.res" 1404
"../../../Engine/Content/Internationalization/icudt64l/lang/km.res" 1405
"../../../Engine/Content/Internationalization/icudt64l/region/km.res" 1406
"../../../Engine/Content/Internationalization/icudt64l/lang/kn.res" 1407
"../../../Engine/Content/Internationalization/icudt64l/region/kn.res" 1408
"../../../Engine/Content/Internationalization/icudt64l/lang/ko.res" 1409
"../../../Engine/Content/Internationalization/icudt64l/region/ko_KP.res" 1410
"../../../Engine/Content/Internationalization/icudt64l/region/ko.res" 1411
"../../../Engine/Content/Internationalization/icudt64l/lang/kok.res" 1412
"../../../Engine/Content/Internationalization/icudt64l/region/kok.res" 1413
"../../../Engine/Content/Internationalization/icudt64l/lang/ks.res" 1414
"../../../Engine/Content/Internationalization/icudt64l/region/ks.res" 1415
"../../../Engine/Content/Internationalization/icudt64l/lang/ksb.res" 1416
"../../../Engine/Content/Internationalization/icudt64l/region/ksb.res" 1417
"../../../Engine/Content/Internationalization/icudt64l/lang/ksf.res" 1418
"../../../Engine/Content/Internationalization/icudt64l/region/ksf.res" 1419
"../../../Engine/Content/Internationalization/icudt64l/lang/ksh.res" 1420
"../../../Engine/Content/Internationalization/icudt64l/region/ksh.res" 1421
"../../../Engine/Content/Internationalization/icudt64l/lang/ku.res" 1422
"../../../Engine/Content/Internationalization/icudt64l/region/ku.res" 1423
"../../../Engine/Content/Internationalization/icudt64l/lang/kw.res" 1424
"../../../Engine/Content/Internationalization/icudt64l/region/kw.res" 1425
"../../../Engine/Content/Internationalization/icudt64l/lang/ky.res" 1426
"../../../Engine/Content/Internationalization/icudt64l/region/ky.res" 1427
"../../../Engine/Content/Internationalization/icudt64l/lang/lag.res" 1428
"../../../Engine/Content/Internationalization/icudt64l/region/lag.res" 1429
"../../../Engine/Content/Internationalization/icudt64l/lang/lb.res" 1430
"../../../Engine/Content/Internationalization/icudt64l/region/lb.res" 1431
"../../../Engine/Content/Internationalization/icudt64l/lang/lg.res" 1432
"../../../Engine/Content/Internationalization/icudt64l/region/lg.res" 1433
"../../../Engine/Content/Internationalization/icudt64l/lang/lkt.res" 1434
"../../../Engine/Content/Internationalization/icudt64l/region/lkt.res" 1435
"../../../Engine/Content/Internationalization/icudt64l/lang/ln.res" 1436
"../../../Engine/Content/Internationalization/icudt64l/region/ln.res" 1437
"../../../Engine/Content/Internationalization/icudt64l/lang/lo.res" 1438
"../../../Engine/Content/Internationalization/icudt64l/region/lo.res" 1439
"../../../Engine/Content/Internationalization/icudt64l/lang/lrc.res" 1440
"../../../Engine/Content/Internationalization/icudt64l/region/lrc.res" 1441
"../../../Engine/Content/Internationalization/icudt64l/lang/lt.res" 1442
"../../../Engine/Content/Internationalization/icudt64l/region/lt.res" 1443
"../../../Engine/Content/Internationalization/icudt64l/lang/lu.res" 1444
"../../../Engine/Content/Internationalization/icudt64l/region/lu.res" 1445
"../../../Engine/Content/Internationalization/icudt64l/lang/luo.res" 1446
"../../../Engine/Content/Internationalization/icudt64l/region/luo.res" 1447
"../../../Engine/Content/Internationalization/icudt64l/lang/luy.res" 1448
"../../../Engine/Content/Internationalization/icudt64l/region/luy.res" 1449
"../../../Engine/Content/Internationalization/icudt64l/lang/lv.res" 1450
"../../../Engine/Content/Internationalization/icudt64l/region/lv.res" 1451
"../../../Engine/Content/Internationalization/icudt64l/lang/mas.res" 1452
"../../../Engine/Content/Internationalization/icudt64l/region/mas.res" 1453
"../../../Engine/Content/Internationalization/icudt64l/lang/mer.res" 1454
"../../../Engine/Content/Internationalization/icudt64l/region/mer.res" 1455
"../../../Engine/Content/Internationalization/icudt64l/lang/mfe.res" 1456
"../../../Engine/Content/Internationalization/icudt64l/region/mfe.res" 1457
"../../../Engine/Content/Internationalization/icudt64l/lang/mg.res" 1458
"../../../Engine/Content/Internationalization/icudt64l/region/mg.res" 1459
"../../../Engine/Content/Internationalization/icudt64l/lang/mgh.res" 1460
"../../../Engine/Content/Internationalization/icudt64l/region/mgh.res" 1461
"../../../Engine/Content/Internationalization/icudt64l/lang/mgo.res" 1462
"../../../Engine/Content/Internationalization/icudt64l/region/mgo.res" 1463
"../../../Engine/Content/Internationalization/icudt64l/lang/mi.res" 1464
"../../../Engine/Content/Internationalization/icudt64l/region/mi.res" 1465
"../../../Engine/Content/Internationalization/icudt64l/lang/mk.res" 1466
"../../../Engine/Content/Internationalization/icudt64l/region/mk.res" 1467
"../../../Engine/Content/Internationalization/icudt64l/lang/ml.res" 1468
"../../../Engine/Content/Internationalization/icudt64l/region/ml.res" 1469
"../../../Engine/Content/Internationalization/icudt64l/lang/mn.res" 1470
"../../../Engine/Content/Internationalization/icudt64l/region/mn.res" 1471
"../../../Engine/Content/Internationalization/icudt64l/lang/mr.res" 1472
"../../../Engine/Content/Internationalization/icudt64l/region/mr.res" 1473
"../../../Engine/Content/Internationalization/icudt64l/lang/ms.res" 1474
"../../../Engine/Content/Internationalization/icudt64l/region/ms.res" 1475
"../../../Engine/Content/Internationalization/icudt64l/lang/mt.res" 1476
"../../../Engine/Content/Internationalization/icudt64l/region/mt.res" 1477
"../../../Engine/Content/Internationalization/icudt64l/lang/mua.res" 1478
"../../../Engine/Content/Internationalization/icudt64l/region/mua.res" 1479
"../../../Engine/Content/Internationalization/icudt64l/lang/my.res" 1480
"../../../Engine/Content/Internationalization/icudt64l/region/my.res" 1481
"../../../Engine/Content/Internationalization/icudt64l/lang/mzn.res" 1482
"../../../Engine/Content/Internationalization/icudt64l/region/mzn.res" 1483
"../../../Engine/Content/Internationalization/icudt64l/lang/naq.res" 1484
"../../../Engine/Content/Internationalization/icudt64l/region/naq.res" 1485
"../../../Engine/Content/Internationalization/icudt64l/lang/nb.res" 1486
"../../../Engine/Content/Internationalization/icudt64l/lang/nb_NO.res" 1487
"../../../Engine/Content/Internationalization/icudt64l/region/nb_NO.res" 1488
"../../../Engine/Content/Internationalization/icudt64l/region/nb.res" 1489
"../../../Engine/Content/Internationalization/icudt64l/lang/nd.res" 1490
"../../../Engine/Content/Internationalization/icudt64l/region/nd.res" 1491
"../../../Engine/Content/Internationalization/icudt64l/lang/nds.res" 1492
"../../../Engine/Content/Internationalization/icudt64l/region/nds.res" 1493
"../../../Engine/Content/Internationalization/icudt64l/lang/ne.res" 1494
"../../../Engine/Content/Internationalization/icudt64l/region/ne.res" 1495
"../../../Engine/Content/Internationalization/icudt64l/lang/nl.res" 1496
"../../../Engine/Content/Internationalization/icudt64l/region/nl.res" 1497
"../../../Engine/Content/Internationalization/icudt64l/lang/nmg.res" 1498
"../../../Engine/Content/Internationalization/icudt64l/region/nmg.res" 1499
"../../../Engine/Content/Internationalization/icudt64l/lang/nn.res" 1500
"../../../Engine/Content/Internationalization/icudt64l/lang/nn_NO.res" 1501
"../../../Engine/Content/Internationalization/icudt64l/region/nn_NO.res" 1502
"../../../Engine/Content/Internationalization/icudt64l/region/nn.res" 1503
"../../../Engine/Content/Internationalization/icudt64l/lang/nnh.res" 1504
"../../../Engine/Content/Internationalization/icudt64l/region/nnh.res" 1505
"../../../Engine/Content/Internationalization/icudt64l/lang/nus.res" 1506
"../../../Engine/Content/Internationalization/icudt64l/region/nus.res" 1507
"../../../Engine/Content/Internationalization/icudt64l/lang/nyn.res" 1508
"../../../Engine/Content/Internationalization/icudt64l/region/nyn.res" 1509
"../../../Engine/Content/Internationalization/icudt64l/lang/om.res" 1510
"../../../Engine/Content/Internationalization/icudt64l/region/om.res" 1511
"../../../Engine/Content/Internationalization/icudt64l/lang/or.res" 1512
"../../../Engine/Content/Internationalization/icudt64l/region/or.res" 1513
"../../../Engine/Content/Internationalization/icudt64l/lang/os.res" 1514
"../../../Engine/Content/Internationalization/icudt64l/region/os.res" 1515
"../../../Engine/Content/Internationalization/icudt64l/lang/pa.res" 1516
"../../../Engine/Content/Internationalization/icudt64l/lang/pa_Arab.res" 1517
"../../../Engine/Content/Internationalization/icudt64l/lang/pa_PK.res" 1518
"../../../Engine/Content/Internationalization/icudt64l/lang/pa_Arab_PK.res" 1519
"../../../Engine/Content/Internationalization/icudt64l/region/pa_PK.res" 1520
"../../../Engine/Content/Internationalization/icudt64l/region/pa_Arab_PK.res" 1521
"../../../Engine/Content/Internationalization/icudt64l/region/pa_Arab.res" 1522
"../../../Engine/Content/Internationalization/icudt64l/lang/pa_Guru.res" 1523
"../../../Engine/Content/Internationalization/icudt64l/lang/pa_IN.res" 1524
"../../../Engine/Content/Internationalization/icudt64l/lang/pa_Guru_IN.res" 1525
"../../../Engine/Content/Internationalization/icudt64l/region/pa_IN.res" 1526
"../../../Engine/Content/Internationalization/icudt64l/region/pa_Guru_IN.res" 1527
"../../../Engine/Content/Internationalization/icudt64l/region/pa_Guru.res" 1528
"../../../Engine/Content/Internationalization/icudt64l/region/pa.res" 1529
"../../../Engine/Content/Internationalization/icudt64l/lang/pl.res" 1530
"../../../Engine/Content/Internationalization/icudt64l/region/pl.res" 1531
"../../../Engine/Content/Internationalization/icudt64l/lang/ps.res" 1532
"../../../Engine/Content/Internationalization/icudt64l/region/ps.res" 1533
"../../../Engine/Content/Internationalization/icudt64l/lang/ps_PK.res" 1534
"../../../Engine/Content/Internationalization/icudt64l/region/ps_PK.res" 1535
"../../../Engine/Content/Internationalization/icudt64l/lang/pt.res" 1536
"../../../Engine/Content/Internationalization/icudt64l/lang/pt_AO.res" 1537
"../../../Engine/Content/Internationalization/icudt64l/lang/pt_PT.res" 1538
"../../../Engine/Content/Internationalization/icudt64l/region/pt_AO.res" 1539
"../../../Engine/Content/Internationalization/icudt64l/region/pt_PT.res" 1540
"../../../Engine/Content/Internationalization/icudt64l/region/pt.res" 1541
"../../../Engine/Content/Internationalization/icudt64l/lang/pt_CH.res" 1542
"../../../Engine/Content/Internationalization/icudt64l/region/pt_CH.res" 1543
"../../../Engine/Content/Internationalization/icudt64l/lang/pt_CV.res" 1544
"../../../Engine/Content/Internationalization/icudt64l/region/pt_CV.res" 1545
"../../../Engine/Content/Internationalization/icudt64l/lang/pt_GQ.res" 1546
"../../../Engine/Content/Internationalization/icudt64l/region/pt_GQ.res" 1547
"../../../Engine/Content/Internationalization/icudt64l/lang/pt_GW.res" 1548
"../../../Engine/Content/Internationalization/icudt64l/region/pt_GW.res" 1549
"../../../Engine/Content/Internationalization/icudt64l/lang/pt_LU.res" 1550
"../../../Engine/Content/Internationalization/icudt64l/region/pt_LU.res" 1551
"../../../Engine/Content/Internationalization/icudt64l/lang/pt_MO.res" 1552
"../../../Engine/Content/Internationalization/icudt64l/region/pt_MO.res" 1553
"../../../Engine/Content/Internationalization/icudt64l/lang/pt_MZ.res" 1554
"../../../Engine/Content/Internationalization/icudt64l/region/pt_MZ.res" 1555
"../../../Engine/Content/Internationalization/icudt64l/lang/pt_ST.res" 1556
"../../../Engine/Content/Internationalization/icudt64l/region/pt_ST.res" 1557
"../../../Engine/Content/Internationalization/icudt64l/lang/pt_TL.res" 1558
"../../../Engine/Content/Internationalization/icudt64l/region/pt_TL.res" 1559
"../../../Engine/Content/Internationalization/icudt64l/lang/qu.res" 1560
"../../../Engine/Content/Internationalization/icudt64l/region/qu.res" 1561
"../../../Engine/Content/Internationalization/icudt64l/lang/rm.res" 1562
"../../../Engine/Content/Internationalization/icudt64l/region/rm.res" 1563
"../../../Engine/Content/Internationalization/icudt64l/lang/rn.res" 1564
"../../../Engine/Content/Internationalization/icudt64l/region/rn.res" 1565
"../../../Engine/Content/Internationalization/icudt64l/lang/ro.res" 1566
"../../../Engine/Content/Internationalization/icudt64l/lang/ro_MD.res" 1567
"../../../Engine/Content/Internationalization/icudt64l/region/ro_MD.res" 1568
"../../../Engine/Content/Internationalization/icudt64l/region/ro.res" 1569
"../../../Engine/Content/Internationalization/icudt64l/lang/rof.res" 1570
"../../../Engine/Content/Internationalization/icudt64l/region/rof.res" 1571
"../../../Engine/Content/Internationalization/icudt64l/lang/ru.res" 1572
"../../../Engine/Content/Internationalization/icudt64l/region/ru.res" 1573
"../../../Engine/Content/Internationalization/icudt64l/region/ru_UA.res" 1574
"../../../Engine/Content/Internationalization/icudt64l/lang/rw.res" 1575
"../../../Engine/Content/Internationalization/icudt64l/region/rw.res" 1576
"../../../Engine/Content/Internationalization/icudt64l/lang/rwk.res" 1577
"../../../Engine/Content/Internationalization/icudt64l/region/rwk.res" 1578
"../../../Engine/Content/Internationalization/icudt64l/lang/sah.res" 1579
"../../../Engine/Content/Internationalization/icudt64l/region/sah.res" 1580
"../../../Engine/Content/Internationalization/icudt64l/lang/saq.res" 1581
"../../../Engine/Content/Internationalization/icudt64l/region/saq.res" 1582
"../../../Engine/Content/Internationalization/icudt64l/lang/sbp.res" 1583
"../../../Engine/Content/Internationalization/icudt64l/region/sbp.res" 1584
"../../../Engine/Content/Internationalization/icudt64l/lang/sd.res" 1585
"../../../Engine/Content/Internationalization/icudt64l/region/sd.res" 1586
"../../../Engine/Content/Internationalization/icudt64l/lang/se.res" 1587
"../../../Engine/Content/Internationalization/icudt64l/lang/se_FI.res" 1588
"../../../Engine/Content/Internationalization/icudt64l/region/se_FI.res" 1589
"../../../Engine/Content/Internationalization/icudt64l/region/se.res" 1590
"../../../Engine/Content/Internationalization/icudt64l/lang/seh.res" 1591
"../../../Engine/Content/Internationalization/icudt64l/region/seh.res" 1592
"../../../Engine/Content/Internationalization/icudt64l/lang/ses.res" 1593
"../../../Engine/Content/Internationalization/icudt64l/region/ses.res" 1594
"../../../Engine/Content/Internationalization/icudt64l/lang/sg.res" 1595
"../../../Engine/Content/Internationalization/icudt64l/region/sg.res" 1596
"../../../Engine/Content/Internationalization/icudt64l/lang/shi.res" 1597
"../../../Engine/Content/Internationalization/icudt64l/lang/shi_Latn.res" 1598
"../../../Engine/Content/Internationalization/icudt64l/lang/shi_MA.res" 1599
"../../../Engine/Content/Internationalization/icudt64l/lang/shi_Tfng_MA.res" 1600
"../../../Engine/Content/Internationalization/icudt64l/lang/shi_Tfng.res" 1601
"../../../Engine/Content/Internationalization/icudt64l/region/shi_MA.res" 1602
"../../../Engine/Content/Internationalization/icudt64l/region/shi_Tfng_MA.res" 1603
"../../../Engine/Content/Internationalization/icudt64l/region/shi_Tfng.res" 1604
"../../../Engine/Content/Internationalization/icudt64l/region/shi.res" 1605
"../../../Engine/Content/Internationalization/icudt64l/region/shi_Latn.res" 1606
"../../../Engine/Content/Internationalization/icudt64l/lang/si.res" 1607
"../../../Engine/Content/Internationalization/icudt64l/region/si.res" 1608
"../../../Engine/Content/Internationalization/icudt64l/lang/sk.res" 1609
"../../../Engine/Content/Internationalization/icudt64l/region/sk.res" 1610
"../../../Engine/Content/Internationalization/icudt64l/lang/sl.res" 1611
"../../../Engine/Content/Internationalization/icudt64l/region/sl.res" 1612
"../../../Engine/Content/Internationalization/icudt64l/lang/smn.res" 1613
"../../../Engine/Content/Internationalization/icudt64l/region/smn.res" 1614
"../../../Engine/Content/Internationalization/icudt64l/lang/sn.res" 1615
"../../../Engine/Content/Internationalization/icudt64l/region/sn.res" 1616
"../../../Engine/Content/Internationalization/icudt64l/lang/so.res" 1617
"../../../Engine/Content/Internationalization/icudt64l/region/so.res" 1618
"../../../Engine/Content/Internationalization/icudt64l/lang/sq.res" 1619
"../../../Engine/Content/Internationalization/icudt64l/region/sq.res" 1620
"../../../Engine/Content/Internationalization/icudt64l/lang/sr.res" 1621
"../../../Engine/Content/Internationalization/icudt64l/lang/sr_Cyrl.res" 1622
"../../../Engine/Content/Internationalization/icudt64l/lang/sr_BA.res" 1623
"../../../Engine/Content/Internationalization/icudt64l/lang/sr_Cyrl_BA.res" 1624
"../../../Engine/Content/Internationalization/icudt64l/region/sr_BA.res" 1625
"../../../Engine/Content/Internationalization/icudt64l/region/sr_Cyrl_BA.res" 1626
"../../../Engine/Content/Internationalization/icudt64l/region/sr_Cyrl.res" 1627
"../../../Engine/Content/Internationalization/icudt64l/region/sr.res" 1628
"../../../Engine/Content/Internationalization/icudt64l/lang/sr_ME.res" 1629
"../../../Engine/Content/Internationalization/icudt64l/lang/sr_Latn_ME.res" 1630
"../../../Engine/Content/Internationalization/icudt64l/lang/sr_Latn.res" 1631
"../../../Engine/Content/Internationalization/icudt64l/region/sr_ME.res" 1632
"../../../Engine/Content/Internationalization/icudt64l/region/sr_Latn_ME.res" 1633
"../../../Engine/Content/Internationalization/icudt64l/region/sr_Latn.res" 1634
"../../../Engine/Content/Internationalization/icudt64l/lang/sr_Cyrl_ME.res" 1635
"../../../Engine/Content/Internationalization/icudt64l/region/sr_Cyrl_ME.res" 1636
"../../../Engine/Content/Internationalization/icudt64l/lang/sr_RS.res" 1637
"../../../Engine/Content/Internationalization/icudt64l/lang/sr_Cyrl_RS.res" 1638
"../../../Engine/Content/Internationalization/icudt64l/region/sr_RS.res" 1639
"../../../Engine/Content/Internationalization/icudt64l/region/sr_Cyrl_RS.res" 1640
"../../../Engine/Content/Internationalization/icudt64l/lang/sr_XK.res" 1641
"../../../Engine/Content/Internationalization/icudt64l/lang/sr_Cyrl_XK.res" 1642
"../../../Engine/Content/Internationalization/icudt64l/region/sr_XK.res" 1643
"../../../Engine/Content/Internationalization/icudt64l/region/sr_Cyrl_XK.res" 1644
"../../../Engine/Content/Internationalization/icudt64l/lang/sr_Latn_BA.res" 1645
"../../../Engine/Content/Internationalization/icudt64l/region/sr_Latn_BA.res" 1646
"../../../Engine/Content/Internationalization/icudt64l/lang/sr_Latn_RS.res" 1647
"../../../Engine/Content/Internationalization/icudt64l/region/sr_Latn_RS.res" 1648
"../../../Engine/Content/Internationalization/icudt64l/lang/sr_Latn_XK.res" 1649
"../../../Engine/Content/Internationalization/icudt64l/region/sr_Latn_XK.res" 1650
"../../../Engine/Content/Internationalization/icudt64l/lang/sv.res" 1651
"../../../Engine/Content/Internationalization/icudt64l/region/sv.res" 1652
"../../../Engine/Content/Internationalization/icudt64l/lang/sv_FI.res" 1653
"../../../Engine/Content/Internationalization/icudt64l/lang/sw.res" 1654
"../../../Engine/Content/Internationalization/icudt64l/lang/sw_CD.res" 1655
"../../../Engine/Content/Internationalization/icudt64l/region/sw_CD.res" 1656
"../../../Engine/Content/Internationalization/icudt64l/region/sw.res" 1657
"../../../Engine/Content/Internationalization/icudt64l/lang/sw_KE.res" 1658
"../../../Engine/Content/Internationalization/icudt64l/region/sw_KE.res" 1659
"../../../Engine/Content/Internationalization/icudt64l/lang/ta.res" 1660
"../../../Engine/Content/Internationalization/icudt64l/region/ta.res" 1661
"../../../Engine/Content/Internationalization/icudt64l/lang/te.res" 1662
"../../../Engine/Content/Internationalization/icudt64l/region/te.res" 1663
"../../../Engine/Content/Internationalization/icudt64l/lang/teo.res" 1664
"../../../Engine/Content/Internationalization/icudt64l/region/teo.res" 1665
"../../../Engine/Content/Internationalization/icudt64l/lang/tg.res" 1666
"../../../Engine/Content/Internationalization/icudt64l/region/tg.res" 1667
"../../../Engine/Content/Internationalization/icudt64l/lang/th.res" 1668
"../../../Engine/Content/Internationalization/icudt64l/lang/th_TH.res" 1669
"../../../Engine/Content/Internationalization/icudt64l/region/th_TH.res" 1670
"../../../Engine/Content/Internationalization/icudt64l/region/th.res" 1671
"../../../Engine/Content/Internationalization/icudt64l/lang/ti.res" 1672
"../../../Engine/Content/Internationalization/icudt64l/region/ti.res" 1673
"../../../Engine/Content/Internationalization/icudt64l/lang/tk.res" 1674
"../../../Engine/Content/Internationalization/icudt64l/region/tk.res" 1675
"../../../Engine/Content/Internationalization/icudt64l/lang/to.res" 1676
"../../../Engine/Content/Internationalization/icudt64l/region/to.res" 1677
"../../../Engine/Content/Internationalization/icudt64l/lang/tr.res" 1678
"../../../Engine/Content/Internationalization/icudt64l/region/tr.res" 1679
"../../../Engine/Content/Internationalization/icudt64l/lang/tt.res" 1680
"../../../Engine/Content/Internationalization/icudt64l/region/tt.res" 1681
"../../../Engine/Content/Internationalization/icudt64l/lang/twq.res" 1682
"../../../Engine/Content/Internationalization/icudt64l/region/twq.res" 1683
"../../../Engine/Content/Internationalization/icudt64l/lang/tzm.res" 1684
"../../../Engine/Content/Internationalization/icudt64l/region/tzm.res" 1685
"../../../Engine/Content/Internationalization/icudt64l/lang/ug.res" 1686
"../../../Engine/Content/Internationalization/icudt64l/region/ug.res" 1687
"../../../Engine/Content/Internationalization/icudt64l/lang/uk.res" 1688
"../../../Engine/Content/Internationalization/icudt64l/region/uk.res" 1689
"../../../Engine/Content/Internationalization/icudt64l/lang/ur.res" 1690
"../../../Engine/Content/Internationalization/icudt64l/lang/ur_IN.res" 1691
"../../../Engine/Content/Internationalization/icudt64l/region/ur_IN.res" 1692
"../../../Engine/Content/Internationalization/icudt64l/region/ur.res" 1693
"../../../Engine/Content/Internationalization/icudt64l/lang/uz.res" 1694
"../../../Engine/Content/Internationalization/icudt64l/lang/uz_Arab.res" 1695
"../../../Engine/Content/Internationalization/icudt64l/lang/uz_AF.res" 1696
"../../../Engine/Content/Internationalization/icudt64l/lang/uz_Arab_AF.res" 1697
"../../../Engine/Content/Internationalization/icudt64l/region/uz_AF.res" 1698
"../../../Engine/Content/Internationalization/icudt64l/region/uz_Arab_AF.res" 1699
"../../../Engine/Content/Internationalization/icudt64l/region/uz_Arab.res" 1700
"../../../Engine/Content/Internationalization/icudt64l/lang/uz_Cyrl.res" 1701
"../../../Engine/Content/Internationalization/icudt64l/lang/uz_UZ.res" 1702
"../../../Engine/Content/Internationalization/icudt64l/lang/uz_Latn_UZ.res" 1703
"../../../Engine/Content/Internationalization/icudt64l/lang/uz_Latn.res" 1704
"../../../Engine/Content/Internationalization/icudt64l/region/uz_UZ.res" 1705
"../../../Engine/Content/Internationalization/icudt64l/region/uz_Latn_UZ.res" 1706
"../../../Engine/Content/Internationalization/icudt64l/region/uz_Latn.res" 1707
"../../../Engine/Content/Internationalization/icudt64l/region/uz.res" 1708
"../../../Engine/Content/Internationalization/icudt64l/region/uz_Cyrl.res" 1709
"../../../Engine/Content/Internationalization/icudt64l/lang/vai.res" 1710
"../../../Engine/Content/Internationalization/icudt64l/lang/vai_Latn.res" 1711
"../../../Engine/Content/Internationalization/icudt64l/lang/vai_LR.res" 1712
"../../../Engine/Content/Internationalization/icudt64l/lang/vai_Vaii_LR.res" 1713
"../../../Engine/Content/Internationalization/icudt64l/lang/vai_Vaii.res" 1714
"../../../Engine/Content/Internationalization/icudt64l/region/vai_LR.res" 1715
"../../../Engine/Content/Internationalization/icudt64l/region/vai_Vaii_LR.res" 1716
"../../../Engine/Content/Internationalization/icudt64l/region/vai_Vaii.res" 1717
"../../../Engine/Content/Internationalization/icudt64l/region/vai.res" 1718
"../../../Engine/Content/Internationalization/icudt64l/region/vai_Latn.res" 1719
"../../../Engine/Content/Internationalization/icudt64l/lang/vi.res" 1720
"../../../Engine/Content/Internationalization/icudt64l/region/vi.res" 1721
"../../../Engine/Content/Internationalization/icudt64l/lang/vun.res" 1722
"../../../Engine/Content/Internationalization/icudt64l/region/vun.res" 1723
"../../../Engine/Content/Internationalization/icudt64l/lang/wae.res" 1724
"../../../Engine/Content/Internationalization/icudt64l/region/wae.res" 1725
"../../../Engine/Content/Internationalization/icudt64l/lang/wo.res" 1726
"../../../Engine/Content/Internationalization/icudt64l/region/wo.res" 1727
"../../../Engine/Content/Internationalization/icudt64l/lang/xh.res" 1728
"../../../Engine/Content/Internationalization/icudt64l/region/xh.res" 1729
"../../../Engine/Content/Internationalization/icudt64l/lang/xog.res" 1730
"../../../Engine/Content/Internationalization/icudt64l/region/xog.res" 1731
"../../../Engine/Content/Internationalization/icudt64l/lang/yav.res" 1732
"../../../Engine/Content/Internationalization/icudt64l/region/yav.res" 1733
"../../../Engine/Content/Internationalization/icudt64l/lang/yi.res" 1734
"../../../Engine/Content/Internationalization/icudt64l/region/yi.res" 1735
"../../../Engine/Content/Internationalization/icudt64l/lang/yo.res" 1736
"../../../Engine/Content/Internationalization/icudt64l/lang/yo_BJ.res" 1737
"../../../Engine/Content/Internationalization/icudt64l/region/yo_BJ.res" 1738
"../../../Engine/Content/Internationalization/icudt64l/region/yo.res" 1739
"../../../Engine/Content/Internationalization/icudt64l/lang/yue.res" 1740
"../../../Engine/Content/Internationalization/icudt64l/lang/yue_Hans.res" 1741
"../../../Engine/Content/Internationalization/icudt64l/lang/yue_CN.res" 1742
"../../../Engine/Content/Internationalization/icudt64l/lang/yue_Hans_CN.res" 1743
"../../../Engine/Content/Internationalization/icudt64l/region/yue_CN.res" 1744
"../../../Engine/Content/Internationalization/icudt64l/region/yue_Hans_CN.res" 1745
"../../../Engine/Content/Internationalization/icudt64l/region/yue_Hans.res" 1746
"../../../Engine/Content/Internationalization/icudt64l/lang/yue_Hant.res" 1747
"../../../Engine/Content/Internationalization/icudt64l/lang/yue_HK.res" 1748
"../../../Engine/Content/Internationalization/icudt64l/lang/yue_Hant_HK.res" 1749
"../../../Engine/Content/Internationalization/icudt64l/region/yue_HK.res" 1750
"../../../Engine/Content/Internationalization/icudt64l/region/yue_Hant_HK.res" 1751
"../../../Engine/Content/Internationalization/icudt64l/region/yue_Hant.res" 1752
"../../../Engine/Content/Internationalization/icudt64l/region/yue.res" 1753
"../../../Engine/Content/Internationalization/icudt64l/lang/zgh.res" 1754
"../../../Engine/Content/Internationalization/icudt64l/region/zgh.res" 1755
"../../../Engine/Content/Internationalization/icudt64l/lang/zh.res" 1756
"../../../Engine/Content/Internationalization/icudt64l/lang/zh_Hans.res" 1757
"../../../Engine/Content/Internationalization/icudt64l/lang/zh_CN.res" 1758
"../../../Engine/Content/Internationalization/icudt64l/lang/zh_Hans_CN.res" 1759
"../../../Engine/Content/Internationalization/icudt64l/region/zh_CN.res" 1760
"../../../Engine/Content/Internationalization/icudt64l/region/zh_Hans_CN.res" 1761
"../../../Engine/Content/Internationalization/icudt64l/region/zh_Hans.res" 1762
"../../../Engine/Content/Internationalization/icudt64l/region/zh.res" 1763
"../../../Engine/Content/Internationalization/icudt64l/lang/zh_HK.res" 1764
"../../../Engine/Content/Internationalization/icudt64l/lang/zh_Hant_HK.res" 1765
"../../../Engine/Content/Internationalization/icudt64l/lang/zh_Hant.res" 1766
"../../../Engine/Content/Internationalization/icudt64l/region/zh_HK.res" 1767
"../../../Engine/Content/Internationalization/icudt64l/region/zh_Hant_HK.res" 1768
"../../../Engine/Content/Internationalization/icudt64l/region/zh_Hant.res" 1769
"../../../Engine/Content/Internationalization/icudt64l/lang/zh_MO.res" 1770
"../../../Engine/Content/Internationalization/icudt64l/lang/zh_Hant_MO.res" 1771
"../../../Engine/Content/Internationalization/icudt64l/region/zh_MO.res" 1772
"../../../Engine/Content/Internationalization/icudt64l/region/zh_Hant_MO.res" 1773
"../../../Engine/Content/Internationalization/icudt64l/lang/zh_SG.res" 1774
"../../../Engine/Content/Internationalization/icudt64l/lang/zh_Hans_SG.res" 1775
"../../../Engine/Content/Internationalization/icudt64l/region/zh_SG.res" 1776
"../../../Engine/Content/Internationalization/icudt64l/region/zh_Hans_SG.res" 1777
"../../../Engine/Content/Internationalization/icudt64l/lang/zh_TW.res" 1778
"../../../Engine/Content/Internationalization/icudt64l/lang/zh_Hant_TW.res" 1779
"../../../Engine/Content/Internationalization/icudt64l/region/zh_TW.res" 1780
"../../../Engine/Content/Internationalization/icudt64l/region/zh_Hant_TW.res" 1781
"../../../Engine/Content/Internationalization/icudt64l/lang/zu.res" 1782
"../../../Engine/Content/Internationalization/icudt64l/region/zu.res" 1783
"../../../Engine/Content/Internationalization/icudt64l/lang/no.res" 1784
"../../../Engine/Content/Internationalization/icudt64l/lang/tl.res" 1785
"../../../Engine/Config/Android/DataDrivenPlatformInfo.ini" 1786
"../../../Engine/Config/IOS/DataDrivenPlatformInfo.ini" 1787
"../../../Engine/Config/Linux/DataDrivenPlatformInfo.ini" 1788
"../../../Engine/Config/LinuxArm64/DataDrivenPlatformInfo.ini" 1789
"../../../Engine/Config/Mac/DataDrivenPlatformInfo.ini" 1790
"../../../Engine/Config/TVOS/DataDrivenPlatformInfo.ini" 1791
"../../../Engine/Config/Unix/DataDrivenPlatformInfo.ini" 1792
"../../../Engine/Config/VulkanPC/DataDrivenPlatformInfo.ini" 1793
"../../../Engine/Config/Windows/DataDrivenPlatformInfo.ini" 1794
"../../../Engine/Platforms/VisionOS/Config/DataDrivenPlatformInfo.ini" 1795
"../../../Engine/DerivedDataCache/Compressed.ddp" 1796
"C:/Users/AlumnoM/AppData/Local/UnrealEngine/5.4/Saved/Zen/zen.version" 1797
"C:/Users/AlumnoM/AppData/Local/UnrealEngine/Common/Zen/Install/zen.version" 1798
"C:/Users/AlumnoM/AppData/Local/UnrealEngine/Common/Zen/Install/zenserver.runcontext" 1799
"C:/Users/AlumnoM/AppData/Local/UnrealEngine/Common/DerivedDataCache/TestData/0/TestData_4kb.dat" 1800
"C:/Users/AlumnoM/AppData/Local/UnrealEngine/Common/DerivedDataCache/TestData/1/TestData_4kb.dat" 1801
"C:/Users/AlumnoM/AppData/Local/UnrealEngine/Common/DerivedDataCache/TestData/0/TestData_8kb.dat" 1802
"C:/Users/AlumnoM/AppData/Local/UnrealEngine/Common/DerivedDataCache/TestData/1/TestData_8kb.dat" 1803
"C:/Users/AlumnoM/AppData/Local/UnrealEngine/Common/DerivedDataCache/TestData/0/TestData_16kb.dat" 1804
"C:/Users/AlumnoM/AppData/Local/UnrealEngine/Common/DerivedDataCache/TestData/1/TestData_16kb.dat" 1805
"C:/Users/AlumnoM/AppData/Local/UnrealEngine/Common/DerivedDataCache/TestData/0/TestData_64kb.dat" 1806
"C:/Users/AlumnoM/AppData/Local/UnrealEngine/Common/DerivedDataCache/TestData/1/TestData_64kb.dat" 1807
"C:/Users/AlumnoM/AppData/Local/UnrealEngine/Common/DerivedDataCache/TestData/0/TestData_128kb.dat" 1808
"C:/Users/AlumnoM/AppData/Local/UnrealEngine/Common/DerivedDataCache/TestData/1/TestData_128kb.dat" 1809
"C:/Users/AlumnoM/AppData/Local/UnrealEngine/Common/DerivedDataCache/TestData/0/TestData_256kb.dat" 1810
"C:/Users/AlumnoM/AppData/Local/UnrealEngine/Common/DerivedDataCache/TestData/1/TestData_256kb.dat" 1811
"../../../../../../Users/AlumnoM/Desktop/PINGUS/Juego/Penguin/Intermediate/ShaderAutogen/PCD3D_SM5/AutogenShaderHeaders.ush" 1812
"../../../Engine/Plugins/Experimental/Water/Shaders/Private/WaterMeshVertexFactory.ush" 1813
"../../../Engine/Shaders/Private/VertexFactoryCommon.ush" 1814
"../../../Engine/Shaders/Private/Common.ush" 1815
"../../../Engine/Shaders/Public/Platform.ush" 1816
"../../../Engine/Shaders/Public/FP16Math.ush" 1817
"../../../Engine/Shaders/Public/Platform/D3D/D3DCommon.ush" 1818
"../../../Engine/Shaders/Shared/HLSLReservedSpaces.h" 1819
"../../../Engine/Shaders/Public/BindlessResources.ush" 1820
"../../../Engine/Shaders/Public/OverloadMacros.ush" 1821
"../../../Engine/Shaders/Public/ShaderVersion.ush" 1822
"../../../Engine/Shaders/Private/PackUnpack.ush" 1823
"../../../Engine/Shaders/Private/GeneratedUniformBufferTypes.ush" 1824
"../../../Engine/Shaders/Private/Nanite/NanitePackedNaniteView.ush" 1825
"../../../Engine/Shaders/Private/HairStrands/HairStrandsVisibilityCommonStruct.ush" 1826
"../../../Engine/Shaders/Private/HairStrands/HairStrandsVoxelPageCommonStruct.ush" 1827
"../../../Engine/Shaders/Private/HairStrands/HairStrandsDeepShadowCommonStruct.ush" 1828
"../../../Engine/Shaders/Shared/LightSceneData.h" 1829
"../../../Engine/Shaders/Shared/HLSLTypeAliases.h" 1830
"../../../Engine/Shaders/Private/LargeWorldCoordinates.ush" 1831
"../../../Engine/Shaders/Private/DoubleFloat.ush" 1832
"../../../Engine/Shaders/Private/DoubleFloatOperations.ush" 1833
"../../../Engine/Shaders/Private/DoubleFloatVectorDefinition.ush" 1834
"../../../Engine/Shaders/Private/LWCOperations.ush" 1835
"../../../Engine/Shaders/Private/CommonViewUniformBuffer.ush" 1836
"../../../Engine/Shaders/Private/InstancedStereo.ush" 1837
"../../../Engine/Shaders/Private/Definitions.usf" 1838
"../../../Engine/Shaders/Private/AssertionMacros.ush" 1839
"../../../Engine/Shaders/Private/FastMath.ush" 1840
"../../../Engine/Shaders/Private/FastMathThirdParty.ush" 1841
"../../../Engine/Shaders/Private/Random.ush" 1842
"../../../Engine/Shaders/Private/SceneData.ush" 1843
"../../../Engine/Shaders/Private/OctahedralCommon.ush" 1844
"../../../Engine/Shaders/Private/WaveOpUtil.ush" 1845
"../../../Engine/Shaders/Shared/SceneDefinitions.h" 1846
"../../../Engine/Shaders/Private/SceneDataMobileLoader.ush" 1847
"../../../Engine/Shaders/Private/VertexFactoryDefaultInterface.ush" 1848
"../../../Engine/Plugins/FX/Niagara/Shaders/Private/NiagaraSpriteVertexFactory.ush" 1849
"../../../Engine/Shaders/Private/ParticleVertexFactoryCommon.ush" 1850
"../../../Engine/Plugins/FX/Niagara/Shaders/Private/NiagaraVFCommon.usf" 1851
"../../../Engine/Plugins/FX/Niagara/Shaders/Private/NiagaraVFParticleAccess.usf" 1852
"../../../Engine/Plugins/FX/Niagara/Shaders/Private/NiagaraParticleAccess.ush" 1853
"../../../Engine/Plugins/FX/Niagara/Shaders/Private/NiagaraRibbonVertexFactory.ush" 1854
"../../../Engine/Plugins/FX/Niagara/Shaders/Private/NiagaraMeshVertexFactory.ush" 1855
"../../../Engine/Plugins/FX/Niagara/Shaders/Private/NiagaraCommon.ush" 1856
"../../../Engine/Plugins/FX/Niagara/Shaders/Private/NiagaraMeshParticleUtils.ush" 1857
"../../../Engine/Shaders/Private/RayTracing/RayTracingCommon.ush" 1858
"../../../Engine/Shaders/Private/ShadingCommon.ush" 1859
"../../../Engine/Shaders/Shared/RayTracingDefinitions.h" 1860
"../../../Engine/Shaders/Shared/RayTracingPayloadType.h" 1861
"../../../Engine/Shaders/Shared/HLSLStaticAssert.h" 1862
"../../../Engine/Shaders/Private/RayTracing/RayTracingRayCone.ush" 1863
"../../../Engine/Shaders/Private/Substrate/Substrate.ush" 1864
"../../../Engine/Shaders/Private/ShadingEnergyConservation.ush" 1865
"../../../Engine/Shaders/Private/ShadingEnergyConservationTemplate.ush" 1866
"../../../Engine/Shaders/Private/BRDF.ush" 1867
"../../../Engine/Shaders/Private/ColorSpace.ush" 1868
"../../../Engine/Shaders/Private/DeferredShadingCommon.ush" 1869
"../../../Engine/Shaders/Private/LightAccumulator.ush" 1870
"../../../Engine/Shaders/Private/SceneTexturesCommon.ush" 1871
"../../../Engine/Shaders/Private/MonteCarlo.ush" 1872
"../../../Engine/Shaders/Private/GBufferHelpers.ush" 1873
"../../../Engine/Shaders/Private/SceneTextureParameters.ush" 1874
"C:/Users/AlumnoM/Desktop/PINGUS/Juego/Penguin/Intermediate/ShaderAutogen/PCD3D_SM5/AutogenShaderHeaders.ush" 1875
"../../../Engine/Shaders/Private/ParticipatingMediaCommon.ush" 1876
"../../../Engine/Shaders/Private/ThinFilmBSDF.ush" 1877
"../../../Engine/Shaders/Private/MortonCode.ush" 1878
"../../../Engine/Shaders/Private/SubsurfaceProfileCommon.ush" 1879
"../../../Engine/Shaders/Private/BurleyNormalizedSSSCommon.ush" 1880
"../../../Engine/Shaders/Private/GammaCorrectionCommon.ush" 1881
"../../../Engine/Shaders/Shared/SubstrateDefinitions.h" 1882
"../../../Engine/Shaders/Private/Substrate/SubstrateStatisticalOperators.ush" 1883
"../../../Engine/Shaders/Private/Substrate/SubstrateSubsurface.ush" 1884
"../../../Engine/Shaders/Private/TransmissionCommon.ush" 1885
"../../../Engine/Shaders/Private/RayTracing/RayTracingCommonMetal.ush" 1886
"../../../Engine/Shaders/Private/PositionReconstructionCommon.ush" 1887
"../../../Engine/Shaders/Private/RayTracing/TraceRayInline.ush" 1888
"../../../Engine/Shaders/Private/RayTracing/TraceRayInlineCommon.ush" 1889
"../../../Engine/Shaders/Private/RayTracing/TraceRayInlineVulkan.ush" 1890
"../../../Engine/Shaders/Private/RayTracing/TraceRayInlineMetal.ush" 1891
"../../../Engine/Shaders/Private/RayTracing/RayTracingHitGroupCommon.ush" 1892
"../../../Engine/Shaders/Shared/RayTracingBuiltInResources.h" 1893
"../../../Engine/Shaders/Private/Nanite/NaniteDataDecode.ush" 1894
"../../../Engine/Shaders/Private/BitPacking.ush" 1895
"../../../Engine/Shaders/Private/BitStreamReaderImplementation.ush" 1896
"../../../Engine/Shaders/Shared/NaniteDefinitions.h" 1897
"../../../Engine/Shaders/Private/Nanite/NaniteAttributeDecode.ush" 1898
"../../../Engine/Shaders/Private/Barycentrics.ush" 1899
"../../../Engine/Shaders/Private/DualNumber.ush" 1900
"../../../Engine/Shaders/Private/VectorFieldVisualizationVertexFactory.ush" 1901
"../../../Engine/Shaders/Private/Nanite/NaniteVertexFactory.ush" 1902
"../../../Engine/Shaders/Private/LightmapData.ush" 1903
"../../../Engine/Shaders/Private/SplineMeshCommon.ush" 1904
"../../../Engine/Shaders/Shared/SplineMeshShaderParams.h" 1905
"../../../Engine/Shaders/Private/Quaternion.ush" 1906
"../../../Engine/Shaders/Private/ShaderPrint.ush" 1907
"../../../Engine/Shaders/Private/ShaderPrintCommon.ush" 1908
"../../../Engine/Shaders/Private/MiniFontCommon.ush" 1909
"../../../Engine/Shaders/Private/Nanite/NaniteVertexDeformation.ush" 1910
"../../../Engine/Shaders/Private/ParticleSpriteVertexFactory.ush" 1911
"../../../Engine/Shaders/Private/ParticleGPUSpriteVertexFactory.ush" 1912
"../../../Engine/Shaders/Private/ParticleSimulationCommon.ush" 1913
"../../../Engine/Shaders/Private/ParticleBeamTrailVertexFactory.ush" 1914
"../../../Engine/Shaders/Private/MeshParticleVertexFactory.ush" 1915
"../../../Engine/Shaders/Private/LocalVertexFactory.ush" 1916
"../../../Engine/Shaders/Private/LocalVertexFactoryCommon.ush" 1917
"../../../Engine/Shaders/Private/GpuSkinCommon.ush" 1918
"../../../Engine/Shaders/Private/GpuSkinVertexFactory.ush" 1919
"../../../Engine/Shaders/Private/GeometryCollectionVertexFactory.ush" 1920
"../../../Engine/Shaders/Private/GeometryCacheVertexFactory.ush" 1921
"../../../Engine/Shaders/Private/LandscapeVertexFactory.ush" 1922
"../../../Engine/Plugins/Experimental/Water/Shaders/Private/WaterQuadTreeDraws.usf" 1923
"../../../Engine/Plugins/Experimental/Water/Shaders/Private/WaterQuadTreeCommon.ush" 1924
"../../../Engine/Shaders/Private/Nanite/NaniteHZBCull.ush" 1925
"../../../Engine/Plugins/Experimental/Water/Shaders/Private/WaterQuadTreeBuild.usf" 1926
"../../../Engine/Plugins/Experimental/Water/Shaders/Private/WaterQuadTreeMerge.usf" 1927
"../../../Engine/Plugins/Experimental/Water/Shaders/Private/WaterQuadTreePixelShader.usf" 1928
"../../../Engine/Plugins/Experimental/Water/Shaders/Private/WaterQuadTreeVertexShader.usf" 1929
"../../../Engine/Plugins/Experimental/Water/Shaders/Private/WaterInfoFinalize.usf" 1930
"../../../Engine/Plugins/Experimental/Water/Shaders/Private/WaterInfoMerge.usf" 1931
"../../../Engine/Plugins/Enterprise/GLTFExporter/Shaders/Private/SimpleTexture2DPS.usf" 1932
"../../../Engine/Shaders/Private/SimpleElementNormalMapPixelShader.usf" 1933
"../../../Engine/Plugins/FX/Niagara/Shaders/Private/Stateless/NiagaraStatelessSimulationExample1.usf" 1934
"../../../Engine/Plugins/FX/Niagara/Shaders/Private/Stateless/NiagaraStatelessSimulationTemplate.ush" 1935
"../../../Engine/Plugins/FX/Niagara/Shaders/Private/Stateless/NiagaraStatelessCommon.ush" 1936
"../../../Engine/Plugins/FX/Niagara/Shaders/Private/NiagaraQuaternionUtils.ush" 1937
"../../../Engine/Plugins/FX/Niagara/Shaders/Private/Stateless/NiagaraStatelessDistribution.ush" 1938
"../../../Engine/Plugins/FX/Niagara/Shaders/Private/Stateless/Modules/NiagaraStatelessModule_CalculateAccurateVelocity.ush" 1939
"../../../Engine/Plugins/FX/Niagara/Shaders/Private/Stateless/Modules/NiagaraStatelessModule_CameraOffset.ush" 1940
"../../../Engine/Plugins/FX/Niagara/Shaders/Private/Stateless/Modules/NiagaraStatelessModule_DynamicMaterialParameters.ush" 1941
"../../../Engine/Plugins/FX/Niagara/Shaders/Private/Stateless/Modules/NiagaraStatelessModule_InitializeParticle.ush" 1942
"../../../Engine/Plugins/FX/Niagara/Shaders/Private/Stateless/Modules/NiagaraStatelessModule_InitialMeshOrientation.ush" 1943
"../../../Engine/Plugins/FX/Niagara/Shaders/Private/Stateless/Modules/NiagaraStatelessModule_MeshIndex.ush" 1944
"../../../Engine/Plugins/FX/Niagara/Shaders/Private/Stateless/Modules/NiagaraStatelessModule_MeshRotationRate.ush" 1945
"../../../Engine/Plugins/FX/Niagara/Shaders/Private/Stateless/Modules/NiagaraStatelessModule_RotateAroundPoint.ush" 1946
"../../../Engine/Plugins/FX/Niagara/Shaders/Private/Stateless/Modules/NiagaraStatelessModule_ShapeLocation.ush" 1947
"../../../Engine/Plugins/FX/Niagara/Shaders/Private/Stateless/Modules/NiagaraStatelessModule_ScaleColor.ush" 1948
"../../../Engine/Plugins/FX/Niagara/Shaders/Private/Stateless/Modules/NiagaraStatelessModule_ScaleSpriteSize.ush" 1949
"../../../Engine/Plugins/FX/Niagara/Shaders/Private/Stateless/Modules/NiagaraStatelessModule_ScaleSpriteSizeBySpeed.ush" 1950
"../../../Engine/Plugins/FX/Niagara/Shaders/Private/Stateless/Modules/NiagaraStatelessModule_ScaleMeshSize.ush" 1951
"../../../Engine/Plugins/FX/Niagara/Shaders/Private/Stateless/Modules/NiagaraStatelessModule_ScaleMeshSizebySpeed.ush" 1952
"../../../Engine/Plugins/FX/Niagara/Shaders/Private/Stateless/Modules/NiagaraStatelessModule_SolveVelocitiesAndForces.ush" 1953
"../../../Engine/Plugins/FX/Niagara/Shaders/Private/Stateless/Modules/NiagaraStatelessModule_SpriteFacingAndAlignment.ush" 1954
"../../../Engine/Plugins/FX/Niagara/Shaders/Private/Stateless/Modules/NiagaraStatelessModule_SpriteRotationRate.ush" 1955
"../../../Engine/Plugins/FX/Niagara/Shaders/Private/Stateless/Modules/NiagaraStatelessModule_SubUVAnimation.ush" 1956
"../../../Engine/Plugins/FX/Niagara/Shaders/Private/Stateless/NiagaraStatelessSimulationDefault.usf" 1957
"../../../Engine/Plugins/FX/Niagara/Shaders/Private/NiagaraSVTToDenseBuffer.usf" 1958
"../../../Engine/Shaders/Private/SparseVolumeTexture/SparseVolumeTextureCommon.ush" 1959
"../../../Engine/Plugins/FX/Niagara/Shaders/Private/NiagaraFillIntBuffer.usf" 1960
"../../../Engine/Plugins/FX/Niagara/Shaders/Private/NiagaraComputeFreeIDs.usf" 1961
"../../../Engine/Plugins/FX/Niagara/Shaders/Private/NiagaraInitFreeIDBuffer.usf" 1962
"../../../Engine/Plugins/FX/Niagara/Shaders/Private/NiagaraEmitterInstanceShader.usf" 1963
"../../../Engine/Plugins/FX/Niagara/Shaders/Private/NiagaraShaderVersion.ush" 1964
"../../../Engine/Shaders/Private/DistanceField/GlobalDistanceFieldShared.ush" 1965
"../../../Engine/Plugins/FX/Niagara/Shaders/Private/NiagaraPhysicsCommon.ush" 1966
"../../../Engine/Plugins/FX/Niagara/Shaders/Private/Ribbons/NiagaraRibbonGenerateIndices.usf" 1967
"../../../Engine/Plugins/FX/Niagara/Shaders/Private/Ribbons/NiagaraRibbonCommon.ush" 1968
"../../../Engine/Plugins/FX/Niagara/Shaders/Private/Ribbons/NiagaraRibbonInitializeIndices.usf" 1969
"../../../Engine/Plugins/FX/Niagara/Shaders/Private/Ribbons/NiagaraRibbonRibbonUVParamCalculation.usf" 1970
"../../../Engine/Plugins/FX/Niagara/Shaders/Private/Ribbons/NiagaraRibbonVertexReductionFinalization.usf" 1971
"../../../Engine/Plugins/FX/Niagara/Shaders/Private/Ribbons/NiagaraRibbonVertexReductionPropagation.usf" 1972
"../../../Engine/Plugins/FX/Niagara/Shaders/Private/Ribbons/NiagaraRibbonVertexReductionInitialization.usf" 1973
"../../../Engine/Plugins/FX/Niagara/Shaders/Private/Ribbons/NiagaraRibbonSortParticles.usf" 1974
"../../../Engine/Plugins/FX/Niagara/Shaders/Private/NiagaraUpdateMeshGPUSceneInstances.usf" 1975
"../../../Engine/Shaders/Private/ComputeShaderUtils.ush" 1976
"../../../Engine/Shaders/Private/GPUScene/GPUSceneWriter.ush" 1977
"../../../Engine/Plugins/FX/Niagara/Shaders/Private/NiagaraGenerateMips.usf" 1978
"../../../Engine/Plugins/FX/Niagara/Shaders/Private/NiagaraDebugDraw.usf" 1979
"../../../Engine/Plugins/FX/Niagara/Shaders/Private/NiagaraDebugDraw.ush" 1980
"../../../Engine/Plugins/FX/Niagara/Shaders/Private/NiagaraVisualizeTexture.usf" 1981
"../../../Engine/Plugins/FX/Niagara/Shaders/Private/NiagaraClearCounts.usf" 1982
"../../../Engine/Plugins/FX/Niagara/Shaders/Private/NiagaraBatchedElements.usf" 1983
"../../../Engine/Plugins/FX/Niagara/Shaders/Private/NiagaraRayTracingShaders.usf" 1984
"../../../Engine/Plugins/FX/Niagara/Shaders/Private/NiagaraAsyncGpuTraceCommon.ush" 1985
"../../../Engine/Shaders/Private/HashTable.ush" 1986
"../../../Engine/Shaders/Private/Hash.ush" 1987
"../../../Engine/Shaders/Private/RayTracing/VFXTraceRay.ush" 1988
"../../../Engine/Plugins/FX/Niagara/Shaders/Private/NiagaraRayMarchingShaders.usf" 1989
"../../../Engine/Plugins/FX/Niagara/Shaders/Private/NiagaraRayTraceCollisionGroupShaders.usf" 1990
"../../../Engine/Plugins/FX/Niagara/Shaders/Private/NiagaraAsyncGpuTraceUtils.usf" 1991
"../../../Engine/Plugins/FX/Niagara/Shaders/Private/NiagaraSortKeyGen.usf" 1992
"../../../Engine/Plugins/FX/Niagara/Shaders/Private/NiagaraGPURayTracingTransforms.usf" 1993
"../../../Engine/Plugins/FX/Niagara/Shaders/Private/NiagaraDrawIndirectArgsGen.usf" 1994
"../../../Engine/Plugins/FX/Niagara/Shaders/Private/NiagaraDispatchIndirectArgsGen.usf" 1995
"../../../Engine/Plugins/Media/WmfMedia/Shaders/Private/MediaHardwareVideoDecoding.usf" 1996
"../../../Engine/Shaders/Private/ColorUtils.ush" 1997
"../../../Engine/Plugins/Media/ImgMedia/Shaders/Private/ExrSwizzler.usf" 1998
"../../../Engine/Shaders/Private/TranslucentLightingShaders.usf" 1999
"../../../Engine/Shaders/Private/SHCommon.ush" 2000
"../../../Engine/Shaders/Private/ShadowProjectionCommon.ush" 2001
"../../../Engine/Shaders/Private/CubemapCommon.ush" 2002
"../../../Engine/Shaders/Private/VectorFieldCompositeShaders.usf" 2003
"../../../Engine/Shaders/Private/UpdateTextureShaders.usf" 2004
"../../../Engine/Shaders/Private/StereoLayerShader.usf" 2005
"../../../Engine/Shaders/Private/SparseVolumeTexture/UpdateSparseVolumeTexture.usf" 2006
"../../../Engine/Shaders/Private/MorphTargets.usf" 2007
"../../../Engine/Shaders/Private/SimpleElementColorChannelMaskPixelShader.usf" 2008
"../../../Engine/Shaders/Private/SimpleElementHitProxyPixelShader.usf" 2009
"../../../Engine/Shaders/Private/SimpleElementPixelShader.usf" 2010
"../../../Engine/Shaders/Private/IESLightProfilesCommon.ush" 2011
"../../../Engine/Shaders/Private/SimpleElementVertexShader.usf" 2012
"../../../Engine/Shaders/Private/ScreenPixelShaderOES.usf" 2013
"../../../Engine/Shaders/Private/ScreenVertexShader.usf" 2014
"../../../Engine/Shaders/Private/ScreenPixelShader.usf" 2015
"../../../Engine/Shaders/Private/SSProfilePreIntegratedMobile.usf" 2016
"../../../Engine/Shaders/Private/SpecularProfile.usf" 2017
"../../../Engine/Shaders/Private/Nanite/NaniteStreaming.usf" 2018
"../../../Engine/Shaders/Private/Nanite/NaniteStreaming.ush" 2019
"../../../Engine/Shaders/Private/Nanite/NaniteTranscode.usf" 2020
"../../../Engine/Shaders/Private/VolumetricLightmapStreaming.usf" 2021
"../../../Engine/Shaders/Private/PhysicsFieldReset.usf" 2022
"../../../Engine/Shaders/Private/PhysicsFieldBuilder.usf" 2023
"../../../Engine/Shaders/Private/PhysicsFieldEval.ush" 2024
"../../../Engine/Shaders/Private/ParticleSortKeyGen.usf" 2025
"../../../Engine/Shaders/Private/ParticleBoundsShader.usf" 2026
"../../../Engine/Shaders/Private/ParticleSimVisualizeShader.usf" 2027
"../../../Engine/Shaders/Private/ParticleInjectionShader.usf" 2028
"../../../Engine/Shaders/Private/ParticleSimulationShader.usf" 2029
"../../../Engine/Shaders/Private/ParticleCurveInjectionShader.usf" 2030
"../../../Engine/Shaders/Private/CopyUIntBuffer.usf" 2031
"../../../Engine/Shaders/Private/RadixSortShaders.usf" 2032
"../../../Engine/Shaders/Private/RecomputeTangentsPerVertexPass.usf" 2033
"../../../Engine/Shaders/Private/RecomputeTangentsCommon.ush" 2034
"../../../Engine/Shaders/Private/RecomputeTangentsPerTrianglePass.usf" 2035
"../../../Engine/Shaders/Private/GpuSkinCacheComputeShader.usf" 2036
"../../../Engine/Shaders/Private/HeightFieldAtlasManagement.usf" 2037
"../../../Engine/Shaders/Private/LandscapePhysicalMaterial.usf" 2038
"../../../Engine/Shaders/Private/MaterialTemplate.ush" 2039
"../../../Engine/Shaders/Private/WorldSpaceMath.ush" 2040
"../../../Engine/Shaders/Private/EyeAdaptationCommon.ush" 2041
"../../../Engine/Shaders/Private/SobolRandom.ush" 2042
"../../../Engine/Shaders/Private/DepthOfFieldCommon.ush" 2043
"../../../Engine/Shaders/Private/CircleDOFCommon.ush" 2044
"../../../Engine/Shaders/Private/PhysicsFieldSampler.ush" 2045
"../../../Engine/Shaders/Private/PhysicsFieldShared.ush" 2046
"../../../Engine/Shaders/Private/HairShadingCommon.ush" 2047
"../../../Engine/Shaders/Private/HairStrands/HairCardsAttributeCommon.ush" 2048
"../../../Engine/Shaders/Shared/HairStrandsDefinitions.h" 2049
"../../../Engine/Shaders/Private/HairStrands/HairStrandsVertexFactoryCommon.ush" 2050
"../../../Engine/Shaders/Private/HairStrands/HairStrandsPack.ush" 2051
"../../../Engine/Shaders/Private/HairStrands/HairStrandsAttributeCommon.ush" 2052
"../../../Engine/Shaders/Private/HairStrands/HairStrandsAttributeTemplate.ush" 2053
"../../../Engine/Shaders/Shared/EnvironmentComponentsFlags.h" 2054
"../../../Engine/Shaders/Private/SpeedTreeCommon.ush" 2055
"../../../Engine/Shaders/Private/VirtualTextureCommon.ush" 2056
"../../../Engine/Shaders/Private/MaterialTexture.ush" 2057
"../../../Engine/Shaders/Private/MinMaterialTexCoords.ush" 2058
"../../../Engine/Shaders/Private/SkyAtmosphereCommon.ush" 2059
"../../../Engine/Shaders/Private/SingleLayerWaterCommon.ush" 2060
"../../../Engine/Shaders/Private/TextureSampling.ush" 2061
"../../../Engine/Shaders/Private/PaniniProjection.ush" 2062
"../../../Engine/Shaders/Private/DBufferNormalReprojection.ush" 2063
"../../../Engine/Shaders/Private/Substrate/SubstrateTree.ush" 2064
"../../../Engine/Shaders/Private/Substrate/SubstrateEvaluation.ush" 2065
"../../../Engine/Shaders/Private/Substrate/Glint/GlintThirdParty.ush" 2066
"../../../Engine/Shaders/Private/BlueNoise.ush" 2067
"../../../Engine/Shaders/Private/ShadingModels.ush" 2068
"../../../Engine/Shaders/Private/CapsuleLight.ush" 2069
"../../../Engine/Shaders/Private/RectLight.ush" 2070
"../../../Engine/Shaders/Private/LightData.ush" 2071
"../../../Engine/Shaders/Shared/LightDefinitions.h" 2072
"../../../Engine/Shaders/Private/AreaLightCommon.ush" 2073
"../../../Engine/Shaders/Private/HairBsdf.ush" 2074
"../../../Engine/Shaders/Private/MobileGGX.ush" 2075
"../../../Engine/Shaders/Private/ShadingModelsSampling.ush" 2076
"../../../Engine/Shaders/Private/HairStrands/HairBsdfSample.ush" 2077
"../../../Engine/Shaders/Private/HairStrands/HairStrandsCommon.ush" 2078
"../../../Engine/Shaders/Private/HairStrands/HairStrandsDeepTransmittanceCommon.ush" 2079
"../../../Engine/Shaders/Private/HairStrands/HairStrandsDeepTransmittanceDualScattering.ush" 2080
"../../../Engine/Shaders/Private/HairStrands/HairStrandsEnvironmentLightingCommon.ush" 2081
"../../../Engine/Shaders/Private/Substrate/SubstrateLegacyConversion.ush" 2082
"../../../Engine/Shaders/Private/DBufferDecalShared.ush" 2083
"../../../Engine/Shaders/Private/LandscapeGrassWeight.usf" 2084
"../../../Engine/Shaders/Private/Landscape/LandscapeLayersWeightmapsPS.usf" 2085
"../../../Engine/Shaders/Private/Landscape/LandscapeLayersHeightmapsPS.usf" 2086
"../../../Engine/Shaders/Private/Landscape/LandscapeCommon.ush" 2087
"../../../Engine/Shaders/Private/LandscapeLayersCS.usf" 2088
"../../../Engine/Shaders/Private/LandscapeLayersPS.usf" 2089
"../../../Engine/Shaders/Private/LandscapeLayersVS.usf" 2090
"../../../Engine/Shaders/Private/Landscape/LandscapeCulling.usf" 2091
"../../../Engine/Shaders/Private/Landscape/LandscapeMergeTexturesPS.usf" 2092
"../../../Engine/Shaders/Private/WideCustomResolveShaders.usf" 2093
"../../../Engine/Shaders/Private/WideCustomResolve_Wide.ush" 2094
"../../../Engine/Shaders/Private/WideCustomResolve_Wider.ush" 2095
"../../../Engine/Shaders/Private/WideCustomResolve_Widest.ush" 2096
"../../../Engine/Shaders/Private/WaterInfoTextureBlur.usf" 2097
"../../../Engine/Shaders/Private/WaterInfoTextureMerge.usf" 2098
"../../../Engine/Shaders/Private/PageTableUpdate.usf" 2099
"../../../Engine/Shaders/Private/VirtualTextureCompress.usf" 2100
"../../../Engine/Shaders/Private/BlockCompressionCommon.ush" 2101
"../../../Engine/Shaders/Private/BCCompressionCommon.ush" 2102
"../../../Engine/Shaders/Private/ETCCompressionCommon.ush" 2103
"../../../Engine/Shaders/Private/VirtualTextureMaterial.usf" 2104
"../../../Engine/Shaders/Private/PixelShaderOutputCommon.ush" 2105
"../../../Engine/Shaders/Private/ShaderOutputCommon.ush" 2106
"../../../Engine/Shaders/Private/VolumetricRenderTarget.usf" 2107
"../../../Engine/Shaders/Private/VolumetricFogVoxelization.usf" 2108
"../../../Engine/Shaders/Private/VolumetricCloudMaterialPixelCommon.ush" 2109
"../../../Engine/Shaders/Private/VolumetricFogLightFunction.usf" 2110
"../../../Engine/Shaders/Private/LightFunctionCommon.ush" 2111
"../../../Engine/Shaders/Private/VolumetricFog.usf" 2112
"../../../Engine/Shaders/Private/DeferredLightingCommon.ush" 2113
"../../../Engine/Shaders/Private/DynamicLightingCommon.ush" 2114
"../../../Engine/Shaders/Private/CapsuleLightIntegrate.ush" 2115
"../../../Engine/Shaders/Private/CapsuleLightSampling.ush" 2116
"../../../Engine/Shaders/Private/RectLightIntegrate.ush" 2117
"../../../Engine/Shaders/Private/ScreenSpaceShadowRayCast.ush" 2118
"../../../Engine/Shaders/Private/LightFunctionAtlas/LightFunctionAtlasCommon.usf" 2119
"../../../Engine/Shaders/Private/HeterogeneousVolumes/HeterogeneousVolumesAdaptiveVolumetricShadowMapSampling.ush" 2120
"../../../Engine/Shaders/Private/HeterogeneousVolumes/HeterogeneousVolumesAdaptiveVolumetricShadowMapUtils.ush" 2121
"../../../Engine/Shaders/Private/HeterogeneousVolumes/HeterogeneousVolumesRayMarchingUtils.ush" 2122
"../../../Engine/Shaders/Private/HeterogeneousVolumes/HeterogeneousVolumesRayMarchingTypes.ush" 2123
"../../../Engine/Shaders/Private/PathTracing/Utilities/PathTracingRandomSequence.ush" 2124
"../../../Engine/Shaders/Private/HeterogeneousVolumes/HeterogeneousVolumesTracingUtils.ush" 2125
"../../../Engine/Shaders/Private/VelocityCommon.ush" 2126
"../../../Engine/Shaders/Private/HeterogeneousVolumes/HeterogeneousVolumesTransmittanceVolumeUtils.ush" 2127
"../../../Engine/Shaders/Private/ForwardShadowingCommon.ush" 2128
"../../../Engine/Shaders/Private/ShadowFilteringCommon.ush" 2129
"../../../Engine/Shaders/Private/PixelQuadMessagePassing.ush" 2130
"../../../Engine/Shaders/Private/VolumeLightingCommon.ush" 2131
"../../../Engine/Shaders/Private/VolumeLightingCommonSampling.ush" 2132
"../../../Engine/Shaders/Private/Lumen/LumenTranslucencyVolumeShared.ush" 2133
"../../../Engine/Shaders/Private/Lumen/LumenRadianceCacheInterpolation.ush" 2134
"../../../Engine/Shaders/Private/HeightFogCommon.ush" 2135
"../../../Engine/Shaders/Private/LightGridCommon.ush" 2136
"../../../Engine/Shaders/Private/DistanceFieldAOShared.ush" 2137
"../../../Engine/Shaders/Private/VolumetricLightmapShared.ush" 2138
"../../../Engine/Shaders/Private/ReflectionEnvironmentShared.ush" 2139
"../../../Engine/Shaders/Private/LightDataUniforms.ush" 2140
"../../../Engine/Shaders/Private/VirtualShadowMaps/VirtualShadowMapProjectionCommon.ush" 2141
"../../../Engine/Shaders/Private/VirtualShadowMaps/VirtualShadowMapPageAccessCommon.ush" 2142
"../../../Engine/Shaders/Shared/VirtualShadowMapDefinitions.h" 2143
"../../../Engine/Shaders/Private/VirtualShadowMaps/VirtualShadowMapProjectionStructs.ush" 2144
"../../../Engine/Shaders/Private/LocalFogVolumes/LocalFogVolumeCommon.ush" 2145
"../../../Engine/Shaders/Private/VolumetricCloudCommon.ush" 2146
"../../../Engine/Shaders/Private/VolumetricCloud.usf" 2147
"../../../Engine/Shaders/Private/ColorMap.ush" 2148
"../../../Engine/Shaders/Private/VisualizeVolumetricLightmap.usf" 2149
"../../../Engine/Shaders/Private/VirtualShadowMaps/VirtualShadowMapProjectionComposite.usf" 2150
"../../../Engine/Shaders/Private/LightShaderParameters.ush" 2151
"../../../Engine/Shaders/Private/VirtualShadowMaps/VirtualShadowMapMaskBitsCommon.ush" 2152
"../../../Engine/Shaders/Private/VirtualShadowMaps/VirtualShadowMapLightGrid.ush" 2153
"../../../Engine/Shaders/Private/VirtualShadowMaps/VirtualShadowMapProjection.usf" 2154
"../../../Engine/Shaders/Private/HairStrands/HairStrandsVisibilityCommon.ush" 2155
"../../../Engine/Shaders/Private/Visualization.ush" 2156
"../../../Engine/Shaders/Private/VirtualShadowMaps/VirtualShadowMapProjectionFilter.ush" 2157
"../../../Engine/Shaders/Private/VirtualShadowMaps/VirtualShadowMapProjectionDirectional.ush" 2158
"../../../Engine/Shaders/Private/VirtualShadowMaps/VirtualShadowMapSMRTCommon.ush" 2159
"../../../Engine/Shaders/Private/VirtualShadowMaps/VirtualShadowMapSMRTTemplate.ush" 2160
"../../../Engine/Shaders/Private/VirtualShadowMaps/VirtualShadowMapProjectionSpot.ush" 2161
"../../../Engine/Shaders/Private/VirtualShadowMaps/VirtualShadowMapTransmissionCommon.ush" 2162
"../../../Engine/Shaders/Private/HairStrands/HairStrandsVoxelPageCommon.ush" 2163
"../../../Engine/Shaders/Private/HairStrands/HairStrandsVoxelPageTraversal.ush" 2164
"../../../Engine/Shaders/Private/VirtualShadowMaps/VirtualShadowMapCacheLoadBalancer.usf" 2165
"../../../Engine/Shaders/Private/VirtualShadowMaps/VirtualShadowMapPageCacheCommon.ush" 2166
"../../../Engine/Shaders/Private/VirtualShadowMaps/VirtualShadowMapCacheInvalidation.ush" 2167
"../../../Engine/Shaders/Private/VirtualShadowMaps/VirtualShadowMapPageOverlap.ush" 2168
"../../../Engine/Shaders/Private/ScreenSpaceDenoise/SSDDefinitions.ush" 2169
"../../../Engine/Shaders/Private/InstanceCulling/InstanceCullingLoadBalancer.ush" 2170
"../../../Engine/Shaders/Private/VirtualShadowMaps/VirtualShadowMapCopyStats.usf" 2171
"../../../Engine/Shaders/Private/VirtualShadowMaps/VirtualShadowMapStats.ush" 2172
"../../../Engine/Shaders/Private/VirtualShadowMaps/VirtualShadowMapPhysicalPageManagement.usf" 2173
"../../../Engine/Shaders/Private/ReductionCommon.ush" 2174
"../../../Engine/Shaders/Private/GPUMessaging.ush" 2175
"../../../Engine/Shaders/Private/ThreadGroupPrefixSum.ush" 2176
"../../../Engine/Shaders/Private/VirtualShadowMaps/VirtualShadowMapBuildPerPageDrawCommands.usf" 2177
"../../../Engine/Shaders/Private/Nanite/NaniteCullingCommon.ush" 2178
"../../../Engine/Shaders/Private/Nanite/NaniteCulling.ush" 2179
"../../../Engine/Shaders/Private/Nanite/NaniteHierarchyTraversalCommon.ush" 2180
"../../../Engine/Shaders/Private/InstanceCulling/InstanceCullingCommon.ush" 2181
"../../../Engine/Shaders/Private/VirtualShadowMaps/VirtualShadowMapPrintStats.usf" 2182
"../../../Engine/Shaders/Private/VirtualShadowMaps/VirtualShadowMapDebug.usf" 2183
"../../../Engine/Shaders/Private/VirtualShadowMaps/VirtualShadowMapPageManagement.usf" 2184
"../../../Engine/Shaders/Private/VirtualShadowMaps/VirtualShadowMapPageMarking.usf" 2185
"../../../Engine/Shaders/Shared/SingleLayerWaterDefinitions.h" 2186
"../../../Engine/Shaders/Private/HairStrands/HairStrandsTileCommon.ush" 2187
"../../../Engine/Shaders/Private/VariableRateShading/VRSShadingRatePreview.usf" 2188
"../../../Engine/Shaders/Private/VariableRateShading/VRSShadingRateCommon.ush" 2189
"../../../Engine/Shaders/Private/VariableRateShading/VRSShadingRateCombine.usf" 2190
"../../../Engine/Shaders/Private/VariableRateShading/VRSShadingRateFoveated.usf" 2191
"../../../Engine/Shaders/Private/VariableRateShading/VRSShadingRateReproject.usf" 2192
"../../../Engine/Shaders/Private/VariableRateShading/VRSShadingRateCalculate.usf" 2193
"../../../Engine/Shaders/Private/TranslucencyUpsampling.usf" 2194
"../../../Engine/Shaders/Private/ScreenPass.ush" 2195
"../../../Engine/Shaders/Private/ComposeSeparateTranslucency.usf" 2196
"../../../Engine/Shaders/Private/SeparateTranslucency.ush" 2197
"../../../Engine/Shaders/Private/TranslucentLightInjectionShaders.usf" 2198
"../../../Engine/Shaders/Private/TranslucentShadowDepthShaders.usf" 2199
"../../../Engine/Shaders/Private/ShadowDepthCommon.ush" 2200
"../../../Engine/Shaders/Private/RayTracing/RayTracingTest.usf" 2201
"../../../Engine/Shaders/Private/PostProcessSubsurfaceTile.usf" 2202
"../../../Engine/Shaders/Private/Substrate/SubstrateVisualize.usf" 2203
"../../../Engine/Shaders/Private/Substrate/SubstrateTile.ush" 2204
"../../../Engine/Shaders/Private/SkyLightingDiffuseShared.ush" 2205
"../../../Engine/Shaders/Private/SkyLightingShared.ush" 2206
"../../../Engine/Shaders/Private/ClearCoatCommon.ush" 2207
"../../../Engine/Shaders/Private/ReflectionEnvironmentComposite.ush" 2208
"../../../Engine/Shaders/Private/Substrate/SubstrateLightingCommon.ush" 2209
"../../../Engine/Shaders/Private/Substrate/SubstrateRoughRefraction.usf" 2210
"../../../Engine/Shaders/Private/PathTracing/Material/PathTracingFresnel.ush" 2211
"../../../Engine/Shaders/Private/PathTracing/Material/PathTracingGlossy.ush" 2212
"../../../Engine/Shaders/Private/Substrate/SubstrateTile.usf" 2213
"../../../Engine/Shaders/Private/Substrate/SubstrateMaterialClassification.usf" 2214
"../../../Engine/Shaders/Private/Substrate/SubstrateDBuffer.usf" 2215
"../../../Engine/Shaders/Private/SplineMeshSceneTexture.usf" 2216
"../../../Engine/Shaders/Private/SparseVolumeTexture/VisualizeSparseVolumeTexture.usf" 2217
"../../../Engine/Shaders/Private/SkyAtmosphere.usf" 2218
"../../../Engine/Shaders/Private/CopyDepthTexture.usf" 2219
"../../../Engine/Shaders/Private/SingleLayerWaterComposite.usf" 2220
"../../../Engine/Shaders/Private/ScreenSpaceShadows.usf" 2221
"../../../Engine/Shaders/Private/bend_sss_gpu.ush" 2222
"../../../Engine/Shaders/Private/ShadowFactorsUpsampleCommon.ush" 2223
"../../../Engine/Shaders/Private/ShadowProjectionVertexShader.usf" 2224
"../../../Engine/Shaders/Private/ShadowProjectionPixelShader.usf" 2225
"../../../Engine/Shaders/Private/ShadowPercentageCloserFiltering.ush" 2226
"../../../Engine/Shaders/Private/TransmissionThickness.ush" 2227
"../../../Engine/Shaders/Private/CopyShadowMaps.usf" 2228
"../../../Engine/Shaders/Private/ShadowDepthPixelShader.usf" 2229
"../../../Engine/Shaders/Private/ShadowDepthVertexShader.usf" 2230
"../../../Engine/Shaders/Private/ShadingEnergyConservationTable.usf" 2231
"../../../Engine/Shaders/Shared/PathTracingDefinitions.h" 2232
"../../../Engine/Shaders/Private/ShadingFurnaceTest.usf" 2233
"../../../Engine/Shaders/Private/Substrate/SubstrateDeferredLighting.ush" 2234
"../../../Engine/Shaders/Private/ShaderPrintDraw.usf" 2235
"../../../Engine/Shaders/Private/ShaderPrintDrawPrimitive.usf" 2236
"../../../Engine/Shaders/Private/DefaultSSRTiles.usf" 2237
"../../../Engine/Shaders/Private/ScreenSpaceReflectionTileCommons.ush" 2238
"../../../Engine/Shaders/Private/SSRT/SSRTDiffuseIndirect.usf" 2239
"../../../Engine/Shaders/Private/SSRT/SSRTRayCast.ush" 2240
"../../../Engine/Shaders/Private/SSRT/SSRTTileClassificationBuffer.ush" 2241
"../../../Engine/Shaders/Private/SSRT/SSRTReflections.usf" 2242
"../../../Engine/Shaders/Private/ScreenSpaceDenoise/SSDPublic.ush" 2243
"../../../Engine/Shaders/Private/SSRT/SSRTTileClassification.usf" 2244
"../../../Engine/Shaders/Private/SSRT/SSRTPrevFrameReduction.usf" 2245
"../../../Engine/Shaders/Private/ScreenSpaceDenoise/SSDComposeHarmonics.usf" 2246
"../../../Engine/Shaders/Private/ScreenSpaceDenoise/SSDPublicHarmonics.ush" 2247
"../../../Engine/Shaders/Private/ScreenSpaceDenoise/SSDSignalFramework.ush" 2248
"../../../Engine/Shaders/Private/ScreenSpaceDenoise/SSDCommon.ush" 2249
"../../../Engine/Shaders/Private/SphericalGaussian.ush" 2250
"../../../Engine/Shaders/Public/WaveBroadcastIntrinsics.ush" 2251
"../../../Engine/Shaders/Private/ScreenSpaceDenoise/SSDMetadata.ush" 2252
"../../../Engine/Shaders/Private/ScreenSpaceDenoise/SSDSignalCore.ush" 2253
"../../../Engine/Shaders/Private/ScreenSpaceDenoise/DenoisingCommon.ush" 2254
"../../../Engine/Shaders/Private/ScreenSpaceDenoise/SSDSignalArray.ush" 2255
"../../../Engine/Shaders/Private/ScreenSpaceDenoise/SSDSignalBufferEncoding.ush" 2256
"../../../Engine/Shaders/Private/ScreenSpaceDenoise/SSDPublicBufferEncoding.ush" 2257
"../../../Engine/Shaders/Private/Lumen/LumenBufferEncoding.ush" 2258
"../../../Engine/Shaders/Private/ScreenSpaceDenoise/SSDTemporalAccumulation.usf" 2259
"../../../Engine/Shaders/Private/ScreenSpaceDenoise/SSDSpatialKernel.ush" 2260
"../../../Engine/Shaders/Private/ScreenSpaceDenoise/SSDSignalAccumulatorArray.ush" 2261
"../../../Engine/Shaders/Private/ScreenSpaceDenoise/SSDSignalAccumulator.ush" 2262
"../../../Engine/Shaders/Private/ScreenSpaceDenoise/SSDSignalCompression.ush" 2263
"../../../Engine/Shaders/Private/ScreenSpaceDenoise/SSDSpatialAccumulation.usf" 2264
"../../../Engine/Shaders/Private/ScreenSpaceDenoise/SSDInjest.usf" 2265
"../../../Engine/Shaders/Private/ScreenSpaceDenoise/SSDCompressMetadata.usf" 2266
"../../../Engine/Shaders/Private/DownsampleDepthPixelShader.usf" 2267
"../../../Engine/Shaders/Private/ScreenPass.usf" 2268
"../../../Engine/Shaders/Private/HZB.usf" 2269
"../../../Engine/Shaders/Private/OcclusionFeedbackShaders.usf" 2270
"../../../Engine/Shaders/Private/HZBOcclusion.usf" 2271
"../../../Engine/Shaders/Private/OcclusionQueryPixelShader.usf" 2272
"../../../Engine/Shaders/Private/OcclusionQueryVertexShader.usf" 2273
"../../../Engine/Shaders/Private/HitProxyPixelShader.usf" 2274
"../../../Engine/Shaders/Private/HitProxyVertexShader.usf" 2275
"../../../Engine/Shaders/Private/SceneCulling/SceneCullingDebugRender.usf" 2276
"../../../Engine/Shaders/Private/SceneCulling/SceneCulling.ush" 2277
"../../../Engine/Shaders/Shared/SceneCullingDefinitions.h" 2278
"../../../Engine/Shaders/Private/SceneCulling/SceneCullingBuildExplicitBounds.usf" 2279
"../../../Engine/Shaders/Private/SceneCapturePixelShader.usf" 2280
"../../../Engine/Shaders/Private/RTWriteMaskDecode.usf" 2281
"../../../Engine/Shaders/Private/ReflectionEnvironmentShaders.usf" 2282
"../../../Engine/Shaders/Private/RectLightAtlas.usf" 2283
"../../../Engine/Shaders/Private/RayTracing/TraceRayInlineStatistics.usf" 2284
"../../../Engine/Shaders/Private/RayTracing/CompositeSkyLightPS.usf" 2285
"../../../Engine/Shaders/Private/RayTracing/GenerateSkyLightVisibilityRaysCS.usf" 2286
"../../../Engine/Shaders/Private/RayTracing/RayTracingSkyLightCommon.ush" 2287
"../../../Engine/Shaders/Private/RayTracing/SkyLightVisibilityRaysData.ush" 2288
"../../../Engine/Shaders/Private/Raytracing/RaytracingSkylightRGS.usf" 2289
"../../../Engine/Shaders/Private/HairStrands/HairStrandsRaytracing.ush" 2290
"../../../Engine/Shaders/Private/Raytracing/RayTracingSkyLightEvaluation.ush" 2291
"../../../Engine/Shaders/Private/Raytracing/RayTracingDeferredShadingCommon.ush" 2292
"../../../Engine/Shaders/Private/RayTracing/RayTracingOcclusionRGS.usf" 2293
"../../../Engine/Shaders/Private/RayTracing/RayTracingDirectionalLight.ush" 2294
"../../../Engine/Shaders/Private/RayTracing/RayTracingRectLight.ush" 2295
"../../../Engine/Shaders/Private/RayTracing/RayTracingSphereLight.ush" 2296
"../../../Engine/Shaders/Private/RayTracing/RayTracingCapsuleLight.ush" 2297
"../../../Engine/Shaders/Private/RayTracing/RayTracingPrimaryRays.usf" 2298
"../../../Engine/Shaders/Shared/RayTracingTypes.h" 2299
"../../../Engine/Shaders/Private/RayTracing/RayTracingLightingCommon.ush" 2300
"../../../Engine/Shaders/Private/RayTracing/RayTracingLightCullingCommon.ush" 2301
"../../../Engine/Shaders/Private/RayTracing/RayTracingMaterialDefaultHitShaders.usf" 2302
"../../../Engine/Shaders/Private/RayTracing/RayTracingMaterialHitShaders.usf" 2303
"../../../Engine/Shaders/Private/RayTracing/RayTracingShaderUtils.ush" 2304
"../../../Engine/Shaders/Private/RayTracing/RayTracingCalcInterpolants.ush" 2305
"../../../Engine/Shaders/Private/LightmapCommon.ush" 2306
"../../../Engine/Shaders/Private/Lumen/LumenHardwareRayTracingPayloadCommon.ush" 2307
"../../../Engine/Shaders/Shared/LumenDefinitions.h" 2308
"../../../Engine/Shaders/Private/Substrate/SubstrateExport.ush" 2309
"../../../Engine/Shaders/Private/RayTracing/RayTracingLightingMS.usf" 2310
"../../../Engine/Shaders/Private/RayTracing/RayTracingLightFunctionCommon.ush" 2311
"../../../Engine/Shaders/Private/RayTracing/RayTracingBuildLightGrid.usf" 2312
"../../../Engine/Shaders/Private/Raytracing/RayTracingInstanceBufferUtil.usf" 2313
"../../../Engine/Shaders/Private/RayTracing/RayTracingDynamicMesh.usf" 2314
"../../../Engine/Shaders/Private/RayTracing/RayTracingDefaultDecalHitShader.usf" 2315
"../../../Engine/Shaders/Private/RayTracing/RayTracingDecalMaterialShader.usf" 2316
"../../../Engine/Shaders/Private/PathTracing/PathTracingShaderUtils.ush" 2317
"../../../Engine/Shaders/Private/PathTracing/PathTracingCommon.ush" 2318
"../../../Engine/Shaders/Private/PathTracing/Material/PathTracingMaterialCommon.ush" 2319
"../../../Engine/Shaders/Private/RayTracing/RayTracingBuildDecalGrid.usf" 2320
"../../../Engine/Shaders/Private/RayTracing/RayTracingDebugHitStatsUtils.usf" 2321
"../../../Engine/Shaders/Private/RayTracing/RayTracingDebugInstanceOverlap.usf" 2322
"../../../Engine/Shaders/Private/RayTracing/RayTracingDebugPicking.usf" 2323
"../../../Engine/Shaders/Private/RayTracing/RayTracingDebugUtils.ush" 2324
"../../../Engine/Shaders/Shared/RayTracingDebugTypes.h" 2325
"../../../Engine/Shaders/Private/RayTracing/RayTracingDebugTraversal.usf" 2326
"../../../Engine/Shaders/Private/RayTracing/RayTracingDeferredMaterials.ush" 2327
"../../../Engine/Shaders/Shared/ThirdParty/AMD/ags_shader_intrinsics_dx12.h" 2328
"../../../Engine/Shaders/Shared/RayTracingDebugDefinitions.h" 2329
"../../../Engine/Shaders/Private/RayTracing/RayTracingDebugHitStatsCHS.usf" 2330
"../../../Engine/Shaders/Private/RayTracing/RayTracingDebugHitStats.usf" 2331
"../../../Engine/Shaders/Private/RayTracing/RayTracingDebugMS.usf" 2332
"../../../Engine/Shaders/Private/RayTracing/RayTracingDebugCHS.usf" 2333
"../../../Engine/Shaders/Private/RayTracing/RayTracingDebug.usf" 2334
"../../../Engine/Shaders/Private/RayTracing/RayTracingBuiltInShaders.usf" 2335
"../../../Engine/Shaders/Private/RayTracing/RayTracingBarycentrics.usf" 2336
"../../../Engine/Shaders/Private/RayTracing/RayTracingAmbientOcclusionRGS.usf" 2337
"../../../Engine/Shaders/Private/VisualizeShadingModels.usf" 2338
"../../../Engine/Shaders/Private/PostProcessCommon.ush" 2339
"../../../Engine/Shaders/Private/MotionBlur/VisualizeMotionVectors.usf" 2340
"../../../Engine/Shaders/Private/TemporalSuperResolution/TSRVisualize.usf" 2341
"../../../Engine/Shaders/Private/TemporalSuperResolution/TSRCommon.ush" 2342
"../../../Engine/Shaders/Public/DualPixelVectorization.ush" 2343
"../../../Engine/Shaders/Private/TemporalSuperResolution/TSRResolveHistory.usf" 2344
"../../../Engine/Shaders/Private/TemporalSuperResolution/TSRConvolutionNetwork.ush" 2345
"../../../Engine/Shaders/Public/LaneVectorization.ush" 2346
"../../../Engine/Shaders/Private/TemporalSuperResolution/TSRUpdateHistory.usf" 2347
"../../../Engine/Shaders/Private/TemporalSuperResolution/TSRSpatialAntiAliasing.usf" 2348
"../../../Engine/Shaders/Private/TemporalSuperResolution/TSRRejectShading.usf" 2349
"../../../Engine/Shaders/Private/TemporalSuperResolution/TSRShadingAnalysis.ush" 2350
"../../../Engine/Shaders/Private/TemporalSuperResolution/TSRConvolutionNetworkPass.ush" 2351
"../../../Engine/Shaders/Private/TemporalSuperResolution/TSRDecimateHistory.usf" 2352
"../../../Engine/Shaders/Private/TemporalSuperResolution/TSRDilateVelocity.usf" 2353
"../../../Engine/Shaders/Private/MotionBlur/MotionBlurVelocityFlatten.ush" 2354
"../../../Engine/Shaders/Private/MotionBlur/MotionBlurCommon.ush" 2355
"../../../Engine/Shaders/Private/TemporalSuperResolution/TSRClearPrevTextures.usf" 2356
"../../../Engine/Shaders/Private/TemporalSuperResolution/TSRMeasureFlickeringLuma.usf" 2357
"../../../Engine/Shaders/Private/TemporalAA.usf" 2358
"../../../Engine/Shaders/Private/FilterPixelShader.usf" 2359
"../../../Engine/Shaders/Private/FilterVertexShader.usf" 2360
"../../../Engine/Shaders/Private/PostProcessVisualizeBuffer.usf" 2361
"../../../Engine/Shaders/Private/PostProcessVisualizeLocalExposure.usf" 2362
"../../../Engine/Shaders/Private/PostProcessHistogramCommon.ush" 2363
"../../../Engine/Shaders/Private/TonemapCommon.ush" 2364
"../../../Engine/Shaders/Private/ACES.ush" 2365
"../../../Engine/Shaders/Private/PostProcessVisualizeLevelInstance.usf" 2366
"../../../Engine/Shaders/Private/PostProcessVisualizeHDR.usf" 2367
"../../../Engine/Shaders/Private/ShaderComplexityApplyPixelShader.usf" 2368
"../../../Engine/Shaders/Private/QuadOverdraw.ush" 2369
"../../../Engine/Shaders/Private/PostProcessUpscale.usf" 2370
"../../../Engine/Shaders/Private/PostProcessTonemap.usf" 2371
"../../../Engine/Shaders/Private/PostProcessing/FilmGrainPackConstants.usf" 2372
"../../../Engine/Shaders/Private/PostProcessing/FilmGrainReduce.usf" 2373
"../../../Engine/Shaders/Private/PostProcessTestImage.usf" 2374
"../../../Engine/Shaders/Private/PostProcessSubsurface.usf" 2375
"../../../Engine/Shaders/Private/SeparableSSS.ush" 2376
"../../../Engine/Shaders/Private/SubsurfaceBurleyNormalized.ush" 2377
"../../../Engine/Shaders/Private/PostProcessSelectionOutline.usf" 2378
"../../../Engine/Shaders/Private/PostProcessPixelProjectedReflectionMobile.usf" 2379
"../../../Engine/Shaders/Private/MotionBlur/MotionBlurVisualize.usf" 2380
"../../../Engine/Shaders/Private/MotionBlur/MotionBlurApply.usf" 2381
"../../../Engine/Shaders/Private/MotionBlur/MotionBlurFilterTileClassify.usf" 2382
"../../../Engine/Shaders/Private/MotionBlur/MotionBlurTileScatter.usf" 2383
"../../../Engine/Shaders/Private/MotionBlur/MotionBlurTileGather.usf" 2384
"../../../Engine/Shaders/Private/MotionBlur/MotionBlurVelocityFlatten.usf" 2385
"../../../Engine/Shaders/Private/PostProcessMobile.usf" 2386
"../../../Engine/Shaders/Private/PostProcessMitchellNetravali.usf" 2387
"../../../Engine/Shaders/Private/PostProcessMaterialShaders.usf" 2388
"../../../Engine/Shaders/Private/NeuralPostProcessCommon.usf" 2389
"../../../Engine/Shaders/Private/PostProcessLocalExposure.usf" 2390
"../../../Engine/Shaders/Private/PostProcessLensFlares.usf" 2391
"../../../Engine/Shaders/Private/PostProcessGBufferHints.usf" 2392
"../../../Engine/Shaders/Private/PostProcessHMD.usf" 2393
"../../../Engine/Shaders/Private/Histogram.usf" 2394
"../../../Engine/Shaders/Private/PostProcessHistogramReduce.usf" 2395
"../../../Engine/Shaders/Private/PostProcessHistogram.usf" 2396
"../../../Engine/Shaders/Private/Bloom/BloomFinalizeApplyConstants.usf" 2397
"../../../Engine/Shaders/Private/Bloom/BloomCommon.ush" 2398
"../../../Engine/Shaders/Private/Bloom/BloomResizeKernel.usf" 2399
"../../../Engine/Shaders/Private/Bloom/BloomDownsampleKernel.usf" 2400
"../../../Engine/Shaders/Private/Bloom/BloomClampKernel.usf" 2401
"../../../Engine/Shaders/Private/Bloom/BloomPackKernelConstants.usf" 2402
"../../../Engine/Shaders/Private/Bloom/BloomSumScatterDispersionEnergy.usf" 2403
"../../../Engine/Shaders/Private/Bloom/BloomReduceKernelSurvey.usf" 2404
"../../../Engine/Shaders/Private/Bloom/BloomSurveyKernelCenterEnergy.usf" 2405
"../../../Engine/Shaders/Private/Bloom/BloomSurveyMaxScatterDispersion.usf" 2406
"../../../Engine/Shaders/Private/Bloom/BloomFindKernelCenter.usf" 2407
"../../../Engine/Shaders/Private/PostProcessEyeAdaptation.usf" 2408
"../../../Engine/Shaders/Private/TranslucencyVolumeCommon.ush" 2409
"../../../Engine/Shaders/Private/PostProcessDownsample.usf" 2410
"../../../Engine/Shaders/Private/PostProcessDOF.usf" 2411
"../../../Engine/Shaders/Private/PostProcessDeviceEncodingOnly.usf" 2412
"../../../Engine/Shaders/Private/PostProcessCompositePrimitives.usf" 2413
"../../../Engine/Shaders/Private/PostProcessCombineLUTs.usf" 2414
"../../../Engine/Shaders/Private/PostProcessVisualizeDOF.usf" 2415
"../../../Engine/Shaders/Private/PostProcessBloom.usf" 2416
"../../../Engine/Shaders/Private/PostProcessAmbientOcclusionMobile.usf" 2417
"../../../Engine/Shaders/Private/PostProcessAmbientOcclusionCommon.ush" 2418
"../../../Engine/Shaders/Private/FXAAShader.usf" 2419
"../../../Engine/Shaders/Private/Fxaa3_11.ush" 2420
"../../../Engine/Shaders/Private/DiaphragmDOF/DOFRecombine.usf" 2421
"../../../Engine/Shaders/Private/DiaphragmDOF/DOFCommon.ush" 2422
"../../../Engine/Shaders/Private/DiaphragmDOF/DOFHybridScatterPixelShader.usf" 2423
"../../../Engine/Shaders/Private/DiaphragmDOF/DOFHybridScatterCommon.ush" 2424
"../../../Engine/Shaders/Private/DiaphragmDOF/DOFHybridScatterVertexShader.usf" 2425
"../../../Engine/Shaders/Private/DiaphragmDOF/DOFPostfiltering.usf" 2426
"../../../Engine/Shaders/Private/DiaphragmDOF/DOFGatherTileSuggest.ush" 2427
"../../../Engine/Shaders/Private/DiaphragmDOF/DOFCocTileCommon.ush" 2428
"../../../Engine/Shaders/Private/DiaphragmDOF/DOFGatherPass.usf" 2429
"../../../Engine/Shaders/Private/DiaphragmDOF/DOFGatherCommon.ush" 2430
"../../../Engine/Shaders/Private/DiaphragmDOF/DOFGatherAccumulator.ush" 2431
"../../../Engine/Shaders/Private/DiaphragmDOF/DOFGatherKernel.ush" 2432
"../../../Engine/Shaders/Private/DiaphragmDOF/DOFBokehLUT.usf" 2433
"../../../Engine/Shaders/Private/DiaphragmDOF/DOFHybridScatterCompilation.usf" 2434
"../../../Engine/Shaders/Private/DiaphragmDOF/DOFReduce.usf" 2435
"../../../Engine/Shaders/Private/DiaphragmDOF/DOFDownsample.ush" 2436
"../../../Engine/Shaders/Private/DiaphragmDOF/DOFHybridScatterCompilation.ush" 2437
"../../../Engine/Shaders/Private/DiaphragmDOF/DOFDownsample.usf" 2438
"../../../Engine/Shaders/Private/DiaphragmDOF/DOFCocTileDilate.usf" 2439
"../../../Engine/Shaders/Private/DiaphragmDOF/DOFCocTileFlatten.usf" 2440
"../../../Engine/Shaders/Private/DiaphragmDOF/DOFSetup.usf" 2441
"../../../Engine/Shaders/Private/Tools/DebugAlphaChannel.usf" 2442
"../../../Engine/Shaders/Private/PlanarReflectionShaders.usf" 2443
"../../../Engine/Shaders/Private/PlanarReflectionShared.ush" 2444
"../../../Engine/Shaders/Private/PhysicsFieldVisualizer.usf" 2445
"../../../Engine/Shaders/Private/PathTracing/PathTracingSpatialTemporalDenoising.usf" 2446
"../../../Engine/Shaders/Private/ColorDifference.ush" 2447
"../../../Engine/Shaders/Private/PathTracing/PathTracingCompositingPixelShader.usf" 2448
"../../../Engine/Shaders/Private/PathTracing/PathTracingAdaptiveUtils.ush" 2449
"../../../Engine/Shaders/Private/PathTracing/PathTracingDefaultHitShader.usf" 2450
"../../../Engine/Shaders/Private/PathTracing/PathTracingGPULightmassMaterialHitShader.usf" 2451
"../../../Engine/Shaders/Private/PathTracing/PathTracingMaterialHitShader.usf" 2452
"../../../Engine/Shaders/Private/PathTracing/PathTracingLightingMissShader.usf" 2453
"../../../Engine/Shaders/Private/PathTracing/PathTracingMissShader.usf" 2454
"../../../Engine/Shaders/Private/PathTracing/PathTracingAdaptiveStart.usf" 2455
"../../../Engine/Shaders/Private/PathTracing/PathTracingBuildAdaptiveError.usf" 2456
"../../../Engine/Shaders/Private/PathTracing/PathTracingBuildAtmosphereLUT.usf" 2457
"../../../Engine/Shaders/Private/PathTracing/Volume/PathTracingAtmosphereCommon.ush" 2458
"../../../Engine/Shaders/Private/PathTracing/PathTracingSwizzleScanlines.usf" 2459
"../../../Engine/Shaders/Private/PathTracing/PathTracingInitExtinctionCoefficient.usf" 2460
"../../../Engine/Shaders/Private/PathTracing/PathTracing.usf" 2461
"../../../Engine/Shaders/Private/PathTracing/PathTracingCore.ush" 2462
"../../../Engine/Shaders/Private/HeterogeneousVolumes/HeterogeneousVolumesVoxelGridTypes.ush" 2463
"../../../Engine/Shaders/Private/RayTracing/RayTracingDecalGrid.ush" 2464
"../../../Engine/Shaders/Private/PathTracing/Utilities/PathTracingRIS.ush" 2465
"../../../Engine/Shaders/Private/PathTracing/Light/PathTracingLightSampling.ush" 2466
"../../../Engine/Shaders/Private/PathTracing/Light/PathTracingLightCommon.ush" 2467
"../../../Engine/Shaders/Private/PathTracing/Light/PathTracingDirectionalLight.ush" 2468
"../../../Engine/Shaders/Private/PathTracing/Light/PathTracingPointLight.ush" 2469
"../../../Engine/Shaders/Private/PathTracing/Light/PathTracingCapsuleLight.ush" 2470
"../../../Engine/Shaders/Private/PathTracing/Light/PathTracingRectLight.ush" 2471
"../../../Engine/Shaders/Private/PathTracing/Light/PathTracingSkyLight.ush" 2472
"../../../Engine/Shaders/Private/PathTracing/Light/PathTracingLightGrid.ush" 2473
"../../../Engine/Shaders/Private/PathTracing/Material/PathTracingMaterialSampling.ush" 2474
"../../../Engine/Shaders/Private/PathTracing/Material/PathTracingLambert.ush" 2475
"../../../Engine/Shaders/Private/PathTracing/Material/PathTracingSubstrate.ush" 2476
"../../../Engine/Shaders/Private/PathTracing/Material/PathTracingSubstrateCommon.ush" 2477
"../../../Engine/Shaders/Private/PathTracing/Material/PathTracingSubstrateSolidGlass.ush" 2478
"../../../Engine/Shaders/Private/PathTracing/Material/PathTracingSubstrateThinGlass.ush" 2479
"../../../Engine/Shaders/Private/PathTracing/Material/PathTracingSolidGlass.ush" 2480
"../../../Engine/Shaders/Private/PathTracing/Material/PathTracingEnergyConservation.ush" 2481
"../../../Engine/Shaders/Private/PathTracing/Material/PathTracingThinGlass.ush" 2482
"../../../Engine/Shaders/Private/PathTracing/Material/PathTracingDefaultLit.ush" 2483
"../../../Engine/Shaders/Private/PathTracing/Material/PathTracingClearCoat.ush" 2484
"../../../Engine/Shaders/Private/PathTracing/Material/PathTracingTwoSidedFoliage.ush" 2485
"../../../Engine/Shaders/Private/PathTracing/Material/PathTracingCloth.ush" 2486
"../../../Engine/Shaders/Private/PathTracing/Material/PathTracingSubsurfaceProfile.ush" 2487
"../../../Engine/Shaders/Private/PathTracing/Material/PathTracingEye.ush" 2488
"../../../Engine/Shaders/Private/PathTracing/Material/PathTracingHair.ush" 2489
"../../../Engine/Shaders/Private/PathTracing/Material/PathTracingMedium.ush" 2490
"../../../Engine/Shaders/Private/PathTracing/Volume/PathTracingVolume.ush" 2491
"../../../Engine/Shaders/Private/PathTracing/Volume/PathTracingVolumeCommon.ush" 2492
"../../../Engine/Shaders/Private/PathTracing/Volume/PathTracingAtmosphere.ush" 2493
"../../../Engine/Shaders/Private/PathTracing/Volume/PathTracingFog.ush" 2494
"../../../Engine/Shaders/Private/PathTracing/Volume/PathTracingHeterogeneousVolumes.ush" 2495
"../../../Engine/Shaders/Private/HeterogeneousVolumes/HeterogeneousVolumesVoxelGridTraversal.ush" 2496
"../../../Engine/Shaders/Private/HeterogeneousVolumes/HeterogeneousVolumesVoxelGridUtils.ush" 2497
"../../../Engine/Shaders/Private/HeterogeneousVolumes/HeterogeneousVolumesFrustumVoxelGridUtils.ush" 2498
"../../../Engine/Shaders/Private/PathTracing/Volume/PathTracingVolumeSampling.ush" 2499
"../../../Engine/Shaders/Private/PathTracing/PathTracingBuildLightGrid.usf" 2500
"../../../Engine/Shaders/Private/PathTracing/PathTracingSkylightMISCompensation.usf" 2501
"../../../Engine/Shaders/Private/PathTracing/PathTracingSkylightPrepare.usf" 2502
"../../../Engine/Shaders/Private/OIT/OITSorting.usf" 2503
"../../../Engine/Shaders/Private/OITCombine.usf" 2504
"../../../Engine/Shaders/Private/OITCommon.ush" 2505
"../../../Engine/Shaders/Private/Nanite/Voxel/RasterizeBricks.usf" 2506
"../../../Engine/Shaders/Private/Nanite/Voxel/Brick.ush" 2507
"../../../Engine/Shaders/Private/Nanite/Voxel/Voxel.ush" 2508
"../../../Engine/Shaders/Private/Nanite/Voxel/ScatterBricks.usf" 2509
"../../../Engine/Shaders/Private/Nanite/Voxel/TileBricks.usf" 2510
"../../../Engine/Shaders/Private/Nanite/Voxel/AutoVoxel.usf" 2511
"../../../Engine/Shaders/Private/Nanite/NaniteDebugViews.usf" 2512
"../../../Engine/Shaders/Private/Nanite/NaniteDepthDecode.usf" 2513
"../../../Engine/Shaders/Private/HTileEncoding.ush" 2514
"../../../Engine/Shaders/Private/Nanite/NaniteVisualize.usf" 2515
"../../../Engine/Shaders/Private/Nanite/NaniteStreamOut.usf" 2516
"../../../Engine/Shaders/Private/Nanite/NaniteHierarchyTraversal.ush" 2517
"../../../Engine/Shaders/Private/Nanite/NaniteShadeBinning.usf" 2518
"../../../Engine/Shaders/Private/Nanite/NaniteShadeCommon.ush" 2519
"../../../Engine/Shaders/Private/Nanite/NaniteFastClear.usf" 2520
"../../../Engine/Shaders/Private/Nanite/NaniteMaterialCulling.usf" 2521
"../../../Engine/Shaders/Private/Nanite/NaniteExportGBuffer.usf" 2522
"../../../Engine/Shaders/Private/Nanite/NaniteClusterCulling.usf" 2523
"../../../Engine/Shaders/Private/Nanite/NanitePrintStats.usf" 2524
"../../../Engine/Shaders/Private/Nanite/NaniteRasterizer.usf" 2525
"../../../Engine/Shaders/Private/Nanite/NaniteRasterizationCommon.ush" 2526
"../../../Engine/Shaders/Private/Nanite/NaniteRasterizer.ush" 2527
"../../../Engine/Shaders/Private/Nanite/NaniteWritePixel.ush" 2528
"../../../Engine/Shaders/Private/Nanite/NaniteTessellation.ush" 2529
"../../../Engine/Shaders/Private/WorkDistribution.ush" 2530
"../../../Engine/Shaders/Private/Nanite/NaniteDice.ush" 2531
"../../../Engine/Shaders/Private/Nanite/NaniteSplit.usf" 2532
"../../../Engine/Shaders/Private/Nanite/NaniteRasterBinning.usf" 2533
"../../../Engine/Shaders/Private/Nanite/NaniteInstanceCulling.usf" 2534
"../../../Engine/Shaders/Private/Nanite/NaniteImposter.ush" 2535
"../../../Engine/Shaders/Private/Nanite/NaniteInstanceHierarchyCulling.usf" 2536
"../../../Engine/Shaders/Private/Nanite/NanitePrimitiveFilter.usf" 2537
"../../../Engine/Shaders/Private/Nanite/NaniteRasterClear.usf" 2538
"../../../Engine/Shaders/Private/Nanite/NaniteDepthExport.usf" 2539
"../../../Engine/Shaders/Private/Nanite/NaniteEmitShadow.usf" 2540
"../../../Engine/Shaders/Private/MobileDeferredUtils.usf" 2541
"../../../Engine/Shaders/Private/MobileLocalLightsBuffer.usf" 2542
"../../../Engine/Shaders/Private/MobileLightingCommon.ush" 2543
"../../../Engine/Shaders/Private/MobileFog.usf" 2544
"../../../Engine/Shaders/Private/DistortApplyScreenPS.usf" 2545
"../../../Engine/Shaders/Private/MobileDeferredShading.usf" 2546
"../../../Engine/Shaders/Private/MobileBasePassPixelShader.usf" 2547
"../../../Engine/Shaders/Private/MobileBasePassCommon.ush" 2548
"../../../Engine/Shaders/Private/BasePassCommon.ush" 2549
"../../../Engine/Shaders/Private/ShadingModelsMaterial.ush" 2550
"../../../Engine/Shaders/Private/ThinTranslucentCommon.ush" 2551
"../../../Engine/Shaders/Private/SingleLayerWaterShading.ush" 2552
"../../../Engine/Shaders/Private/DistortionCommon.ush" 2553
"../../../Engine/Shaders/Private/Substrate/SubstrateMobileForwardLighting.ush" 2554
"../../../Engine/Shaders/Private/MobileBasePassVertexShader.usf" 2555
"../../../Engine/Shaders/Private/ManyLights/ManyLightsRayTracing.usf" 2556
"../../../Engine/Shaders/Private/DistanceField/GlobalDistanceFieldUtils.ush" 2557
"../../../Engine/Shaders/Private/Lumen/LumenScreenTracing.ush" 2558
"../../../Engine/Shaders/Private/Lumen/LumenMaterial.ush" 2559
"../../../Engine/Shaders/Private/Lumen/LumenPosition.ush" 2560
"../../../Engine/Shaders/Private/ManyLights/ManyLights.ush" 2561
"../../../Engine/Shaders/Private/ManyLights/ManyLightsRayTracing.ush" 2562
"../../../Engine/Shaders/Private/ManyLights/ManyLightsHardwareRayTracing.usf" 2563
"../../../Engine/Shaders/Private/Lumen/LumenHardwareRayTracingCommon.ush" 2564
"../../../Engine/Shaders/Private/RayTracing/RayTracingReflectionEnvironment.ush" 2565
"../../../Engine/Shaders/Private/Lumen/LumenHardwareRayTracingPlatformCommon.ush" 2566
"../../../Engine/Shaders/Private/Lumen/LumenReflectionsCombine.ush" 2567
"../../../Engine/Shaders/Private/Lumen/LumenTracingCommon.ush" 2568
"../../../Engine/Shaders/Private/Lumen/SurfaceCache/LumenSurfaceCacheSampling.ush" 2569
"../../../Engine/Shaders/Private/Lumen/SurfaceCache/LumenSurfaceCache.ush" 2570
"../../../Engine/Shaders/Private/Lumen/LumenCardCommon.ush" 2571
"../../../Engine/Shaders/Private/ManyLights/ManyLightsDenoiserSpatial.usf" 2572
"../../../Engine/Shaders/Private/ManyLights/ManyLightsDenoiserTemporal.usf" 2573
"../../../Engine/Shaders/Private/ManyLights/ManyLightsShading.usf" 2574
"../../../Engine/Shaders/Private/ManyLights/ManyLightsResolve.usf" 2575
"../../../Engine/Shaders/Private/ManyLights/ManyLights.usf" 2576
"../../../Engine/Shaders/Private/ManyLights/ManyLightsSampling.usf" 2577
"../../../Engine/Shaders/Private/Lumen/LumenVisualizeRadianceCache.usf" 2578
"../../../Engine/Shaders/Private/Lumen/LumenRadianceCacheCommon.ush" 2579
"../../../Engine/Shaders/Private/Lumen/LumenVisualizeHardwareRayTracing.usf" 2580
"../../../Engine/Shaders/Private/Lumen/LumenVisualize.ush" 2581
"../../../Engine/Shaders/Private/Lumen/LumenHairTracing.ush" 2582
"../../../Engine/Shaders/Private/Lumen/LumenVisualize.usf" 2583
"../../../Engine/Shaders/Private/Lumen/LumenSoftwareRayTracing.ush" 2584
"../../../Engine/Shaders/Private/DistanceField/GlobalDistanceFieldObjectGrid.ush" 2585
"../../../Engine/Shaders/Private/DistanceFieldLightingShared.ush" 2586
"../../../Engine/Shaders/Private/Lumen/LumenVisualizeTraces.ush" 2587
"../../../Engine/Shaders/Private/Lumen/LumenTranslucencyVolumeLighting.usf" 2588
"../../../Engine/Shaders/Private/Lumen/LumenRadianceCacheMarkCommon.ush" 2589
"../../../Engine/Shaders/Private/Lumen/LumenTranslucencyVolumeLightingShared.ush" 2590
"../../../Engine/Shaders/Private/Lumen/LumenScreenProbeCommon.ush" 2591
"../../../Engine/Shaders/Private/Lumen/LumenTranslucencyVolumeHardwareRayTracing.usf" 2592
"../../../Engine/Shaders/Private/Lumen/LumenTranslucencyRadianceCacheMarkShaders.usf" 2593
"../../../Engine/Shaders/Private/Lumen/SurfaceCache/LumenSurfaceCacheFeedback.usf" 2594
"../../../Engine/Shaders/Private/Lumen/SurfaceCache/LumenSurfaceCache.usf" 2595
"../../../Engine/Shaders/Private/Lumen/LumenShortRangeAOHardwareRayTracing.usf" 2596
"../../../Engine/Shaders/Private/Lumen/LumenScreenSpaceBentNormal.usf" 2597
"../../../Engine/Shaders/Private/Lumen/LumenScreenProbeTracing.usf" 2598
"../../../Engine/Shaders/Private/Lumen/LumenScreenProbeTracingCommon.ush" 2599
"../../../Engine/Shaders/Private/Lumen/LumenScreenProbeImportanceSampling.usf" 2600
"../../../Engine/Shaders/Private/Lumen/LumenScreenProbeImportanceSamplingShared.ush" 2601
"../../../Engine/Shaders/Private/Lumen/LumenScreenProbeHardwareRayTracing.usf" 2602
"../../../Engine/Shaders/Private/Lumen/LumenDenoising.usf" 2603
"../../../Engine/Shaders/Private/Lumen/LumenScreenProbeGather.usf" 2604
"../../../Engine/Shaders/Private/Lumen/LumenScreenSpaceBentNormal.ush" 2605
"../../../Engine/Shaders/Private/Lumen/LumenScreenProbeLightSampling.usf" 2606
"../../../Engine/Shaders/Private/Lumen/LumenScreenProbeFiltering.usf" 2607
"../../../Engine/Shaders/Private/Lumen/LumenSceneLighting.usf" 2608
"../../../Engine/Shaders/Private/Lumen/LumenCardTile.ush" 2609
"../../../Engine/Shaders/Private/Lumen/LumenSceneLighting.ush" 2610
"../../../Engine/Shaders/Private/Lumen/Radiosity/LumenRadiosity.ush" 2611
"../../../Engine/Shaders/Private/Lumen/LumenSceneLightingDebug.usf" 2612
"../../../Engine/Shaders/Private/Lumen/LumenScene.usf" 2613
"../../../Engine/Shaders/Private/Lumen/LumenSceneDirectLightingHardwareRayTracing.usf" 2614
"../../../Engine/Shaders/Private/Lumen/LumenReflectionCommon.ush" 2615
"../../../Engine/Shaders/Private/Lumen/LumenSceneDirectLighting.ush" 2616
"../../../Engine/Shaders/Private/Lumen/LumenSceneDirectLightingSoftwareRayTracing.usf" 2617
"../../../Engine/Shaders/Private/DistanceFieldShadowingShared.ush" 2618
"../../../Engine/Shaders/Private/Lumen/LumenSceneDirectLightingPerLightShadowCommon.ush" 2619
"../../../Engine/Shaders/Private/Lumen/LumenSceneDirectLightingShadowMask.usf" 2620
"../../../Engine/Shaders/Private/Lumen/LumenSceneDirectLighting.usf" 2621
"../../../Engine/Shaders/Private/Lumen/LumenSceneDirectLightingCulling.usf" 2622
"../../../Engine/Shaders/Private/Lumen/LumenCardComputeShader.usf" 2623
"../../../Engine/Shaders/Private/Lumen/LumenCardPixelShader.usf" 2624
"../../../Engine/Shaders/Private/Lumen/LumenCardVertexShader.usf" 2625
"../../../Engine/Shaders/Private/Lumen/LumenReSTIRGather.usf" 2626
"../../../Engine/Shaders/Private/Lumen/LumenReflectionTracing.usf" 2627
"../../../Engine/Shaders/Private/Lumen/LumenReflections.usf" 2628
"../../../Engine/Shaders/Private/Lumen/LumenReflectionHardwareRayTracing.usf" 2629
"../../../Engine/Shaders/Private/Lumen/Radiosity/LumenVisualizeRadiosityProbes.usf" 2630
"../../../Engine/Shaders/Private/Lumen/Radiosity/LumenRadiosity.usf" 2631
"../../../Engine/Shaders/Private/RayTracing/RayGenUtils.ush" 2632
"../../../Engine/Shaders/Private/Lumen/Radiosity/LumenRadiosityHardwareRayTracing.usf" 2633
"../../../Engine/Shaders/Private/Lumen/Radiosity/LumenRadiosityCulling.usf" 2634
"../../../Engine/Shaders/Private/Lumen/LumenRadianceCacheHardwareRayTracing.usf" 2635
"../../../Engine/Shaders/Private/Lumen/LumenRadianceCacheTracingCommon.ush" 2636
"../../../Engine/Shaders/Private/Lumen/LumenRadianceCache.usf" 2637
"../../../Engine/Shaders/Private/Lumen/LumenRadianceCacheUpdate.ush" 2638
"../../../Engine/Shaders/Private/Lumen/LumenRadianceCacheDebug.usf" 2639
"../../../Engine/Shaders/Private/Lumen/LumenRadianceCacheUpdate.usf" 2640
"../../../Engine/Shaders/Private/Lumen/LumenMeshSDFCulling.usf" 2641
"../../../Engine/Shaders/Private/HybridIndirectLighting.ush" 2642
"../../../Engine/Shaders/Private/MeshDistanceFieldCommon.ush" 2643
"../../../Engine/Shaders/Private/Lumen/LumenIrradianceFieldGather.usf" 2644
"../../../Engine/Shaders/Private/Lumen/LumenHardwareRayTracingMaterials.usf" 2645
"../../../Engine/Shaders/Private/Lumen/LumenFrontLayerTranslucency.usf" 2646
"../../../Engine/Shaders/Private/LocalFogVolumes/LocalFogVolumeSplat.usf" 2647
"../../../Engine/Shaders/Private/LocalFogVolumes/LocalFogVolumeTiledCulling.usf" 2648
"../../../Engine/Shaders/Private/LightShaftShader.usf" 2649
"../../../Engine/Shaders/Private/StationaryLightOverlapShaders.usf" 2650
"../../../Engine/Shaders/Private/DeferredLightPixelShaders.usf" 2651
"../../../Engine/Shaders/Private/HairStrands/HairStrandsVisibilityUtils.ush" 2652
"../../../Engine/Shaders/Private/DeferredLightVertexShaders.usf" 2653
"../../../Engine/Shaders/Private/LightMapDensityShader.usf" 2654
"../../../Engine/Shaders/Private/LightGridInjection.usf" 2655
"../../../Engine/Shaders/Private/LightFunctionPixelShader.usf" 2656
"../../../Engine/Shaders/Private/LightFunctionVertexShader.usf" 2657
"../../../Engine/Shaders/Private/LightFunctionAtlas/LightFunctionAtlasRender.usf" 2658
"../../../Engine/Shaders/Private/InstanceCulling/InstanceCullingOcclusionQuery.usf" 2659
"../../../Engine/Shaders/Private/InstanceCulling/BuildInstanceDrawCommands.usf" 2660
"../../../Engine/Shaders/Private/InstanceCulling/InstanceCompactionCommon.ush" 2661
"../../../Engine/Shaders/Private/SceneDataMobileWriter.ush" 2662
"../../../Engine/Shaders/Private/InstanceCulling/CompactVisibleInstances.usf" 2663
"../../../Engine/Shaders/Private/ReflectionEnvironmentPixelShader.usf" 2664
"../../../Engine/Shaders/Private/AmbientCubemapComposite.usf" 2665
"../../../Engine/Shaders/Private/DiffuseIndirectComposite.usf" 2666
"../../../Engine/Shaders/Private/IESAtlas.usf" 2667
"../../../Engine/Shaders/Private/HeterogeneousVolumes/HeterogeneousVolumesVoxelGridShadows.usf" 2668
"../../../Engine/Shaders/Private/HeterogeneousVolumes/HeterogeneousVolumesVoxelGridRenderingUtils.ush" 2669
"../../../Engine/Shaders/Private/HeterogeneousVolumes/HeterogeneousVolumesLightingUtils.ush" 2670
"../../../Engine/Shaders/Private/HeterogeneousVolumes/HeterogeneousVolumesVoxelGridRendering.usf" 2671
"../../../Engine/Shaders/Private/HeterogeneousVolumes/HeterogeneousVolumesVoxelGridPipeline.usf" 2672
"../../../Engine/Shaders/Private/HeterogeneousVolumes/HeterogeneousVolumesMaterialBakingPipeline.usf" 2673
"../../../Engine/Shaders/Private/HeterogeneousVolumes/HeterogeneousVolumesLiveShadingUtils.ush" 2674
"../../../Engine/Shaders/Private/HeterogeneousVolumes/HeterogeneousVolumesFrustumVoxelGrid.usf" 2675
"../../../Engine/Shaders/Private/HeterogeneousVolumes/HeterogeneousVolumesSparseVoxelPipeline.usf" 2676
"../../../Engine/Shaders/Private/HeterogeneousVolumes/HeterogeneousVolumesSparseVoxelUtils.ush" 2677
"../../../Engine/Shaders/Private/HeterogeneousVolumes/HeterogeneousVolumesSparseVoxelUniformBufferUtils.ush" 2678
"../../../Engine/Shaders/Private/HeterogeneousVolumes/HeterogeneousVolumesPreshadingPipeline.usf" 2679
"../../../Engine/Shaders/Private/HeterogeneousVolumes/HeterogeneousVolumesLiveShadingShadows.usf" 2680
"../../../Engine/Shaders/Private/HeterogeneousVolumes/HeterogeneousVolumesLiveShadingPipeline.usf" 2681
"../../../Engine/Shaders/Private/HeterogeneousVolumes/HeterogeneousVolumesHardwareRayTracing.usf" 2682
"../../../Engine/Shaders/Private/HeterogeneousVolumes/HeterogeneousVolumesComposite.usf" 2683
"../../../Engine/Shaders/Private/HdrCustomResolveShaders.usf" 2684
"../../../Engine/Shaders/Private/HairStrands/HairStrandsVoxelRasterCompute.usf" 2685
"../../../Engine/Shaders/Private/Matrices.ush" 2686
"../../../Engine/Shaders/Private/HairStrands/HairStrandsAABBCommon.ush" 2687
"../../../Engine/Shaders/Private/HairStrands/HairStrandsClusterCommon.ush" 2688
"../../../Engine/Shaders/Private/HairStrands/HairStrandsRaytracingGeometry.usf" 2689
"../../../Engine/Shaders/Private/HairStrands/HairStrandsHitProxy.usf" 2690
"../../../Engine/Shaders/Private/HairStrands/HairStrandsVisibilityRasterComputeNaive.usf" 2691
"../../../Engine/Shaders/Private/HairStrands/HairStrandsVisibilityRasterHW.usf" 2692
"../../../Engine/Shaders/Private/HairStrands/HairStrandsVisibilityRasterCompute.usf" 2693
"../../../Engine/Shaders/Private/HairStrands/HairStrandsVisibilityRasterClassification.usf" 2694
"../../../Engine/Shaders/Private/HairStrands/HairStrandsCoverage.usf" 2695
"../../../Engine/Shaders/Private/HairStrands/HairStrandsVisibilityDepthPS.usf" 2696
"../../../Engine/Shaders/Private/HairStrands/HairStrandsVisibilityTransmittanceDepthPS.usf" 2697
"../../../Engine/Shaders/Private/HairStrands/HairStrandsVisibilityFillOpaqueDepthPS.usf" 2698
"../../../Engine/Shaders/Private/HairStrands/HairStrandsVisibilityCompactionComputeRaster.usf" 2699
"../../../Engine/Shaders/Private/HairStrands/HairStrandsVisibilityCompaction.usf" 2700
"../../../Engine/Shaders/Private/HairStrands/HairStrandsVisibilityCopyIndirectArg.usf" 2701
"../../../Engine/Shaders/Private/HairStrands/HairStrandsVisibilityClearPS.usf" 2702
"../../../Engine/Shaders/Private/HairStrands/HairStrandsVisibilityPS.usf" 2703
"../../../Engine/Shaders/Private/HairStrands/HairStrandsVisibilityVS.usf" 2704
"../../../Engine/Shaders/Private/HairStrands/HairStrandsVelocity.usf" 2705
"../../../Engine/Shaders/Private/HairStrands/HairStrandsDebug.usf" 2706
"../../../Engine/Shaders/Private/HairStrands/HairStrandsBindingCommon.ush" 2707
"../../../Engine/Shaders/Private/HairStrands/HairStrandsDeepShadowCommon.ush" 2708
"../../../Engine/Shaders/Private/HairStrands/HairStrandsDebugCommonStruct.ush" 2709
"../../../Engine/Shaders/Private/HairStrands/HairStrandsVisibilityComputeSampleCoverage.usf" 2710
"../../../Engine/Shaders/Private/HairStrands/HairStrandsMaterialPS.usf" 2711
"../../../Engine/Shaders/Private/HairStrands/HairStrandsMaterialCommon.ush" 2712
"../../../Engine/Shaders/Private/HairStrands/HairStrandsMaterialVS.usf" 2713
"../../../Engine/Shaders/Private/HairStrands/HairStrandsLightSample.usf" 2714
"../../../Engine/Shaders/Private/HairStrands/HairStrandsMesh.usf" 2715
"../../../Engine/Shaders/Private/HairStrands/HairStrandsDeepShadowMask.usf" 2716
"../../../Engine/Shaders/Private/HairStrands/HairStrandsDeepTransmittanceMask.usf" 2717
"../../../Engine/Shaders/Private/HairStrands/HairStrandsVisibilityTile.usf" 2718
"../../../Engine/Shaders/Private/HairStrands/HairStrandsDeepShadowPS.usf" 2719
"../../../Engine/Shaders/Private/HairStrands/HairStrandsDeepShadowVS.usf" 2720
"../../../Engine/Shaders/Private/HairStrands/HairStrandsAABB.usf" 2721
"../../../Engine/Shaders/Private/HairStrands/HairStrandsLUT.usf" 2722
"../../../Engine/Shaders/Private/HairStrands/HairStrandsForwardRaster.usf" 2723
"../../../Engine/Shaders/Private/HairStrands/HairStrandsForwardCulling.usf" 2724
"../../../Engine/Shaders/Private/HairStrands/HairStrandsEnvironmentLighting.usf" 2725
"../../../Engine/Shaders/Private/HairStrands/HairStrandsEnvironmentAO.usf" 2726
"../../../Engine/Shaders/Private/HairStrands/HairStrandsDeepShadowAllocation.usf" 2727
"../../../Engine/Shaders/Private/HairStrands/HairStrandsVoxelDebug.usf" 2728
"../../../Engine/Shaders/Private/HairStrands/HairStrandsComposition.usf" 2729
"../../../Engine/Shaders/Private/HairStrands/HairStrandsGBufferCommon.ush" 2730
"../../../Engine/Shaders/Private/GPUScene/GPUSceneDataManagement.usf" 2731
"../../../Engine/Shaders/Private/GPUSceneDebugRender.usf" 2732
"../../../Engine/Shaders/Private/GPUFastFourierTransform.usf" 2733
"../../../Engine/Shaders/Private/GPUFastFourierTransform2DCore.ush" 2734
"../../../Engine/Shaders/Private/GPUFastFourierTransformCore.ush" 2735
"../../../Engine/Shaders/Private/GPUBenchmark.usf" 2736
"../../../Engine/Shaders/Private/DistanceField/GlobalDistanceFieldDebug.usf" 2737
"../../../Engine/Shaders/Private/DistanceField/GlobalDistanceFieldUpdate.ush" 2738
"../../../Engine/Shaders/Private/DistanceField/GlobalDistanceFieldMip.usf" 2739
"../../../Engine/Shaders/Private/DistanceField/GlobalDistanceField.usf" 2740
"../../../Engine/Shaders/Private/DistanceField/GlobalDistanceFieldCompositeObjects.usf" 2741
"../../../Engine/Shaders/Private/DistanceField/GlobalDistanceFieldHeightfields.usf" 2742
"../../../Engine/Shaders/Private/HeightfieldLightingShared.ush" 2743
"../../../Engine/Shaders/Private/GenerateConservativeDepth.usf" 2744
"../../../Engine/Shaders/Private/HeightFogPixelShader.usf" 2745
"../../../Engine/Shaders/Private/HeightFogVertexShader.usf" 2746
"../../../Engine/Shaders/Private/DistortFiltering.usf" 2747
"../../../Engine/Shaders/Private/DistortAccumulatePS.usf" 2748
"../../../Engine/Shaders/Private/DistortAccumulateVS.usf" 2749
"../../../Engine/Shaders/Private/DistanceFieldVisualization.usf" 2750
"../../../Engine/Shaders/Private/DistanceFieldStreaming.usf" 2751
"../../../Engine/Shaders/Private/DistanceFieldShadowing.usf" 2752
"../../../Engine/Shaders/Private/DistanceFieldScreenGridLighting.usf" 2753
"../../../Engine/Shaders/Private/DistanceFieldObjectCulling.usf" 2754
"../../../Engine/Shaders/Private/DistanceFieldLightingPost.usf" 2755
"../../../Engine/Shaders/Private/DitheredTransitionStencil.usf" 2756
"../../../Engine/Shaders/Private/CopyDepthTextureCS.usf" 2757
"../../../Engine/Shaders/Private/DeferredDecal.usf" 2758
"../../../Engine/Shaders/Private/DecalCommon.ush" 2759
"../../../Engine/Shaders/Private/DebugViewModeVertexShader.usf" 2760
"../../../Engine/Shaders/Private/DebugViewModeCommon.ush" 2761
"../../../Engine/Shaders/Private/DebugViewModePixelShader.usf" 2762
"../../../Engine/Shaders/Private/DebugProbes.usf" 2763
"../../../Engine/Shaders/Private/MeshDecals.usf" 2764
"../../../Engine/Shaders/Private/PostProcessAmbientOcclusion.usf" 2765
"../../../Engine/Shaders/Private/ClusteredDeferredShadingPixelShader.usf" 2766
"../../../Engine/Shaders/Private/ClusteredDeferredShadingVertexShader.usf" 2767
"../../../Engine/Shaders/Private/CapsuleShadowShaders.usf" 2768
"../../../Engine/Shaders/Private/BasePassPixelShader.usf" 2769
"../../../Engine/Shaders/Private/ForwardLightingCommon.ush" 2770
"../../../Engine/Shaders/Private/Substrate/SubstrateForwardLighting.ush" 2771
"../../../Engine/Shaders/Private/ComputeShaderOutputCommon.ush" 2772
"../../../Engine/Shaders/Private/BasePassVertexShader.usf" 2773
"../../../Engine/Shaders/Private/BasePassVertexCommon.ush" 2774
"../../../Engine/Shaders/Private/SimpleElementVolumeTexturePreviewPixelShader.usf" 2775
"../../../Engine/Shaders/Private/SimpleElementTexture2DPreviewPixelShader.usf" 2776
"../../../Engine/Shaders/Private/meshpaintdilatepixelshader.usf" 2777
"../../../Engine/Shaders/Private/meshpaintdilatevertexshader.usf" 2778
"../../../Engine/Shaders/Private/MeshPaintPixelShader.usf" 2779
"../../../Engine/Shaders/Private/MeshPaintVertexShader.usf" 2780
"../../../Engine/Shaders/Private/SlateElementPixelShader.usf" 2781
"../../../Engine/Shaders/Private/SlateShaderCommon.ush" 2782
"../../../Engine/Shaders/Private/CompositeUIPixelShader.usf" 2783
"../../../Engine/Shaders/Private/ColorDeficiency.ush" 2784
"../../../Engine/Shaders/Private/SlateMaskingShader.usf" 2785
"../../../Engine/Shaders/Private/SlatePostProcessColorDeficiencyPixelShader.usf" 2786
"../../../Engine/Shaders/Private/SlatePostProcessPixelShader.usf" 2787
"../../../Engine/Shaders/Private/SlateVertexShader.usf" 2788
"../../../Engine/Shaders/Private/Tools/VisualizeTexture.usf" 2789
"../../../Engine/Shaders/Private/ByteBuffer.usf" 2790
"../../../Engine/Shaders/Private/ShaderBundleDispatch.usf" 2791
"../../../Engine/Shaders/Private/ResolveVertexShader.usf" 2792
"../../../Engine/Shaders/Private/ResolvePixelShader.usf" 2793
"../../../Engine/Shaders/Private/Tools/SetupIndirectArgs.usf" 2794
"../../../Engine/Shaders/Private/ClearReplacementShaders.usf" 2795
"../../../Engine/Shaders/Private/Tools/DrawTexture.usf" 2796
"../../../Engine/Shaders/Private/RayTracing/RayTracingValidation.usf" 2797
"../../../Engine/Shaders/Private/RenderGraphUtilities.usf" 2798
"../../../Engine/Shaders/Private/OneColorShader.usf" 2799
"../../../Engine/Shaders/Private/OculusShaders.usf" 2800
"../../../Engine/Shaders/Private/MediaShaders.usf" 2801
"../../../Engine/Shaders/Private/GPUMessaging.usf" 2802
"../../../Engine/Shaders/Private/Tools/GPUDebugCrashUtils.usf" 2803
"../../../Engine/Shaders/Private/NullPixelShader.usf" 2804
"../../../Engine/Shaders/Private/ComputeGenerateMips.usf" 2805
"../../../Engine/Shaders/Private/Tools/DumpTexture.usf" 2806
"../../../Engine/Shaders/Private/CopyTextureShaders.usf" 2807
"../../../Engine/Shaders/Private/Tools/FullscreenVertexShader.usf" 2808
"../../../Engine/Shaders/Private/RayTracing/RayTracingDispatchDesc.usf" 2809
"../../../Engine/Shaders/Private/Bink.usf" 2810
"../../../Engine/Shaders/Private/VelocityShader.usf" 2811
"../../../Engine/Shaders/Private/DepthOnlyPixelShader.usf" 2812
"../../../Engine/Shaders/Private/PositionOnlyDepthVertexShader.usf" 2813
"../../../Engine/Shaders/Private/DepthOnlyVertexShader.usf" 2814
"../../../Engine/Shaders/Private/AnisotropyPassShader.usf" 2815
"C:/Users/AlumnoM/Desktop/PINGUS/Juego/Penguin/Content/Tracks/mapa_02/Vallas_pista_iz_Cube_029.uasset" 2816
"C:/Users/AlumnoM/Desktop/PINGUS/Juego/Penguin/Content/Tracks/mapa_02/Vallas_pista_de_Cube_051.uasset" 2817
"C:/Users/AlumnoM/Desktop/PINGUS/Juego/Penguin/Content/Tracks/mapa_02/poortaviones_02_PortaAviones_004.uasset" 2818
"C:/Users/AlumnoM/Desktop/PINGUS/Juego/Penguin/Content/Tracks/mapa_02/poortaviones_02_PortaAviones_001.uasset" 2819
"C:/Users/AlumnoM/Desktop/PINGUS/Juego/Penguin/Content/Tracks/mapa_02/poortaviones_02_Plane_019.uasset" 2820
"C:/Users/AlumnoM/Desktop/PINGUS/Juego/Penguin/Content/Tracks/mapa_02/poortaviones_02_Plane_018.uasset" 2821
"C:/Users/AlumnoM/Desktop/PINGUS/Juego/Penguin/Content/Tracks/mapa_02/poortaviones_02_Cube_050.uasset" 2822
"C:/Users/AlumnoM/Desktop/PINGUS/Juego/Penguin/Content/Tracks/mapa_02/poortaviones_02_Cube_049.uasset" 2823
"C:/Users/AlumnoM/Desktop/PINGUS/Juego/Penguin/Content/Tracks/mapa_02/poortaviones_02_Cube_048.uasset" 2824
"C:/Users/AlumnoM/Desktop/PINGUS/Juego/Penguin/Content/Tracks/mapa_02/poortaviones_01_PortaAviones_003.uasset" 2825
"C:/Users/AlumnoM/Desktop/PINGUS/Juego/Penguin/Content/Tracks/mapa_02/poortaviones_01_PortaAviones_002.uasset" 2826
"C:/Users/AlumnoM/Desktop/PINGUS/Juego/Penguin/Content/Tracks/mapa_02/poortaviones_01_Plane_016.uasset" 2827
"C:/Users/AlumnoM/Desktop/PINGUS/Juego/Penguin/Content/Tracks/mapa_02/poortaviones_01_Plane_015.uasset" 2828
"C:/Users/AlumnoM/Desktop/PINGUS/Juego/Penguin/Content/Tracks/mapa_02/poortaviones_01_Cube_047.uasset" 2829
"C:/Users/AlumnoM/Desktop/PINGUS/Juego/Penguin/Content/Tracks/mapa_02/poortaviones_01_Cube_046.uasset" 2830
"C:/Users/AlumnoM/Desktop/PINGUS/Juego/Penguin/Content/Tracks/mapa_02/poortaviones_01_Cube_031.uasset" 2831
"C:/Users/AlumnoM/Desktop/PINGUS/Juego/Penguin/Content/Tracks/mapa_02/Pista_Plane_020.uasset" 2832
"C:/Users/AlumnoM/Desktop/PINGUS/Juego/Penguin/Content/Tracks/mapa_02/pilares_madera_Cube_056.uasset" 2833
"C:/Users/AlumnoM/Desktop/PINGUS/Juego/Penguin/Content/Tracks/mapa_02/icebergs_Cube_028.uasset" 2834
"C:/Users/AlumnoM/Desktop/PINGUS/Juego/Penguin/Content/Tracks/mapa_02/icebergs_Cube_002.uasset" 2835
"C:/Users/AlumnoM/Desktop/PINGUS/Juego/Penguin/Content/Tracks/mapa_02/Gradient_Pallete_Mat.uasset" 2836
"C:/Users/AlumnoM/Desktop/PINGUS/Juego/Penguin/Content/Audio/DEMOBGM/Demo_Music_Cue.uasset" 2837
"C:/Users/AlumnoM/Desktop/PINGUS/Juego/Penguin/Content/Audio/DEMOBGM/Demo_Music.uasset" 2838
"C:/Users/AlumnoM/Desktop/PINGUS/Juego/Penguin/Content/Tracks/mapa_02/props/Textura_Caja_Mat.uasset" 2839
"C:/Users/AlumnoM/Desktop/PINGUS/Juego/Penguin/Content/Tracks/mapa_02/props/Rampa_Textura_Mat.uasset" 2840
"C:/Users/AlumnoM/Desktop/PINGUS/Juego/Penguin/Content/Tracks/mapa_02/props/Textura_Caja.uasset" 2841
"C:/Users/AlumnoM/Desktop/PINGUS/Juego/Penguin/Content/Tracks/mapa_02/props/rampa_fin.uasset" 2842
"C:/Users/AlumnoM/Desktop/PINGUS/Juego/Penguin/Content/Tracks/mapa_02/props/Rampa_Textura.uasset" 2843
"C:/Users/AlumnoM/Desktop/PINGUS/Juego/Penguin/Content/Tracks/mapa_02/props/plataforma.uasset" 2844
"C:/Users/AlumnoM/Desktop/PINGUS/Juego/Penguin/Content/Tracks/mapa_02/props/Meta_Plane_004.uasset" 2845
"C:/Users/AlumnoM/Desktop/PINGUS/Juego/Penguin/Content/Tracks/mapa_02/props/Meta_NurbsPath_001.uasset" 2846
"C:/Users/AlumnoM/Desktop/PINGUS/Juego/Penguin/Content/Tracks/mapa_02/props/Meta_Cylinder_008.uasset" 2847
"C:/Users/AlumnoM/Desktop/PINGUS/Juego/Penguin/Content/Tracks/mapa_02/props/Meta_01_Mat.uasset" 2848
"C:/Users/AlumnoM/Desktop/PINGUS/Juego/Penguin/Content/Tracks/mapa_02/props/Gradient_Pallete.uasset" 2849
"C:/Users/AlumnoM/Desktop/PINGUS/Juego/Penguin/Content/Tracks/mapa_02/props/Grada.uasset" 2850
"C:/Users/AlumnoM/Desktop/PINGUS/Juego/Penguin/Content/Tracks/mapa_02/props/globos_Cube_015.uasset" 2851
"C:/Users/AlumnoM/Desktop/PINGUS/Juego/Penguin/Content/Tracks/mapa_02/props/cuerda_fin.uasset" 2852
"C:/Users/AlumnoM/Desktop/PINGUS/Juego/Penguin/Content/Tracks/mapa_02/props/cuerdas_plat.uasset" 2853
"C:/Users/AlumnoM/Desktop/PINGUS/Juego/Penguin/Content/Tracks/mapa_02/props/container_Plane_004.uasset" 2854
"C:/Users/AlumnoM/Desktop/PINGUS/Juego/Penguin/Content/Tracks/mapa_02/props/container_Plane_001.uasset" 2855
"C:/Users/AlumnoM/Desktop/PINGUS/Juego/Penguin/Content/Tracks/mapa_02/props/ContainerTexturas_Interior_Azul_Mat.uasset" 2856
"C:/Users/AlumnoM/Desktop/PINGUS/Juego/Penguin/Content/Tracks/mapa_02/props/conatiner.uasset" 2857
"C:/Users/AlumnoM/Desktop/PINGUS/Juego/Penguin/Content/Tracks/mapa_02/props/cajas_sci.uasset" 2858
"C:/Users/AlumnoM/Desktop/PINGUS/Juego/Penguin/Content/Tracks/mapa_02/props/ContainerTexturas_Interior_Azul.uasset" 2859
"C:/Users/AlumnoM/Desktop/PINGUS/Juego/Penguin/Content/Tracks/mapa_02/props/cajas_mad.uasset" 2860
"C:/Users/AlumnoM/Desktop/PINGUS/Juego/Penguin/Content/Tracks/mapa_02/props/aro_fin.uasset" 2861
"C:/Users/AlumnoM/Desktop/PINGUS/Juego/Penguin/Content/__ExternalActors__/Levels/build/Level1/E/QK/B6MUPZ317Q1R2DLJO1ZQC1.uasset" 2862
"C:/Users/AlumnoM/Desktop/PINGUS/Juego/Penguin/Content/__ExternalActors__/Levels/build/Level1/E/OH/79SEQ29IL6EBQAI3S0AXTA.uasset" 2863
"C:/Users/AlumnoM/Desktop/PINGUS/Juego/Penguin/Content/__ExternalActors__/Levels/build/Level1/E/O9/ZD70JUZ8NBIRETF2RFKCP6.uasset" 2864
"C:/Users/AlumnoM/Desktop/PINGUS/Juego/Penguin/Content/__ExternalActors__/Levels/build/Level1/E/LO/P6JVFJ92627LM1TTT1Z54J.uasset" 2865
"C:/Users/AlumnoM/Desktop/PINGUS/Juego/Penguin/Content/__ExternalActors__/Levels/build/Level1/E/3L/8ODASJWADZYZTJKUTRJ9C1.uasset" 2866
"C:/Users/AlumnoM/Desktop/PINGUS/Juego/Penguin/Content/__ExternalActors__/Levels/build/Level1/E/23/DQ4Q1IIFZ0JEBBABIF0G7U.uasset" 2867
"C:/Users/AlumnoM/Desktop/PINGUS/Juego/Penguin/Content/__ExternalActors__/Levels/build/Level1/D/UJ/PYH2YQJDRMYV3I8UK92LD0.uasset" 2868
"C:/Users/AlumnoM/Desktop/PINGUS/Juego/Penguin/Content/__ExternalActors__/Levels/build/Level1/D/N1/NZG9OC7Z60FR6TZ22PYE4B.uasset" 2869
"C:/Users/AlumnoM/Desktop/PINGUS/Juego/Penguin/Content/__ExternalActors__/Levels/build/Level1/D/CS/5MO0QX444SE1NQYTM6RN9V.uasset" 2870
"C:/Users/AlumnoM/Desktop/PINGUS/Juego/Penguin/Content/__ExternalActors__/Levels/build/Level1/D/I7/21M62RRHOVMCPRCVK2T3MB.uasset" 2871
"C:/Users/AlumnoM/Desktop/PINGUS/Juego/Penguin/Content/__ExternalActors__/Levels/build/Level1/C/HK/C4FM1YI9RDJZIX4HD6LXXZ.uasset" 2872
"C:/Users/AlumnoM/Desktop/PINGUS/Juego/Penguin/Content/__ExternalActors__/Levels/build/Level1/C/AR/CIOQGXXEOMHRSXV56HSUTN.uasset" 2873
"C:/Users/AlumnoM/Desktop/PINGUS/Juego/Penguin/Content/__ExternalActors__/Levels/build/Level1/C/59/MY7ZDH25WM158AVTNZESYB.uasset" 2874
"C:/Users/AlumnoM/Desktop/PINGUS/Juego/Penguin/Content/__ExternalActors__/Levels/build/Level1/C/4J/KN0JGXQW0TSCNQDZWV1YBK.uasset" 2875
"C:/Users/AlumnoM/Desktop/PINGUS/Juego/Penguin/Content/__ExternalActors__/Levels/build/Level1/B/O3/AYLVZNQ63SGLI2WCL3ZFSU.uasset" 2876
"C:/Users/AlumnoM/Desktop/PINGUS/Juego/Penguin/Content/__ExternalActors__/Levels/build/Level1/B/JB/U3KVTDO4GH7SYJRJ9RU08G.uasset" 2877
"C:/Users/AlumnoM/Desktop/PINGUS/Juego/Penguin/Content/__ExternalActors__/Levels/build/Level1/A/Z8/T1J8X0A88PUX22QXDH7SIC.uasset" 2878
"C:/Users/AlumnoM/Desktop/PINGUS/Juego/Penguin/Content/__ExternalActors__/Levels/build/Level1/B/IH/26ZCPEM407A47FMTCSUWWA.uasset" 2879
"C:/Users/AlumnoM/Desktop/PINGUS/Juego/Penguin/Content/__ExternalActors__/Levels/build/Level1/A/9C/N20O31OGQOVSG7BT1YGP3B.uasset" 2880
"C:/Users/AlumnoM/Desktop/PINGUS/Juego/Penguin/Content/__ExternalActors__/Levels/build/Level1/9/X1/UY0AMIAG2KLS3DI1P74QZ6.uasset" 2881
"C:/Users/AlumnoM/Desktop/PINGUS/Juego/Penguin/Content/__ExternalActors__/Levels/build/Level1/9/FN/SK0LPL3B0S7254VPZPVJMO.uasset" 2882
"C:/Users/AlumnoM/Desktop/PINGUS/Juego/Penguin/Content/__ExternalActors__/Levels/build/Level1/8/LQ/1CMZOJLZWWPBLELMBV2NIK.uasset" 2883
"C:/Users/AlumnoM/Desktop/PINGUS/Juego/Penguin/Content/__ExternalActors__/Levels/build/Level1/7/TN/0ARQW0T6X2834SQD50QS7N.uasset" 2884
"C:/Users/AlumnoM/Desktop/PINGUS/Juego/Penguin/Content/__ExternalActors__/Levels/build/Level1/7/JS/M9FA0D1M08MRBFOCQYEQCL.uasset" 2885
"C:/Users/AlumnoM/Desktop/PINGUS/Juego/Penguin/Content/__ExternalActors__/Levels/build/Level1/8/YL/7GOWD649V0KCA3PECF1EU8.uasset" 2886
"C:/Users/AlumnoM/Desktop/PINGUS/Juego/Penguin/Content/__ExternalActors__/Levels/build/Level1/7/O0/TRXK12ZWDHB25H76B1GRW9.uasset" 2887
"C:/Users/AlumnoM/Desktop/PINGUS/Juego/Penguin/Content/__ExternalActors__/Levels/build/Level1/7/OG/H9W5G9M8MNBO2FVQAXGBNW.uasset" 2888
"C:/Users/AlumnoM/Desktop/PINGUS/Juego/Penguin/Content/__ExternalActors__/Levels/build/Level1/7/2Q/R9ALOLEISCKK41XMQC0RZ5.uasset" 2889
"C:/Users/AlumnoM/Desktop/PINGUS/Juego/Penguin/Content/__ExternalActors__/Levels/build/Level1/5/W7/WYPXSJ2NX09HVUCLJ8MNP1.uasset" 2890
"C:/Users/AlumnoM/Desktop/PINGUS/Juego/Penguin/Content/__ExternalActors__/Levels/build/Level1/4/VZ/XGCZBZMWITNHDZ8UJO6D1L.uasset" 2891
"C:/Users/AlumnoM/Desktop/PINGUS/Juego/Penguin/Content/__ExternalActors__/Levels/build/Level1/5/EQ/FHCAGLX9QCXCQ7CKSIKQ4Z.uasset" 2892
"C:/Users/AlumnoM/Desktop/PINGUS/Juego/Penguin/Content/__ExternalActors__/Levels/build/Level1/4/K4/2RBWP5S4UJBUDMR9OK7I5A.uasset" 2893
"C:/Users/AlumnoM/Desktop/PINGUS/Juego/Penguin/Content/__ExternalActors__/Levels/build/Level1/3/U3/4DAEJETEF17NL7BCXRNVPI.uasset" 2894
"C:/Users/AlumnoM/Desktop/PINGUS/Juego/Penguin/Content/__ExternalActors__/Levels/build/Level1/3/LZ/W57LQ05QLTGKPNZX0MV13S.uasset" 2895
"C:/Users/AlumnoM/Desktop/PINGUS/Juego/Penguin/Content/__ExternalActors__/Levels/build/Level1/3/F7/MMNEOH79ZHG9MUCCWDS2WH.uasset" 2896
"C:/Users/AlumnoM/Desktop/PINGUS/Juego/Penguin/Content/__ExternalActors__/Levels/build/Level1/3/4X/V56KWSVMY8NMEVVQHRLKEH.uasset" 2897
"C:/Users/AlumnoM/Desktop/PINGUS/Juego/Penguin/Content/__ExternalActors__/Levels/build/Level1/3/9N/P0F3XK4RFNMXAZR10RHD5W.uasset" 2898
"C:/Users/AlumnoM/Desktop/PINGUS/Juego/Penguin/Content/__ExternalActors__/Levels/build/Level1/3/I1/GQ8GW3HD38TWOIOMJAP2V8.uasset" 2899
"C:/Users/AlumnoM/Desktop/PINGUS/Juego/Penguin/Content/__ExternalActors__/Levels/build/Level1/1/SD/VF3MQZQYTN0872BWS15WV9.uasset" 2900
"C:/Users/AlumnoM/Desktop/PINGUS/Juego/Penguin/Content/__ExternalActors__/Levels/build/Level1/1/7Z/0C1KP8JMREJ8715VLY8IPB.uasset" 2901
"C:/Users/AlumnoM/Desktop/PINGUS/Juego/Penguin/Content/__ExternalActors__/Levels/build/Level1/1/O4/1TYEDQGU09ZEL44XFEBWNS.uasset" 2902
"C:/Users/AlumnoM/Desktop/PINGUS/Juego/Penguin/Content/__ExternalActors__/Levels/build/Level1/0/T8/GIA28M4E51PUEIOUNJ4J8P.uasset" 2903
"C:/Users/AlumnoM/Desktop/PINGUS/Juego/Penguin/Content/__ExternalActors__/Levels/build/Level1/0/MF/GYMSIRNET0KOQYOJUPX7AU.uasset" 2904
"C:/Users/AlumnoM/Desktop/PINGUS/Juego/Penguin/Content/__ExternalActors__/Levels/build/Level1/0/LF/DSMYF69F22W6UAZAL4WG0M.uasset" 2905
"../../../Engine/Content/EditorResources/S_Actor.uasset" 2906
"../../../../../../Users/AlumnoM/Desktop/PINGUS/Juego/Penguin/Intermediate/ShaderAutogen/PCD3D_SM6/AutogenShaderHeaders.ush" 2907
"../../../Engine/Content/EditorResources/S_BoxReflectionCapture.uasset" 2908
"../../../Engine/Content/EngineResources/DefaultTexture.uasset" 2909
"../../../Engine/Content/EngineResources/DefaultTextureCube.uasset" 2910
"../../../Engine/Content/EngineResources/DefaultVolumeTexture.uasset" 2911
"../../../Engine/Content/EngineResources/DefaultVolumeTexture2D.uasset" 2912
"../../../Engine/Content/EngineFonts/RobotoDistanceField.uasset" 2913
"../../../Engine/Content/EngineMaterials/DefaultTextMaterialOpaque.uasset" 2914
"../../../Engine/Content/Functions/Engine_MaterialFunctions01/Shading/PowerToRoughness.uasset" 2915
"../../../Engine/Content/Functions/Engine_MaterialFunctions01/Shading/ConvertFromDiffSpec.uasset" 2916
"../../../Engine/Content/EngineMaterials/WorldGridMaterial.uasset" 2917
"../../../Engine/Content/Functions/Engine_MaterialFunctions01/Opacity/CameraDepthFade.uasset" 2918
"../../../Engine/Content/EngineMaterials/T_Default_Material_Grid_M.uasset" 2919
"../../../Engine/Content/EngineMaterials/T_Default_Material_Grid_N.uasset" 2920
"../../../Engine/Content/EngineMaterials/DefaultDeferredDecalMaterial.uasset" 2921
"../../../Engine/Content/EngineMaterials/DefaultDiffuse.uasset" 2922
"../../../Engine/Content/EngineMaterials/DefaultLightFunctionMaterial.uasset" 2923
"../../../Engine/Content/EngineMaterials/DefaultPostProcessMaterial.uasset" 2924
"../../../Engine/Content/Functions/Engine_MaterialFunctions02/Utility/BreakOutFloat2Components.uasset" 2925
"../../../Engine/Content/EditorResources/S_Trigger.uasset" 2926
"../../../Engine/Content/EditorResources/S_TriggerBox.uasset" 2927
"../../../Engine/Content/EditorResources/S_TriggerCapsule.uasset" 2928
"../../../Engine/Content/EditorResources/S_TriggerSphere.uasset" 2929
"../../../Engine/Content/EngineDamageTypes/DmgTypeBP_Environmental.uasset" 2930
"../../../Engine/Content/EngineSky/VolumetricClouds/m_SimpleVolumetricCloud_Inst.uasset" 2931
"../../../Engine/Content/EngineSky/VolumetricClouds/m_SimpleVolumetricCloud.uasset" 2932
"../../../Engine/Content/Functions/Engine_MaterialFunctions02/Utility/MakeFloat2.uasset" 2933
"../../../Engine/Content/EngineSky/VolumetricClouds/CloudGradientTexture.uasset" 2934
"../../../Engine/Content/EngineSky/VolumetricClouds/CloudWeatherTexture.uasset" 2935
"../../../Engine/Content/EngineSky/VolumetricClouds/T_VolumeNoiseErosion32.uasset" 2936
"../../../Engine/Content/EngineSky/VolumetricClouds/T_NoiseErosion.uasset" 2937
"../../../Engine/Content/EngineSky/VolumetricClouds/T_VolumeNoiseShape64.uasset" 2938
"../../../Engine/Content/EngineSky/VolumetricClouds/T_NoiseShape64.uasset" 2939
"../../../Engine/Content/EngineMeshes/Sphere.uasset" 2940
"../../../Engine/Content/EngineResources/WhiteSquareTexture.uasset" 2941
"../../../Engine/Content/EngineResources/GradientTexture0.uasset" 2942
"../../../Engine/Content/EngineResources/Black.uasset" 2943
"../../../Engine/Content/EngineMaterials/Widget3DPassThrough_Translucent.uasset" 2944
"../../../Engine/Content/EngineMaterials/Widget3DPassThrough.uasset" 2945
"../../../Engine/Content/EngineMaterials/Widget3DPassThrough_Translucent_OneSided.uasset" 2946
"../../../Engine/Content/EngineMaterials/Widget3DPassThrough_Opaque.uasset" 2947
"../../../Engine/Content/EngineMaterials/Widget3DPassThrough_Opaque_OneSided.uasset" 2948
"../../../Engine/Content/EngineMaterials/Widget3DPassThrough_Masked.uasset" 2949
"../../../Engine/Content/EngineMaterials/Widget3DPassThrough_Masked_OneSided.uasset" 2950
"../../../Engine/Content/VREditor/ViewportInteractionAssetContainerData.uasset" 2951
"../../../Engine/Content/VREditor/SnapGrid/SnapGridMaterial.uasset" 2952
"../../../Engine/Content/Functions/Engine_MaterialFunctions02/Math/Transform3x3Matrix.uasset" 2953
"../../../Engine/Content/Functions/Engine_MaterialFunctions02/Utility/BreakOutFloat3Components.uasset" 2954
"../../../Engine/Content/Functions/Engine_MaterialFunctions02/SplitComponents.uasset" 2955
"../../../Engine/Content/Functions/Engine_MaterialFunctions02/Utility/MakeFloat3.uasset" 2956
"../../../Engine/Content/VREditor/TransformGizmo/TransformGizmoMaterial_Inst.uasset" 2957
"../../../Engine/Content/VREditor/TransformGizmo/TransformGizmoMaterial.uasset" 2958
"../../../Engine/Content/VREditor/LaserPointer/VR_LaserPower_01.uasset" 2959
"../../../Engine/Content/VREditor/TransformGizmo/TranslucentTransformGizmoMaterial_Inst.uasset" 2960
"../../../Engine/Content/VREditor/TransformGizmo/TranslucentTransformGizmoMaterial.uasset" 2961
"../../../Engine/Content/VREditor/SnapGrid/SnapGridPlaneMesh.uasset" 2962
"../../../Engine/Content/VREditor/Sounds/UI/Drop_Item_From_ContentBrowser.uasset" 2963
"../../../Engine/Content/VREditor/Sounds/UI/Gizmo_Handle_Clicked.uasset" 2964
"../../../Engine/Content/VREditor/Sounds/UI/Object_PickUp.uasset" 2965
"../../../Engine/Content/VREditor/Sounds/UI/Object_Snaps_To_Another_Actor.uasset" 2966
"../../../Engine/Content/VREditor/Sounds/UI/Object_Snaps_To_Grid.uasset" 2967
"../../../Engine/Content/VREditor/Sounds/UI/Scaling_Down.uasset" 2968
"../../../Engine/Content/VREditor/Sounds/UI/Scaling_Up.uasset" 2969
"../../../Engine/Content/VREditor/Sounds/UI/Selection_Changes.uasset" 2970
"../../../Engine/Content/VREditor/TransformGizmo/PlaneTranslationHandle.uasset" 2971
"../../../Engine/Content/VREditor/TransformGizmo/RotationHandleFull.uasset" 2972
"../../../Engine/Content/VREditor/TransformGizmo/RotationHandleIndicator.uasset" 2973
"../../../Engine/Content/VREditor/TransformGizmo/RotationHandleQuarter.uasset" 2974
"../../../Engine/Content/VREditor/TransformGizmo/StartRotationHandleIndicator.uasset" 2975
"../../../Engine/Content/VREditor/TransformGizmo/TransformGizmoFreeRotation.uasset" 2976
"../../../Engine/Content/VREditor/TransformGizmo/TranslateArrowHandle.uasset" 2977
"../../../Engine/Content/VREditor/TransformGizmo/UniformScaleHandle.uasset" 2978
"../../../Engine/Content/VREditor/TransformGizmo/BoundingBoxCorner.uasset" 2979
"../../../Engine/Content/VREditor/TransformGizmo/BoundingBoxEdge.uasset" 2980
"../../../Engine/Content/VREditor/TransformGizmo/SM_Sequencer_Node.uasset" 2981
"../../../Engine/Content/VREditor/TransformGizmo/Main.uasset" 2982
"../../../Engine/Content/VREditor/TransformGizmo/Xray.uasset" 2983
"../../../Engine/Content/EditorResources/S_Solver.uasset" 2984
"../../../Engine/Content/EngineDebugMaterials/VolumeToRender.uasset" 2985
"../../../Engine/Content/EngineDebugMaterials/M_VolumeRenderSphereTracePP.uasset" 2986
"../../../Engine/Content/Functions/Engine_MaterialFunctions02/Utility/CameraDirectionVector.uasset" 2987
"../../../Engine/Content/EditorMeshes/Camera/SM_CraneRig_Base.uasset" 2988
"../../../Engine/Content/EditorMaterials/Camera/MI_CineMat_Rig.uasset" 2989
"../../../Engine/Content/EditorMaterials/Camera/CineMat.uasset" 2990
"../../../Engine/Content/EditorMeshes/Camera/SM_CraneRig_Arm.uasset" 2991
"../../../Engine/Content/EditorMeshes/Camera/SM_CraneRig_Mount.uasset" 2992
"../../../Engine/Content/EditorMeshes/Camera/SM_CraneRig_Body.uasset" 2993
"../../../Engine/Content/EditorMeshes/Camera/SM_RailRig_Track.uasset" 2994
"../../../Engine/Content/EditorMeshes/Camera/SM_RailRig_Mount.uasset" 2995
"../../../Engine/Content/ArtTools/RenderToTexture/Meshes/S_1_Unit_Plane.uasset" 2996
"../../../Engine/Content/EngineDebugMaterials/M_SimpleUnlitTranslucent.uasset" 2997
"../../../Engine/Content/EngineFonts/Roboto.uasset" 2998
"../../../Engine/Content/EngineFonts/Faces/DroidSansFallback.uasset" 2999
"../../../Engine/Content/EngineFonts/Faces/RobotoBold.uasset" 3000
"../../../Engine/Content/EngineFonts/Faces/RobotoBoldItalic.uasset" 3001
"../../../Engine/Content/EngineFonts/Faces/RobotoItalic.uasset" 3002
"../../../Engine/Content/EngineFonts/Faces/RobotoLight.uasset" 3003
"../../../Engine/Content/EngineFonts/Faces/RobotoRegular.uasset" 3004
"../../../Engine/Content/EditorMaterials/ParticleSystems/PSysThumbnail_NoImage.uasset" 3005
"../../../Engine/Content/EditorMaterials/ParticleSystems/PSysThumbnail_OOD.uasset" 3006
"../../../Engine/Content/EditorLandscapeResources/SplineEditorMesh.uasset" 3007
"../../../Engine/Content/EditorLandscapeResources/SplineEditorMeshMat.uasset" 3008
"../../../Engine/Content/EditorLandscapeResources/DataLayer.uasset" 3009
"../../Plugins/Experimental/Water/Content/Materials/WaterInfo/DrawWaterInfo.uasset" 3010
"../../Plugins/Experimental/Water/Content/Icons/WaterBodyExclusionVolumeSprite.uasset" 3011
"../../Plugins/Experimental/Water/Content/Icons/WaterBodyIslandSprite.uasset" 3012
"../../Plugins/Experimental/Water/Content/Meshes/LakeMesh.uasset" 3013
"../../Plugins/Experimental/Water/Content/Meshes/RiverMesh.uasset" 3014
"../../Plugins/Experimental/Water/Content/Icons/WaterZoneActorSprite.uasset" 3015
"../../../Engine/Content/Internationalization/icudt64l/coll/en.res" 3016
"../../Plugins/Animation/ACLPlugin/Content/ACLAnimBoneCompressionSettings.uasset" 3017
"../../../Engine/Content/Animation/DefaultRecorderBoneCompression.uasset" 3018
"../../Plugins/Animation/ACLPlugin/Content/ACLAnimCurveCompressionSettings.uasset" 3019
"../../../Engine/Content/Animation/DefaultVariableFrameStrippingSettings.uasset" 3020
"../../Plugins/Interchange/Runtime/Content/gltf/MaterialBodies/MF_Default_Body.uasset" 3021
"../../Plugins/Interchange/Runtime/Content/gltf/MaterialFunctions/MF_BaseColor.uasset" 3022
"../../Plugins/Interchange/Runtime/Content/gltf/Textures/T_White_srgb.uasset" 3023
"../../Plugins/Interchange/Runtime/Content/gltf/MaterialFunctions/MF_Emissive.uasset" 3024
"../../Plugins/Interchange/Runtime/Content/gltf/MaterialFunctions/MF_IOR.uasset" 3025
"../../Plugins/Interchange/Runtime/Content/gltf/MaterialFunctions/MF_Iridescence.uasset" 3026
"../../Plugins/Interchange/Runtime/Content/Functions/MF_Iridescence.uasset" 3027
"../../../Engine/Content/Functions/Engine_MaterialFunctions03/Math/RemapValueRange.uasset" 3028
"../../Plugins/Interchange/Runtime/Content/Utilities/New_LUT.uasset" 3029
"../../Plugins/Interchange/Runtime/Content/gltf/MaterialFunctions/MF_MetallicRoughness.uasset" 3030
"../../Plugins/Interchange/Runtime/Content/gltf/Textures/T_White_Linear.uasset" 3031
"../../Plugins/Interchange/Runtime/Content/gltf/MaterialFunctions/MF_Normals.uasset" 3032
"../../Plugins/Interchange/Runtime/Content/gltf/MaterialFunctions/MF_RotateNormals_TS.uasset" 3033
"../../Plugins/Interchange/Runtime/Content/gltf/Textures/T_Generic_N.uasset" 3034
"../../Plugins/Interchange/Runtime/Content/gltf/MaterialFunctions/MF_Occlusion.uasset" 3035
"../../Plugins/Interchange/Runtime/Content/gltf/MaterialFunctions/MF_Specular.uasset" 3036
"../../Plugins/Interchange/Runtime/Content/gltf/MaterialFunctions/MF_TransformUVs.uasset" 3037
"../../Plugins/Interchange/Runtime/Content/gltf/MaterialFunctions/MF_RotateV2.uasset" 3038
"../../Plugins/Interchange/Runtime/Content/gltf/MaterialBodies/MF_Unlit_Body.uasset" 3039
"../../Plugins/Interchange/Runtime/Content/gltf/MaterialBodies/MF_ClearCoat_Body.uasset" 3040
"../../Plugins/Interchange/Runtime/Content/gltf/MaterialFunctions/MF_Clearcoat.uasset" 3041
"../../../Engine/Content/Functions/Engine_MaterialFunctions01/Texturing/FlattenNormal.uasset" 3042
"../../Plugins/Interchange/Runtime/Content/gltf/MaterialBodies/MF_Sheen_Body.uasset" 3043
"../../Plugins/Interchange/Runtime/Content/gltf/MaterialFunctions/MF_Sheen.uasset" 3044
"../../Plugins/Interchange/Runtime/Content/gltf/MaterialBodies/MF_Transmission_Body.uasset" 3045
"../../Plugins/Interchange/Runtime/Content/gltf/MaterialFunctions/MF_Fresnel_DS.uasset" 3046
"../../Plugins/Interchange/Runtime/Content/gltf/MaterialFunctions/MF_Temporal_Blur.uasset" 3047
"../../../Engine/Content/Functions/Engine_MaterialFunctions02/Texturing/ScreenAlignedPixelToPixelUVs.uasset" 3048
"../../../Engine/Content/EngineMaterials/Good64x64TilingNoiseHighFreq.uasset" 3049
"../../Plugins/Interchange/Runtime/Content/gltf/MaterialFunctions/MF_Transmission.uasset" 3050
"../../Plugins/Interchange/Runtime/Content/gltf/MaterialBodies/MF_SpecularGlossiness_Body.uasset" 3051
"../../Plugins/Interchange/Runtime/Content/gltf/MaterialFunctions/MF_DiffuseSpecGloss.uasset" 3052
"../../Plugins/Interchange/Runtime/Content/gltf/MaterialFunctions/MF_SpecGlossToMetalRoughness.uasset" 3053
"../../Plugins/Interchange/Runtime/Content/gltf/MaterialFunctions/MF_PerceivedBrightness.uasset" 3054
"../../../Engine/Content/Functions/Engine_MaterialFunctions02/Math/AddComponents.uasset" 3055
"../../../Engine/Content/EngineMeshes/Cylinder.uasset" 3056
"../../../Engine/Content/EngineMaterials/DefaultMaterial.uasset" 3057
"../../Plugins/Animation/ControlRig/Content/Controls/ControlRigXRayMaterial.uasset" 3058
"../../Plugins/Animation/ControlRig/Content/Controls/DefaultGizmoLibraryNormalized.uasset" 3059
"../../Plugins/2D/Paper2D/Content/MaskedUnlitSpriteMaterial.uasset" 3060
"../../Plugins/2D/Paper2D/Content/DefaultSpriteMaterial.uasset" 3061
"../../Plugins/2D/Paper2D/Content/PlaceholderTextures/DummySpriteTexture.uasset" 3062
"../../Plugins/2D/Paper2D/Content/OpaqueUnlitSpriteMaterial.uasset" 3063
"../../Plugins/2D/Paper2D/Content/DefaultPaperTerrainMaterial.uasset" 3064
"../../Plugins/2D/Paper2D/Content/DummySprite.uasset" 3065
"../../Plugins/Animation/ControlRig/Content/M_Manip.uasset" 3066
"../../../Engine/Content/Functions/Engine_MaterialFunctions02/WorldPositionOffset/CameraOffset.uasset" 3067
"../../Plugins/Media/MediaPlate/Content/SM_MediaPlateScreen.uasset" 3068
"../../Plugins/Editor/SpeedTreeImporter/Content/SpeedTree9/SpeedTreeMaster.uasset" 3069
"../../../Engine/Content/Functions/Engine_MaterialFunctions02/ObjectLocalBounds.uasset" 3070
"../../../Engine/Content/Functions/Engine_MaterialFunctions02/SafeNormalize.uasset" 3071
"../../../Engine/Content/Functions/Engine_MaterialFunctions02/Utility/VectorLength.uasset" 3072
"../../../Engine/Content/Functions/Engine_MaterialFunctions02/UVs/BoundingBoxBased_0-1_UVW.uasset" 3073
"../../../Engine/Content/Functions/Engine_MaterialFunctions02/WorldPositionOffset/ObjectScale.uasset" 3074
"../../Plugins/Editor/SpeedTreeImporter/Content/SpeedTree9/SpeedTreeBranchMotion.uasset" 3075
"../../Plugins/Editor/SpeedTreeImporter/Content/SpeedTree9/SpeedTreeWindMotion.uasset" 3076
"../../Plugins/Editor/SpeedTreeImporter/Content/SpeedTree9/game_wind_noise.uasset" 3077
"../../Plugins/Editor/SpeedTreeImporter/Content/SpeedTree9/UnpackDirection.uasset" 3078
"../../Plugins/Editor/SpeedTreeImporter/Content/SpeedTree9/UnpackInteger3.uasset" 3079
"../../Plugins/Editor/SpeedTreeImporter/Content/SpeedTree9/SpeedTreeCameraFacing.uasset" 3080
"../../Plugins/Editor/SpeedTreeImporter/Content/SpeedTree9/SpeedTreeWind.uasset" 3081
"../../Plugins/Editor/SpeedTreeImporter/Content/SpeedTree9/Empty.uasset" 3082
"../../Plugins/Editor/SpeedTreeImporter/Content/SpeedTree9/EmptyNormal.uasset" 3083
"../../Plugins/Editor/SpeedTreeImporter/Content/SpeedTree9/SpeedTreeBillboardMaster.uasset" 3084
"../../Plugins/Editor/SpeedTreeImporter/Content/SpeedTree9/SpeedTreeBillboard.uasset" 3085
"../../../Engine/Content/BasicShapes/BasicShapeMaterial.uasset" 3086
"../../../Engine/Content/EditorMaterials/Dataflow/DataflowVertexMaterial.uasset" 3087
"../../Plugins/Experimental/Landmass/Content/Landscape/BlueprintBrushes/Materials/Internal/BrushBounds.uasset" 3088
"../../../Engine/Content/EditorMaterials/TilingAAGrid.uasset" 3089
"../../../Engine/Content/EditorMaterials/TilingAALineBoxFiltered.uasset" 3090
"../../../Engine/Content/EditorMaterials/TilingAALineIntegral.uasset" 3091
"../../../Engine/Content/Functions/Engine_MaterialFunctions03/Blends/Blend_Screen.uasset" 3092
"../../../Engine/Content/EngineMaterials/BlendFunc_DefBase.uasset" 3093
"../../../Engine/Content/EngineMaterials/BlendFunc_DefBlend.uasset" 3094
"../../../Engine/Content/Functions/Engine_MaterialFunctions03/Procedurals/ComputeFilterWidth.uasset" 3095
"../../../Engine/Content/Functions/Engine_MaterialFunctions01/ImageAdjustment/SCurve.uasset" 3096
"../../../Engine/Content/Functions/Engine_MaterialFunctions02/WorldPositionOffset/V2/ObjectScale.uasset" 3097
"../../Plugins/Experimental/Landmass/Content/Landscape/BlueprintBrushes/Materials/BrushMaterials/BasicFunctions/LandmassBrush_ShapeMask.uasset" 3098
"../../Plugins/Experimental/Landmass/Content/Landscape/BlueprintBrushes/MF/Landmass_BrushTilt.uasset" 3099
"../../Plugins/Experimental/Landmass/Content/Landscape/BlueprintBrushes/MF/LandmassBrush_UVs.uasset" 3100
"../../Plugins/Experimental/Landmass/Content/Landscape/BlueprintBrushes/MPC/MPC_Landscape.uasset" 3101
"../../Plugins/Experimental/Landmass/Content/Landscape/BlueprintBrushes/MF/LandmassBrush_EdgeFalloff.uasset" 3102
"../../Plugins/Experimental/Landmass/Content/Landscape/BlueprintBrushes/MF/LandmassBrush_Noise.uasset" 3103
"../../Plugins/Experimental/Landmass/Content/Landscape/BlueprintBrushes/MF/PointSampleLandscapeUVs.uasset" 3104
"../../Plugins/Experimental/Landmass/Content/Landscape/OldPrototype_BP/Mats/MF/UnpackRG8Height.uasset" 3105
"../../../Engine/Content/ArtTools/RenderToTexture/Textures/T_EV_BlankWhite_01.uasset" 3106
"../../../Engine/Content/EngineResources/Black_Low.uasset" 3107
"../../Plugins/Experimental/Landmass/Content/Landscape/Meshes/S_SpritePlane.uasset" 3108
"../../Plugins/Experimental/Landmass/Content/Landscape/BlueprintBrushes/Materials/Sprite/M_BrushSprite_01.uasset" 3109
"../../../Engine/Content/Functions/Engine_MaterialFunctions02/WorldPositionOffset/ComponentPivotLocation.uasset" 3110
"../../../Engine/Content/Functions/Engine_MaterialFunctions02/WorldPositionOffset/Sprite.uasset" 3111
"../../../Engine/Content/EditorResources/S_Terrain.uasset" 3112
"C:/Users/AlumnoM/AppData/Local/UnrealEngine/Editor/UInteractiveToolsPresetCollectionAsset_DefaultCollection.json" 3113
"../../../Engine/Content/EngineMaterials/NaniteHiddenSectionMaterial.uasset" 3114
"../../../Engine/Content/EngineMaterials/RemoveSurfaceMaterial.uasset" 3115
"../../../Engine/Content/EngineDebugMaterials/DebugMeshMaterial.uasset" 3116
"../../../Engine/Content/EngineMaterials/EmissiveMeshMaterial.uasset" 3117
"../../../Engine/Content/EngineMaterials/DefaultWhiteGrid_Low.uasset" 3118
"../../../Engine/Content/EngineMaterials/M_InvalidLightmapSettings.uasset" 3119
"../../../Engine/Content/EngineMaterials/InvalidLightmapSettings.uasset" 3120
"../../../Engine/Content/EngineMaterials/GizmoMaterial.uasset" 3121
"../../../Engine/Content/EngineMaterials/PhAT_JointLimitMaterial.uasset" 3122
"../../../Engine/Content/EngineMaterials/FlattenMaterial.uasset" 3123
"../../../Engine/Content/EngineMaterials/BaseFlattenDiffuseMap.uasset" 3124
"../../../Engine/Content/EngineMaterials/BaseFlattenEmissiveMap.uasset" 3125
"../../../Engine/Content/EngineMaterials/BaseFlattenGrayscaleMap.uasset" 3126
"../../../Engine/Content/EngineMaterials/BaseFlattenLinearColor.uasset" 3127
"../../../Engine/Content/EngineMaterials/BaseFlattenNormalMap.uasset" 3128
"../../../Engine/Content/Functions/Engine_MaterialFunctions02/PivotPainter2/Black_1x1_EXR_Texture.uasset" 3129
"../../../Engine/Content/EngineMaterials/FlattenMaterial_VT.uasset" 3130
"../../../Engine/Content/EngineMaterials/BaseFlattenDiffuseMap_VT.uasset" 3131
"../../../Engine/Content/EngineMaterials/BaseFlattenEmissiveMap_VT.uasset" 3132
"../../../Engine/Content/EngineMaterials/BaseFlattenGrayscaleMap_VT.uasset" 3133
"../../../Engine/Content/EngineMaterials/BaseFlattenLinearColor_VT.uasset" 3134
"../../../Engine/Content/EngineMaterials/BaseFlattenNormalMap_VT.uasset" 3135
"../../../Engine/Content/EngineMaterials/Black_1x1_EXR_Texture_VT.uasset" 3136
"../../../Engine/Content/EngineMaterials/FlattenMaterial_WS_Normal_VT.uasset" 3137
"../../../Engine/Content/EngineMaterials/DefaultBokeh.uasset" 3138
"../../../Engine/Content/EngineMaterials/MiniFont.uasset" 3139
"../../../Engine/Content/EngineMaterials/WeightMapPlaceholderTexture.uasset" 3140
"../../../Engine/Content/EngineMaterials/WeightMapArrayPlaceholderTexture.uasset" 3141
"../../../Engine/Content/EngineMaterials/DefaultWhiteGrid.uasset" 3142
"../../../Engine/Content/EngineMaterials/PreintegratedSkinBRDF.uasset" 3143
"../../../Engine/Content/EngineMaterials/DefaultPhysicalMaterial.uasset" 3144
"../../../Engine/Content/EngineMaterials/DefaultDestructiblePhysicalMaterial.uasset" 3145
"../../Plugins/Experimental/Water/Content/Materials/MPC/MPC_Water.uasset" 3146
"../../Plugins/Runtime/MeshModelingToolset/Content/Materials/M_DynamicMeshComponentVtxColor.uasset" 3147
"../../Plugins/FX/Niagara/Content/ParameterDefinitions/SpriteRenderer.uasset" 3148
"../../Plugins/FX/Niagara/Content/ParameterDefinitions/RibbonRenderer.uasset" 3149
"../../Plugins/FX/Niagara/Content/ParameterDefinitions/MeshRenderer.uasset" 3150
"../../Plugins/FX/Niagara/Content/ParameterDefinitions/LightRenderer.uasset" 3151
"../../Plugins/FX/Niagara/Content/ParameterDefinitions/DecalRenderer.uasset" 3152
"../../Plugins/FX/Niagara/Content/ParameterDefinitions/CoreParameters.uasset" 3153
"../../../Engine/Content/BasicShapes/Cube.uasset" 3154
"../../../Engine/Content/BasicShapes/Sphere.uasset" 3155
"../../../Engine/Content/BasicShapes/Cylinder.uasset" 3156
"../../../Engine/Content/BasicShapes/Cone.uasset" 3157
"../../../Engine/Content/BasicShapes/Plane.uasset" 3158
"../../../Engine/Content/EditorResources/SequenceRecorder/Countdown.uasset" 3159
"../../../Engine/Content/EditorResources/SequenceRecorder/RecordingIndicator.uasset" 3160
"../../../Engine/Content/EditorMaterials/PhAT_UnselectedMaterial.uasset" 3161
"../../../Engine/Content/EditorMaterials/PhAT_NoCollisionMaterial.uasset" 3162
"../../Plugins/Experimental/Water/Content/Icons/WaterLandscapeBrushSprite.uasset" 3163
"../../Plugins/Experimental/Water/Content/Curves/FloatCurve.uasset" 3164
"../../Plugins/Experimental/Water/Content/Curves/FloatCurve_WaterBodyIsland.uasset" 3165
"../../Plugins/Experimental/Water/Content/Waves/GerstnerWaves_Lake.uasset" 3166
"../../Plugins/Experimental/Water/Content/Waves/GerstnerWaves_Ocean.uasset" 3167
"../../Plugins/Experimental/Water/Content/Icons/WaterSprite.uasset" 3168
"../../Plugins/Experimental/Water/Content/Icons/WaterErrorSprite.uasset" 3169
"../../../Engine/Content/EditorLandscapeResources/DefaultAlphaTexture.uasset" 3170
"C:/Users/AlumnoM/Desktop/PINGUS/Juego/Penguin/Intermediate/ShaderAutogen/PCD3D_SM6/AutogenShaderHeaders.ush" 3171
"C:/Users/AlumnoM/AppData/Local/Temp/UnrealShaderWorkingDir/645648FC4D4F7DA984548BB91305E662/12/WorkerOutputOnly.out" 3172
"C:/Users/AlumnoM/AppData/Local/Temp/UnrealShaderWorkingDir/645648FC4D4F7DA984548BB91305E662/3/WorkerOutputOnly.out" 3173
"C:/Users/AlumnoM/AppData/Local/Temp/UnrealShaderWorkingDir/645648FC4D4F7DA984548BB91305E662/6/WorkerOutputOnly.out" 3174
"C:/Users/AlumnoM/AppData/Local/Temp/UnrealShaderWorkingDir/645648FC4D4F7DA984548BB91305E662/0/WorkerOutputOnly.out" 3175
"C:/Users/AlumnoM/AppData/Local/Temp/UnrealShaderWorkingDir/645648FC4D4F7DA984548BB91305E662/2/WorkerOutputOnly.out" 3176
"C:/Users/AlumnoM/AppData/Local/Temp/UnrealShaderWorkingDir/645648FC4D4F7DA984548BB91305E662/5/WorkerOutputOnly.out" 3177
"C:/Users/AlumnoM/AppData/Local/Temp/UnrealShaderWorkingDir/645648FC4D4F7DA984548BB91305E662/8/WorkerOutputOnly.out" 3178
"C:/Users/AlumnoM/AppData/Local/Temp/UnrealShaderWorkingDir/645648FC4D4F7DA984548BB91305E662/11/WorkerOutputOnly.out" 3179
"C:/Users/AlumnoM/AppData/Local/Temp/UnrealShaderWorkingDir/645648FC4D4F7DA984548BB91305E662/9/WorkerOutputOnly.out" 3180
"C:/Users/AlumnoM/AppData/Local/Temp/UnrealShaderWorkingDir/645648FC4D4F7DA984548BB91305E662/10/WorkerOutputOnly.out" 3181
"C:/Users/AlumnoM/AppData/Local/Temp/UnrealShaderWorkingDir/645648FC4D4F7DA984548BB91305E662/4/WorkerOutputOnly.out" 3182
"C:/Users/AlumnoM/AppData/Local/Temp/UnrealShaderWorkingDir/645648FC4D4F7DA984548BB91305E662/7/WorkerOutputOnly.out" 3183
"C:/Users/AlumnoM/AppData/Local/Temp/UnrealShaderWorkingDir/645648FC4D4F7DA984548BB91305E662/1/WorkerOutputOnly.out" 3184
"../../../Engine/Plugins/Interchange/Runtime/Content/Functions/MX_GeneralizedSchlickBSDF.uasset" 3185
"../../../Engine/Plugins/Interchange/Runtime/Content/Functions/MX_ThinFilmBSDF.uasset" 3186
"../../../Engine/Plugins/Interchange/Runtime/Content/Functions/MX_MeasuredEDF.uasset" 3187
"../../../Engine/Plugins/Interchange/Runtime/Content/Functions/MX_SubsurfaceBSDF.uasset" 3188
"../../../Engine/Plugins/Interchange/Runtime/Content/Functions/MX_BurleyDiffuseBSDF.uasset" 3189
"../../../Engine/Plugins/Interchange/Runtime/Content/Functions/MX_AbsorptionVDF.uasset" 3190
"../../../Engine/Plugins/Animation/ControlRig/Content/Controls/ControlRigGizmoMaterial.uasset" 3191
"../../../Engine/Plugins/Interchange/Runtime/Content/Functions/MX_TranslucentBSDF.uasset" 3192
"../../../Engine/Plugins/Interchange/Runtime/Content/Functions/MX_DielectricBSDF.uasset" 3193
"../../../Engine/Plugins/Interchange/Runtime/Content/Functions/MX_SheenBSDF.uasset" 3194
"../../../Engine/Plugins/Interchange/Runtime/Content/Functions/MX_AnisotropicVDF.uasset" 3195
"../../../Engine/Plugins/Interchange/Runtime/Content/Functions/MX_ConductorBSDF.uasset" 3196
"../../../Engine/Plugins/Interchange/Runtime/Content/Functions/MX_UniformEDF.uasset" 3197
"../../../Engine/Plugins/Interchange/Runtime/Content/Functions/MX_ConicalEDF.uasset" 3198
"../../../Engine/Plugins/Interchange/Runtime/Content/Functions/MX_OrenNayarBSDF.uasset" 3199
"../../../Engine/Plugins/Interchange/Runtime/Content/Pipelines/DefaultSceneLevelPipeline.uasset" 3200
"../../../Engine/Plugins/Interchange/Runtime/Content/Functions/MX_UsdPreviewSurface.uasset" 3201
"../../../Engine/Plugins/Interchange/Runtime/Content/Functions/MX_SurfaceUnlit.uasset" 3202
"../../../Engine/Plugins/Interchange/Runtime/Content/Pipelines/DefaultGLTFSceneAssetsPipeline.uasset" 3203
"../../../Engine/Plugins/Interchange/Runtime/Content/Pipelines/DefaultSceneAssetsPipeline.uasset" 3204
"../../../Engine/Plugins/Interchange/Runtime/Content/Pipelines/DefaultMaterialPipeline.uasset" 3205
"../../../Engine/Plugins/Interchange/Runtime/Content/Pipelines/DefaultGLTFPipeline.uasset" 3206
"../../../Engine/Content/EngineSounds/Master.uasset" 3207
"../../../Engine/Plugins/Interchange/Runtime/Content/Pipelines/DefaultAssetsPipeline.uasset" 3208
"../../../Engine/Plugins/Interchange/Runtime/Content/Pipelines/DefaultGLTFAssetsPipeline.uasset" 3209
"../../../Engine/Plugins/Interchange/Runtime/Content/Pipelines/DefaultMaterialXPipeline.uasset" 3210
"../../../Engine/Plugins/Interchange/Runtime/Content/Pipelines/DefaultTexturePipeline.uasset" 3211
"../../../Engine/Content/EngineMaterials/STBlueNoise_vec2_128x128x64.uasset" 3212
"../../../Engine/Content/EngineMaterials/STBlueNoise_scalar_128x128x64.uasset" 3213
"../../../Engine/Content/EngineMaterials/DefaultBloomKernel.uasset" 3214
"../../../Engine/Content/EngineDebugMaterials/DebugEditorMaterial.uasset" 3215
"../../../Engine/Content/EngineResources/FilmGrains/Marcie_Grain_v3_128_M2_000.uasset" 3216
"../../../Engine/Content/EditorResources/BSPVertex.uasset" 3217
"C:/Users/AlumnoM/Desktop/PINGUS/Juego/Penguin/Content/Levels/Options.umap" 3218
"C:/Users/AlumnoM/Desktop/PINGUS/Juego/Penguin/Content/VehicleTemplate/Maps/VehicleOffroadExampleMap_HLOD0_Instancing.uasset" 3219
"C:/Users/AlumnoM/Desktop/PINGUS/Juego/Penguin/Content/VehicleTemplate/Input/Actions/IA_Pause.uasset" 3220
"C:/Users/AlumnoM/Desktop/PINGUS/Juego/Penguin/Content/VehicleTemplate/Input/Actions/IA_Throttle.uasset" 3221
"C:/Users/AlumnoM/Desktop/PINGUS/Juego/Penguin/Content/VehicleTemplate/Input/Actions/IA_ToggleCamera.uasset" 3222
"C:/Users/AlumnoM/Desktop/PINGUS/Juego/Penguin/Content/VehicleTemplate/Input/Actions/IA_Steering.uasset" 3223
"C:/Users/AlumnoM/Desktop/PINGUS/Juego/Penguin/Content/VehicleTemplate/Input/Actions/IA_Reset.uasset" 3224
"C:/Users/AlumnoM/Desktop/PINGUS/Juego/Penguin/Content/VehicleTemplate/Input/Actions/IA_LookAround.uasset" 3225
"C:/Users/AlumnoM/Desktop/PINGUS/Juego/Penguin/Content/VehicleTemplate/Input/Actions/IA_Boost.uasset" 3226
"C:/Users/AlumnoM/Desktop/PINGUS/Juego/Penguin/Content/VehicleTemplate/Input/Actions/IA_Brake.uasset" 3227
"C:/Users/AlumnoM/Desktop/PINGUS/Juego/Penguin/Content/VehicleTemplate/Input/Actions/IA_Handbrake.uasset" 3228
"C:/Users/AlumnoM/Desktop/PINGUS/Juego/Penguin/Content/VehicleTemplate/Blueprints/True_kart3/NewMaterial.uasset" 3229
"C:/Users/AlumnoM/Desktop/PINGUS/Juego/Penguin/Content/VehicleTemplate/Blueprints/True_kart3/kart_rig_Skeleton.uasset" 3230
"C:/Users/AlumnoM/Desktop/PINGUS/Juego/Penguin/Content/VehicleTemplate/Blueprints/True_kart3/kart_rig_PhysicsAsset.uasset" 3231
"C:/Users/AlumnoM/Desktop/PINGUS/Juego/Penguin/Content/VehicleTemplate/Blueprints/SportsCar/SportsCar_WheelsRear.uasset" 3232
"C:/Users/AlumnoM/Desktop/PINGUS/Juego/Penguin/Content/VehicleTemplate/Blueprints/SportsCar/SportsCar_WheelsFront.uasset" 3233
"C:/Users/AlumnoM/Desktop/PINGUS/Juego/Penguin/Content/VehicleTemplate/Blueprints/OffroadCar/OffroadCar_WheelsRear.uasset" 3234
"C:/Users/AlumnoM/Desktop/PINGUS/Juego/Penguin/Content/VehicleTemplate/Blueprints/SportsCar/SportsCar_TorqueCurve.uasset" 3235
"C:/Users/AlumnoM/Desktop/PINGUS/Juego/Penguin/Content/VehicleTemplate/Blueprints/Kart3/chasis_PhysicsAsset.uasset" 3236
"C:/Users/AlumnoM/Desktop/PINGUS/Juego/Penguin/Content/VehicleTemplate/Blueprints/OffroadCar/OffroadCar_WheelsFront.uasset" 3237
"C:/Users/AlumnoM/Desktop/PINGUS/Juego/Penguin/Content/VehicleTemplate/Blueprints/Countdown/M_InvWal.uasset" 3238
"C:/Users/AlumnoM/Desktop/PINGUS/Juego/Penguin/Content/VehicleTemplate/Blueprints/OffroadCar/OffroadCar_TorqueCurve.uasset" 3239
"C:/Users/AlumnoM/Desktop/PINGUS/Juego/Penguin/Content/VehicleTemplate/Blueprints/BP_AssetGuideline_Chaos.uasset" 3240
"C:/Users/AlumnoM/Desktop/PINGUS/Juego/Penguin/Content/Vehicles/test_car/obje/TEX_bluecornettracks.uasset" 3241
"C:/Users/AlumnoM/Desktop/PINGUS/Juego/Penguin/Content/Vehicles/test_car/obje/initialShadingGroup.uasset" 3242
"C:/Users/AlumnoM/Desktop/PINGUS/Juego/Penguin/Content/Vehicles/test_car/obje/TEX_bluecornet.uasset" 3243
"C:/Users/AlumnoM/Desktop/PINGUS/Juego/Penguin/Content/Vehicles/test_car/obje/bluecornet1_mat_4_004.uasset" 3244
"C:/Users/AlumnoM/Desktop/PINGUS/Juego/Penguin/Content/Vehicles/test_car/obje/bluecornet1_mat_5_001.uasset" 3245
"C:/Users/AlumnoM/Desktop/PINGUS/Juego/Penguin/Content/Vehicles/test_car/obje/bluecornet1_mat_3_001.uasset" 3246
"C:/Users/AlumnoM/Desktop/PINGUS/Juego/Penguin/Content/Vehicles/test_car/obje/bluecornet1_mat_4_001.uasset" 3247
"C:/Users/AlumnoM/Desktop/PINGUS/Juego/Penguin/Content/Vehicles/test_car/obje/bluecornet1_mat_11_001.uasset" 3248
"C:/Users/AlumnoM/Desktop/PINGUS/Juego/Penguin/Content/Vehicles/test_car/obje/bluecornet1_mat_10_001.uasset" 3249
"../../../../../../Users/AlumnoM/Desktop/PINGUS/Juego/Penguin/Content/Levels/Options.umap" 3250
"C:/Users/AlumnoM/Desktop/PINGUS/Juego/Penguin/Content/Vehicles/test_car/TEX_bluecornettracks.uasset" 3251
"C:/Users/AlumnoM/Desktop/PINGUS/Juego/Penguin/Content/Vehicles/test_car/TEX_bluecornet.uasset" 3252
"C:/Users/AlumnoM/Desktop/PINGUS/Juego/Penguin/Content/Vehicles/test_car/chuckice.uasset" 3253
"C:/Users/AlumnoM/Desktop/PINGUS/Juego/Penguin/Content/Vehicles/test_car/bluecornettracks.uasset" 3254
"C:/Users/AlumnoM/Desktop/PINGUS/Juego/Penguin/Content/Vehicles/SportsCar/Materials/Textures/T_SportsCar_Wheel_N.uasset" 3255
"C:/Users/AlumnoM/Desktop/PINGUS/Juego/Penguin/Content/Vehicles/test_car/bluecornet.uasset" 3256
"C:/Users/AlumnoM/Desktop/PINGUS/Juego/Penguin/Content/Vehicles/SportsCar/Materials/Textures/T_SportsCar_Wheel_M.uasset" 3257
"C:/Users/AlumnoM/Desktop/PINGUS/Juego/Penguin/Content/Vehicles/SportsCar/Materials/Textures/T_SportsCar_Tire_N.uasset" 3258
"C:/Users/AlumnoM/Desktop/PINGUS/Juego/Penguin/Content/Vehicles/SportsCar/Materials/Textures/T_SportsCar_Wheel_BC.uasset" 3259
"C:/Users/AlumnoM/Desktop/PINGUS/Juego/Penguin/Content/Vehicles/SportsCar/Materials/Textures/T_SportsCar_Tire_M_TGA.uasset" 3260
"C:/Users/AlumnoM/Desktop/PINGUS/Juego/Penguin/Content/Vehicles/SportsCar/Materials/Textures/T_SportsCar_Lights_M.uasset" 3261
"C:/Users/AlumnoM/Desktop/PINGUS/Juego/Penguin/Content/Vehicles/SportsCar/Materials/Textures/T_SportsCar_Chassis_MSR_M.uasset" 3262
"C:/Users/AlumnoM/Desktop/PINGUS/Juego/Penguin/Content/Vehicles/SportsCar/Materials/Textures/T_SportsCar_Chassis_CCRCCPlastic_M.uasset" 3263
"C:/Users/AlumnoM/Desktop/PINGUS/Juego/Penguin/Content/Vehicles/SportsCar/Materials/Textures/T_SportsCar_Chassis_BotN.uasset" 3264
"C:/Users/AlumnoM/Desktop/PINGUS/Juego/Penguin/Content/Vehicles/SportsCar/Materials/Textures/T_SportsCar_Chassis_BC.uasset" 3265
"C:/Users/AlumnoM/Desktop/PINGUS/Juego/Penguin/Content/Vehicles/SportsCar/Materials/Textures/T_SportsCar_Body_Tan.uasset" 3266
"C:/Users/AlumnoM/Desktop/PINGUS/Juego/Penguin/Content/Vehicles/SportsCar/Materials/Textures/T_SportsCar_Chassis_ASAOP_M.uasset" 3267
"C:/Users/AlumnoM/Desktop/PINGUS/Juego/Penguin/Content/Vehicles/SportsCar/Materials/Textures/T_SportsCar_Body_N.uasset" 3268
"C:/Users/AlumnoM/Desktop/PINGUS/Juego/Penguin/Content/Vehicles/SportsCar/Materials/Textures/T_SportsCar_Body_CCRCCPlastic_M.uasset" 3269
"C:/Users/AlumnoM/Desktop/PINGUS/Juego/Penguin/Content/Vehicles/SportsCar/Materials/Textures/T_SportsCar_Body_MSR_M.uasset" 3270
"C:/Users/AlumnoM/Desktop/PINGUS/Juego/Penguin/Content/Vehicles/SportsCar/Materials/Textures/T_SportsCar_Body_BotN.uasset" 3271
"C:/Users/AlumnoM/Desktop/PINGUS/Juego/Penguin/Content/Vehicles/SportsCar/Materials/Textures/T_SportsCar_Body_BC.uasset" 3272
"C:/Users/AlumnoM/Desktop/PINGUS/Juego/Penguin/Content/Vehicles/SportsCar/Materials/M_SportsCar_Lights.uasset" 3273
"C:/Users/AlumnoM/Desktop/PINGUS/Juego/Penguin/Content/Vehicles/SportsCar/Materials/Textures/T_SportsCar_Body_ASAOP_M.uasset" 3274
"C:/Users/AlumnoM/Desktop/PINGUS/Juego/Penguin/Content/Vehicles/SportsCar/Materials/Functions/ML_BaseColorFallOff.uasset" 3275
"C:/Users/AlumnoM/Desktop/PINGUS/Juego/Penguin/Content/Vehicles/SportsCar/SportsCar_Skeleton.uasset" 3276
"../../../../../../Users/AlumnoM/Desktop/PINGUS/Juego/Penguin/Content/Vehicles/test_car/obje/TEX_bluecornettracks.uasset" 3277
"../../../../../../Users/AlumnoM/Desktop/PINGUS/Juego/Penguin/Content/Vehicles/test_car/obje/TEX_bluecornet.uasset" 3278
"C:/Users/AlumnoM/Desktop/PINGUS/Juego/Penguin/Content/Vehicles/SportsCar/mat_5_002.uasset" 3279
"C:/Users/AlumnoM/Desktop/PINGUS/Juego/Penguin/Content/Vehicles/SportsCar/SportsCar_PhysicsAsset.uasset" 3280
"C:/Users/AlumnoM/Desktop/PINGUS/Juego/Penguin/Content/Vehicles/SportsCar/mat_3_002.uasset" 3281
"C:/Users/AlumnoM/Desktop/PINGUS/Juego/Penguin/Content/Vehicles/SportsCar/mat_4_002.uasset" 3282
"C:/Users/AlumnoM/Desktop/PINGUS/Juego/Penguin/Content/Vehicles/SportsCar/mat_4_005.uasset" 3283
"C:/Users/AlumnoM/Desktop/PINGUS/Juego/Penguin/Content/Vehicles/SportsCar/mat_11_002.uasset" 3284
"C:/Users/AlumnoM/Desktop/PINGUS/Juego/Penguin/Content/Vehicles/SportsCar/mat_10_002.uasset" 3285
"C:/Users/AlumnoM/Desktop/PINGUS/Juego/Penguin/Content/Vehicles/SportsCar/kart_reoriented_TESKELETON_PhysicsAsset.uasset" 3286
"C:/Users/AlumnoM/Desktop/PINGUS/Juego/Penguin/Content/Vehicles/PhysicsMaterials/Slippery.uasset" 3287
"C:/Users/AlumnoM/Desktop/PINGUS/Juego/Penguin/Content/Vehicles/PhysicsMaterials/NonSlippery.uasset" 3288
"C:/Users/AlumnoM/Desktop/PINGUS/Juego/Penguin/Content/Vehicles/OffroadCar/Materials/Textures/T_Vehicle_Light_M.uasset" 3289
"C:/Users/AlumnoM/Desktop/PINGUS/Juego/Penguin/Content/Vehicles/OffroadCar/Materials/Textures/T_OffroadCar_Wheels_RMA.uasset" 3290
"C:/Users/AlumnoM/Desktop/PINGUS/Juego/Penguin/Content/Vehicles/OffroadCar/Materials/Textures/T_OffroadCar_Wheels_N.uasset" 3291
"C:/Users/AlumnoM/Desktop/PINGUS/Juego/Penguin/Content/Vehicles/OffroadCar/Materials/Textures/T_OffroadCar_Wheels_D.uasset" 3292
"C:/Users/AlumnoM/Desktop/PINGUS/Juego/Penguin/Content/Vehicles/OffroadCar/Materials/Textures/T_OffroadCar_Sus_N.uasset" 3293
"C:/Users/AlumnoM/Desktop/PINGUS/Juego/Penguin/Content/Vehicles/OffroadCar/Materials/Textures/T_OffroadCar_Sus_Tan.uasset" 3294
"C:/Users/AlumnoM/Desktop/PINGUS/Juego/Penguin/Content/Vehicles/OffroadCar/Materials/Textures/T_OffroadCar_Sus_BN.uasset" 3295
"C:/Users/AlumnoM/Desktop/PINGUS/Juego/Penguin/Content/Vehicles/OffroadCar/Materials/Textures/T_OffroadCar_Sus_MSR.uasset" 3296
"C:/Users/AlumnoM/Desktop/PINGUS/Juego/Penguin/Content/Vehicles/OffroadCar/Materials/Textures/T_OffroadCar_Sus_CCRCCP.uasset" 3297
"C:/Users/AlumnoM/Desktop/PINGUS/Juego/Penguin/Content/Vehicles/OffroadCar/Materials/Textures/T_OffroadCar_Sus_D.uasset" 3298
"C:/Users/AlumnoM/Desktop/PINGUS/Juego/Penguin/Content/Vehicles/OffroadCar/Materials/Textures/T_OffroadCar_Seats_MSR.uasset" 3299
"C:/Users/AlumnoM/Desktop/PINGUS/Juego/Penguin/Content/Vehicles/OffroadCar/Materials/Textures/T_OffroadCar_Seats_D.uasset" 3300
"C:/Users/AlumnoM/Desktop/PINGUS/Juego/Penguin/Content/Vehicles/OffroadCar/Materials/Textures/T_OffroadCar_Seats_Tan.uasset" 3301
"C:/Users/AlumnoM/Desktop/PINGUS/Juego/Penguin/Content/Vehicles/OffroadCar/Materials/Textures/T_OffroadCar_Seats_N.uasset" 3302
"C:/Users/AlumnoM/Desktop/PINGUS/Juego/Penguin/Content/Vehicles/OffroadCar/Materials/Textures/T_OffroadCar_Sus_ASAOPM.uasset" 3303
"C:/Users/AlumnoM/Desktop/PINGUS/Juego/Penguin/Content/Vehicles/OffroadCar/Materials/Textures/T_OffroadCar_Seats_BN.uasset" 3304
"../../../../../../Users/AlumnoM/Desktop/PINGUS/Juego/Penguin/Content/Vehicles/test_car/TEX_bluecornet.uasset" 3305
"../../../../../../Users/AlumnoM/Desktop/PINGUS/Juego/Penguin/Content/Vehicles/test_car/chuckice.uasset" 3306
"C:/Users/AlumnoM/Desktop/PINGUS/Juego/Penguin/Content/Vehicles/OffroadCar/Materials/Textures/T_OffroadCar_Body_N.uasset" 3307
"C:/Users/AlumnoM/Desktop/PINGUS/Juego/Penguin/Content/Vehicles/OffroadCar/Materials/Textures/T_OffroadCar_Body_Tan.uasset" 3308
"C:/Users/AlumnoM/Desktop/PINGUS/Juego/Penguin/Content/Vehicles/OffroadCar/Materials/Textures/T_OffroadCar_Seats_ASAOPM.uasset" 3309
"C:/Users/AlumnoM/Desktop/PINGUS/Juego/Penguin/Content/Vehicles/OffroadCar/Materials/Textures/T_OffroadCar_Seats_CCRCCP.uasset" 3310
"C:/Users/AlumnoM/Desktop/PINGUS/Juego/Penguin/Content/Vehicles/OffroadCar/Materials/Textures/T_OffroadCar_Body_MSR.uasset" 3311
"C:/Users/AlumnoM/Desktop/PINGUS/Juego/Penguin/Content/Vehicles/OffroadCar/Materials/Textures/T_OffroadCar_Body_D.uasset" 3312
"C:/Users/AlumnoM/Desktop/PINGUS/Juego/Penguin/Content/Tracks/mapa_02/props/Palos_02.uasset" 3313
"C:/Users/AlumnoM/Desktop/PINGUS/Juego/Penguin/Content/Tracks/mapa_02/props/Meta_01.uasset" 3314
"C:/Users/AlumnoM/Desktop/PINGUS/Juego/Penguin/Content/Vehicles/OffroadCar/SKM_Offroad_PhysicsAsset.uasset" 3315
"C:/Users/AlumnoM/Desktop/PINGUS/Juego/Penguin/Content/Tracks/Prueba_mapa2/Material_002.uasset" 3316
"C:/Users/AlumnoM/Desktop/PINGUS/Juego/Penguin/Content/Vehicles/OffroadCar/SKM_Offroad_Skeleton.uasset" 3317
"C:/Users/AlumnoM/Desktop/PINGUS/Juego/Penguin/Content/Vehicles/OffroadCar/Materials/Textures/T_OffroadCar_Body_ASAOPM.uasset" 3318
"C:/Users/AlumnoM/Desktop/PINGUS/Juego/Penguin/Content/Tracks/mapa_02/Material_005.uasset" 3319
"C:/Users/AlumnoM/Desktop/PINGUS/Juego/Penguin/Content/Vehicles/OffroadCar/Materials/Textures/T_OffroadCar_Body_BN.uasset" 3320
"C:/Users/AlumnoM/Desktop/PINGUS/Juego/Penguin/Content/Tracks/mapa_02/Material_004.uasset" 3321
"C:/Users/AlumnoM/Desktop/PINGUS/Juego/Penguin/Content/Vehicles/OffroadCar/Materials/Textures/T_OffroadCar_Body_CCRCCP.uasset" 3322
"C:/Users/AlumnoM/Desktop/PINGUS/Juego/Penguin/Content/Tracks/mapa_02/Material_003.uasset" 3323
"C:/Users/AlumnoM/Desktop/PINGUS/Juego/Penguin/Content/Tracks/mapa_02/Gradient_Pallete.uasset" 3324
"C:/Users/AlumnoM/Desktop/PINGUS/Juego/Penguin/Content/Tracks/mapa_02/Carretera_02.uasset" 3325
"C:/Users/AlumnoM/Desktop/PINGUS/Juego/Penguin/Content/Tracks/Prueba_mapa2/Material_001.uasset" 3326
"C:/Users/AlumnoM/Desktop/PINGUS/Juego/Penguin/Content/Tracks/mapa_02/Material_007.uasset" 3327
"C:/Users/AlumnoM/Desktop/PINGUS/Juego/Penguin/Content/Tracks/mapa_02/Metalic_Gradient.uasset" 3328
"C:/Users/AlumnoM/Desktop/PINGUS/Juego/Penguin/Content/Tracks/mapa_02/Material_013.uasset" 3329
"C:/Users/AlumnoM/Desktop/PINGUS/Juego/Penguin/Content/Tracks/mapa_02/Material_012.uasset" 3330
"C:/Users/AlumnoM/Desktop/PINGUS/Juego/Penguin/Content/Tracks/mapa_02/Gradient_Pallete_metallic.uasset" 3331
"C:/Users/AlumnoM/Desktop/PINGUS/Juego/Penguin/Content/StarterContent/Textures/T_Wood_Walnut_N.uasset" 3332
"C:/Users/AlumnoM/Desktop/PINGUS/Juego/Penguin/Content/StarterContent/Textures/T_Wood_Walnut_D.uasset" 3333
"C:/Users/AlumnoM/Desktop/PINGUS/Juego/Penguin/Content/StarterContent/Textures/T_Wood_Pine_D.uasset" 3334
"C:/Users/AlumnoM/Desktop/PINGUS/Juego/Penguin/Content/StarterContent/Textures/T_Wood_Pine_N.uasset" 3335
"C:/Users/AlumnoM/Desktop/PINGUS/Juego/Penguin/Content/StarterContent/Textures/T_Wood_Oak_N.uasset" 3336
"C:/Users/AlumnoM/Desktop/PINGUS/Juego/Penguin/Content/StarterContent/Textures/T_Wood_Oak_D.uasset" 3337
"C:/Users/AlumnoM/Desktop/PINGUS/Juego/Penguin/Content/StarterContent/Textures/T_Wood_Floor_Walnut_N.uasset" 3338
"C:/Users/AlumnoM/Desktop/PINGUS/Juego/Penguin/Content/StarterContent/Textures/T_Wood_Floor_Walnut_M.uasset" 3339
"../../../../../../Users/AlumnoM/Desktop/PINGUS/Juego/Penguin/Content/Vehicles/SportsCar/Materials/Textures/T_SportsCar_Wheel_BC.uasset" 3340
"C:/Users/AlumnoM/Desktop/PINGUS/Juego/Penguin/Content/StarterContent/Textures/T_Wood_Floor_Walnut_D.uasset" 3341
"C:/Users/AlumnoM/Desktop/PINGUS/Juego/Penguin/Content/StarterContent/Textures/T_Water_M.uasset" 3342
"C:/Users/AlumnoM/Desktop/PINGUS/Juego/Penguin/Content/StarterContent/Textures/T_Tech_Panel_N.uasset" 3343
"C:/Users/AlumnoM/Desktop/PINGUS/Juego/Penguin/Content/StarterContent/Textures/T_Tech_Hex_Tile_N.uasset" 3344
"C:/Users/AlumnoM/Desktop/PINGUS/Juego/Penguin/Content/StarterContent/Textures/T_Tech_Panel_M.uasset" 3345
"C:/Users/AlumnoM/Desktop/PINGUS/Juego/Penguin/Content/StarterContent/Textures/T_Tech_Hex_Tile_M.uasset" 3346
"C:/Users/AlumnoM/Desktop/PINGUS/Juego/Penguin/Content/StarterContent/Textures/T_Tech_Dot_M.uasset" 3347
"C:/Users/AlumnoM/Desktop/PINGUS/Juego/Penguin/Content/StarterContent/Textures/T_TableRound_N.uasset" 3348
"C:/Users/AlumnoM/Desktop/PINGUS/Juego/Penguin/Content/StarterContent/Textures/T_Tech_Dot_N.uasset" 3349
"C:/Users/AlumnoM/Desktop/PINGUS/Juego/Penguin/Content/StarterContent/Textures/T_Statue_M.uasset" 3350
"C:/Users/AlumnoM/Desktop/PINGUS/Juego/Penguin/Content/StarterContent/Textures/T_TableRound_M.uasset" 3351
"C:/Users/AlumnoM/Desktop/PINGUS/Juego/Penguin/Content/StarterContent/Textures/T_Water_N.uasset" 3352
"C:/Users/AlumnoM/Desktop/PINGUS/Juego/Penguin/Content/StarterContent/Textures/T_Spark_Core.uasset" 3353
"C:/Users/AlumnoM/Desktop/PINGUS/Juego/Penguin/Content/StarterContent/Textures/T_Statue_N.uasset" 3354
"C:/Users/AlumnoM/Desktop/PINGUS/Juego/Penguin/Content/StarterContent/Textures/T_Smoke_SubUV.uasset" 3355
"C:/Users/AlumnoM/Desktop/PINGUS/Juego/Penguin/Content/StarterContent/Textures/T_Single_Tile_N.uasset" 3356
"C:/Users/AlumnoM/Desktop/PINGUS/Juego/Penguin/Content/StarterContent/Textures/T_Shelf_N.uasset" 3357
"C:/Users/AlumnoM/Desktop/PINGUS/Juego/Penguin/Content/StarterContent/Textures/T_Shelf_M.uasset" 3358
"C:/Users/AlumnoM/Desktop/PINGUS/Juego/Penguin/Content/StarterContent/Textures/T_Smoke_Tiled_D.uasset" 3359
"C:/Users/AlumnoM/Desktop/PINGUS/Juego/Penguin/Content/StarterContent/Textures/T_Rock_Slate_N.uasset" 3360
"C:/Users/AlumnoM/Desktop/PINGUS/Juego/Penguin/Content/StarterContent/Textures/T_Rock_Smooth_Granite_D.uasset" 3361
"C:/Users/AlumnoM/Desktop/PINGUS/Juego/Penguin/Content/StarterContent/Textures/T_Rock_Sandstone_D.uasset" 3362
"C:/Users/AlumnoM/Desktop/PINGUS/Juego/Penguin/Content/StarterContent/Textures/T_Rock_Sandstone_N.uasset" 3363
"C:/Users/AlumnoM/Desktop/PINGUS/Juego/Penguin/Content/StarterContent/Textures/T_Rock_Slate_D.uasset" 3364
"C:/Users/AlumnoM/Desktop/PINGUS/Juego/Penguin/Content/StarterContent/Textures/T_RockMesh_N.uasset" 3365
"C:/Users/AlumnoM/Desktop/PINGUS/Juego/Penguin/Content/StarterContent/Textures/T_Rock_Basalt_N.uasset" 3366
"C:/Users/AlumnoM/Desktop/PINGUS/Juego/Penguin/Content/StarterContent/Textures/T_Rock_Basalt_D.uasset" 3367
"C:/Users/AlumnoM/Desktop/PINGUS/Juego/Penguin/Content/StarterContent/Textures/T_Perlin_Noise_M.uasset" 3368
"C:/Users/AlumnoM/Desktop/PINGUS/Juego/Penguin/Content/StarterContent/Textures/T_RockMesh_M.uasset" 3369
"C:/Users/AlumnoM/Desktop/PINGUS/Juego/Penguin/Content/StarterContent/Textures/T_Rock_Marble_Polished_D.uasset" 3370
"C:/Users/AlumnoM/Desktop/PINGUS/Juego/Penguin/Content/StarterContent/Textures/T_Metal_Rust_D.uasset" 3371
"C:/Users/AlumnoM/Desktop/PINGUS/Juego/Penguin/Content/StarterContent/Textures/T_Metal_Steel_D.uasset" 3372
"C:/Users/AlumnoM/Desktop/PINGUS/Juego/Penguin/Content/StarterContent/Textures/T_Metal_Steel_N.uasset" 3373
"C:/Users/AlumnoM/Desktop/PINGUS/Juego/Penguin/Content/StarterContent/Textures/T_Metal_Rust_N.uasset" 3374
"C:/Users/AlumnoM/Desktop/PINGUS/Juego/Penguin/Content/StarterContent/Textures/T_Metal_Gold_N.uasset" 3375
"C:/Users/AlumnoM/Desktop/PINGUS/Juego/Penguin/Content/StarterContent/Textures/T_Metal_Copper_D.uasset" 3376
"C:/Users/AlumnoM/Desktop/PINGUS/Juego/Penguin/Content/StarterContent/Textures/T_Metal_Aluminum_D.uasset" 3377
"C:/Users/AlumnoM/Desktop/PINGUS/Juego/Penguin/Content/StarterContent/Textures/T_Metal_Gold_D.uasset" 3378
"C:/Users/AlumnoM/Desktop/PINGUS/Juego/Penguin/Content/StarterContent/Textures/T_MacroVariation.uasset" 3379
"C:/Users/AlumnoM/Desktop/PINGUS/Juego/Penguin/Content/StarterContent/Textures/T_Lamp_M.uasset" 3380
"C:/Users/AlumnoM/Desktop/PINGUS/Juego/Penguin/Content/StarterContent/Textures/T_Ground_Moss_N.uasset" 3381
"C:/Users/AlumnoM/Desktop/PINGUS/Juego/Penguin/Content/StarterContent/Textures/T_Lamp_N.uasset" 3382
"C:/Users/AlumnoM/Desktop/PINGUS/Juego/Penguin/Content/StarterContent/Textures/T_ground_Moss_D.uasset" 3383
"C:/Users/AlumnoM/Desktop/PINGUS/Juego/Penguin/Content/StarterContent/Textures/T_Gradinet_01.uasset" 3384
"C:/Users/AlumnoM/Desktop/PINGUS/Juego/Penguin/Content/StarterContent/Textures/T_Ground_Grass_N.uasset" 3385
"C:/Users/AlumnoM/Desktop/PINGUS/Juego/Penguin/Content/StarterContent/Textures/T_Ground_Grass_D.uasset" 3386
"C:/Users/AlumnoM/Desktop/PINGUS/Juego/Penguin/Content/StarterContent/Textures/T_Ground_Gravel_D.uasset" 3387
"C:/Users/AlumnoM/Desktop/PINGUS/Juego/Penguin/Content/StarterContent/Textures/T_Ground_Gravel_N.uasset" 3388
"C:/Users/AlumnoM/Desktop/PINGUS/Juego/Penguin/Content/StarterContent/Textures/T_Frame_M.uasset" 3389
"C:/Users/AlumnoM/Desktop/PINGUS/Juego/Penguin/Content/StarterContent/Textures/T_Frame_N.uasset" 3390
"C:/Users/AlumnoM/Desktop/PINGUS/Juego/Penguin/Content/StarterContent/Textures/T_Dust_Particle_D.uasset" 3391
"C:/Users/AlumnoM/Desktop/PINGUS/Juego/Penguin/Content/StarterContent/Textures/T_Explosion_SubUV.uasset" 3392
"C:/Users/AlumnoM/Desktop/PINGUS/Juego/Penguin/Content/StarterContent/Textures/T_Fire_Tiled_D.uasset" 3393
"C:/Users/AlumnoM/Desktop/PINGUS/Juego/Penguin/Content/StarterContent/Textures/T_Fire_SubUV.uasset" 3394
"C:/Users/AlumnoM/Desktop/PINGUS/Juego/Penguin/Content/StarterContent/Textures/T_Door_M.uasset" 3395
"C:/Users/AlumnoM/Desktop/PINGUS/Juego/Penguin/Content/StarterContent/Textures/T_Detail_Rocky_N.uasset" 3396
"C:/Users/AlumnoM/Desktop/PINGUS/Juego/Penguin/Content/StarterContent/Textures/T_Door_N.uasset" 3397
"C:/Users/AlumnoM/Desktop/PINGUS/Juego/Penguin/Content/StarterContent/Textures/T_Concrete_Tiles_Variation_M.uasset" 3398
"C:/Users/AlumnoM/Desktop/PINGUS/Juego/Penguin/Content/StarterContent/Textures/T_Concrete_Tiles_M.uasset" 3399
"C:/Users/AlumnoM/Desktop/PINGUS/Juego/Penguin/Content/StarterContent/Textures/T_Concrete_Tiles_D.uasset" 3400
"C:/Users/AlumnoM/Desktop/PINGUS/Juego/Penguin/Content/StarterContent/Textures/T_Concrete_Tiles_N.uasset" 3401
"C:/Users/AlumnoM/Desktop/PINGUS/Juego/Penguin/Content/StarterContent/Textures/T_Concrete_Panels_N.uasset" 3402
"C:/Users/AlumnoM/Desktop/PINGUS/Juego/Penguin/Content/StarterContent/Textures/T_Concrete_Poured_D.uasset" 3403
"C:/Users/AlumnoM/Desktop/PINGUS/Juego/Penguin/Content/StarterContent/Textures/T_Concrete_Poured_N.uasset" 3404
"C:/Users/AlumnoM/Desktop/PINGUS/Juego/Penguin/Content/StarterContent/Textures/T_Concrete_Grime_D.uasset" 3405
"C:/Users/AlumnoM/Desktop/PINGUS/Juego/Penguin/Content/StarterContent/Textures/T_Concrete_Panels_D.uasset" 3406
"C:/Users/AlumnoM/Desktop/PINGUS/Juego/Penguin/Content/StarterContent/Textures/T_CobbleStone_Smooth_N.uasset" 3407
"C:/Users/AlumnoM/Desktop/PINGUS/Juego/Penguin/Content/StarterContent/Textures/T_CobbleStone_Smooth_M.uasset" 3408
"C:/Users/AlumnoM/Desktop/PINGUS/Juego/Penguin/Content/StarterContent/Textures/T_CobbleStone_Rough_N.uasset" 3409
"C:/Users/AlumnoM/Desktop/PINGUS/Juego/Penguin/Content/StarterContent/Textures/T_CobbleStone_Smooth_D.uasset" 3410
"C:/Users/AlumnoM/Desktop/PINGUS/Juego/Penguin/Content/StarterContent/Textures/T_CobbleStone_Pebble_M.uasset" 3411
"C:/Users/AlumnoM/Desktop/PINGUS/Juego/Penguin/Content/StarterContent/Textures/T_CobbleStone_Pebble_N.uasset" 3412
"C:/Users/AlumnoM/Desktop/PINGUS/Juego/Penguin/Content/StarterContent/Textures/T_CobbleStone_Pebble_D.uasset" 3413
"C:/Users/AlumnoM/Desktop/PINGUS/Juego/Penguin/Content/StarterContent/Textures/T_CobbleStone_Rough_D.uasset" 3414
"C:/Users/AlumnoM/Desktop/PINGUS/Juego/Penguin/Content/StarterContent/Textures/T_Chair_N.uasset" 3415
"C:/Users/AlumnoM/Desktop/PINGUS/Juego/Penguin/Content/StarterContent/Textures/T_Chair_M.uasset" 3416
"C:/Users/AlumnoM/Desktop/PINGUS/Juego/Penguin/Content/StarterContent/Textures/T_Ceramic_Tile_N.uasset" 3417
"C:/Users/AlumnoM/Desktop/PINGUS/Juego/Penguin/Content/StarterContent/Textures/T_Checker_Noise_M.uasset" 3418
"C:/Users/AlumnoM/Desktop/PINGUS/Juego/Penguin/Content/StarterContent/Textures/T_Ceramic_Tile_M.uasset" 3419
"C:/Users/AlumnoM/Desktop/PINGUS/Juego/Penguin/Content/StarterContent/Textures/T_Bush_N.uasset" 3420
"C:/Users/AlumnoM/Desktop/PINGUS/Juego/Penguin/Content/StarterContent/Textures/T_Burst_M.uasset" 3421
"C:/Users/AlumnoM/Desktop/PINGUS/Juego/Penguin/Content/StarterContent/Textures/T_Bush_D.uasset" 3422
"C:/Users/AlumnoM/Desktop/PINGUS/Juego/Penguin/Content/StarterContent/Textures/T_Brick_Hewn_Stone_N.uasset" 3423
"C:/Users/AlumnoM/Desktop/PINGUS/Juego/Penguin/Content/StarterContent/Textures/T_Brick_Hewn_Stone_M.uasset" 3424
"C:/Users/AlumnoM/Desktop/PINGUS/Juego/Penguin/Content/StarterContent/Textures/T_Brick_Hewn_Stone_D.uasset" 3425
"C:/Users/AlumnoM/Desktop/PINGUS/Juego/Penguin/Content/StarterContent/Textures/T_Brick_Cut_Stone_D.uasset" 3426
"C:/Users/AlumnoM/Desktop/PINGUS/Juego/Penguin/Content/StarterContent/Textures/T_Brick_Cut_Stone_N.uasset" 3427
"C:/Users/AlumnoM/Desktop/PINGUS/Juego/Penguin/Content/StarterContent/Textures/T_Brick_Clay_Old_N.uasset" 3428
"C:/Users/AlumnoM/Desktop/PINGUS/Juego/Penguin/Content/StarterContent/Textures/T_Brick_Clay_Old_D.uasset" 3429
"C:/Users/AlumnoM/Desktop/PINGUS/Juego/Penguin/Content/StarterContent/Textures/T_Brick_Clay_New_D.uasset" 3430
"C:/Users/AlumnoM/Desktop/PINGUS/Juego/Penguin/Content/StarterContent/Textures/T_Brick_Clay_New_N.uasset" 3431
"C:/Users/AlumnoM/Desktop/PINGUS/Juego/Penguin/Content/StarterContent/Textures/T_Brick_Clay_New_M.uasset" 3432
"C:/Users/AlumnoM/Desktop/PINGUS/Juego/Penguin/Content/StarterContent/Textures/T_Brick_Clay_Beveled_N.uasset" 3433
"C:/Users/AlumnoM/Desktop/PINGUS/Juego/Penguin/Content/StarterContent/Particles/Materials/m_flare_01.uasset" 3434
"C:/Users/AlumnoM/Desktop/PINGUS/Juego/Penguin/Content/StarterContent/Materials/M_Basic_Wall.uasset" 3435
"C:/Users/AlumnoM/Desktop/PINGUS/Juego/Penguin/Content/StarterContent/Materials/M_Glass.uasset" 3436
"C:/Users/AlumnoM/Desktop/PINGUS/Juego/Penguin/Content/StarterContent/Textures/T_Brick_Clay_Beveled_M.uasset" 3437
"C:/Users/AlumnoM/Desktop/PINGUS/Juego/Penguin/Content/StarterContent/Materials/M_Basic_Floor.uasset" 3438
"C:/Users/AlumnoM/Desktop/PINGUS/Juego/Penguin/Content/StarterContent/Textures/T_Brick_Clay_Beveled_D.uasset" 3439
"C:/Users/AlumnoM/Desktop/PINGUS/Juego/Penguin/Content/StarterContent/Blueprints/Assets/SunlightColorLUT.uasset" 3440
"C:/Users/AlumnoM/Desktop/PINGUS/Juego/Penguin/Content/StarterContent/Blueprints/Assets/FogBrightnessLUT.uasset" 3441
"C:/Users/AlumnoM/Desktop/PINGUS/Juego/Penguin/Content/StarterContent/Materials/M_AssetPlatform.uasset" 3442
"C:/Users/AlumnoM/Desktop/PINGUS/Juego/Penguin/Content/StarterContent/Maps/Advanced_Lighting_BuiltData.uasset" 3443
"C:/Users/AlumnoM/Desktop/PINGUS/Juego/Penguin/Content/StarterContent/Blueprints/Assets/M_LightStage_Arrows.uasset" 3444
"C:/Users/AlumnoM/Desktop/PINGUS/Juego/Penguin/Content/StarterContent/HDRI/HDRI_Epic_Courtyard_Daylight.uasset" 3445
"C:/Users/AlumnoM/Desktop/PINGUS/Juego/Penguin/Content/StarterContent/Maps/StarterMap_BuiltData.uasset" 3446
"C:/Users/AlumnoM/Desktop/PINGUS/Juego/Penguin/Content/StarterContent/Maps/Minimal_Default_BuiltData.uasset" 3447
"C:/Users/AlumnoM/Desktop/PINGUS/Juego/Penguin/Content/StarterContent/Audio/Starter_Music_Cue.uasset" 3448
"C:/Users/AlumnoM/Desktop/PINGUS/Juego/Penguin/Content/StarterContent/Audio/Steam01_Cue.uasset" 3449
"C:/Users/AlumnoM/Desktop/PINGUS/Juego/Penguin/Content/StarterContent/Audio/Starter_Background_Cue.uasset" 3450
"C:/Users/AlumnoM/Desktop/PINGUS/Juego/Penguin/Content/StarterContent/Audio/Steam01.uasset" 3451
"C:/Users/AlumnoM/Desktop/PINGUS/Juego/Penguin/Content/StarterContent/Audio/Starter_Wind05.uasset" 3452
"C:/Users/AlumnoM/Desktop/PINGUS/Juego/Penguin/Content/StarterContent/Audio/Starter_Wind06.uasset" 3453
"C:/Users/AlumnoM/Desktop/PINGUS/Juego/Penguin/Content/StarterContent/Audio/Starter_Music01.uasset" 3454
"C:/Users/AlumnoM/Desktop/PINGUS/Juego/Penguin/Content/StarterContent/Audio/Light02_Cue.uasset" 3455
"C:/Users/AlumnoM/Desktop/PINGUS/Juego/Penguin/Content/StarterContent/Audio/Starter_Birds01.uasset" 3456
"C:/Users/AlumnoM/Desktop/PINGUS/Juego/Penguin/Content/StarterContent/Audio/Smoke01_Cue.uasset" 3457
"C:/Users/AlumnoM/Desktop/PINGUS/Juego/Penguin/Content/StarterContent/Audio/Fire_Sparks01.uasset" 3458
"C:/Users/AlumnoM/Desktop/PINGUS/Juego/Penguin/Content/StarterContent/Audio/Fire01_Cue.uasset" 3459
"C:/Users/AlumnoM/Desktop/PINGUS/Juego/Penguin/Content/StarterContent/Audio/Light01_Cue.uasset" 3460
"C:/Users/AlumnoM/Desktop/PINGUS/Juego/Penguin/Content/StarterContent/Audio/Smoke01.uasset" 3461
"C:/Users/AlumnoM/Desktop/PINGUS/Juego/Penguin/Content/StarterContent/Audio/Fire_Sparks01_Cue.uasset" 3462
"C:/Users/AlumnoM/Desktop/PINGUS/Juego/Penguin/Content/StarterContent/Audio/Light02.uasset" 3463
"C:/Users/AlumnoM/Desktop/PINGUS/Juego/Penguin/Content/StarterContent/Audio/Light01.uasset" 3464
"C:/Users/AlumnoM/Desktop/PINGUS/Juego/Penguin/Content/StarterContent/Audio/Explosion_Cue.uasset" 3465
"C:/Users/AlumnoM/Desktop/PINGUS/Juego/Penguin/Content/StarterContent/Audio/Explosion01.uasset" 3466
"C:/Users/AlumnoM/Desktop/PINGUS/Juego/Penguin/Content/StarterContent/Audio/Explosion02.uasset" 3467
"C:/Users/AlumnoM/Desktop/PINGUS/Juego/Penguin/Content/StarterContent/Audio/Fire01.uasset" 3468
"C:/Users/AlumnoM/Desktop/PINGUS/Juego/Penguin/Content/StarterContent/Audio/Collapse_Cue.uasset" 3469
"C:/Users/AlumnoM/Desktop/PINGUS/Juego/Penguin/Content/StarterContent/Audio/Collapse02.uasset" 3470
"C:/Users/AlumnoM/Desktop/PINGUS/Juego/Penguin/Content/StarterContent/Audio/Collapse01.uasset" 3471
"C:/Users/AlumnoM/Desktop/PINGUS/Juego/Penguin/Content/Shaders/Shader1/M_Shader1.uasset" 3472
"C:/Users/AlumnoM/Desktop/PINGUS/Juego/Penguin/Content/Menus/options/png/Mando2.uasset" 3473
"C:/Users/AlumnoM/Desktop/PINGUS/Juego/Penguin/Content/Menus/options/png/Mando1.uasset" 3474
"C:/Users/AlumnoM/Desktop/PINGUS/Juego/Penguin/Content/Menus/MainMenu/MainMenuPNNG/PressedExit.uasset" 3475
"C:/Users/AlumnoM/Desktop/PINGUS/Juego/Penguin/Content/Menus/MainMenu/MainMenuPNNG/UI_Gameplay_blocking.uasset" 3476
"../../../../../../Users/AlumnoM/Desktop/PINGUS/Juego/Penguin/Content/StarterContent/Audio/Steam01.uasset" 3477
"C:/Users/AlumnoM/Desktop/PINGUS/Juego/Penguin/Content/Menus/MainMenu/MainMenuPNNG/PressedStart.uasset" 3478
"C:/Users/AlumnoM/Desktop/PINGUS/Juego/Penguin/Content/Menus/MainMenu/MainMenuPNNG/Logo.uasset" 3479
"C:/Users/AlumnoM/Desktop/PINGUS/Juego/Penguin/Content/Menus/MainMenu/MainMenuPNNG/Portada.uasset" 3480
"../../../../../../Users/AlumnoM/Desktop/PINGUS/Juego/Penguin/Content/StarterContent/Audio/Starter_Wind06.uasset" 3481
"../../../../../../Users/AlumnoM/Desktop/PINGUS/Juego/Penguin/Content/StarterContent/Audio/Starter_Wind05.uasset" 3482
"C:/Users/AlumnoM/Desktop/PINGUS/Juego/Penguin/Content/Menus/MainMenu/MainMenuPNNG/BotonVolume.uasset" 3483
"C:/Users/AlumnoM/Desktop/PINGUS/Juego/Penguin/Content/Menus/MainMenu/MainMenuPNNG/Boton_pressed.uasset" 3484
"../../../../../../Users/AlumnoM/Desktop/PINGUS/Juego/Penguin/Content/StarterContent/Audio/Starter_Music01.uasset" 3485
"C:/Users/AlumnoM/Desktop/PINGUS/Juego/Penguin/Content/Menus/MainMenu/MainMenuPNNG/BotonStart.uasset" 3486
"C:/Users/AlumnoM/Desktop/PINGUS/Juego/Penguin/Content/Menus/MainMenu/MainMenuPNNG/BotonExit.uasset" 3487
"C:/Users/AlumnoM/Desktop/PINGUS/Juego/Penguin/Content/Menus/MainMenu/MainMenuPNNG/Boton.uasset" 3488
"../../../../../../Users/AlumnoM/Desktop/PINGUS/Juego/Penguin/Content/StarterContent/Audio/Starter_Birds01.uasset" 3489
"C:/Users/AlumnoM/Desktop/PINGUS/Juego/Penguin/Content/Menus/MainMenu/MenuGameMode.uasset" 3490
"C:/Users/AlumnoM/Desktop/PINGUS/Juego/Penguin/Content/Menus/LevelSelector/Menu_Lvls/Soon.uasset" 3491
"../../../../../../Users/AlumnoM/Desktop/PINGUS/Juego/Penguin/Content/StarterContent/Audio/Smoke01.uasset" 3492
"../../../../../../Users/AlumnoM/Desktop/PINGUS/Juego/Penguin/Content/StarterContent/Audio/Light02.uasset" 3493
"C:/Users/AlumnoM/Desktop/PINGUS/Juego/Penguin/Content/Menus/LevelSelector/Menu_Lvls/Main_Menu.uasset" 3494
"C:/Users/AlumnoM/Desktop/PINGUS/Juego/Penguin/Content/Menus/LevelSelector/Menu_Lvls/Fondo_Select.uasset" 3495
"../../../../../../Users/AlumnoM/Desktop/PINGUS/Juego/Penguin/Content/StarterContent/Audio/Light01.uasset" 3496
"C:/Users/AlumnoM/Desktop/PINGUS/Juego/Penguin/Content/Menus/LevelSelector/Menu_Lvls/Level1.uasset" 3497
"C:/Users/AlumnoM/Desktop/PINGUS/Juego/Penguin/Content/Menus/LevelSelector/Menu_Lvls/2024_.uasset" 3498
"C:/Users/AlumnoM/Desktop/PINGUS/Juego/Penguin/Content/Menus/LevelSelector/Menu_Lvls/Export.uasset" 3499
"../../../../../../Users/AlumnoM/Desktop/PINGUS/Juego/Penguin/Content/StarterContent/Audio/Fire_Sparks01.uasset" 3500
"C:/Users/AlumnoM/Desktop/PINGUS/Juego/Penguin/Content/boostpickuptest/boostpickupv1.uasset" 3501
"../../../../../../Users/AlumnoM/Desktop/PINGUS/Juego/Penguin/Content/StarterContent/Audio/Fire01.uasset" 3502
"C:/Users/AlumnoM/Desktop/PINGUS/Juego/Penguin/Content/Menus/LevelSelector/Levelselector.uasset" 3503
"C:/Users/AlumnoM/Desktop/PINGUS/Juego/Penguin/Content/LevelPrototyping/Textures/T_GridChecker_A.uasset" 3504
"../../../../../../Users/AlumnoM/Desktop/PINGUS/Juego/Penguin/Content/StarterContent/Audio/Explosion01.uasset" 3505
"../../../../../../Users/AlumnoM/Desktop/PINGUS/Juego/Penguin/Content/StarterContent/Audio/Explosion02.uasset" 3506
"C:/Users/AlumnoM/Desktop/PINGUS/Juego/Penguin/Content/Level3_HLOD0_Instancing.uasset" 3507
"C:/Users/AlumnoM/Desktop/PINGUS/Juego/Penguin/Content/AI/BPI_Vehicle.uasset" 3508
"C:/Users/AlumnoM/Desktop/PINGUS/Juego/Penguin/Content/LevelPrototyping/Materials/M_Solid.uasset" 3509
"../../../../../../Users/AlumnoM/Desktop/PINGUS/Juego/Penguin/Content/StarterContent/Audio/Collapse01.uasset" 3510
"../../../Engine/Plugins/Interchange/Runtime/Content/Functions/MF_SchlickApprox.uasset" 3511
"../../../Engine/Plugins/Interchange/Runtime/Content/Functions/MF_OrenNayerView.uasset" 3512
"../../../../../../Users/AlumnoM/Desktop/PINGUS/Juego/Penguin/Content/StarterContent/Audio/Collapse02.uasset" 3513
"../../../../../../Users/AlumnoM/Desktop/PINGUS/Juego/Penguin/Content/Vehicles/OffroadCar/Materials/Textures/T_OffroadCar_Body_Tan.uasset" 3514
"../../../Engine/Content/MobileResources/HUD/VirtualJoystick_Background.uasset" 3515
"../../../Engine/Content/EngineMaterials/DefaultCalibrationGrayscale.uasset" 3516
"../../../Engine/Content/EngineMaterials/DefaultCalibrationColor.uasset" 3517
"../../../Engine/Content/MobileResources/HUD/VirtualJoystick_Thumb.uasset" 3518
"../../../Engine/Content/EngineSounds/Submixes/MasterReverbEffectPreset.uasset" 3519
"../../../Engine/Content/EditorMaterials/PreviewShadowIndicator.uasset" 3520
"../../../Engine/Content/Maps/Entry_BuiltData.uasset" 3521
"../../../Engine/Content/EngineSounds/Submixes/MasterEQEffectPreset.uasset" 3522
"../../../Engine/Content/Functions/Engine_MaterialFunctions01/Gradient/RadialGradient.uasset" 3523
"../../../Engine/Content/EngineSky/M_SimpleSkyDome.uasset" 3524
"../../../Engine/Plugins/Interchange/Runtime/Content/Functions/MF_PhongToMetalRoughness.uasset" 3525
"../../../Engine/Content/Functions/Engine_MaterialFunctions02/Utility/BlendAngleCorrectedNormals.uasset" 3526
"../../../Engine/Content/Functions/Engine_MaterialFunctions01/Opacity/AlphaOffset.uasset" 3527
"../../../Engine/Content/EditorMeshes/ColorCalibrator/T_ColorGrid.uasset" 3528
"../../../Engine/Content/MapTemplates/Sky/DaylightAmbientCubemap.uasset" 3529
"../../../Engine/Content/Functions/Engine_MaterialFunctions01/Volumetrics/BeersLaw.uasset" 3530
"../../../Engine/Content/EditorMeshes/ColorCalibrator/M_GreyBall.uasset" 3531
"../../../Engine/Content/EditorMeshes/ColorCalibrator/M_ClearCoat.uasset" 3532
"../../../Engine/Content/Functions/Engine_MaterialFunctions01/Gradient/LinearGradient.uasset" 3533
"../../../Engine/Content/EditorMeshes/ColorCalibrator/M_ChromeBall.uasset" 3534
"../../../Engine/Content/EngineSky/T_Sky_Stars.uasset" 3535
"../../../Engine/Content/EngineSky/T_Sky_Clouds_M.uasset" 3536
"../../../Engine/Content/EditorMeshes/ColorCalibrator/M_ClearCoatBlack.uasset" 3537
"../../../Engine/Content/EngineSky/T_Sky_Blue.uasset" 3538
"../../../Engine/Content/EditorMeshes/ColorCalibrator/Color_checker.uasset" 3539
"../../../Engine/Content/Functions/Engine_MaterialFunctions02/ScreenResolution.uasset" 3540
"C:/Users/AlumnoM/Desktop/PINGUS/Juego/Penguin/Content/Vehicles/OffroadCar/Offroad_CtrlRig.uasset" 3541
"C:/Users/AlumnoM/Desktop/PINGUS/Juego/Penguin/Content/Vehicles/SportsCar/SportsCar_CtrlRig.uasset" 3542
"../../../Engine/Content/Functions/Engine_MaterialFunctions01/Texturing/ScaleUVsByCenter.uasset" 3543
"../../../Engine/Content/ArtTools/RenderToTexture/MaterialFunctions/CheckerPattern.uasset" 3544
"../../../Engine/Content/EngineMaterials/AntiAliasedTextMaterialTranslucent.uasset" 3545
"C:/Users/AlumnoM/Desktop/PINGUS/Juego/Penguin/Content/VehicleTemplate/Input/Actions/IA_Break.uasset" 3546
"C:/Users/AlumnoM/Desktop/PINGUS/Juego/Penguin/Content/VehicleTemplate/Input/IMC_Default.uasset" 3547
"C:/Users/AlumnoM/Desktop/PINGUS/Juego/Penguin/Content/VehicleTemplate/Blueprints/True_kart3/kart_rig_idle.uasset" 3548
"C:/Users/AlumnoM/Desktop/PINGUS/Juego/Penguin/Content/Vehicles/test_car/obje/kart_resize.uasset" 3549
"C:/Users/AlumnoM/Desktop/PINGUS/Juego/Penguin/Content/Vehicles/OffroadCar/Materials/MI_OffroadCar_Lights.uasset" 3550
"C:/Users/AlumnoM/Desktop/PINGUS/Juego/Penguin/Content/Vehicles/SportsCar/Materials/M_SportsCar_Wheel.uasset" 3551
"C:/Users/AlumnoM/Desktop/PINGUS/Juego/Penguin/Content/Vehicles/OffroadCar/Materials/M_OffroadCar_Wheel.uasset" 3552
"C:/Users/AlumnoM/Desktop/PINGUS/Juego/Penguin/Content/VehicleTemplate/Blueprints/True_kart3/kart_rig.uasset" 3553
"C:/Users/AlumnoM/Desktop/PINGUS/Juego/Penguin/Content/VehicleTemplate/Blueprints/Kart3/chasis.uasset" 3554
"C:/Users/AlumnoM/Desktop/PINGUS/Juego/Penguin/Content/Vehicles/SportsCar/Materials/M_SportsCar.uasset" 3555
"C:/Users/AlumnoM/Desktop/PINGUS/Juego/Penguin/Content/Tracks/mapa_02/props/Palos_02_Mat.uasset" 3556
"C:/Users/AlumnoM/Desktop/PINGUS/Juego/Penguin/Content/Tracks/Prueba_mapa2/BlokingCircuito3_01_Cube_014.uasset" 3557
"C:/Users/AlumnoM/Desktop/PINGUS/Juego/Penguin/Content/Vehicles/SportsCar/kart_reoriented_TESKELETON.uasset" 3558
"../../../../../../Users/AlumnoM/Desktop/PINGUS/Juego/Penguin/Content/Tracks/mapa_02/props/Textura_Caja.uasset" 3559
"../../../../../../Users/AlumnoM/Desktop/PINGUS/Juego/Penguin/Content/Tracks/mapa_02/props/Rampa_Textura.uasset" 3560
"C:/Users/AlumnoM/Desktop/PINGUS/Juego/Penguin/Content/Tracks/mapa_02/Material_006.uasset" 3561
"C:/Users/AlumnoM/Desktop/PINGUS/Juego/Penguin/Content/Tracks/mapa_02/Material_011.uasset" 3562
"C:/Users/AlumnoM/Desktop/PINGUS/Juego/Penguin/Content/StarterContent/Particles/Materials/M_Heat_Distortion.uasset" 3563
"C:/Users/AlumnoM/Desktop/PINGUS/Juego/Penguin/Content/StarterContent/Props/Materials/M_TableRound.uasset" 3564
"C:/Users/AlumnoM/Desktop/PINGUS/Juego/Penguin/Content/StarterContent/Props/Materials/M_StatueGlass.uasset" 3565
"C:/Users/AlumnoM/Desktop/PINGUS/Juego/Penguin/Content/StarterContent/Particles/Materials/M_Spark.uasset" 3566
"C:/Users/AlumnoM/Desktop/PINGUS/Juego/Penguin/Content/StarterContent/Particles/Materials/M_smoke_subUV.uasset" 3567
"C:/Users/AlumnoM/Desktop/PINGUS/Juego/Penguin/Content/StarterContent/Props/Materials/M_Statue.uasset" 3568
"../../../../../../Users/AlumnoM/Desktop/PINGUS/Juego/Penguin/Content/Tracks/mapa_02/props/ContainerTexturas_Interior_Azul.uasset" 3569
"../../../../../../Users/AlumnoM/Desktop/PINGUS/Juego/Penguin/Content/Tracks/mapa_02/Gradient_Pallete_metallic.uasset" 3570
"C:/Users/AlumnoM/Desktop/PINGUS/Juego/Penguin/Content/StarterContent/Props/Materials/M_Shelf.uasset" 3571
"C:/Users/AlumnoM/Desktop/PINGUS/Juego/Penguin/Content/StarterContent/Materials/M_Wood_Floor_Walnut_Polished.uasset" 3572
"C:/Users/AlumnoM/Desktop/PINGUS/Juego/Penguin/Content/StarterContent/Materials/M_Water_Lake.uasset" 3573
"C:/Users/AlumnoM/Desktop/PINGUS/Juego/Penguin/Content/StarterContent/Materials/M_Rock_Marble_Polished.uasset" 3574
"C:/Users/AlumnoM/Desktop/PINGUS/Juego/Penguin/Content/StarterContent/Materials/M_Wood_Walnut.uasset" 3575
"../../../../../../Users/AlumnoM/Desktop/PINGUS/Juego/Penguin/Content/Menus/MainMenu/MainMenuPNNG/UI_Gameplay_blocking.uasset" 3576
"../../../../../../Users/AlumnoM/Desktop/PINGUS/Juego/Penguin/Content/Menus/MainMenu/MainMenuPNNG/PressedStart.uasset" 3577
"../../../../../../Users/AlumnoM/Desktop/PINGUS/Juego/Penguin/Content/Menus/MainMenu/MainMenuPNNG/PressedExit.uasset" 3578
"../../../../../../Users/AlumnoM/Desktop/PINGUS/Juego/Penguin/Content/Menus/MainMenu/MainMenuPNNG/Boton_pressed.uasset" 3579
"../../../../../../Users/AlumnoM/Desktop/PINGUS/Juego/Penguin/Content/Menus/MainMenu/MainMenuPNNG/Boton.uasset" 3580
"../../../../../../Users/AlumnoM/Desktop/PINGUS/Juego/Penguin/Content/Menus/LevelSelector/Menu_Lvls/Export.uasset" 3581
"../../../../../../Users/AlumnoM/Desktop/PINGUS/Juego/Penguin/Content/VehicleTemplate/Blueprints/Kart3/chasis.uasset" 3582
"C:/Users/AlumnoM/Desktop/PINGUS/Juego/Penguin/Content/StarterContent/Materials/M_Wood_Pine.uasset" 3583
"C:/Users/AlumnoM/Desktop/PINGUS/Juego/Penguin/Content/StarterContent/Materials/M_Tech_Hex_Tile_Pulse.uasset" 3584
"C:/Users/AlumnoM/Desktop/PINGUS/Juego/Penguin/Content/StarterContent/Materials/M_Rock_Sandstone.uasset" 3585
"C:/Users/AlumnoM/Desktop/PINGUS/Juego/Penguin/Content/StarterContent/Materials/M_Tech_Panel.uasset" 3586
"C:/Users/AlumnoM/Desktop/PINGUS/Juego/Penguin/Content/StarterContent/Materials/M_Rock_Slate.uasset" 3587
"C:/Users/AlumnoM/Desktop/PINGUS/Juego/Penguin/Content/StarterContent/Materials/M_Metal_Gold.uasset" 3588
"C:/Users/AlumnoM/Desktop/PINGUS/Juego/Penguin/Content/StarterContent/Materials/M_Metal_Chrome.uasset" 3589
"C:/Users/AlumnoM/Desktop/PINGUS/Juego/Penguin/Content/StarterContent/Materials/M_Metal_Copper.uasset" 3590
"C:/Users/AlumnoM/Desktop/PINGUS/Juego/Penguin/Content/StarterContent/Materials/M_Metal_Brushed_Nickel.uasset" 3591
"C:/Users/AlumnoM/Desktop/PINGUS/Juego/Penguin/Content/StarterContent/Materials/M_Wood_Oak.uasset" 3592
"C:/Users/AlumnoM/Desktop/PINGUS/Juego/Penguin/Content/StarterContent/Materials/M_Metal_Burnished_Steel.uasset" 3593
"C:/Users/AlumnoM/Desktop/PINGUS/Juego/Penguin/Content/StarterContent/Materials/M_Rock_Basalt.uasset" 3594
"C:/Users/AlumnoM/Desktop/PINGUS/Juego/Penguin/Content/StarterContent/Materials/M_Metal_Steel.uasset" 3595
"C:/Users/AlumnoM/Desktop/PINGUS/Juego/Penguin/Content/StarterContent/Materials/M_Ground_Gravel.uasset" 3596
"C:/Users/AlumnoM/Desktop/PINGUS/Juego/Penguin/Content/StarterContent/Particles/Materials/M_Fire_SubUV.uasset" 3597
"C:/Users/AlumnoM/Desktop/PINGUS/Juego/Penguin/Content/StarterContent/Particles/Materials/M_explosion_subUV.uasset" 3598
"C:/Users/AlumnoM/Desktop/PINGUS/Juego/Penguin/Content/StarterContent/Props/Materials/M_Lamp.uasset" 3599
"C:/Users/AlumnoM/Desktop/PINGUS/Juego/Penguin/Content/StarterContent/Materials/M_Concrete_Poured.uasset" 3600
"C:/Users/AlumnoM/Desktop/PINGUS/Juego/Penguin/Content/StarterContent/Materials/M_Concrete_Panels.uasset" 3601
"C:/Users/AlumnoM/Desktop/PINGUS/Juego/Penguin/Content/StarterContent/Materials/M_Concrete_Tiles.uasset" 3602
"C:/Users/AlumnoM/Desktop/PINGUS/Juego/Penguin/Content/StarterContent/Props/Materials/M_Frame.uasset" 3603
"C:/Users/AlumnoM/Desktop/PINGUS/Juego/Penguin/Content/StarterContent/Materials/M_Ground_Moss.uasset" 3604
"C:/Users/AlumnoM/Desktop/PINGUS/Juego/Penguin/Content/StarterContent/Particles/Materials/M_Dust_Particle.uasset" 3605
"C:/Users/AlumnoM/Desktop/PINGUS/Juego/Penguin/Content/StarterContent/Materials/M_Ground_Grass.uasset" 3606
"C:/Users/AlumnoM/Desktop/PINGUS/Juego/Penguin/Content/StarterContent/Props/Materials/M_Door.uasset" 3607
"C:/Users/AlumnoM/Desktop/PINGUS/Juego/Penguin/Content/StarterContent/Materials/M_Concrete_Grime.uasset" 3608
"C:/Users/AlumnoM/Desktop/PINGUS/Juego/Penguin/Content/StarterContent/Props/Materials/M_Chair.uasset" 3609
"C:/Users/AlumnoM/Desktop/PINGUS/Juego/Penguin/Content/StarterContent/Materials/M_CobbleStone_Smooth.uasset" 3610
"C:/Users/AlumnoM/Desktop/PINGUS/Juego/Penguin/Content/StarterContent/Materials/M_CobbleStone_Rough.uasset" 3611
"C:/Users/AlumnoM/Desktop/PINGUS/Juego/Penguin/Content/StarterContent/Materials/M_CobbleStone_Pebble.uasset" 3612
"C:/Users/AlumnoM/Desktop/PINGUS/Juego/Penguin/Content/StarterContent/Materials/M_Tech_Checker_Dot.uasset" 3613
"C:/Users/AlumnoM/Desktop/PINGUS/Juego/Penguin/Content/StarterContent/Materials/M_Ceramic_Tile_Checker.uasset" 3614
"C:/Users/AlumnoM/Desktop/PINGUS/Juego/Penguin/Content/StarterContent/Props/Materials/M_Bush.uasset" 3615
"C:/Users/AlumnoM/Desktop/PINGUS/Juego/Penguin/Content/StarterContent/Materials/M_Brick_Hewn_Stone.uasset" 3616
"C:/Users/AlumnoM/Desktop/PINGUS/Juego/Penguin/Content/StarterContent/Materials/M_Brick_Cut_Stone.uasset" 3617
"C:/Users/AlumnoM/Desktop/PINGUS/Juego/Penguin/Content/StarterContent/Particles/Materials/M_Burst.uasset" 3618
"C:/Users/AlumnoM/Desktop/PINGUS/Juego/Penguin/Content/StarterContent/Props/SM_GlassWindow.uasset" 3619
"C:/Users/AlumnoM/Desktop/PINGUS/Juego/Penguin/Content/StarterContent/Materials/M_Brick_Clay_Beveled.uasset" 3620
"C:/Users/AlumnoM/Desktop/PINGUS/Juego/Penguin/Content/StarterContent/Shapes/Shape_WideCapsule.uasset" 3621
"C:/Users/AlumnoM/Desktop/PINGUS/Juego/Penguin/Content/StarterContent/Materials/M_Brick_Clay_New.uasset" 3622
"C:/Users/AlumnoM/Desktop/PINGUS/Juego/Penguin/Content/StarterContent/Shapes/Shape_Wedge_B.uasset" 3623
"C:/Users/AlumnoM/Desktop/PINGUS/Juego/Penguin/Content/StarterContent/Materials/M_Brick_Clay_Old.uasset" 3624
"C:/Users/AlumnoM/Desktop/PINGUS/Juego/Penguin/Content/StarterContent/Shapes/Shape_Wedge_A.uasset" 3625
"C:/Users/AlumnoM/Desktop/PINGUS/Juego/Penguin/Content/StarterContent/Shapes/Shape_TriPyramid.uasset" 3626
"C:/Users/AlumnoM/Desktop/PINGUS/Juego/Penguin/Content/StarterContent/Shapes/Shape_Trim_90_Out.uasset" 3627
"C:/Users/AlumnoM/Desktop/PINGUS/Juego/Penguin/Content/StarterContent/Shapes/Shape_Tube.uasset" 3628
"C:/Users/AlumnoM/Desktop/PINGUS/Juego/Penguin/Content/StarterContent/Shapes/Shape_Trim_90_In.uasset" 3629
"C:/Users/AlumnoM/Desktop/PINGUS/Juego/Penguin/Content/StarterContent/Shapes/Shape_Trim.uasset" 3630
"C:/Users/AlumnoM/Desktop/PINGUS/Juego/Penguin/Content/StarterContent/Shapes/Shape_Torus.uasset" 3631
"C:/Users/AlumnoM/Desktop/PINGUS/Juego/Penguin/Content/StarterContent/Shapes/Shape_Sphere.uasset" 3632
"C:/Users/AlumnoM/Desktop/PINGUS/Juego/Penguin/Content/StarterContent/Shapes/Shape_QuadPyramid.uasset" 3633
"C:/Users/AlumnoM/Desktop/PINGUS/Juego/Penguin/Content/StarterContent/Shapes/Shape_Plane.uasset" 3634
"C:/Users/AlumnoM/Desktop/PINGUS/Juego/Penguin/Content/StarterContent/Shapes/Shape_Pipe_90.uasset" 3635
"C:/Users/AlumnoM/Desktop/PINGUS/Juego/Penguin/Content/StarterContent/Shapes/Shape_Pipe_180.uasset" 3636
"C:/Users/AlumnoM/Desktop/PINGUS/Juego/Penguin/Content/StarterContent/Shapes/Shape_Pipe.uasset" 3637
"C:/Users/AlumnoM/Desktop/PINGUS/Juego/Penguin/Content/StarterContent/Shapes/Shape_NarrowCapsule.uasset" 3638
"C:/Users/AlumnoM/Desktop/PINGUS/Juego/Penguin/Content/StarterContent/Shapes/Shape_Cylinder.uasset" 3639
"C:/Users/AlumnoM/Desktop/PINGUS/Juego/Penguin/Content/StarterContent/Shapes/Shape_Cube.uasset" 3640
"C:/Users/AlumnoM/Desktop/PINGUS/Juego/Penguin/Content/StarterContent/Shapes/Shape_Cone.uasset" 3641
"C:/Users/AlumnoM/Desktop/PINGUS/Juego/Penguin/Content/StarterContent/Architecture/Wall_Window_400x300.uasset" 3642
"C:/Users/AlumnoM/Desktop/PINGUS/Juego/Penguin/Content/StarterContent/Architecture/Wall_Window_400x400.uasset" 3643
"C:/Users/AlumnoM/Desktop/PINGUS/Juego/Penguin/Content/StarterContent/Architecture/Wall_Door_400x400.uasset" 3644
"C:/Users/AlumnoM/Desktop/PINGUS/Juego/Penguin/Content/StarterContent/Architecture/Wall_Door_400x300.uasset" 3645
"C:/Users/AlumnoM/Desktop/PINGUS/Juego/Penguin/Content/StarterContent/Architecture/Wall_400x200.uasset" 3646
"C:/Users/AlumnoM/Desktop/PINGUS/Juego/Penguin/Content/StarterContent/Architecture/Wall_400x300.uasset" 3647
"C:/Users/AlumnoM/Desktop/PINGUS/Juego/Penguin/Content/StarterContent/Architecture/Wall_400x400.uasset" 3648
"C:/Users/AlumnoM/Desktop/PINGUS/Juego/Penguin/Content/StarterContent/Architecture/Floor_400x400.uasset" 3649
"C:/Users/AlumnoM/Desktop/PINGUS/Juego/Penguin/Content/Menus/options/OptionsMenu.uasset" 3650
"C:/Users/AlumnoM/Desktop/PINGUS/Juego/Penguin/Content/Menus/MenuGameMode.uasset" 3651
"C:/Users/AlumnoM/Desktop/PINGUS/Juego/Penguin/Content/StarterContent/Props/SM_Stairs.uasset" 3652
"C:/Users/AlumnoM/Desktop/PINGUS/Juego/Penguin/Content/StarterContent/Architecture/Pillar_50x500.uasset" 3653
"C:/Users/AlumnoM/Desktop/PINGUS/Juego/Penguin/Content/StarterContent/Architecture/Wall_500x500.uasset" 3654
"C:/Users/AlumnoM/Desktop/PINGUS/Juego/Penguin/Content/Shaders/Shader1/M_Shader1Inst.uasset" 3655
"C:/Users/AlumnoM/Desktop/PINGUS/Juego/Penguin/Content/StarterContent/Architecture/SM_AssetPlatform.uasset" 3656
"../../../Engine/Content/EngineMaterials/PPM_DefaultCalibrationColor.uasset" 3657
"../../../Engine/Plugins/Interchange/Runtime/Content/Functions/MX_Surface.uasset" 3658
"C:/Users/AlumnoM/Desktop/PINGUS/Juego/Penguin/Content/Track/M_Track.uasset" 3659
"C:/Users/AlumnoM/Desktop/PINGUS/Juego/Penguin/Content/AI/CarAI.uasset" 3660
"../../../Engine/Content/MobileResources/HUD/DefaultVirtualJoysticks.uasset" 3661
"../../../Engine/Content/EngineMaterials/PPM_DefaultCalibrationGrayscale.uasset" 3662
"C:/Users/AlumnoM/Desktop/PINGUS/Juego/Penguin/Content/Menus/LevelSelector/LevelSelect.uasset" 3663
"../../../Engine/Content/EngineMaterials/Substrate/GLints/AGlintTex2dArray.uasset" 3664
"../../../Engine/Content/EngineMaterials/Substrate/Volume/SubstrateSimpleVolumeEnvLUT3D.uasset" 3665
"../../../Engine/Content/EngineMaterials/Substrate/GLints2/AGlintTex2dArray2.uasset" 3666
"../../../Engine/Content/EngineMaterials/Substrate/Volume/SubstrateSimpleVolumeLUT3D.uasset" 3667
"C:/Users/AlumnoM/Desktop/PINGUS/Juego/Penguin/Content/LevelPrototyping/Materials/MI_Solid_Blue.uasset" 3668
"../../../Engine/Content/EditorMaterials/PreviewShadowIndicatorMaterial.uasset" 3669
"C:/Users/AlumnoM/Desktop/PINGUS/Juego/Penguin/Content/Vehicles/test_car/mat_3_001.uasset" 3670
"C:/Users/AlumnoM/Desktop/PINGUS/Juego/Penguin/Content/Vehicles/test_car/mat_5_001.uasset" 3671
"C:/Users/AlumnoM/Desktop/PINGUS/Juego/Penguin/Content/VehicleTemplate/Blueprints/Countdown/WBP_countdown.uasset" 3672
"C:/Users/AlumnoM/Desktop/PINGUS/Juego/Penguin/Content/Vehicles/test_car/mat_4_004.uasset" 3673
"C:/Users/AlumnoM/Desktop/PINGUS/Juego/Penguin/Content/Vehicles/test_car/mat_11_001.uasset" 3674
"C:/Users/AlumnoM/Desktop/PINGUS/Juego/Penguin/Content/Vehicles/test_car/mat_4_001.uasset" 3675
"C:/Users/AlumnoM/Desktop/PINGUS/Juego/Penguin/Content/StarterContent/Props/Materials/M_Rock.uasset" 3676
"C:/Users/AlumnoM/Desktop/PINGUS/Juego/Penguin/Content/StarterContent/Materials/M_Water_Ocean.uasset" 3677
"C:/Users/AlumnoM/Desktop/PINGUS/Juego/Penguin/Content/Vehicles/test_car/mat_10_001.uasset" 3678
"C:/Users/AlumnoM/Desktop/PINGUS/Juego/Penguin/Content/StarterContent/Materials/M_Metal_Rust.uasset" 3679
"C:/Users/AlumnoM/Desktop/PINGUS/Juego/Penguin/Content/StarterContent/Particles/Materials/M_radial_ramp.uasset" 3680
"C:/Users/AlumnoM/Desktop/PINGUS/Juego/Penguin/Content/StarterContent/Materials/M_Tech_Hex_Tile.uasset" 3681
"C:/Users/AlumnoM/Desktop/PINGUS/Juego/Penguin/Content/StarterContent/Materials/M_ColorGrid_LowSpec.uasset" 3682
"C:/Users/AlumnoM/Desktop/PINGUS/Juego/Penguin/Content/StarterContent/Materials/M_Wood_Floor_Walnut_Worn.uasset" 3683
"C:/Users/AlumnoM/Desktop/PINGUS/Juego/Penguin/Content/StarterContent/Blueprints/Assets/M_LightStage_Skybox_Master.uasset" 3684
"C:/Users/AlumnoM/Desktop/PINGUS/Juego/Penguin/Content/StarterContent/Particles/Materials/M_Radial_Gradient.uasset" 3685
"../../../../../../Users/AlumnoM/Desktop/PINGUS/Juego/Penguin/Content/Vehicles/test_car/obje/kart_resize.uasset" 3686
"../../../../../../Users/AlumnoM/Desktop/PINGUS/Juego/Penguin/Content/Tracks/Prueba_mapa2/BlokingCircuito3_01_Cube_014.uasset" 3687
"../../../Engine/Content/EngineSky/M_Sky_Panning_Clouds2.uasset" 3688
"../../../Engine/Content/Functions/Engine_MaterialFunctions01/ImageAdjustment/CheapContrast.uasset" 3689
"../../../Engine/Plugins/Interchange/Runtime/Content/Functions/MX_StandardSurface.uasset" 3690
"C:/Users/AlumnoM/Desktop/PINGUS/Juego/Penguin/Content/Vehicles/SportsCar/SportsCar_AnimBP.uasset" 3691
"C:/Users/AlumnoM/Desktop/PINGUS/Juego/Penguin/Content/Vehicles/OffroadCar/Offroad_AnimBP.uasset" 3692
"../../../Engine/Content/EditorMeshes/ColorCalibrator/M_ColorGrid.uasset" 3693
"../../../../../../Users/AlumnoM/Desktop/PINGUS/Juego/Penguin/Content/StarterContent/Architecture/Floor_400x400.uasset" 3694
"../../../Engine/Plugins/Interchange/Runtime/Content/Functions/MX_Transmission.uasset" 3695
"../../../Engine/Content/Functions/MaterialLayerFunctions/MatLayerBlend_OverrideOpacity.uasset" 3696
"../../../Engine/Content/Maps/Entry.umap" 3697
"../../../Engine/Content/Functions/Engine_MaterialFunctions02/Texturing/ScreenAlignedUVs.uasset" 3698
"../../../Engine/Plugins/Animation/ControlRig/Content/Controls/ControlRig_Wedge_solid.uasset" 3699
"../../../Engine/Content/EngineMaterials/Substrate/Volume/SubstrateSimpleVolumeEnvLUT2D.uasset" 3700
"../../../Engine/Plugins/Animation/ControlRig/Content/Controls/ControlRig_Wedge_3mm.uasset" 3701
"../../../Engine/Content/EngineMaterials/Substrate/Volume/SubstrateSimpleVolumeLUT2D.uasset" 3702
"../../../Engine/Plugins/Animation/ControlRig/Content/Controls/ControlRig_Wedge_1mm.uasset" 3703
"../../../Engine/Plugins/Animation/ControlRig/Content/Controls/ControlRig_Triangle_solid.uasset" 3704
"../../../Engine/Content/EngineMaterials/Substrate/Glints2/dict_0000_0000.uasset" 3705
"../../../Engine/Content/EngineMaterials/Substrate/Glints2/dict_0000_0001.uasset" 3706
"../../../Engine/Content/EngineMaterials/Substrate/Glints2/dict_0000_0002.uasset" 3707
"../../../Engine/Content/EngineMaterials/Substrate/Glints2/dict_0000_0003.uasset" 3708
"../../../Engine/Content/EngineMaterials/Substrate/Glints2/dict_0000_0004.uasset" 3709
"../../../Engine/Content/EngineMaterials/Substrate/Glints2/dict_0000_0005.uasset" 3710
"../../../Engine/Content/EngineMaterials/Substrate/Glints2/dict_0000_0006.uasset" 3711
"../../../Engine/Content/EngineMaterials/Substrate/Glints2/dict_0000_0007.uasset" 3712
"../../../Engine/Content/EngineMaterials/Substrate/Glints2/dict_0000_0008.uasset" 3713
"../../../Engine/Content/EngineMaterials/Substrate/Glints2/dict_0000_0009.uasset" 3714
"../../../Engine/Content/EngineMaterials/Substrate/Glints2/dict_0000_0010.uasset" 3715
"../../../Engine/Content/EngineMaterials/Substrate/Glints2/dict_0000_0011.uasset" 3716
"../../../Engine/Content/EngineMaterials/Substrate/Glints2/dict_0000_0012.uasset" 3717
"../../../Engine/Content/EngineMaterials/Substrate/Glints2/dict_0000_0013.uasset" 3718
"../../../Engine/Content/EngineMaterials/Substrate/Glints2/dict_0000_0014.uasset" 3719
"../../../Engine/Content/EngineMaterials/Substrate/Glints2/dict_0000_0015.uasset" 3720
"../../../Engine/Content/EngineMaterials/Substrate/Glints2/dict_0000_0016.uasset" 3721
"../../../Engine/Content/EngineMaterials/Substrate/Glints2/dict_0000_0017.uasset" 3722
"../../../Engine/Content/EngineMaterials/Substrate/Glints2/dict_0000_0018.uasset" 3723
"../../../Engine/Content/EngineMaterials/Substrate/Glints2/dict_0000_0019.uasset" 3724
"../../../Engine/Content/EngineMaterials/Substrate/Glints2/dict_0000_0020.uasset" 3725
"../../../Engine/Content/EngineMaterials/Substrate/Glints2/dict_0000_0021.uasset" 3726
"../../../Engine/Content/EngineMaterials/Substrate/Glints2/dict_0000_0022.uasset" 3727
"../../../Engine/Content/EngineMaterials/Substrate/Glints2/dict_0000_0023.uasset" 3728
"../../../Engine/Content/EngineMaterials/Substrate/Glints2/dict_0000_0024.uasset" 3729
"../../../Engine/Content/EngineMaterials/Substrate/Glints2/dict_0000_0025.uasset" 3730
"../../../Engine/Content/EngineMaterials/Substrate/Glints2/dict_0000_0026.uasset" 3731
"../../../Engine/Content/EngineMaterials/Substrate/Glints2/dict_0000_0027.uasset" 3732
"../../../Engine/Content/EngineMaterials/Substrate/Glints2/dict_0000_0028.uasset" 3733
"../../../Engine/Content/EngineMaterials/Substrate/Glints2/dict_0000_0029.uasset" 3734
"../../../Engine/Content/EngineMaterials/Substrate/Glints2/dict_0000_0030.uasset" 3735
"../../../Engine/Content/EngineMaterials/Substrate/Glints2/dict_0000_0031.uasset" 3736
"../../../Engine/Content/EngineMaterials/Substrate/Glints2/dict_0000_0032.uasset" 3737
"../../../Engine/Content/EngineMaterials/Substrate/Glints2/dict_0000_0033.uasset" 3738
"../../../Engine/Content/EngineMaterials/Substrate/Glints2/dict_0000_0034.uasset" 3739
"../../../Engine/Content/EngineMaterials/Substrate/Glints2/dict_0000_0035.uasset" 3740
"../../../Engine/Content/EngineMaterials/Substrate/Glints2/dict_0000_0036.uasset" 3741
"../../../Engine/Content/EngineMaterials/Substrate/Glints2/dict_0000_0037.uasset" 3742
"../../../Engine/Content/EngineMaterials/Substrate/Glints2/dict_0000_0038.uasset" 3743
"../../../Engine/Content/EngineMaterials/Substrate/Glints2/dict_0000_0039.uasset" 3744
"../../../Engine/Content/EngineMaterials/Substrate/Glints2/dict_0000_0040.uasset" 3745
"../../../Engine/Content/EngineMaterials/Substrate/Glints2/dict_0000_0041.uasset" 3746
"../../../Engine/Content/EngineMaterials/Substrate/Glints2/dict_0000_0042.uasset" 3747
"../../../Engine/Content/EngineMaterials/Substrate/Glints2/dict_0000_0043.uasset" 3748
"../../../Engine/Content/EngineMaterials/Substrate/Glints2/dict_0000_0044.uasset" 3749
"../../../Engine/Content/EngineMaterials/Substrate/Glints2/dict_0000_0045.uasset" 3750
"../../../Engine/Content/EngineMaterials/Substrate/Glints2/dict_0000_0046.uasset" 3751
"../../../Engine/Content/EngineMaterials/Substrate/Glints2/dict_0000_0047.uasset" 3752
"../../../Engine/Content/EngineMaterials/Substrate/Glints2/dict_0000_0048.uasset" 3753
"../../../Engine/Content/EngineMaterials/Substrate/Glints2/dict_0000_0049.uasset" 3754
"../../../Engine/Content/EngineMaterials/Substrate/Glints2/dict_0000_0050.uasset" 3755
"../../../Engine/Content/EngineMaterials/Substrate/Glints2/dict_0000_0051.uasset" 3756
"../../../Engine/Content/EngineMaterials/Substrate/Glints2/dict_0000_0052.uasset" 3757
"../../../Engine/Content/EngineMaterials/Substrate/Glints2/dict_0000_0053.uasset" 3758
"../../../Engine/Content/EngineMaterials/Substrate/Glints2/dict_0000_0054.uasset" 3759
"../../../Engine/Content/EngineMaterials/Substrate/Glints2/dict_0000_0055.uasset" 3760
"../../../Engine/Content/EngineMaterials/Substrate/Glints2/dict_0000_0056.uasset" 3761
"../../../Engine/Content/EngineMaterials/Substrate/Glints2/dict_0000_0057.uasset" 3762
"../../../Engine/Content/EngineMaterials/Substrate/Glints2/dict_0000_0058.uasset" 3763
"../../../Engine/Content/EngineMaterials/Substrate/Glints2/dict_0000_0059.uasset" 3764
"../../../Engine/Content/EngineMaterials/Substrate/Glints2/dict_0000_0060.uasset" 3765
"../../../Engine/Content/EngineMaterials/Substrate/Glints2/dict_0000_0061.uasset" 3766
"../../../Engine/Content/EngineMaterials/Substrate/Glints2/dict_0000_0062.uasset" 3767
"../../../Engine/Content/EngineMaterials/Substrate/Glints2/dict_0000_0063.uasset" 3768
"../../../Engine/Content/EngineMaterials/Substrate/Glints2/dict_0000_0064.uasset" 3769
"../../../Engine/Content/EngineMaterials/Substrate/Glints2/dict_0000_0065.uasset" 3770
"../../../Engine/Content/EngineMaterials/Substrate/Glints2/dict_0000_0066.uasset" 3771
"../../../Engine/Content/EngineMaterials/Substrate/Glints2/dict_0000_0067.uasset" 3772
"../../../Engine/Content/EngineMaterials/Substrate/Glints2/dict_0000_0068.uasset" 3773
"../../../Engine/Content/EngineMaterials/Substrate/Glints2/dict_0000_0069.uasset" 3774
"../../../Engine/Content/EngineMaterials/Substrate/Glints2/dict_0000_0070.uasset" 3775
"../../../Engine/Content/EngineMaterials/Substrate/Glints2/dict_0000_0071.uasset" 3776
"../../../Engine/Content/EngineMaterials/Substrate/Glints2/dict_0000_0072.uasset" 3777
"../../../Engine/Content/EngineMaterials/Substrate/Glints2/dict_0000_0073.uasset" 3778
"../../../Engine/Content/EngineMaterials/Substrate/Glints2/dict_0000_0074.uasset" 3779
"../../../Engine/Content/EngineMaterials/Substrate/Glints2/dict_0000_0075.uasset" 3780
"../../../Engine/Content/EngineMaterials/Substrate/Glints2/dict_0000_0076.uasset" 3781
"../../../Engine/Content/EngineMaterials/Substrate/Glints2/dict_0000_0077.uasset" 3782
"../../../Engine/Content/EngineMaterials/Substrate/Glints2/dict_0000_0078.uasset" 3783
"../../../Engine/Content/EngineMaterials/Substrate/Glints2/dict_0000_0079.uasset" 3784
"../../../Engine/Content/EngineMaterials/Substrate/Glints2/dict_0000_0080.uasset" 3785
"../../../Engine/Content/EngineMaterials/Substrate/Glints2/dict_0000_0081.uasset" 3786
"../../../Engine/Content/EngineMaterials/Substrate/Glints2/dict_0000_0082.uasset" 3787
"../../../Engine/Content/EngineMaterials/Substrate/Glints2/dict_0000_0083.uasset" 3788
"../../../Engine/Content/EngineMaterials/Substrate/Glints2/dict_0000_0084.uasset" 3789
"../../../Engine/Content/EngineMaterials/Substrate/Glints2/dict_0000_0085.uasset" 3790
"../../../Engine/Content/EngineMaterials/Substrate/Glints2/dict_0000_0086.uasset" 3791
"../../../Engine/Content/EngineMaterials/Substrate/Glints2/dict_0000_0087.uasset" 3792
"../../../Engine/Content/EngineMaterials/Substrate/Glints2/dict_0000_0088.uasset" 3793
"../../../Engine/Content/EngineMaterials/Substrate/Glints2/dict_0000_0089.uasset" 3794
"../../../Engine/Content/EngineMaterials/Substrate/Glints2/dict_0000_0090.uasset" 3795
"../../../Engine/Content/EngineMaterials/Substrate/Glints2/dict_0000_0091.uasset" 3796
"../../../Engine/Content/EngineMaterials/Substrate/Glints2/dict_0000_0092.uasset" 3797
"../../../Engine/Content/EngineMaterials/Substrate/Glints2/dict_0000_0093.uasset" 3798
"../../../Engine/Content/EngineMaterials/Substrate/Glints2/dict_0000_0094.uasset" 3799
"../../../Engine/Content/EngineMaterials/Substrate/Glints2/dict_0000_0095.uasset" 3800
"../../../Engine/Content/EngineMaterials/Substrate/Glints2/dict_0000_0096.uasset" 3801
"../../../Engine/Content/EngineMaterials/Substrate/Glints2/dict_0000_0097.uasset" 3802
"../../../Engine/Content/EngineMaterials/Substrate/Glints2/dict_0000_0098.uasset" 3803
"../../../Engine/Content/EngineMaterials/Substrate/Glints2/dict_0000_0099.uasset" 3804
"../../../Engine/Content/EngineMaterials/Substrate/Glints2/dict_0000_0100.uasset" 3805
"../../../Engine/Content/EngineMaterials/Substrate/Glints2/dict_0000_0101.uasset" 3806
"../../../Engine/Content/EngineMaterials/Substrate/Glints2/dict_0000_0102.uasset" 3807
"../../../Engine/Content/EngineMaterials/Substrate/Glints2/dict_0000_0103.uasset" 3808
"../../../Engine/Content/EngineMaterials/Substrate/Glints2/dict_0000_0104.uasset" 3809
"../../../Engine/Content/EngineMaterials/Substrate/Glints2/dict_0000_0105.uasset" 3810
"../../../Engine/Content/EngineMaterials/Substrate/Glints2/dict_0000_0106.uasset" 3811
"../../../Engine/Content/EngineMaterials/Substrate/Glints2/dict_0000_0107.uasset" 3812
"../../../Engine/Content/EngineMaterials/Substrate/Glints2/dict_0000_0108.uasset" 3813
"../../../Engine/Content/EngineMaterials/Substrate/Glints2/dict_0000_0109.uasset" 3814
"../../../Engine/Content/EngineMaterials/Substrate/Glints2/dict_0000_0110.uasset" 3815
"../../../Engine/Content/EngineMaterials/Substrate/Glints2/dict_0000_0111.uasset" 3816
"../../../Engine/Content/EngineMaterials/Substrate/Glints2/dict_0000_0112.uasset" 3817
"../../../Engine/Content/EngineMaterials/Substrate/Glints2/dict_0000_0113.uasset" 3818
"../../../Engine/Content/EngineMaterials/Substrate/Glints2/dict_0000_0114.uasset" 3819
"../../../Engine/Content/EngineMaterials/Substrate/Glints2/dict_0000_0115.uasset" 3820
"../../../Engine/Content/EngineMaterials/Substrate/Glints2/dict_0000_0116.uasset" 3821
"../../../Engine/Content/EngineMaterials/Substrate/Glints2/dict_0000_0117.uasset" 3822
"../../../Engine/Content/EngineMaterials/Substrate/Glints2/dict_0000_0118.uasset" 3823
"../../../Engine/Content/EngineMaterials/Substrate/Glints2/dict_0000_0119.uasset" 3824
"../../../Engine/Content/EngineMaterials/Substrate/Glints2/dict_0000_0120.uasset" 3825
"../../../Engine/Content/EngineMaterials/Substrate/Glints2/dict_0000_0121.uasset" 3826
"../../../Engine/Content/EngineMaterials/Substrate/Glints2/dict_0000_0122.uasset" 3827
"../../../Engine/Content/EngineMaterials/Substrate/Glints2/dict_0000_0123.uasset" 3828
"../../../Engine/Content/EngineMaterials/Substrate/Glints2/dict_0000_0124.uasset" 3829
"../../../Engine/Content/EngineMaterials/Substrate/Glints2/dict_0000_0125.uasset" 3830
"../../../Engine/Content/EngineMaterials/Substrate/Glints2/dict_0000_0126.uasset" 3831
"../../../Engine/Content/EngineMaterials/Substrate/Glints2/dict_0000_0127.uasset" 3832
"../../../Engine/Content/EngineMaterials/Substrate/Glints2/dict_0000_0128.uasset" 3833
"../../../Engine/Content/EngineMaterials/Substrate/Glints2/dict_0000_0129.uasset" 3834
"../../../Engine/Content/EngineMaterials/Substrate/Glints2/dict_0000_0130.uasset" 3835
"../../../Engine/Content/EngineMaterials/Substrate/Glints2/dict_0000_0131.uasset" 3836
"../../../Engine/Content/EngineMaterials/Substrate/Glints2/dict_0000_0132.uasset" 3837
"../../../Engine/Content/EngineMaterials/Substrate/Glints2/dict_0000_0133.uasset" 3838
"../../../Engine/Content/EngineMaterials/Substrate/Glints2/dict_0000_0134.uasset" 3839
"../../../Engine/Content/EngineMaterials/Substrate/Glints2/dict_0000_0135.uasset" 3840
"../../../Engine/Content/EngineMaterials/Substrate/Glints2/dict_0000_0136.uasset" 3841
"../../../Engine/Content/EngineMaterials/Substrate/Glints2/dict_0000_0137.uasset" 3842
"../../../Engine/Content/EngineMaterials/Substrate/Glints2/dict_0000_0138.uasset" 3843
"../../../Engine/Content/EngineMaterials/Substrate/Glints2/dict_0000_0139.uasset" 3844
"../../../Engine/Content/EngineMaterials/Substrate/Glints2/dict_0000_0140.uasset" 3845
"../../../Engine/Content/EngineMaterials/Substrate/Glints2/dict_0000_0141.uasset" 3846
"../../../Engine/Content/EngineMaterials/Substrate/Glints2/dict_0000_0142.uasset" 3847
"../../../Engine/Content/EngineMaterials/Substrate/Glints2/dict_0000_0143.uasset" 3848
"../../../Engine/Content/EngineMaterials/Substrate/Glints2/dict_0000_0144.uasset" 3849
"../../../Engine/Content/EngineMaterials/Substrate/Glints2/dict_0000_0145.uasset" 3850
"../../../Engine/Content/EngineMaterials/Substrate/Glints2/dict_0000_0146.uasset" 3851
"../../../Engine/Content/EngineMaterials/Substrate/Glints2/dict_0000_0147.uasset" 3852
"../../../Engine/Content/EngineMaterials/Substrate/Glints2/dict_0000_0148.uasset" 3853
"../../../Engine/Content/EngineMaterials/Substrate/Glints2/dict_0000_0149.uasset" 3854
"../../../Engine/Content/EngineMaterials/Substrate/Glints2/dict_0000_0150.uasset" 3855
"../../../Engine/Content/EngineMaterials/Substrate/Glints2/dict_0000_0151.uasset" 3856
"../../../Engine/Content/EngineMaterials/Substrate/Glints2/dict_0000_0152.uasset" 3857
"../../../Engine/Content/EngineMaterials/Substrate/Glints2/dict_0000_0153.uasset" 3858
"../../../Engine/Content/EngineMaterials/Substrate/Glints2/dict_0000_0154.uasset" 3859
"../../../Engine/Content/EngineMaterials/Substrate/Glints2/dict_0000_0155.uasset" 3860
"../../../Engine/Content/EngineMaterials/Substrate/Glints2/dict_0000_0156.uasset" 3861
"../../../Engine/Content/EngineMaterials/Substrate/Glints2/dict_0000_0157.uasset" 3862
"../../../Engine/Content/EngineMaterials/Substrate/Glints2/dict_0000_0158.uasset" 3863
"../../../Engine/Content/EngineMaterials/Substrate/Glints2/dict_0000_0159.uasset" 3864
"../../../Engine/Content/EngineMaterials/Substrate/Glints2/dict_0000_0160.uasset" 3865
"../../../Engine/Content/EngineMaterials/Substrate/Glints2/dict_0000_0161.uasset" 3866
"../../../Engine/Content/EngineMaterials/Substrate/Glints2/dict_0000_0162.uasset" 3867
"../../../Engine/Content/EngineMaterials/Substrate/Glints2/dict_0000_0163.uasset" 3868
"../../../Engine/Content/EngineMaterials/Substrate/Glints2/dict_0000_0164.uasset" 3869
"../../../Engine/Content/EngineMaterials/Substrate/Glints2/dict_0000_0165.uasset" 3870
"../../../Engine/Content/EngineMaterials/Substrate/Glints2/dict_0000_0166.uasset" 3871
"../../../Engine/Content/EngineMaterials/Substrate/Glints2/dict_0000_0167.uasset" 3872
"../../../Engine/Content/EngineMaterials/Substrate/Glints2/dict_0000_0168.uasset" 3873
"../../../Engine/Content/EngineMaterials/Substrate/Glints2/dict_0000_0169.uasset" 3874
"../../../Engine/Content/EngineMaterials/Substrate/Glints2/dict_0000_0170.uasset" 3875
"../../../Engine/Content/EngineMaterials/Substrate/Glints2/dict_0000_0171.uasset" 3876
"../../../Engine/Content/EngineMaterials/Substrate/Glints2/dict_0000_0172.uasset" 3877
"../../../Engine/Content/EngineMaterials/Substrate/Glints2/dict_0000_0173.uasset" 3878
"../../../Engine/Content/EngineMaterials/Substrate/Glints2/dict_0000_0174.uasset" 3879
"../../../Engine/Content/EngineMaterials/Substrate/Glints2/dict_0000_0175.uasset" 3880
"../../../Engine/Content/EngineMaterials/Substrate/Glints2/dict_0000_0176.uasset" 3881
"../../../Engine/Content/EngineMaterials/Substrate/Glints2/dict_0000_0177.uasset" 3882
"../../../Engine/Content/EngineMaterials/Substrate/Glints2/dict_0000_0178.uasset" 3883
"../../../Engine/Content/EngineMaterials/Substrate/Glints2/dict_0000_0179.uasset" 3884
"../../../Engine/Content/EngineMaterials/Substrate/Glints2/dict_0000_0180.uasset" 3885
"../../../Engine/Content/EngineMaterials/Substrate/Glints2/dict_0000_0181.uasset" 3886
"../../../Engine/Content/EngineMaterials/Substrate/Glints2/dict_0000_0182.uasset" 3887
"../../../Engine/Content/EngineMaterials/Substrate/Glints2/dict_0000_0183.uasset" 3888
"../../../Engine/Content/EngineMaterials/Substrate/Glints2/dict_0000_0184.uasset" 3889
"../../../Engine/Content/EngineMaterials/Substrate/Glints2/dict_0000_0185.uasset" 3890
"../../../Engine/Content/EngineMaterials/Substrate/Glints2/dict_0000_0186.uasset" 3891
"../../../Engine/Content/EngineMaterials/Substrate/Glints2/dict_0000_0187.uasset" 3892
"../../../Engine/Content/EngineMaterials/Substrate/Glints2/dict_0000_0188.uasset" 3893
"../../../Engine/Content/EngineMaterials/Substrate/Glints2/dict_0000_0189.uasset" 3894
"../../../Engine/Content/EngineMaterials/Substrate/Glints2/dict_0000_0190.uasset" 3895
"../../../Engine/Content/EngineMaterials/Substrate/Glints2/dict_0000_0191.uasset" 3896
"../../../Engine/Content/EngineMaterials/Substrate/Glints2/dict_0000_0192.uasset" 3897
"../../../Engine/Content/EngineMaterials/Substrate/Glints2/dict_0000_0193.uasset" 3898
"../../../Engine/Content/EngineMaterials/Substrate/Glints2/dict_0000_0194.uasset" 3899
"../../../Engine/Content/EngineMaterials/Substrate/Glints2/dict_0000_0195.uasset" 3900
"../../../Engine/Content/EngineMaterials/Substrate/Glints2/dict_0000_0196.uasset" 3901
"../../../Engine/Content/EngineMaterials/Substrate/Glints2/dict_0000_0197.uasset" 3902
"../../../Engine/Content/EngineMaterials/Substrate/Glints2/dict_0000_0198.uasset" 3903
"../../../Engine/Content/EngineMaterials/Substrate/Glints2/dict_0000_0199.uasset" 3904
"../../../Engine/Content/EngineMaterials/Substrate/Glints2/dict_0000_0200.uasset" 3905
"../../../Engine/Content/EngineMaterials/Substrate/Glints2/dict_0000_0201.uasset" 3906
"../../../Engine/Content/EngineMaterials/Substrate/Glints2/dict_0000_0202.uasset" 3907
"../../../Engine/Content/EngineMaterials/Substrate/Glints2/dict_0000_0203.uasset" 3908
"../../../Engine/Content/EngineMaterials/Substrate/Glints2/dict_0000_0204.uasset" 3909
"../../../Engine/Content/EngineMaterials/Substrate/Glints2/dict_0000_0205.uasset" 3910
"../../../Engine/Content/EngineMaterials/Substrate/Glints2/dict_0000_0206.uasset" 3911
"../../../Engine/Content/EngineMaterials/Substrate/Glints2/dict_0000_0207.uasset" 3912
"../../../Engine/Content/EngineMaterials/Substrate/Glints2/dict_0000_0208.uasset" 3913
"../../../Engine/Content/EngineMaterials/Substrate/Glints2/dict_0000_0209.uasset" 3914
"../../../Engine/Content/EngineMaterials/Substrate/Glints2/dict_0000_0210.uasset" 3915
"../../../Engine/Content/EngineMaterials/Substrate/Glints2/dict_0000_0211.uasset" 3916
"../../../Engine/Content/EngineMaterials/Substrate/Glints2/dict_0000_0212.uasset" 3917
"../../../Engine/Content/EngineMaterials/Substrate/Glints2/dict_0000_0213.uasset" 3918
"../../../Engine/Content/EngineMaterials/Substrate/Glints2/dict_0000_0214.uasset" 3919
"../../../Engine/Content/EngineMaterials/Substrate/Glints2/dict_0000_0215.uasset" 3920
"../../../Engine/Content/EngineMaterials/Substrate/Glints2/dict_0000_0216.uasset" 3921
"../../../Engine/Content/EngineMaterials/Substrate/Glints2/dict_0000_0217.uasset" 3922
"../../../Engine/Content/EngineMaterials/Substrate/Glints2/dict_0000_0218.uasset" 3923
"../../../Engine/Content/EngineMaterials/Substrate/Glints2/dict_0000_0219.uasset" 3924
"../../../Engine/Content/EngineMaterials/Substrate/Glints2/dict_0000_0220.uasset" 3925
"../../../Engine/Content/EngineMaterials/Substrate/Glints2/dict_0000_0221.uasset" 3926
"../../../Engine/Content/EngineMaterials/Substrate/Glints2/dict_0000_0222.uasset" 3927
"../../../Engine/Content/EngineMaterials/Substrate/Glints2/dict_0000_0223.uasset" 3928
"../../../Engine/Content/EngineMaterials/Substrate/Glints2/dict_0000_0224.uasset" 3929
"../../../Engine/Content/EngineMaterials/Substrate/Glints2/dict_0000_0225.uasset" 3930
"../../../Engine/Content/EngineMaterials/Substrate/Glints2/dict_0000_0226.uasset" 3931
"../../../Engine/Content/EngineMaterials/Substrate/Glints2/dict_0000_0227.uasset" 3932
"../../../Engine/Content/EngineMaterials/Substrate/Glints2/dict_0000_0228.uasset" 3933
"../../../Engine/Content/EngineMaterials/Substrate/Glints2/dict_0000_0229.uasset" 3934
"../../../Engine/Content/EngineMaterials/Substrate/Glints2/dict_0000_0230.uasset" 3935
"../../../Engine/Content/EngineMaterials/Substrate/Glints2/dict_0000_0231.uasset" 3936
"../../../Engine/Content/EngineMaterials/Substrate/Glints2/dict_0000_0232.uasset" 3937
"../../../Engine/Content/EngineMaterials/Substrate/Glints2/dict_0000_0233.uasset" 3938
"../../../Engine/Content/EngineMaterials/Substrate/Glints2/dict_0000_0234.uasset" 3939
"../../../Engine/Content/EngineMaterials/Substrate/Glints2/dict_0000_0235.uasset" 3940
"../../../Engine/Content/EngineMaterials/Substrate/Glints2/dict_0000_0236.uasset" 3941
"../../../Engine/Content/EngineMaterials/Substrate/Glints2/dict_0000_0237.uasset" 3942
"../../../Engine/Content/EngineMaterials/Substrate/Glints2/dict_0000_0238.uasset" 3943
"../../../Engine/Content/EngineMaterials/Substrate/Glints2/dict_0000_0239.uasset" 3944
"../../../Engine/Content/EngineMaterials/Substrate/Glints2/dict_0000_0240.uasset" 3945
"../../../Engine/Content/EngineMaterials/Substrate/Glints2/dict_0000_0241.uasset" 3946
"../../../Engine/Content/EngineMaterials/Substrate/Glints2/dict_0000_0242.uasset" 3947
"../../../Engine/Content/EngineMaterials/Substrate/Glints2/dict_0000_0243.uasset" 3948
"../../../Engine/Content/EngineMaterials/Substrate/Glints2/dict_0000_0244.uasset" 3949
"../../../Engine/Content/EngineMaterials/Substrate/Glints2/dict_0000_0245.uasset" 3950
"../../../Engine/Content/EngineMaterials/Substrate/Glints2/dict_0000_0246.uasset" 3951
"../../../Engine/Content/EngineMaterials/Substrate/Glints2/dict_0000_0247.uasset" 3952
"../../../Engine/Content/EngineMaterials/Substrate/Glints2/dict_0000_0248.uasset" 3953
"../../../Engine/Content/EngineMaterials/Substrate/Glints2/dict_0000_0249.uasset" 3954
"../../../Engine/Content/EngineMaterials/Substrate/Glints2/dict_0000_0250.uasset" 3955
"../../../Engine/Content/EngineMaterials/Substrate/Glints2/dict_0000_0251.uasset" 3956
"../../../Engine/Content/EngineMaterials/Substrate/Glints2/dict_0000_0252.uasset" 3957
"../../../Engine/Content/EngineMaterials/Substrate/Glints2/dict_0000_0253.uasset" 3958
"../../../Engine/Content/EngineMaterials/Substrate/Glints2/dict_0000_0254.uasset" 3959
"../../../Engine/Content/EngineMaterials/Substrate/Glints2/dict_0000_0255.uasset" 3960
"../../../Engine/Content/EngineMaterials/Substrate/Glints2/dict_0001_0000.uasset" 3961
"../../../Engine/Content/EngineMaterials/Substrate/Glints2/dict_0001_0001.uasset" 3962
"../../../Engine/Content/EngineMaterials/Substrate/Glints2/dict_0001_0002.uasset" 3963
"../../../Engine/Content/EngineMaterials/Substrate/Glints2/dict_0001_0003.uasset" 3964
"../../../Engine/Content/EngineMaterials/Substrate/Glints2/dict_0001_0004.uasset" 3965
"../../../Engine/Content/EngineMaterials/Substrate/Glints2/dict_0001_0005.uasset" 3966
"../../../Engine/Content/EngineMaterials/Substrate/Glints2/dict_0001_0006.uasset" 3967
"../../../Engine/Content/EngineMaterials/Substrate/Glints2/dict_0001_0007.uasset" 3968
"../../../Engine/Content/EngineMaterials/Substrate/Glints2/dict_0001_0008.uasset" 3969
"../../../Engine/Content/EngineMaterials/Substrate/Glints2/dict_0001_0009.uasset" 3970
"../../../Engine/Content/EngineMaterials/Substrate/Glints2/dict_0001_0010.uasset" 3971
"../../../Engine/Content/EngineMaterials/Substrate/Glints2/dict_0001_0011.uasset" 3972
"../../../Engine/Content/EngineMaterials/Substrate/Glints2/dict_0001_0012.uasset" 3973
"../../../Engine/Content/EngineMaterials/Substrate/Glints2/dict_0001_0013.uasset" 3974
"../../../Engine/Content/EngineMaterials/Substrate/Glints2/dict_0001_0014.uasset" 3975
"../../../Engine/Content/EngineMaterials/Substrate/Glints2/dict_0001_0015.uasset" 3976
"../../../Engine/Content/EngineMaterials/Substrate/Glints2/dict_0001_0016.uasset" 3977
"../../../Engine/Content/EngineMaterials/Substrate/Glints2/dict_0001_0017.uasset" 3978
"../../../Engine/Content/EngineMaterials/Substrate/Glints2/dict_0001_0018.uasset" 3979
"../../../Engine/Content/EngineMaterials/Substrate/Glints2/dict_0001_0019.uasset" 3980
"../../../Engine/Content/EngineMaterials/Substrate/Glints2/dict_0001_0020.uasset" 3981
"../../../Engine/Content/EngineMaterials/Substrate/Glints2/dict_0001_0021.uasset" 3982
"../../../Engine/Content/EngineMaterials/Substrate/Glints2/dict_0001_0022.uasset" 3983
"../../../Engine/Content/EngineMaterials/Substrate/Glints2/dict_0001_0023.uasset" 3984
"../../../Engine/Content/EngineMaterials/Substrate/Glints2/dict_0001_0024.uasset" 3985
"../../../Engine/Content/EngineMaterials/Substrate/Glints2/dict_0001_0025.uasset" 3986
"../../../Engine/Content/EngineMaterials/Substrate/Glints2/dict_0001_0026.uasset" 3987
"../../../Engine/Content/EngineMaterials/Substrate/Glints2/dict_0001_0027.uasset" 3988
"../../../Engine/Content/EngineMaterials/Substrate/Glints2/dict_0001_0028.uasset" 3989
"../../../Engine/Content/EngineMaterials/Substrate/Glints2/dict_0001_0029.uasset" 3990
"../../../Engine/Content/EngineMaterials/Substrate/Glints2/dict_0001_0030.uasset" 3991
"../../../Engine/Content/EngineMaterials/Substrate/Glints2/dict_0001_0031.uasset" 3992
"../../../Engine/Content/EngineMaterials/Substrate/Glints2/dict_0001_0032.uasset" 3993
"../../../Engine/Content/EngineMaterials/Substrate/Glints2/dict_0001_0033.uasset" 3994
"../../../Engine/Content/EngineMaterials/Substrate/Glints2/dict_0001_0034.uasset" 3995
"../../../Engine/Content/EngineMaterials/Substrate/Glints2/dict_0001_0035.uasset" 3996
"../../../Engine/Content/EngineMaterials/Substrate/Glints2/dict_0001_0036.uasset" 3997
"../../../Engine/Content/EngineMaterials/Substrate/Glints2/dict_0001_0037.uasset" 3998
"../../../Engine/Content/EngineMaterials/Substrate/Glints2/dict_0001_0038.uasset" 3999
"../../../Engine/Content/EngineMaterials/Substrate/Glints2/dict_0001_0039.uasset" 4000
"../../../Engine/Content/EngineMaterials/Substrate/Glints2/dict_0001_0040.uasset" 4001
"../../../Engine/Content/EngineMaterials/Substrate/Glints2/dict_0001_0041.uasset" 4002
"../../../Engine/Content/EngineMaterials/Substrate/Glints2/dict_0001_0042.uasset" 4003
"../../../Engine/Content/EngineMaterials/Substrate/Glints2/dict_0001_0043.uasset" 4004
"../../../Engine/Content/EngineMaterials/Substrate/Glints2/dict_0001_0044.uasset" 4005
"../../../Engine/Content/EngineMaterials/Substrate/Glints2/dict_0001_0045.uasset" 4006
"../../../Engine/Content/EngineMaterials/Substrate/Glints2/dict_0001_0046.uasset" 4007
"../../../Engine/Content/EngineMaterials/Substrate/Glints2/dict_0001_0047.uasset" 4008
"../../../Engine/Content/EngineMaterials/Substrate/Glints2/dict_0001_0048.uasset" 4009
"../../../Engine/Content/EngineMaterials/Substrate/Glints2/dict_0001_0049.uasset" 4010
"../../../Engine/Content/EngineMaterials/Substrate/Glints2/dict_0001_0050.uasset" 4011
"../../../Engine/Content/EngineMaterials/Substrate/Glints2/dict_0001_0051.uasset" 4012
"../../../Engine/Content/EngineMaterials/Substrate/Glints2/dict_0001_0052.uasset" 4013
"../../../Engine/Content/EngineMaterials/Substrate/Glints2/dict_0001_0053.uasset" 4014
"../../../Engine/Content/EngineMaterials/Substrate/Glints2/dict_0001_0054.uasset" 4015
"../../../Engine/Content/EngineMaterials/Substrate/Glints2/dict_0001_0055.uasset" 4016
"../../../Engine/Content/EngineMaterials/Substrate/Glints2/dict_0001_0056.uasset" 4017
"../../../Engine/Content/EngineMaterials/Substrate/Glints2/dict_0001_0057.uasset" 4018
"../../../Engine/Content/EngineMaterials/Substrate/Glints2/dict_0001_0058.uasset" 4019
"../../../Engine/Content/EngineMaterials/Substrate/Glints2/dict_0001_0059.uasset" 4020
"../../../Engine/Content/EngineMaterials/Substrate/Glints2/dict_0001_0060.uasset" 4021
"../../../Engine/Content/EngineMaterials/Substrate/Glints2/dict_0001_0061.uasset" 4022
"../../../Engine/Content/EngineMaterials/Substrate/Glints2/dict_0001_0062.uasset" 4023
"../../../Engine/Content/EngineMaterials/Substrate/Glints2/dict_0001_0063.uasset" 4024
"../../../Engine/Content/EngineMaterials/Substrate/Glints2/dict_0001_0064.uasset" 4025
"../../../Engine/Content/EngineMaterials/Substrate/Glints2/dict_0001_0065.uasset" 4026
"../../../Engine/Content/EngineMaterials/Substrate/Glints2/dict_0001_0066.uasset" 4027
"../../../Engine/Content/EngineMaterials/Substrate/Glints2/dict_0001_0067.uasset" 4028
"../../../Engine/Content/EngineMaterials/Substrate/Glints2/dict_0001_0068.uasset" 4029
"../../../Engine/Content/EngineMaterials/Substrate/Glints2/dict_0001_0069.uasset" 4030
"../../../Engine/Content/EngineMaterials/Substrate/Glints2/dict_0001_0070.uasset" 4031
"../../../Engine/Content/EngineMaterials/Substrate/Glints2/dict_0001_0071.uasset" 4032
"../../../Engine/Content/EngineMaterials/Substrate/Glints2/dict_0001_0072.uasset" 4033
"../../../Engine/Content/EngineMaterials/Substrate/Glints2/dict_0001_0073.uasset" 4034
"../../../Engine/Content/EngineMaterials/Substrate/Glints2/dict_0001_0074.uasset" 4035
"../../../Engine/Content/EngineMaterials/Substrate/Glints2/dict_0001_0075.uasset" 4036
"../../../Engine/Content/EngineMaterials/Substrate/Glints2/dict_0001_0076.uasset" 4037
"../../../Engine/Content/EngineMaterials/Substrate/Glints2/dict_0001_0077.uasset" 4038
"../../../Engine/Content/EngineMaterials/Substrate/Glints2/dict_0001_0078.uasset" 4039
"../../../Engine/Content/EngineMaterials/Substrate/Glints2/dict_0001_0079.uasset" 4040
"../../../Engine/Content/EngineMaterials/Substrate/Glints2/dict_0001_0080.uasset" 4041
"../../../Engine/Content/EngineMaterials/Substrate/Glints2/dict_0001_0081.uasset" 4042
"../../../Engine/Content/EngineMaterials/Substrate/Glints2/dict_0001_0082.uasset" 4043
"../../../Engine/Content/EngineMaterials/Substrate/Glints2/dict_0001_0083.uasset" 4044
"../../../Engine/Content/EngineMaterials/Substrate/Glints2/dict_0001_0084.uasset" 4045
"../../../Engine/Content/EngineMaterials/Substrate/Glints2/dict_0001_0085.uasset" 4046
"../../../Engine/Content/EngineMaterials/Substrate/Glints2/dict_0001_0086.uasset" 4047
"../../../Engine/Content/EngineMaterials/Substrate/Glints2/dict_0001_0087.uasset" 4048
"../../../Engine/Content/EngineMaterials/Substrate/Glints2/dict_0001_0088.uasset" 4049
"../../../Engine/Content/EngineMaterials/Substrate/Glints2/dict_0001_0089.uasset" 4050
"../../../Engine/Content/EngineMaterials/Substrate/Glints2/dict_0001_0090.uasset" 4051
"../../../Engine/Content/EngineMaterials/Substrate/Glints2/dict_0001_0091.uasset" 4052
"../../../Engine/Content/EngineMaterials/Substrate/Glints2/dict_0001_0092.uasset" 4053
"../../../Engine/Content/EngineMaterials/Substrate/Glints2/dict_0001_0093.uasset" 4054
"../../../Engine/Content/EngineMaterials/Substrate/Glints2/dict_0001_0094.uasset" 4055
"../../../Engine/Content/EngineMaterials/Substrate/Glints2/dict_0001_0095.uasset" 4056
"../../../Engine/Content/EngineMaterials/Substrate/Glints2/dict_0001_0096.uasset" 4057
"../../../Engine/Content/EngineMaterials/Substrate/Glints2/dict_0001_0097.uasset" 4058
"../../../Engine/Content/EngineMaterials/Substrate/Glints2/dict_0001_0098.uasset" 4059
"../../../Engine/Content/EngineMaterials/Substrate/Glints2/dict_0001_0099.uasset" 4060
"../../../Engine/Content/EngineMaterials/Substrate/Glints2/dict_0001_0100.uasset" 4061
"../../../Engine/Content/EngineMaterials/Substrate/Glints2/dict_0001_0101.uasset" 4062
"../../../Engine/Content/EngineMaterials/Substrate/Glints2/dict_0001_0102.uasset" 4063
"../../../Engine/Content/EngineMaterials/Substrate/Glints2/dict_0001_0103.uasset" 4064
"../../../Engine/Content/EngineMaterials/Substrate/Glints2/dict_0001_0104.uasset" 4065
"../../../Engine/Content/EngineMaterials/Substrate/Glints2/dict_0001_0105.uasset" 4066
"../../../Engine/Content/EngineMaterials/Substrate/Glints2/dict_0001_0106.uasset" 4067
"../../../Engine/Content/EngineMaterials/Substrate/Glints2/dict_0001_0107.uasset" 4068
"../../../Engine/Content/EngineMaterials/Substrate/Glints2/dict_0001_0108.uasset" 4069
"../../../Engine/Content/EngineMaterials/Substrate/Glints2/dict_0001_0109.uasset" 4070
"../../../Engine/Content/EngineMaterials/Substrate/Glints2/dict_0001_0110.uasset" 4071
"../../../Engine/Content/EngineMaterials/Substrate/Glints2/dict_0001_0111.uasset" 4072
"../../../Engine/Content/EngineMaterials/Substrate/Glints2/dict_0001_0112.uasset" 4073
"../../../Engine/Content/EngineMaterials/Substrate/Glints2/dict_0001_0113.uasset" 4074
"../../../Engine/Content/EngineMaterials/Substrate/Glints2/dict_0001_0114.uasset" 4075
"../../../Engine/Content/EngineMaterials/Substrate/Glints2/dict_0001_0115.uasset" 4076
"../../../Engine/Content/EngineMaterials/Substrate/Glints2/dict_0001_0116.uasset" 4077
"../../../Engine/Content/EngineMaterials/Substrate/Glints2/dict_0001_0117.uasset" 4078
"../../../Engine/Content/EngineMaterials/Substrate/Glints2/dict_0001_0118.uasset" 4079
"../../../Engine/Content/EngineMaterials/Substrate/Glints2/dict_0001_0119.uasset" 4080
"../../../Engine/Content/EngineMaterials/Substrate/Glints2/dict_0001_0120.uasset" 4081
"../../../Engine/Content/EngineMaterials/Substrate/Glints2/dict_0001_0121.uasset" 4082
"../../../Engine/Content/EngineMaterials/Substrate/Glints2/dict_0001_0122.uasset" 4083
"../../../Engine/Content/EngineMaterials/Substrate/Glints2/dict_0001_0123.uasset" 4084
"../../../Engine/Content/EngineMaterials/Substrate/Glints2/dict_0001_0124.uasset" 4085
"../../../Engine/Content/EngineMaterials/Substrate/Glints2/dict_0001_0125.uasset" 4086
"../../../Engine/Content/EngineMaterials/Substrate/Glints2/dict_0001_0126.uasset" 4087
"../../../Engine/Content/EngineMaterials/Substrate/Glints2/dict_0001_0127.uasset" 4088
"../../../Engine/Content/EngineMaterials/Substrate/Glints2/dict_0001_0128.uasset" 4089
"../../../Engine/Content/EngineMaterials/Substrate/Glints2/dict_0001_0129.uasset" 4090
"../../../Engine/Content/EngineMaterials/Substrate/Glints2/dict_0001_0130.uasset" 4091
"../../../Engine/Content/EngineMaterials/Substrate/Glints2/dict_0001_0131.uasset" 4092
"../../../Engine/Content/EngineMaterials/Substrate/Glints2/dict_0001_0132.uasset" 4093
"../../../Engine/Content/EngineMaterials/Substrate/Glints2/dict_0001_0133.uasset" 4094
"../../../Engine/Content/EngineMaterials/Substrate/Glints2/dict_0001_0134.uasset" 4095
"../../../Engine/Content/EngineMaterials/Substrate/Glints2/dict_0001_0135.uasset" 4096
"../../../Engine/Content/EngineMaterials/Substrate/Glints2/dict_0001_0136.uasset" 4097
"../../../Engine/Content/EngineMaterials/Substrate/Glints2/dict_0001_0137.uasset" 4098
"../../../Engine/Content/EngineMaterials/Substrate/Glints2/dict_0001_0138.uasset" 4099
"../../../Engine/Content/EngineMaterials/Substrate/Glints2/dict_0001_0139.uasset" 4100
"../../../Engine/Content/EngineMaterials/Substrate/Glints2/dict_0001_0140.uasset" 4101
"../../../Engine/Content/EngineMaterials/Substrate/Glints2/dict_0001_0141.uasset" 4102
"../../../Engine/Content/EngineMaterials/Substrate/Glints2/dict_0001_0142.uasset" 4103
"../../../Engine/Content/EngineMaterials/Substrate/Glints2/dict_0001_0143.uasset" 4104
"../../../Engine/Content/EngineMaterials/Substrate/Glints2/dict_0001_0144.uasset" 4105
"../../../Engine/Content/EngineMaterials/Substrate/Glints2/dict_0001_0145.uasset" 4106
"../../../Engine/Content/EngineMaterials/Substrate/Glints2/dict_0001_0146.uasset" 4107
"../../../Engine/Content/EngineMaterials/Substrate/Glints2/dict_0001_0147.uasset" 4108
"../../../Engine/Content/EngineMaterials/Substrate/Glints2/dict_0001_0148.uasset" 4109
"../../../Engine/Content/EngineMaterials/Substrate/Glints2/dict_0001_0149.uasset" 4110
"../../../Engine/Content/EngineMaterials/Substrate/Glints2/dict_0001_0150.uasset" 4111
"../../../Engine/Content/EngineMaterials/Substrate/Glints2/dict_0001_0151.uasset" 4112
"../../../Engine/Content/EngineMaterials/Substrate/Glints2/dict_0001_0152.uasset" 4113
"../../../Engine/Content/EngineMaterials/Substrate/Glints2/dict_0001_0153.uasset" 4114
"../../../Engine/Content/EngineMaterials/Substrate/Glints2/dict_0001_0154.uasset" 4115
"../../../Engine/Content/EngineMaterials/Substrate/Glints2/dict_0001_0155.uasset" 4116
"../../../Engine/Content/EngineMaterials/Substrate/Glints2/dict_0001_0156.uasset" 4117
"../../../Engine/Content/EngineMaterials/Substrate/Glints2/dict_0001_0157.uasset" 4118
"../../../Engine/Content/EngineMaterials/Substrate/Glints2/dict_0001_0158.uasset" 4119
"../../../Engine/Content/EngineMaterials/Substrate/Glints2/dict_0001_0159.uasset" 4120
"../../../Engine/Content/EngineMaterials/Substrate/Glints2/dict_0001_0160.uasset" 4121
"../../../Engine/Content/EngineMaterials/Substrate/Glints2/dict_0001_0161.uasset" 4122
"../../../Engine/Content/EngineMaterials/Substrate/Glints2/dict_0001_0162.uasset" 4123
"../../../Engine/Content/EngineMaterials/Substrate/Glints2/dict_0001_0163.uasset" 4124
"../../../Engine/Content/EngineMaterials/Substrate/Glints2/dict_0001_0164.uasset" 4125
"../../../Engine/Content/EngineMaterials/Substrate/Glints2/dict_0001_0165.uasset" 4126
"../../../Engine/Content/EngineMaterials/Substrate/Glints2/dict_0001_0166.uasset" 4127
"../../../Engine/Content/EngineMaterials/Substrate/Glints2/dict_0001_0167.uasset" 4128
"../../../Engine/Content/EngineMaterials/Substrate/Glints2/dict_0001_0168.uasset" 4129
"../../../Engine/Content/EngineMaterials/Substrate/Glints2/dict_0001_0169.uasset" 4130
"../../../Engine/Content/EngineMaterials/Substrate/Glints2/dict_0001_0170.uasset" 4131
"../../../Engine/Content/EngineMaterials/Substrate/Glints2/dict_0001_0171.uasset" 4132
"../../../Engine/Content/EngineMaterials/Substrate/Glints2/dict_0001_0172.uasset" 4133
"../../../Engine/Content/EngineMaterials/Substrate/Glints2/dict_0001_0173.uasset" 4134
"../../../Engine/Content/EngineMaterials/Substrate/Glints2/dict_0001_0174.uasset" 4135
"../../../Engine/Content/EngineMaterials/Substrate/Glints2/dict_0001_0175.uasset" 4136
"../../../Engine/Content/EngineMaterials/Substrate/Glints2/dict_0001_0176.uasset" 4137
"../../../Engine/Content/EngineMaterials/Substrate/Glints2/dict_0001_0177.uasset" 4138
"../../../Engine/Content/EngineMaterials/Substrate/Glints2/dict_0001_0178.uasset" 4139
"../../../Engine/Content/EngineMaterials/Substrate/Glints2/dict_0001_0179.uasset" 4140
"../../../Engine/Content/EngineMaterials/Substrate/Glints2/dict_0001_0180.uasset" 4141
"../../../Engine/Content/EngineMaterials/Substrate/Glints2/dict_0001_0181.uasset" 4142
"../../../Engine/Content/EngineMaterials/Substrate/Glints2/dict_0001_0182.uasset" 4143
"../../../Engine/Content/EngineMaterials/Substrate/Glints2/dict_0001_0183.uasset" 4144
"../../../Engine/Content/EngineMaterials/Substrate/Glints2/dict_0001_0184.uasset" 4145
"../../../Engine/Content/EngineMaterials/Substrate/Glints2/dict_0001_0185.uasset" 4146
"../../../Engine/Content/EngineMaterials/Substrate/Glints2/dict_0001_0186.uasset" 4147
"../../../Engine/Content/EngineMaterials/Substrate/Glints2/dict_0001_0187.uasset" 4148
"../../../Engine/Content/EngineMaterials/Substrate/Glints2/dict_0001_0188.uasset" 4149
"../../../Engine/Content/EngineMaterials/Substrate/Glints2/dict_0001_0189.uasset" 4150
"../../../Engine/Content/EngineMaterials/Substrate/Glints2/dict_0001_0190.uasset" 4151
"../../../Engine/Content/EngineMaterials/Substrate/Glints2/dict_0001_0191.uasset" 4152
"../../../Engine/Content/EngineMaterials/Substrate/Glints2/dict_0001_0192.uasset" 4153
"../../../Engine/Content/EngineMaterials/Substrate/Glints2/dict_0001_0193.uasset" 4154
"../../../Engine/Content/EngineMaterials/Substrate/Glints2/dict_0001_0194.uasset" 4155
"../../../Engine/Content/EngineMaterials/Substrate/Glints2/dict_0001_0195.uasset" 4156
"../../../Engine/Content/EngineMaterials/Substrate/Glints2/dict_0001_0196.uasset" 4157
"../../../Engine/Content/EngineMaterials/Substrate/Glints2/dict_0001_0197.uasset" 4158
"../../../Engine/Content/EngineMaterials/Substrate/Glints2/dict_0001_0198.uasset" 4159
"../../../Engine/Content/EngineMaterials/Substrate/Glints2/dict_0001_0199.uasset" 4160
"../../../Engine/Content/EngineMaterials/Substrate/Glints2/dict_0001_0200.uasset" 4161
"../../../Engine/Content/EngineMaterials/Substrate/Glints2/dict_0001_0201.uasset" 4162
"../../../Engine/Content/EngineMaterials/Substrate/Glints2/dict_0001_0202.uasset" 4163
"../../../Engine/Content/EngineMaterials/Substrate/Glints2/dict_0001_0203.uasset" 4164
"../../../Engine/Content/EngineMaterials/Substrate/Glints2/dict_0001_0204.uasset" 4165
"../../../Engine/Content/EngineMaterials/Substrate/Glints2/dict_0001_0205.uasset" 4166
"../../../Engine/Content/EngineMaterials/Substrate/Glints2/dict_0001_0206.uasset" 4167
"../../../Engine/Content/EngineMaterials/Substrate/Glints2/dict_0001_0207.uasset" 4168
"../../../Engine/Content/EngineMaterials/Substrate/Glints2/dict_0001_0208.uasset" 4169
"../../../Engine/Content/EngineMaterials/Substrate/Glints2/dict_0001_0209.uasset" 4170
"../../../Engine/Content/EngineMaterials/Substrate/Glints2/dict_0001_0210.uasset" 4171
"../../../Engine/Content/EngineMaterials/Substrate/Glints2/dict_0001_0211.uasset" 4172
"../../../Engine/Content/EngineMaterials/Substrate/Glints2/dict_0001_0212.uasset" 4173
"../../../Engine/Content/EngineMaterials/Substrate/Glints2/dict_0001_0213.uasset" 4174
"../../../Engine/Content/EngineMaterials/Substrate/Glints2/dict_0001_0214.uasset" 4175
"../../../Engine/Content/EngineMaterials/Substrate/Glints2/dict_0001_0215.uasset" 4176
"../../../Engine/Content/EngineMaterials/Substrate/Glints2/dict_0001_0216.uasset" 4177
"../../../Engine/Content/EngineMaterials/Substrate/Glints2/dict_0001_0217.uasset" 4178
"../../../Engine/Content/EngineMaterials/Substrate/Glints2/dict_0001_0218.uasset" 4179
"../../../Engine/Content/EngineMaterials/Substrate/Glints2/dict_0001_0219.uasset" 4180
"../../../Engine/Content/EngineMaterials/Substrate/Glints2/dict_0001_0220.uasset" 4181
"../../../Engine/Content/EngineMaterials/Substrate/Glints2/dict_0001_0221.uasset" 4182
"../../../Engine/Content/EngineMaterials/Substrate/Glints2/dict_0001_0222.uasset" 4183
"../../../Engine/Content/EngineMaterials/Substrate/Glints2/dict_0001_0223.uasset" 4184
"../../../Engine/Content/EngineMaterials/Substrate/Glints2/dict_0001_0224.uasset" 4185
"../../../Engine/Content/EngineMaterials/Substrate/Glints2/dict_0001_0225.uasset" 4186
"../../../Engine/Content/EngineMaterials/Substrate/Glints2/dict_0001_0226.uasset" 4187
"../../../Engine/Content/EngineMaterials/Substrate/Glints2/dict_0001_0227.uasset" 4188
"../../../Engine/Content/EngineMaterials/Substrate/Glints2/dict_0001_0228.uasset" 4189
"../../../Engine/Content/EngineMaterials/Substrate/Glints2/dict_0001_0229.uasset" 4190
"../../../Engine/Content/EngineMaterials/Substrate/Glints2/dict_0001_0230.uasset" 4191
"../../../Engine/Content/EngineMaterials/Substrate/Glints2/dict_0001_0231.uasset" 4192
"../../../Engine/Content/EngineMaterials/Substrate/Glints2/dict_0001_0232.uasset" 4193
"../../../Engine/Content/EngineMaterials/Substrate/Glints2/dict_0001_0233.uasset" 4194
"../../../Engine/Content/EngineMaterials/Substrate/Glints2/dict_0001_0234.uasset" 4195
"../../../Engine/Content/EngineMaterials/Substrate/Glints2/dict_0001_0235.uasset" 4196
"../../../Engine/Content/EngineMaterials/Substrate/Glints2/dict_0001_0236.uasset" 4197
"../../../Engine/Content/EngineMaterials/Substrate/Glints2/dict_0001_0237.uasset" 4198
"../../../Engine/Content/EngineMaterials/Substrate/Glints2/dict_0001_0238.uasset" 4199
"../../../Engine/Content/EngineMaterials/Substrate/Glints2/dict_0001_0239.uasset" 4200
"../../../Engine/Content/EngineMaterials/Substrate/Glints2/dict_0001_0240.uasset" 4201
"../../../Engine/Content/EngineMaterials/Substrate/Glints2/dict_0001_0241.uasset" 4202
"../../../Engine/Content/EngineMaterials/Substrate/Glints2/dict_0001_0242.uasset" 4203
"../../../Engine/Content/EngineMaterials/Substrate/Glints2/dict_0001_0243.uasset" 4204
"../../../Engine/Content/EngineMaterials/Substrate/Glints2/dict_0001_0244.uasset" 4205
"../../../Engine/Content/EngineMaterials/Substrate/Glints2/dict_0001_0245.uasset" 4206
"../../../Engine/Content/EngineMaterials/Substrate/Glints2/dict_0001_0246.uasset" 4207
"../../../Engine/Content/EngineMaterials/Substrate/Glints2/dict_0001_0247.uasset" 4208
"../../../Engine/Content/EngineMaterials/Substrate/Glints2/dict_0001_0248.uasset" 4209
"../../../Engine/Content/EngineMaterials/Substrate/Glints2/dict_0001_0249.uasset" 4210
"../../../Engine/Content/EngineMaterials/Substrate/Glints2/dict_0001_0250.uasset" 4211
"../../../Engine/Content/EngineMaterials/Substrate/Glints2/dict_0001_0251.uasset" 4212
"../../../Engine/Content/EngineMaterials/Substrate/Glints2/dict_0001_0252.uasset" 4213
"../../../Engine/Content/EngineMaterials/Substrate/Glints2/dict_0001_0253.uasset" 4214
"../../../Engine/Content/EngineMaterials/Substrate/Glints2/dict_0001_0254.uasset" 4215
"../../../Engine/Content/EngineMaterials/Substrate/Glints2/dict_0001_0255.uasset" 4216
"../../../Engine/Content/EngineMaterials/Substrate/Glints2/dict_0002_0000.uasset" 4217
"../../../Engine/Content/EngineMaterials/Substrate/Glints2/dict_0002_0001.uasset" 4218
"../../../Engine/Content/EngineMaterials/Substrate/Glints2/dict_0002_0002.uasset" 4219
"../../../Engine/Content/EngineMaterials/Substrate/Glints2/dict_0002_0003.uasset" 4220
"../../../Engine/Content/EngineMaterials/Substrate/Glints2/dict_0002_0004.uasset" 4221
"../../../Engine/Content/EngineMaterials/Substrate/Glints2/dict_0002_0005.uasset" 4222
"../../../Engine/Content/EngineMaterials/Substrate/Glints2/dict_0002_0006.uasset" 4223
"../../../Engine/Content/EngineMaterials/Substrate/Glints2/dict_0002_0007.uasset" 4224
"../../../Engine/Content/EngineMaterials/Substrate/Glints2/dict_0002_0008.uasset" 4225
"../../../Engine/Content/EngineMaterials/Substrate/Glints2/dict_0002_0009.uasset" 4226
"../../../Engine/Content/EngineMaterials/Substrate/Glints2/dict_0002_0010.uasset" 4227
"../../../Engine/Content/EngineMaterials/Substrate/Glints2/dict_0002_0011.uasset" 4228
"../../../Engine/Content/EngineMaterials/Substrate/Glints2/dict_0002_0012.uasset" 4229
"../../../Engine/Content/EngineMaterials/Substrate/Glints2/dict_0002_0013.uasset" 4230
"../../../Engine/Content/EngineMaterials/Substrate/Glints2/dict_0002_0014.uasset" 4231
"../../../Engine/Content/EngineMaterials/Substrate/Glints2/dict_0002_0015.uasset" 4232
"../../../Engine/Content/EngineMaterials/Substrate/Glints2/dict_0002_0016.uasset" 4233
"../../../Engine/Content/EngineMaterials/Substrate/Glints2/dict_0002_0017.uasset" 4234
"../../../Engine/Content/EngineMaterials/Substrate/Glints2/dict_0002_0018.uasset" 4235
"../../../Engine/Content/EngineMaterials/Substrate/Glints2/dict_0002_0019.uasset" 4236
"../../../Engine/Content/EngineMaterials/Substrate/Glints2/dict_0002_0020.uasset" 4237
"../../../Engine/Content/EngineMaterials/Substrate/Glints2/dict_0002_0021.uasset" 4238
"../../../Engine/Content/EngineMaterials/Substrate/Glints2/dict_0002_0022.uasset" 4239
"../../../Engine/Content/EngineMaterials/Substrate/Glints2/dict_0002_0023.uasset" 4240
"../../../Engine/Content/EngineMaterials/Substrate/Glints2/dict_0002_0024.uasset" 4241
"../../../Engine/Content/EngineMaterials/Substrate/Glints2/dict_0002_0025.uasset" 4242
"../../../Engine/Content/EngineMaterials/Substrate/Glints2/dict_0002_0026.uasset" 4243
"../../../Engine/Content/EngineMaterials/Substrate/Glints2/dict_0002_0027.uasset" 4244
"../../../Engine/Content/EngineMaterials/Substrate/Glints2/dict_0002_0028.uasset" 4245
"../../../Engine/Content/EngineMaterials/Substrate/Glints2/dict_0002_0029.uasset" 4246
"../../../Engine/Content/EngineMaterials/Substrate/Glints2/dict_0002_0030.uasset" 4247
"../../../Engine/Content/EngineMaterials/Substrate/Glints2/dict_0002_0031.uasset" 4248
"../../../Engine/Content/EngineMaterials/Substrate/Glints2/dict_0002_0032.uasset" 4249
"../../../Engine/Content/EngineMaterials/Substrate/Glints2/dict_0002_0033.uasset" 4250
"../../../Engine/Content/EngineMaterials/Substrate/Glints2/dict_0002_0034.uasset" 4251
"../../../Engine/Content/EngineMaterials/Substrate/Glints2/dict_0002_0035.uasset" 4252
"../../../Engine/Content/EngineMaterials/Substrate/Glints2/dict_0002_0036.uasset" 4253
"../../../Engine/Content/EngineMaterials/Substrate/Glints2/dict_0002_0037.uasset" 4254
"../../../Engine/Content/EngineMaterials/Substrate/Glints2/dict_0002_0038.uasset" 4255
"../../../Engine/Content/EngineMaterials/Substrate/Glints2/dict_0002_0039.uasset" 4256
"../../../Engine/Content/EngineMaterials/Substrate/Glints2/dict_0002_0040.uasset" 4257
"../../../Engine/Content/EngineMaterials/Substrate/Glints2/dict_0002_0041.uasset" 4258
"../../../Engine/Content/EngineMaterials/Substrate/Glints2/dict_0002_0042.uasset" 4259
"../../../Engine/Content/EngineMaterials/Substrate/Glints2/dict_0002_0043.uasset" 4260
"../../../Engine/Content/EngineMaterials/Substrate/Glints2/dict_0002_0044.uasset" 4261
"../../../Engine/Content/EngineMaterials/Substrate/Glints2/dict_0002_0045.uasset" 4262
"../../../Engine/Content/EngineMaterials/Substrate/Glints2/dict_0002_0046.uasset" 4263
"../../../Engine/Content/EngineMaterials/Substrate/Glints2/dict_0002_0047.uasset" 4264
"../../../Engine/Content/EngineMaterials/Substrate/Glints2/dict_0002_0048.uasset" 4265
"../../../Engine/Content/EngineMaterials/Substrate/Glints2/dict_0002_0049.uasset" 4266
"../../../Engine/Content/EngineMaterials/Substrate/Glints2/dict_0002_0050.uasset" 4267
"../../../Engine/Content/EngineMaterials/Substrate/Glints2/dict_0002_0051.uasset" 4268
"../../../Engine/Content/EngineMaterials/Substrate/Glints2/dict_0002_0052.uasset" 4269
"../../../Engine/Content/EngineMaterials/Substrate/Glints2/dict_0002_0053.uasset" 4270
"../../../Engine/Content/EngineMaterials/Substrate/Glints2/dict_0002_0054.uasset" 4271
"../../../Engine/Content/EngineMaterials/Substrate/Glints2/dict_0002_0055.uasset" 4272
"../../../Engine/Content/EngineMaterials/Substrate/Glints2/dict_0002_0056.uasset" 4273
"../../../Engine/Content/EngineMaterials/Substrate/Glints2/dict_0002_0057.uasset" 4274
"../../../Engine/Content/EngineMaterials/Substrate/Glints2/dict_0002_0058.uasset" 4275
"../../../Engine/Content/EngineMaterials/Substrate/Glints2/dict_0002_0059.uasset" 4276
"../../../Engine/Content/EngineMaterials/Substrate/Glints2/dict_0002_0060.uasset" 4277
"../../../Engine/Content/EngineMaterials/Substrate/Glints2/dict_0002_0061.uasset" 4278
"../../../Engine/Content/EngineMaterials/Substrate/Glints2/dict_0002_0062.uasset" 4279
"../../../Engine/Content/EngineMaterials/Substrate/Glints2/dict_0002_0063.uasset" 4280
"../../../Engine/Content/EngineMaterials/Substrate/Glints2/dict_0002_0064.uasset" 4281
"../../../Engine/Content/EngineMaterials/Substrate/Glints2/dict_0002_0065.uasset" 4282
"../../../Engine/Content/EngineMaterials/Substrate/Glints2/dict_0002_0066.uasset" 4283
"../../../Engine/Content/EngineMaterials/Substrate/Glints2/dict_0002_0067.uasset" 4284
"../../../Engine/Content/EngineMaterials/Substrate/Glints2/dict_0002_0068.uasset" 4285
"../../../Engine/Content/EngineMaterials/Substrate/Glints2/dict_0002_0069.uasset" 4286
"../../../Engine/Content/EngineMaterials/Substrate/Glints2/dict_0002_0070.uasset" 4287
"../../../Engine/Content/EngineMaterials/Substrate/Glints2/dict_0002_0071.uasset" 4288
"../../../Engine/Content/EngineMaterials/Substrate/Glints2/dict_0002_0072.uasset" 4289
"../../../Engine/Content/EngineMaterials/Substrate/Glints2/dict_0002_0073.uasset" 4290
"../../../Engine/Content/EngineMaterials/Substrate/Glints2/dict_0002_0074.uasset" 4291
"../../../Engine/Content/EngineMaterials/Substrate/Glints2/dict_0002_0075.uasset" 4292
"../../../Engine/Content/EngineMaterials/Substrate/Glints2/dict_0002_0076.uasset" 4293
"../../../Engine/Content/EngineMaterials/Substrate/Glints2/dict_0002_0077.uasset" 4294
"../../../Engine/Content/EngineMaterials/Substrate/Glints2/dict_0002_0078.uasset" 4295
"../../../Engine/Content/EngineMaterials/Substrate/Glints2/dict_0002_0079.uasset" 4296
"../../../Engine/Content/EngineMaterials/Substrate/Glints2/dict_0002_0080.uasset" 4297
"../../../Engine/Content/EngineMaterials/Substrate/Glints2/dict_0002_0081.uasset" 4298
"../../../Engine/Content/EngineMaterials/Substrate/Glints2/dict_0002_0082.uasset" 4299
"../../../Engine/Content/EngineMaterials/Substrate/Glints2/dict_0002_0083.uasset" 4300
"../../../Engine/Content/EngineMaterials/Substrate/Glints2/dict_0002_0084.uasset" 4301
"../../../Engine/Content/EngineMaterials/Substrate/Glints2/dict_0002_0085.uasset" 4302
"../../../Engine/Content/EngineMaterials/Substrate/Glints2/dict_0002_0086.uasset" 4303
"../../../Engine/Content/EngineMaterials/Substrate/Glints2/dict_0002_0087.uasset" 4304
"../../../Engine/Content/EngineMaterials/Substrate/Glints2/dict_0002_0088.uasset" 4305
"../../../Engine/Content/EngineMaterials/Substrate/Glints2/dict_0002_0089.uasset" 4306
"../../../Engine/Content/EngineMaterials/Substrate/Glints2/dict_0002_0090.uasset" 4307
"../../../Engine/Content/EngineMaterials/Substrate/Glints2/dict_0002_0091.uasset" 4308
"../../../Engine/Content/EngineMaterials/Substrate/Glints2/dict_0002_0092.uasset" 4309
"../../../Engine/Content/EngineMaterials/Substrate/Glints2/dict_0002_0093.uasset" 4310
"../../../Engine/Content/EngineMaterials/Substrate/Glints2/dict_0002_0094.uasset" 4311
"../../../Engine/Content/EngineMaterials/Substrate/Glints2/dict_0002_0095.uasset" 4312
"../../../Engine/Content/EngineMaterials/Substrate/Glints2/dict_0002_0096.uasset" 4313
"../../../Engine/Content/EngineMaterials/Substrate/Glints2/dict_0002_0097.uasset" 4314
"../../../Engine/Content/EngineMaterials/Substrate/Glints2/dict_0002_0098.uasset" 4315
"../../../Engine/Content/EngineMaterials/Substrate/Glints2/dict_0002_0099.uasset" 4316
"../../../Engine/Content/EngineMaterials/Substrate/Glints2/dict_0002_0100.uasset" 4317
"../../../Engine/Content/EngineMaterials/Substrate/Glints2/dict_0002_0101.uasset" 4318
"../../../Engine/Content/EngineMaterials/Substrate/Glints2/dict_0002_0102.uasset" 4319
"../../../Engine/Content/EngineMaterials/Substrate/Glints2/dict_0002_0103.uasset" 4320
"../../../Engine/Content/EngineMaterials/Substrate/Glints2/dict_0002_0104.uasset" 4321
"../../../Engine/Content/EngineMaterials/Substrate/Glints2/dict_0002_0105.uasset" 4322
"../../../Engine/Content/EngineMaterials/Substrate/Glints2/dict_0002_0106.uasset" 4323
"../../../Engine/Content/EngineMaterials/Substrate/Glints2/dict_0002_0107.uasset" 4324
"../../../Engine/Content/EngineMaterials/Substrate/Glints2/dict_0002_0108.uasset" 4325
"../../../Engine/Content/EngineMaterials/Substrate/Glints2/dict_0002_0109.uasset" 4326
"../../../Engine/Content/EngineMaterials/Substrate/Glints2/dict_0002_0110.uasset" 4327
"../../../Engine/Content/EngineMaterials/Substrate/Glints2/dict_0002_0111.uasset" 4328
"../../../Engine/Content/EngineMaterials/Substrate/Glints2/dict_0002_0112.uasset" 4329
"../../../Engine/Content/EngineMaterials/Substrate/Glints2/dict_0002_0113.uasset" 4330
"../../../Engine/Content/EngineMaterials/Substrate/Glints2/dict_0002_0114.uasset" 4331
"../../../Engine/Content/EngineMaterials/Substrate/Glints2/dict_0002_0115.uasset" 4332
"../../../Engine/Content/EngineMaterials/Substrate/Glints2/dict_0002_0116.uasset" 4333
"../../../Engine/Content/EngineMaterials/Substrate/Glints2/dict_0002_0117.uasset" 4334
"../../../Engine/Content/EngineMaterials/Substrate/Glints2/dict_0002_0118.uasset" 4335
"../../../Engine/Content/EngineMaterials/Substrate/Glints2/dict_0002_0119.uasset" 4336
"../../../Engine/Content/EngineMaterials/Substrate/Glints2/dict_0002_0120.uasset" 4337
"../../../Engine/Content/EngineMaterials/Substrate/Glints2/dict_0002_0121.uasset" 4338
"../../../Engine/Content/EngineMaterials/Substrate/Glints2/dict_0002_0122.uasset" 4339
"../../../Engine/Content/EngineMaterials/Substrate/Glints2/dict_0002_0123.uasset" 4340
"../../../Engine/Content/EngineMaterials/Substrate/Glints2/dict_0002_0124.uasset" 4341
"../../../Engine/Content/EngineMaterials/Substrate/Glints2/dict_0002_0125.uasset" 4342
"../../../Engine/Content/EngineMaterials/Substrate/Glints2/dict_0002_0126.uasset" 4343
"../../../Engine/Content/EngineMaterials/Substrate/Glints2/dict_0002_0127.uasset" 4344
"../../../Engine/Content/EngineMaterials/Substrate/Glints2/dict_0002_0128.uasset" 4345
"../../../Engine/Content/EngineMaterials/Substrate/Glints2/dict_0002_0129.uasset" 4346
"../../../Engine/Content/EngineMaterials/Substrate/Glints2/dict_0002_0130.uasset" 4347
"../../../Engine/Content/EngineMaterials/Substrate/Glints2/dict_0002_0131.uasset" 4348
"../../../Engine/Content/EngineMaterials/Substrate/Glints2/dict_0002_0132.uasset" 4349
"../../../Engine/Content/EngineMaterials/Substrate/Glints2/dict_0002_0133.uasset" 4350
"../../../Engine/Content/EngineMaterials/Substrate/Glints2/dict_0002_0134.uasset" 4351
"../../../Engine/Content/EngineMaterials/Substrate/Glints2/dict_0002_0135.uasset" 4352
"../../../Engine/Content/EngineMaterials/Substrate/Glints2/dict_0002_0136.uasset" 4353
"../../../Engine/Content/EngineMaterials/Substrate/Glints2/dict_0002_0137.uasset" 4354
"../../../Engine/Content/EngineMaterials/Substrate/Glints2/dict_0002_0138.uasset" 4355
"../../../Engine/Content/EngineMaterials/Substrate/Glints2/dict_0002_0139.uasset" 4356
"../../../Engine/Content/EngineMaterials/Substrate/Glints2/dict_0002_0140.uasset" 4357
"../../../Engine/Content/EngineMaterials/Substrate/Glints2/dict_0002_0141.uasset" 4358
"../../../Engine/Content/EngineMaterials/Substrate/Glints2/dict_0002_0142.uasset" 4359
"../../../Engine/Content/EngineMaterials/Substrate/Glints2/dict_0002_0143.uasset" 4360
"../../../Engine/Content/EngineMaterials/Substrate/Glints2/dict_0002_0144.uasset" 4361
"../../../Engine/Content/EngineMaterials/Substrate/Glints2/dict_0002_0145.uasset" 4362
"../../../Engine/Content/EngineMaterials/Substrate/Glints2/dict_0002_0146.uasset" 4363
"../../../Engine/Content/EngineMaterials/Substrate/Glints2/dict_0002_0147.uasset" 4364
"../../../Engine/Content/EngineMaterials/Substrate/Glints2/dict_0002_0148.uasset" 4365
"../../../Engine/Content/EngineMaterials/Substrate/Glints2/dict_0002_0149.uasset" 4366
"../../../Engine/Content/EngineMaterials/Substrate/Glints2/dict_0002_0150.uasset" 4367
"../../../Engine/Content/EngineMaterials/Substrate/Glints2/dict_0002_0151.uasset" 4368
"../../../Engine/Content/EngineMaterials/Substrate/Glints2/dict_0002_0152.uasset" 4369
"../../../Engine/Content/EngineMaterials/Substrate/Glints2/dict_0002_0153.uasset" 4370
"../../../Engine/Content/EngineMaterials/Substrate/Glints2/dict_0002_0154.uasset" 4371
"../../../Engine/Content/EngineMaterials/Substrate/Glints2/dict_0002_0155.uasset" 4372
"../../../Engine/Content/EngineMaterials/Substrate/Glints2/dict_0002_0156.uasset" 4373
"../../../Engine/Content/EngineMaterials/Substrate/Glints2/dict_0002_0157.uasset" 4374
"../../../Engine/Content/EngineMaterials/Substrate/Glints2/dict_0002_0158.uasset" 4375
"../../../Engine/Content/EngineMaterials/Substrate/Glints2/dict_0002_0159.uasset" 4376
"../../../Engine/Content/EngineMaterials/Substrate/Glints2/dict_0002_0160.uasset" 4377
"../../../Engine/Content/EngineMaterials/Substrate/Glints2/dict_0002_0161.uasset" 4378
"../../../Engine/Content/EngineMaterials/Substrate/Glints2/dict_0002_0162.uasset" 4379
"../../../Engine/Content/EngineMaterials/Substrate/Glints2/dict_0002_0163.uasset" 4380
"../../../Engine/Content/EngineMaterials/Substrate/Glints2/dict_0002_0164.uasset" 4381
"../../../Engine/Content/EngineMaterials/Substrate/Glints2/dict_0002_0165.uasset" 4382
"../../../Engine/Content/EngineMaterials/Substrate/Glints2/dict_0002_0166.uasset" 4383
"../../../Engine/Content/EngineMaterials/Substrate/Glints2/dict_0002_0167.uasset" 4384
"../../../Engine/Content/EngineMaterials/Substrate/Glints2/dict_0002_0168.uasset" 4385
"../../../Engine/Content/EngineMaterials/Substrate/Glints2/dict_0002_0169.uasset" 4386
"../../../Engine/Content/EngineMaterials/Substrate/Glints2/dict_0002_0170.uasset" 4387
"../../../Engine/Content/EngineMaterials/Substrate/Glints2/dict_0002_0171.uasset" 4388
"../../../Engine/Content/EngineMaterials/Substrate/Glints2/dict_0002_0172.uasset" 4389
"../../../Engine/Content/EngineMaterials/Substrate/Glints2/dict_0002_0173.uasset" 4390
"../../../Engine/Content/EngineMaterials/Substrate/Glints2/dict_0002_0174.uasset" 4391
"../../../Engine/Content/EngineMaterials/Substrate/Glints2/dict_0002_0175.uasset" 4392
"../../../Engine/Content/EngineMaterials/Substrate/Glints2/dict_0002_0176.uasset" 4393
"../../../Engine/Content/EngineMaterials/Substrate/Glints2/dict_0002_0177.uasset" 4394
"../../../Engine/Content/EngineMaterials/Substrate/Glints2/dict_0002_0178.uasset" 4395
"../../../Engine/Content/EngineMaterials/Substrate/Glints2/dict_0002_0179.uasset" 4396
"../../../Engine/Content/EngineMaterials/Substrate/Glints2/dict_0002_0180.uasset" 4397
"../../../Engine/Content/EngineMaterials/Substrate/Glints2/dict_0002_0181.uasset" 4398
"../../../Engine/Content/EngineMaterials/Substrate/Glints2/dict_0002_0182.uasset" 4399
"../../../Engine/Content/EngineMaterials/Substrate/Glints2/dict_0002_0183.uasset" 4400
"../../../Engine/Content/EngineMaterials/Substrate/Glints2/dict_0002_0184.uasset" 4401
"../../../Engine/Content/EngineMaterials/Substrate/Glints2/dict_0002_0185.uasset" 4402
"../../../Engine/Content/EngineMaterials/Substrate/Glints2/dict_0002_0186.uasset" 4403
"../../../Engine/Content/EngineMaterials/Substrate/Glints2/dict_0002_0187.uasset" 4404
"../../../Engine/Content/EngineMaterials/Substrate/Glints2/dict_0002_0188.uasset" 4405
"../../../Engine/Content/EngineMaterials/Substrate/Glints2/dict_0002_0189.uasset" 4406
"../../../Engine/Content/EngineMaterials/Substrate/Glints2/dict_0002_0190.uasset" 4407
"../../../Engine/Content/EngineMaterials/Substrate/Glints2/dict_0002_0191.uasset" 4408
"../../../Engine/Content/EngineMaterials/Substrate/Glints2/dict_0002_0192.uasset" 4409
"../../../Engine/Content/EngineMaterials/Substrate/Glints2/dict_0002_0193.uasset" 4410
"../../../Engine/Content/EngineMaterials/Substrate/Glints2/dict_0002_0194.uasset" 4411
"../../../Engine/Content/EngineMaterials/Substrate/Glints2/dict_0002_0195.uasset" 4412
"../../../Engine/Content/EngineMaterials/Substrate/Glints2/dict_0002_0196.uasset" 4413
"../../../Engine/Content/EngineMaterials/Substrate/Glints2/dict_0002_0197.uasset" 4414
"../../../Engine/Content/EngineMaterials/Substrate/Glints2/dict_0002_0198.uasset" 4415
"../../../Engine/Content/EngineMaterials/Substrate/Glints2/dict_0002_0199.uasset" 4416
"../../../Engine/Content/EngineMaterials/Substrate/Glints2/dict_0002_0200.uasset" 4417
"../../../Engine/Content/EngineMaterials/Substrate/Glints2/dict_0002_0201.uasset" 4418
"../../../Engine/Content/EngineMaterials/Substrate/Glints2/dict_0002_0202.uasset" 4419
"../../../Engine/Content/EngineMaterials/Substrate/Glints2/dict_0002_0203.uasset" 4420
"../../../Engine/Content/EngineMaterials/Substrate/Glints2/dict_0002_0204.uasset" 4421
"../../../Engine/Content/EngineMaterials/Substrate/Glints2/dict_0002_0205.uasset" 4422
"../../../Engine/Content/EngineMaterials/Substrate/Glints2/dict_0002_0206.uasset" 4423
"../../../Engine/Content/EngineMaterials/Substrate/Glints2/dict_0002_0207.uasset" 4424
"../../../Engine/Content/EngineMaterials/Substrate/Glints2/dict_0002_0208.uasset" 4425
"../../../Engine/Content/EngineMaterials/Substrate/Glints2/dict_0002_0209.uasset" 4426
"../../../Engine/Content/EngineMaterials/Substrate/Glints2/dict_0002_0210.uasset" 4427
"../../../Engine/Content/EngineMaterials/Substrate/Glints2/dict_0002_0211.uasset" 4428
"../../../Engine/Content/EngineMaterials/Substrate/Glints2/dict_0002_0212.uasset" 4429
"../../../Engine/Content/EngineMaterials/Substrate/Glints2/dict_0002_0213.uasset" 4430
"../../../Engine/Content/EngineMaterials/Substrate/Glints2/dict_0002_0214.uasset" 4431
"../../../Engine/Content/EngineMaterials/Substrate/Glints2/dict_0002_0215.uasset" 4432
"../../../Engine/Content/EngineMaterials/Substrate/Glints2/dict_0002_0216.uasset" 4433
"../../../Engine/Content/EngineMaterials/Substrate/Glints2/dict_0002_0217.uasset" 4434
"../../../Engine/Content/EngineMaterials/Substrate/Glints2/dict_0002_0218.uasset" 4435
"../../../Engine/Content/EngineMaterials/Substrate/Glints2/dict_0002_0219.uasset" 4436
"../../../Engine/Content/EngineMaterials/Substrate/Glints2/dict_0002_0220.uasset" 4437
"../../../Engine/Content/EngineMaterials/Substrate/Glints2/dict_0002_0221.uasset" 4438
"../../../Engine/Content/EngineMaterials/Substrate/Glints2/dict_0002_0222.uasset" 4439
"../../../Engine/Content/EngineMaterials/Substrate/Glints2/dict_0002_0223.uasset" 4440
"../../../Engine/Content/EngineMaterials/Substrate/Glints2/dict_0002_0224.uasset" 4441
"../../../Engine/Content/EngineMaterials/Substrate/Glints2/dict_0002_0225.uasset" 4442
"../../../Engine/Content/EngineMaterials/Substrate/Glints2/dict_0002_0226.uasset" 4443
"../../../Engine/Content/EngineMaterials/Substrate/Glints2/dict_0002_0227.uasset" 4444
"../../../Engine/Content/EngineMaterials/Substrate/Glints2/dict_0002_0228.uasset" 4445
"../../../Engine/Content/EngineMaterials/Substrate/Glints2/dict_0002_0229.uasset" 4446
"../../../Engine/Content/EngineMaterials/Substrate/Glints2/dict_0002_0230.uasset" 4447
"../../../Engine/Content/EngineMaterials/Substrate/Glints2/dict_0002_0231.uasset" 4448
"../../../Engine/Content/EngineMaterials/Substrate/Glints2/dict_0002_0232.uasset" 4449
"../../../Engine/Content/EngineMaterials/Substrate/Glints2/dict_0002_0233.uasset" 4450
"../../../Engine/Content/EngineMaterials/Substrate/Glints2/dict_0002_0234.uasset" 4451
"../../../Engine/Content/EngineMaterials/Substrate/Glints2/dict_0002_0235.uasset" 4452
"../../../Engine/Content/EngineMaterials/Substrate/Glints2/dict_0002_0236.uasset" 4453
"../../../Engine/Content/EngineMaterials/Substrate/Glints2/dict_0002_0237.uasset" 4454
"../../../Engine/Content/EngineMaterials/Substrate/Glints2/dict_0002_0238.uasset" 4455
"../../../Engine/Content/EngineMaterials/Substrate/Glints2/dict_0002_0239.uasset" 4456
"../../../Engine/Content/EngineMaterials/Substrate/Glints2/dict_0002_0240.uasset" 4457
"../../../Engine/Content/EngineMaterials/Substrate/Glints2/dict_0002_0241.uasset" 4458
"../../../Engine/Content/EngineMaterials/Substrate/Glints2/dict_0002_0242.uasset" 4459
"../../../Engine/Content/EngineMaterials/Substrate/Glints2/dict_0002_0243.uasset" 4460
"../../../Engine/Content/EngineMaterials/Substrate/Glints2/dict_0002_0244.uasset" 4461
"../../../Engine/Content/EngineMaterials/Substrate/Glints2/dict_0002_0245.uasset" 4462
"../../../Engine/Content/EngineMaterials/Substrate/Glints2/dict_0002_0246.uasset" 4463
"../../../Engine/Content/EngineMaterials/Substrate/Glints2/dict_0002_0247.uasset" 4464
"../../../Engine/Content/EngineMaterials/Substrate/Glints2/dict_0002_0248.uasset" 4465
"../../../Engine/Content/EngineMaterials/Substrate/Glints2/dict_0002_0249.uasset" 4466
"../../../Engine/Content/EngineMaterials/Substrate/Glints2/dict_0002_0250.uasset" 4467
"../../../Engine/Content/EngineMaterials/Substrate/Glints2/dict_0002_0251.uasset" 4468
"../../../Engine/Content/EngineMaterials/Substrate/Glints2/dict_0002_0252.uasset" 4469
"../../../Engine/Content/EngineMaterials/Substrate/Glints2/dict_0002_0253.uasset" 4470
"../../../Engine/Content/EngineMaterials/Substrate/Glints2/dict_0002_0254.uasset" 4471
"../../../Engine/Content/EngineMaterials/Substrate/Glints2/dict_0002_0255.uasset" 4472
"../../../Engine/Content/EngineMaterials/Substrate/Glints2/dict_0003_0000.uasset" 4473
"../../../Engine/Content/EngineMaterials/Substrate/Glints2/dict_0003_0001.uasset" 4474
"../../../Engine/Content/EngineMaterials/Substrate/Glints2/dict_0003_0002.uasset" 4475
"../../../Engine/Content/EngineMaterials/Substrate/Glints2/dict_0003_0003.uasset" 4476
"../../../Engine/Content/EngineMaterials/Substrate/Glints2/dict_0003_0004.uasset" 4477
"../../../Engine/Content/EngineMaterials/Substrate/Glints2/dict_0003_0005.uasset" 4478
"../../../Engine/Content/EngineMaterials/Substrate/Glints2/dict_0003_0006.uasset" 4479
"../../../Engine/Content/EngineMaterials/Substrate/Glints2/dict_0003_0007.uasset" 4480
"../../../Engine/Content/EngineMaterials/Substrate/Glints2/dict_0003_0008.uasset" 4481
"../../../Engine/Content/EngineMaterials/Substrate/Glints2/dict_0003_0009.uasset" 4482
"../../../Engine/Content/EngineMaterials/Substrate/Glints2/dict_0003_0010.uasset" 4483
"../../../Engine/Content/EngineMaterials/Substrate/Glints2/dict_0003_0011.uasset" 4484
"../../../Engine/Content/EngineMaterials/Substrate/Glints2/dict_0003_0012.uasset" 4485
"../../../Engine/Content/EngineMaterials/Substrate/Glints2/dict_0003_0013.uasset" 4486
"../../../Engine/Content/EngineMaterials/Substrate/Glints2/dict_0003_0014.uasset" 4487
"../../../Engine/Content/EngineMaterials/Substrate/Glints2/dict_0003_0015.uasset" 4488
"../../../Engine/Content/EngineMaterials/Substrate/Glints2/dict_0003_0016.uasset" 4489
"../../../Engine/Content/EngineMaterials/Substrate/Glints2/dict_0003_0017.uasset" 4490
"../../../Engine/Content/EngineMaterials/Substrate/Glints2/dict_0003_0018.uasset" 4491
"../../../Engine/Content/EngineMaterials/Substrate/Glints2/dict_0003_0019.uasset" 4492
"../../../Engine/Content/EngineMaterials/Substrate/Glints2/dict_0003_0020.uasset" 4493
"../../../Engine/Content/EngineMaterials/Substrate/Glints2/dict_0003_0021.uasset" 4494
"../../../Engine/Content/EngineMaterials/Substrate/Glints2/dict_0003_0022.uasset" 4495
"../../../Engine/Content/EngineMaterials/Substrate/Glints2/dict_0003_0023.uasset" 4496
"../../../Engine/Content/EngineMaterials/Substrate/Glints2/dict_0003_0024.uasset" 4497
"../../../Engine/Content/EngineMaterials/Substrate/Glints2/dict_0003_0025.uasset" 4498
"../../../Engine/Content/EngineMaterials/Substrate/Glints2/dict_0003_0026.uasset" 4499
"../../../Engine/Content/EngineMaterials/Substrate/Glints2/dict_0003_0027.uasset" 4500
"../../../Engine/Content/EngineMaterials/Substrate/Glints2/dict_0003_0028.uasset" 4501
"../../../Engine/Content/EngineMaterials/Substrate/Glints2/dict_0003_0029.uasset" 4502
"../../../Engine/Content/EngineMaterials/Substrate/Glints2/dict_0003_0030.uasset" 4503
"../../../Engine/Content/EngineMaterials/Substrate/Glints2/dict_0003_0031.uasset" 4504
"../../../Engine/Content/EngineMaterials/Substrate/Glints2/dict_0003_0032.uasset" 4505
"../../../Engine/Content/EngineMaterials/Substrate/Glints2/dict_0003_0033.uasset" 4506
"../../../Engine/Content/EngineMaterials/Substrate/Glints2/dict_0003_0034.uasset" 4507
"../../../Engine/Content/EngineMaterials/Substrate/Glints2/dict_0003_0035.uasset" 4508
"../../../Engine/Content/EngineMaterials/Substrate/Glints2/dict_0003_0036.uasset" 4509
"../../../Engine/Content/EngineMaterials/Substrate/Glints2/dict_0003_0037.uasset" 4510
"../../../Engine/Content/EngineMaterials/Substrate/Glints2/dict_0003_0038.uasset" 4511
"../../../Engine/Content/EngineMaterials/Substrate/Glints2/dict_0003_0039.uasset" 4512
"../../../Engine/Content/EngineMaterials/Substrate/Glints2/dict_0003_0040.uasset" 4513
"../../../Engine/Content/EngineMaterials/Substrate/Glints2/dict_0003_0041.uasset" 4514
"../../../Engine/Content/EngineMaterials/Substrate/Glints2/dict_0003_0042.uasset" 4515
"../../../Engine/Content/EngineMaterials/Substrate/Glints2/dict_0003_0043.uasset" 4516
"../../../Engine/Content/EngineMaterials/Substrate/Glints2/dict_0003_0044.uasset" 4517
"../../../Engine/Content/EngineMaterials/Substrate/Glints2/dict_0003_0045.uasset" 4518
"../../../Engine/Content/EngineMaterials/Substrate/Glints2/dict_0003_0046.uasset" 4519
"../../../Engine/Content/EngineMaterials/Substrate/Glints2/dict_0003_0047.uasset" 4520
"../../../Engine/Content/EngineMaterials/Substrate/Glints2/dict_0003_0048.uasset" 4521
"../../../Engine/Content/EngineMaterials/Substrate/Glints2/dict_0003_0049.uasset" 4522
"../../../Engine/Content/EngineMaterials/Substrate/Glints2/dict_0003_0050.uasset" 4523
"../../../Engine/Content/EngineMaterials/Substrate/Glints2/dict_0003_0051.uasset" 4524
"../../../Engine/Content/EngineMaterials/Substrate/Glints2/dict_0003_0052.uasset" 4525
"../../../Engine/Content/EngineMaterials/Substrate/Glints2/dict_0003_0053.uasset" 4526
"../../../Engine/Content/EngineMaterials/Substrate/Glints2/dict_0003_0054.uasset" 4527
"../../../Engine/Content/EngineMaterials/Substrate/Glints2/dict_0003_0055.uasset" 4528
"../../../Engine/Content/EngineMaterials/Substrate/Glints2/dict_0003_0056.uasset" 4529
"../../../Engine/Content/EngineMaterials/Substrate/Glints2/dict_0003_0057.uasset" 4530
"../../../Engine/Content/EngineMaterials/Substrate/Glints2/dict_0003_0058.uasset" 4531
"../../../Engine/Content/EngineMaterials/Substrate/Glints2/dict_0003_0059.uasset" 4532
"../../../Engine/Content/EngineMaterials/Substrate/Glints2/dict_0003_0060.uasset" 4533
"../../../Engine/Content/EngineMaterials/Substrate/Glints2/dict_0003_0061.uasset" 4534
"../../../Engine/Content/EngineMaterials/Substrate/Glints2/dict_0003_0062.uasset" 4535
"../../../Engine/Content/EngineMaterials/Substrate/Glints2/dict_0003_0063.uasset" 4536
"../../../Engine/Content/EngineMaterials/Substrate/Glints2/dict_0003_0064.uasset" 4537
"../../../Engine/Content/EngineMaterials/Substrate/Glints2/dict_0003_0065.uasset" 4538
"../../../Engine/Content/EngineMaterials/Substrate/Glints2/dict_0003_0066.uasset" 4539
"../../../Engine/Content/EngineMaterials/Substrate/Glints2/dict_0003_0067.uasset" 4540
"../../../Engine/Content/EngineMaterials/Substrate/Glints2/dict_0003_0068.uasset" 4541
"../../../Engine/Content/EngineMaterials/Substrate/Glints2/dict_0003_0069.uasset" 4542
"../../../Engine/Content/EngineMaterials/Substrate/Glints2/dict_0003_0070.uasset" 4543
"../../../Engine/Content/EngineMaterials/Substrate/Glints2/dict_0003_0071.uasset" 4544
"../../../Engine/Content/EngineMaterials/Substrate/Glints2/dict_0003_0072.uasset" 4545
"../../../Engine/Content/EngineMaterials/Substrate/Glints2/dict_0003_0073.uasset" 4546
"../../../Engine/Content/EngineMaterials/Substrate/Glints2/dict_0003_0074.uasset" 4547
"../../../Engine/Content/EngineMaterials/Substrate/Glints2/dict_0003_0075.uasset" 4548
"../../../Engine/Content/EngineMaterials/Substrate/Glints2/dict_0003_0076.uasset" 4549
"../../../Engine/Content/EngineMaterials/Substrate/Glints2/dict_0003_0077.uasset" 4550
"../../../Engine/Content/EngineMaterials/Substrate/Glints2/dict_0003_0078.uasset" 4551
"../../../Engine/Content/EngineMaterials/Substrate/Glints2/dict_0003_0079.uasset" 4552
"../../../Engine/Content/EngineMaterials/Substrate/Glints2/dict_0003_0080.uasset" 4553
"../../../Engine/Content/EngineMaterials/Substrate/Glints2/dict_0003_0081.uasset" 4554
"../../../Engine/Content/EngineMaterials/Substrate/Glints2/dict_0003_0082.uasset" 4555
"../../../Engine/Content/EngineMaterials/Substrate/Glints2/dict_0003_0083.uasset" 4556
"../../../Engine/Content/EngineMaterials/Substrate/Glints2/dict_0003_0084.uasset" 4557
"../../../Engine/Content/EngineMaterials/Substrate/Glints2/dict_0003_0085.uasset" 4558
"../../../Engine/Content/EngineMaterials/Substrate/Glints2/dict_0003_0086.uasset" 4559
"../../../Engine/Content/EngineMaterials/Substrate/Glints2/dict_0003_0087.uasset" 4560
"../../../Engine/Content/EngineMaterials/Substrate/Glints2/dict_0003_0088.uasset" 4561
"../../../Engine/Content/EngineMaterials/Substrate/Glints2/dict_0003_0089.uasset" 4562
"../../../Engine/Content/EngineMaterials/Substrate/Glints2/dict_0003_0090.uasset" 4563
"../../../Engine/Content/EngineMaterials/Substrate/Glints2/dict_0003_0091.uasset" 4564
"../../../Engine/Content/EngineMaterials/Substrate/Glints2/dict_0003_0092.uasset" 4565
"../../../Engine/Content/EngineMaterials/Substrate/Glints2/dict_0003_0093.uasset" 4566
"../../../Engine/Content/EngineMaterials/Substrate/Glints2/dict_0003_0094.uasset" 4567
"../../../Engine/Content/EngineMaterials/Substrate/Glints2/dict_0003_0095.uasset" 4568
"../../../Engine/Content/EngineMaterials/Substrate/Glints2/dict_0003_0096.uasset" 4569
"../../../Engine/Content/EngineMaterials/Substrate/Glints2/dict_0003_0097.uasset" 4570
"../../../Engine/Content/EngineMaterials/Substrate/Glints2/dict_0003_0098.uasset" 4571
"../../../Engine/Content/EngineMaterials/Substrate/Glints2/dict_0003_0099.uasset" 4572
"../../../Engine/Content/EngineMaterials/Substrate/Glints2/dict_0003_0100.uasset" 4573
"../../../Engine/Content/EngineMaterials/Substrate/Glints2/dict_0003_0101.uasset" 4574
"../../../Engine/Content/EngineMaterials/Substrate/Glints2/dict_0003_0102.uasset" 4575
"../../../Engine/Content/EngineMaterials/Substrate/Glints2/dict_0003_0103.uasset" 4576
"../../../Engine/Content/EngineMaterials/Substrate/Glints2/dict_0003_0104.uasset" 4577
"../../../Engine/Content/EngineMaterials/Substrate/Glints2/dict_0003_0105.uasset" 4578
"../../../Engine/Content/EngineMaterials/Substrate/Glints2/dict_0003_0106.uasset" 4579
"../../../Engine/Content/EngineMaterials/Substrate/Glints2/dict_0003_0107.uasset" 4580
"../../../Engine/Content/EngineMaterials/Substrate/Glints2/dict_0003_0108.uasset" 4581
"../../../Engine/Content/EngineMaterials/Substrate/Glints2/dict_0003_0109.uasset" 4582
"../../../Engine/Content/EngineMaterials/Substrate/Glints2/dict_0003_0110.uasset" 4583
"../../../Engine/Content/EngineMaterials/Substrate/Glints2/dict_0003_0111.uasset" 4584
"../../../Engine/Content/EngineMaterials/Substrate/Glints2/dict_0003_0112.uasset" 4585
"../../../Engine/Content/EngineMaterials/Substrate/Glints2/dict_0003_0113.uasset" 4586
"../../../Engine/Content/EngineMaterials/Substrate/Glints2/dict_0003_0114.uasset" 4587
"../../../Engine/Content/EngineMaterials/Substrate/Glints2/dict_0003_0115.uasset" 4588
"../../../Engine/Content/EngineMaterials/Substrate/Glints2/dict_0003_0116.uasset" 4589
"../../../Engine/Content/EngineMaterials/Substrate/Glints2/dict_0003_0117.uasset" 4590
"../../../Engine/Content/EngineMaterials/Substrate/Glints2/dict_0003_0118.uasset" 4591
"../../../Engine/Content/EngineMaterials/Substrate/Glints2/dict_0003_0119.uasset" 4592
"../../../Engine/Content/EngineMaterials/Substrate/Glints2/dict_0003_0120.uasset" 4593
"../../../Engine/Content/EngineMaterials/Substrate/Glints2/dict_0003_0121.uasset" 4594
"../../../Engine/Content/EngineMaterials/Substrate/Glints2/dict_0003_0122.uasset" 4595
"../../../Engine/Content/EngineMaterials/Substrate/Glints2/dict_0003_0123.uasset" 4596
"../../../Engine/Content/EngineMaterials/Substrate/Glints2/dict_0003_0124.uasset" 4597
"../../../Engine/Content/EngineMaterials/Substrate/Glints2/dict_0003_0125.uasset" 4598
"../../../Engine/Content/EngineMaterials/Substrate/Glints2/dict_0003_0126.uasset" 4599
"../../../Engine/Content/EngineMaterials/Substrate/Glints2/dict_0003_0127.uasset" 4600
"../../../Engine/Content/EngineMaterials/Substrate/Glints2/dict_0003_0128.uasset" 4601
"../../../Engine/Content/EngineMaterials/Substrate/Glints2/dict_0003_0129.uasset" 4602
"../../../Engine/Content/EngineMaterials/Substrate/Glints2/dict_0003_0130.uasset" 4603
"../../../Engine/Content/EngineMaterials/Substrate/Glints2/dict_0003_0131.uasset" 4604
"../../../Engine/Content/EngineMaterials/Substrate/Glints2/dict_0003_0132.uasset" 4605
"../../../Engine/Content/EngineMaterials/Substrate/Glints2/dict_0003_0133.uasset" 4606
"../../../Engine/Content/EngineMaterials/Substrate/Glints2/dict_0003_0134.uasset" 4607
"../../../Engine/Content/EngineMaterials/Substrate/Glints2/dict_0003_0135.uasset" 4608
"../../../Engine/Content/EngineMaterials/Substrate/Glints2/dict_0003_0136.uasset" 4609
"../../../Engine/Content/EngineMaterials/Substrate/Glints2/dict_0003_0137.uasset" 4610
"../../../Engine/Content/EngineMaterials/Substrate/Glints2/dict_0003_0138.uasset" 4611
"../../../Engine/Content/EngineMaterials/Substrate/Glints2/dict_0003_0139.uasset" 4612
"../../../Engine/Content/EngineMaterials/Substrate/Glints2/dict_0003_0140.uasset" 4613
"../../../Engine/Content/EngineMaterials/Substrate/Glints2/dict_0003_0141.uasset" 4614
"../../../Engine/Content/EngineMaterials/Substrate/Glints2/dict_0003_0142.uasset" 4615
"../../../Engine/Content/EngineMaterials/Substrate/Glints2/dict_0003_0143.uasset" 4616
"../../../Engine/Content/EngineMaterials/Substrate/Glints2/dict_0003_0144.uasset" 4617
"../../../Engine/Content/EngineMaterials/Substrate/Glints2/dict_0003_0145.uasset" 4618
"../../../Engine/Content/EngineMaterials/Substrate/Glints2/dict_0003_0146.uasset" 4619
"../../../Engine/Content/EngineMaterials/Substrate/Glints2/dict_0003_0147.uasset" 4620
"../../../Engine/Content/EngineMaterials/Substrate/Glints2/dict_0003_0148.uasset" 4621
"../../../Engine/Content/EngineMaterials/Substrate/Glints2/dict_0003_0149.uasset" 4622
"../../../Engine/Content/EngineMaterials/Substrate/Glints2/dict_0003_0150.uasset" 4623
"../../../Engine/Content/EngineMaterials/Substrate/Glints2/dict_0003_0151.uasset" 4624
"../../../Engine/Content/EngineMaterials/Substrate/Glints2/dict_0003_0152.uasset" 4625
"../../../Engine/Content/EngineMaterials/Substrate/Glints2/dict_0003_0153.uasset" 4626
"../../../Engine/Content/EngineMaterials/Substrate/Glints2/dict_0003_0154.uasset" 4627
"../../../Engine/Content/EngineMaterials/Substrate/Glints2/dict_0003_0155.uasset" 4628
"../../../Engine/Content/EngineMaterials/Substrate/Glints2/dict_0003_0156.uasset" 4629
"../../../Engine/Content/EngineMaterials/Substrate/Glints2/dict_0003_0157.uasset" 4630
"../../../Engine/Content/EngineMaterials/Substrate/Glints2/dict_0003_0158.uasset" 4631
"../../../Engine/Content/EngineMaterials/Substrate/Glints2/dict_0003_0159.uasset" 4632
"../../../Engine/Content/EngineMaterials/Substrate/Glints2/dict_0003_0160.uasset" 4633
"../../../Engine/Content/EngineMaterials/Substrate/Glints2/dict_0003_0161.uasset" 4634
"../../../Engine/Content/EngineMaterials/Substrate/Glints2/dict_0003_0162.uasset" 4635
"../../../Engine/Content/EngineMaterials/Substrate/Glints2/dict_0003_0163.uasset" 4636
"../../../Engine/Content/EngineMaterials/Substrate/Glints2/dict_0003_0164.uasset" 4637
"../../../Engine/Content/EngineMaterials/Substrate/Glints2/dict_0003_0165.uasset" 4638
"../../../Engine/Content/EngineMaterials/Substrate/Glints2/dict_0003_0166.uasset" 4639
"../../../Engine/Content/EngineMaterials/Substrate/Glints2/dict_0003_0167.uasset" 4640
"../../../Engine/Content/EngineMaterials/Substrate/Glints2/dict_0003_0168.uasset" 4641
"../../../Engine/Content/EngineMaterials/Substrate/Glints2/dict_0003_0169.uasset" 4642
"../../../Engine/Content/EngineMaterials/Substrate/Glints2/dict_0003_0170.uasset" 4643
"../../../Engine/Content/EngineMaterials/Substrate/Glints2/dict_0003_0171.uasset" 4644
"../../../Engine/Content/EngineMaterials/Substrate/Glints2/dict_0003_0172.uasset" 4645
"../../../Engine/Content/EngineMaterials/Substrate/Glints2/dict_0003_0173.uasset" 4646
"../../../Engine/Content/EngineMaterials/Substrate/Glints2/dict_0003_0174.uasset" 4647
"../../../Engine/Content/EngineMaterials/Substrate/Glints2/dict_0003_0175.uasset" 4648
"../../../Engine/Content/EngineMaterials/Substrate/Glints2/dict_0003_0176.uasset" 4649
"../../../Engine/Content/EngineMaterials/Substrate/Glints2/dict_0003_0177.uasset" 4650
"../../../Engine/Content/EngineMaterials/Substrate/Glints2/dict_0003_0178.uasset" 4651
"../../../Engine/Content/EngineMaterials/Substrate/Glints2/dict_0003_0179.uasset" 4652
"../../../Engine/Content/EngineMaterials/Substrate/Glints2/dict_0003_0180.uasset" 4653
"../../../Engine/Content/EngineMaterials/Substrate/Glints2/dict_0003_0181.uasset" 4654
"../../../Engine/Content/EngineMaterials/Substrate/Glints2/dict_0003_0182.uasset" 4655
"../../../Engine/Content/EngineMaterials/Substrate/Glints2/dict_0003_0183.uasset" 4656
"../../../Engine/Content/EngineMaterials/Substrate/Glints2/dict_0003_0184.uasset" 4657
"../../../Engine/Content/EngineMaterials/Substrate/Glints2/dict_0003_0185.uasset" 4658
"../../../Engine/Content/EngineMaterials/Substrate/Glints2/dict_0003_0186.uasset" 4659
"../../../Engine/Content/EngineMaterials/Substrate/Glints2/dict_0003_0187.uasset" 4660
"../../../Engine/Content/EngineMaterials/Substrate/Glints2/dict_0003_0188.uasset" 4661
"../../../Engine/Content/EngineMaterials/Substrate/Glints2/dict_0003_0189.uasset" 4662
"../../../Engine/Content/EngineMaterials/Substrate/Glints2/dict_0003_0190.uasset" 4663
"../../../Engine/Content/EngineMaterials/Substrate/Glints2/dict_0003_0191.uasset" 4664
"../../../Engine/Content/EngineMaterials/Substrate/Glints2/dict_0003_0192.uasset" 4665
"../../../Engine/Content/EngineMaterials/Substrate/Glints2/dict_0003_0193.uasset" 4666
"../../../Engine/Content/EngineMaterials/Substrate/Glints2/dict_0003_0194.uasset" 4667
"../../../Engine/Content/EngineMaterials/Substrate/Glints2/dict_0003_0195.uasset" 4668
"../../../Engine/Content/EngineMaterials/Substrate/Glints2/dict_0003_0196.uasset" 4669
"../../../Engine/Content/EngineMaterials/Substrate/Glints2/dict_0003_0197.uasset" 4670
"../../../Engine/Content/EngineMaterials/Substrate/Glints2/dict_0003_0198.uasset" 4671
"../../../Engine/Content/EngineMaterials/Substrate/Glints2/dict_0003_0199.uasset" 4672
"../../../Engine/Content/EngineMaterials/Substrate/Glints2/dict_0003_0200.uasset" 4673
"../../../Engine/Content/EngineMaterials/Substrate/Glints2/dict_0003_0201.uasset" 4674
"../../../Engine/Content/EngineMaterials/Substrate/Glints2/dict_0003_0202.uasset" 4675
"../../../Engine/Content/EngineMaterials/Substrate/Glints2/dict_0003_0203.uasset" 4676
"../../../Engine/Content/EngineMaterials/Substrate/Glints2/dict_0003_0204.uasset" 4677
"../../../Engine/Content/EngineMaterials/Substrate/Glints2/dict_0003_0205.uasset" 4678
"../../../Engine/Content/EngineMaterials/Substrate/Glints2/dict_0003_0206.uasset" 4679
"../../../Engine/Content/EngineMaterials/Substrate/Glints2/dict_0003_0207.uasset" 4680
"../../../Engine/Content/EngineMaterials/Substrate/Glints2/dict_0003_0208.uasset" 4681
"../../../Engine/Content/EngineMaterials/Substrate/Glints2/dict_0003_0209.uasset" 4682
"../../../Engine/Content/EngineMaterials/Substrate/Glints2/dict_0003_0210.uasset" 4683
"../../../Engine/Content/EngineMaterials/Substrate/Glints2/dict_0003_0211.uasset" 4684
"../../../Engine/Content/EngineMaterials/Substrate/Glints2/dict_0003_0212.uasset" 4685
"../../../Engine/Content/EngineMaterials/Substrate/Glints2/dict_0003_0213.uasset" 4686
"../../../Engine/Content/EngineMaterials/Substrate/Glints2/dict_0003_0214.uasset" 4687
"../../../Engine/Content/EngineMaterials/Substrate/Glints2/dict_0003_0215.uasset" 4688
"../../../Engine/Content/EngineMaterials/Substrate/Glints2/dict_0003_0216.uasset" 4689
"../../../Engine/Content/EngineMaterials/Substrate/Glints2/dict_0003_0217.uasset" 4690
"../../../Engine/Content/EngineMaterials/Substrate/Glints2/dict_0003_0218.uasset" 4691
"../../../Engine/Content/EngineMaterials/Substrate/Glints2/dict_0003_0219.uasset" 4692
"../../../Engine/Content/EngineMaterials/Substrate/Glints2/dict_0003_0220.uasset" 4693
"../../../Engine/Content/EngineMaterials/Substrate/Glints2/dict_0003_0221.uasset" 4694
"../../../Engine/Content/EngineMaterials/Substrate/Glints2/dict_0003_0222.uasset" 4695
"../../../Engine/Content/EngineMaterials/Substrate/Glints2/dict_0003_0223.uasset" 4696
"../../../Engine/Content/EngineMaterials/Substrate/Glints2/dict_0003_0224.uasset" 4697
"../../../Engine/Content/EngineMaterials/Substrate/Glints2/dict_0003_0225.uasset" 4698
"../../../Engine/Content/EngineMaterials/Substrate/Glints2/dict_0003_0226.uasset" 4699
"../../../Engine/Content/EngineMaterials/Substrate/Glints2/dict_0003_0227.uasset" 4700
"../../../Engine/Content/EngineMaterials/Substrate/Glints2/dict_0003_0228.uasset" 4701
"../../../Engine/Content/EngineMaterials/Substrate/Glints2/dict_0003_0229.uasset" 4702
"../../../Engine/Content/EngineMaterials/Substrate/Glints2/dict_0003_0230.uasset" 4703
"../../../Engine/Content/EngineMaterials/Substrate/Glints2/dict_0003_0231.uasset" 4704
"../../../Engine/Content/EngineMaterials/Substrate/Glints2/dict_0003_0232.uasset" 4705
"../../../Engine/Content/EngineMaterials/Substrate/Glints2/dict_0003_0233.uasset" 4706
"../../../Engine/Content/EngineMaterials/Substrate/Glints2/dict_0003_0234.uasset" 4707
"../../../Engine/Content/EngineMaterials/Substrate/Glints2/dict_0003_0235.uasset" 4708
"../../../Engine/Content/EngineMaterials/Substrate/Glints2/dict_0003_0236.uasset" 4709
"../../../Engine/Content/EngineMaterials/Substrate/Glints2/dict_0003_0237.uasset" 4710
"../../../Engine/Content/EngineMaterials/Substrate/Glints2/dict_0003_0238.uasset" 4711
"../../../Engine/Content/EngineMaterials/Substrate/Glints2/dict_0003_0239.uasset" 4712
"../../../Engine/Content/EngineMaterials/Substrate/Glints2/dict_0003_0240.uasset" 4713
"../../../Engine/Content/EngineMaterials/Substrate/Glints2/dict_0003_0241.uasset" 4714
"../../../Engine/Content/EngineMaterials/Substrate/Glints2/dict_0003_0242.uasset" 4715
"../../../Engine/Content/EngineMaterials/Substrate/Glints2/dict_0003_0243.uasset" 4716
"../../../Engine/Content/EngineMaterials/Substrate/Glints2/dict_0003_0244.uasset" 4717
"../../../Engine/Content/EngineMaterials/Substrate/Glints2/dict_0003_0245.uasset" 4718
"../../../Engine/Content/EngineMaterials/Substrate/Glints2/dict_0003_0246.uasset" 4719
"../../../Engine/Content/EngineMaterials/Substrate/Glints2/dict_0003_0247.uasset" 4720
"../../../Engine/Content/EngineMaterials/Substrate/Glints2/dict_0003_0248.uasset" 4721
"../../../Engine/Content/EngineMaterials/Substrate/Glints2/dict_0003_0249.uasset" 4722
"../../../Engine/Content/EngineMaterials/Substrate/Glints2/dict_0003_0250.uasset" 4723
"../../../Engine/Content/EngineMaterials/Substrate/Glints2/dict_0003_0251.uasset" 4724
"../../../Engine/Content/EngineMaterials/Substrate/Glints2/dict_0003_0252.uasset" 4725
"../../../Engine/Content/EngineMaterials/Substrate/Glints2/dict_0003_0253.uasset" 4726
"../../../Engine/Content/EngineMaterials/Substrate/Glints2/dict_0003_0254.uasset" 4727
"../../../Engine/Content/EngineMaterials/Substrate/Glints2/dict_0003_0255.uasset" 4728
"../../../Engine/Content/EngineMaterials/Substrate/Glints2/dict_0004_0000.uasset" 4729
"../../../Engine/Content/EngineMaterials/Substrate/Glints2/dict_0004_0001.uasset" 4730
"../../../Engine/Content/EngineMaterials/Substrate/Glints2/dict_0004_0002.uasset" 4731
"../../../Engine/Content/EngineMaterials/Substrate/Glints2/dict_0004_0003.uasset" 4732
"../../../Engine/Content/EngineMaterials/Substrate/Glints2/dict_0004_0004.uasset" 4733
"../../../Engine/Content/EngineMaterials/Substrate/Glints2/dict_0004_0005.uasset" 4734
"../../../Engine/Content/EngineMaterials/Substrate/Glints2/dict_0004_0006.uasset" 4735
"../../../Engine/Content/EngineMaterials/Substrate/Glints2/dict_0004_0007.uasset" 4736
"../../../Engine/Content/EngineMaterials/Substrate/Glints2/dict_0004_0008.uasset" 4737
"../../../Engine/Content/EngineMaterials/Substrate/Glints2/dict_0004_0009.uasset" 4738
"../../../Engine/Content/EngineMaterials/Substrate/Glints2/dict_0004_0010.uasset" 4739
"../../../Engine/Content/EngineMaterials/Substrate/Glints2/dict_0004_0011.uasset" 4740
"../../../Engine/Content/EngineMaterials/Substrate/Glints2/dict_0004_0012.uasset" 4741
"../../../Engine/Content/EngineMaterials/Substrate/Glints2/dict_0004_0013.uasset" 4742
"../../../Engine/Content/EngineMaterials/Substrate/Glints2/dict_0004_0014.uasset" 4743
"../../../Engine/Content/EngineMaterials/Substrate/Glints2/dict_0004_0015.uasset" 4744
"../../../Engine/Content/EngineMaterials/Substrate/Glints2/dict_0004_0016.uasset" 4745
"../../../Engine/Content/EngineMaterials/Substrate/Glints2/dict_0004_0017.uasset" 4746
"../../../Engine/Content/EngineMaterials/Substrate/Glints2/dict_0004_0018.uasset" 4747
"../../../Engine/Content/EngineMaterials/Substrate/Glints2/dict_0004_0019.uasset" 4748
"../../../Engine/Content/EngineMaterials/Substrate/Glints2/dict_0004_0020.uasset" 4749
"../../../Engine/Content/EngineMaterials/Substrate/Glints2/dict_0004_0021.uasset" 4750
"../../../Engine/Content/EngineMaterials/Substrate/Glints2/dict_0004_0022.uasset" 4751
"../../../Engine/Content/EngineMaterials/Substrate/Glints2/dict_0004_0023.uasset" 4752
"../../../Engine/Content/EngineMaterials/Substrate/Glints2/dict_0004_0024.uasset" 4753
"../../../Engine/Content/EngineMaterials/Substrate/Glints2/dict_0004_0025.uasset" 4754
"../../../Engine/Content/EngineMaterials/Substrate/Glints2/dict_0004_0026.uasset" 4755
"../../../Engine/Content/EngineMaterials/Substrate/Glints2/dict_0004_0027.uasset" 4756
"../../../Engine/Content/EngineMaterials/Substrate/Glints2/dict_0004_0028.uasset" 4757
"../../../Engine/Content/EngineMaterials/Substrate/Glints2/dict_0004_0029.uasset" 4758
"../../../Engine/Content/EngineMaterials/Substrate/Glints2/dict_0004_0030.uasset" 4759
"../../../Engine/Content/EngineMaterials/Substrate/Glints2/dict_0004_0031.uasset" 4760
"../../../Engine/Content/EngineMaterials/Substrate/Glints2/dict_0004_0032.uasset" 4761
"../../../Engine/Content/EngineMaterials/Substrate/Glints2/dict_0004_0033.uasset" 4762
"../../../Engine/Content/EngineMaterials/Substrate/Glints2/dict_0004_0034.uasset" 4763
"../../../Engine/Content/EngineMaterials/Substrate/Glints2/dict_0004_0035.uasset" 4764
"../../../Engine/Content/EngineMaterials/Substrate/Glints2/dict_0004_0036.uasset" 4765
"../../../Engine/Content/EngineMaterials/Substrate/Glints2/dict_0004_0037.uasset" 4766
"../../../Engine/Content/EngineMaterials/Substrate/Glints2/dict_0004_0038.uasset" 4767
"../../../Engine/Content/EngineMaterials/Substrate/Glints2/dict_0004_0039.uasset" 4768
"../../../Engine/Content/EngineMaterials/Substrate/Glints2/dict_0004_0040.uasset" 4769
"../../../Engine/Content/EngineMaterials/Substrate/Glints2/dict_0004_0041.uasset" 4770
"../../../Engine/Content/EngineMaterials/Substrate/Glints2/dict_0004_0042.uasset" 4771
"../../../Engine/Content/EngineMaterials/Substrate/Glints2/dict_0004_0043.uasset" 4772
"../../../Engine/Content/EngineMaterials/Substrate/Glints2/dict_0004_0044.uasset" 4773
"../../../Engine/Content/EngineMaterials/Substrate/Glints2/dict_0004_0045.uasset" 4774
"../../../Engine/Content/EngineMaterials/Substrate/Glints2/dict_0004_0046.uasset" 4775
"../../../Engine/Content/EngineMaterials/Substrate/Glints2/dict_0004_0047.uasset" 4776
"../../../Engine/Content/EngineMaterials/Substrate/Glints2/dict_0004_0048.uasset" 4777
"../../../Engine/Content/EngineMaterials/Substrate/Glints2/dict_0004_0049.uasset" 4778
"../../../Engine/Content/EngineMaterials/Substrate/Glints2/dict_0004_0050.uasset" 4779
"../../../Engine/Content/EngineMaterials/Substrate/Glints2/dict_0004_0051.uasset" 4780
"../../../Engine/Content/EngineMaterials/Substrate/Glints2/dict_0004_0052.uasset" 4781
"../../../Engine/Content/EngineMaterials/Substrate/Glints2/dict_0004_0053.uasset" 4782
"../../../Engine/Content/EngineMaterials/Substrate/Glints2/dict_0004_0054.uasset" 4783
"../../../Engine/Content/EngineMaterials/Substrate/Glints2/dict_0004_0055.uasset" 4784
"../../../Engine/Content/EngineMaterials/Substrate/Glints2/dict_0004_0056.uasset" 4785
"../../../Engine/Content/EngineMaterials/Substrate/Glints2/dict_0004_0057.uasset" 4786
"../../../Engine/Content/EngineMaterials/Substrate/Glints2/dict_0004_0058.uasset" 4787
"../../../Engine/Content/EngineMaterials/Substrate/Glints2/dict_0004_0059.uasset" 4788
"../../../Engine/Content/EngineMaterials/Substrate/Glints2/dict_0004_0060.uasset" 4789
"../../../Engine/Content/EngineMaterials/Substrate/Glints2/dict_0004_0061.uasset" 4790
"../../../Engine/Content/EngineMaterials/Substrate/Glints2/dict_0004_0062.uasset" 4791
"../../../Engine/Content/EngineMaterials/Substrate/Glints2/dict_0004_0063.uasset" 4792
"../../../Engine/Content/EngineMaterials/Substrate/Glints2/dict_0004_0064.uasset" 4793
"../../../Engine/Content/EngineMaterials/Substrate/Glints2/dict_0004_0065.uasset" 4794
"../../../Engine/Content/EngineMaterials/Substrate/Glints2/dict_0004_0066.uasset" 4795
"../../../Engine/Content/EngineMaterials/Substrate/Glints2/dict_0004_0067.uasset" 4796
"../../../Engine/Content/EngineMaterials/Substrate/Glints2/dict_0004_0068.uasset" 4797
"../../../Engine/Content/EngineMaterials/Substrate/Glints2/dict_0004_0069.uasset" 4798
"../../../Engine/Content/EngineMaterials/Substrate/Glints2/dict_0004_0070.uasset" 4799
"../../../Engine/Content/EngineMaterials/Substrate/Glints2/dict_0004_0071.uasset" 4800
"../../../Engine/Content/EngineMaterials/Substrate/Glints2/dict_0004_0072.uasset" 4801
"../../../Engine/Content/EngineMaterials/Substrate/Glints2/dict_0004_0073.uasset" 4802
"../../../Engine/Content/EngineMaterials/Substrate/Glints2/dict_0004_0074.uasset" 4803
"../../../Engine/Content/EngineMaterials/Substrate/Glints2/dict_0004_0075.uasset" 4804
"../../../Engine/Content/EngineMaterials/Substrate/Glints2/dict_0004_0076.uasset" 4805
"../../../Engine/Content/EngineMaterials/Substrate/Glints2/dict_0004_0077.uasset" 4806
"../../../Engine/Content/EngineMaterials/Substrate/Glints2/dict_0004_0078.uasset" 4807
"../../../Engine/Content/EngineMaterials/Substrate/Glints2/dict_0004_0079.uasset" 4808
"../../../Engine/Content/EngineMaterials/Substrate/Glints2/dict_0004_0080.uasset" 4809
"../../../Engine/Content/EngineMaterials/Substrate/Glints2/dict_0004_0081.uasset" 4810
"../../../Engine/Content/EngineMaterials/Substrate/Glints2/dict_0004_0082.uasset" 4811
"../../../Engine/Content/EngineMaterials/Substrate/Glints2/dict_0004_0083.uasset" 4812
"../../../Engine/Content/EngineMaterials/Substrate/Glints2/dict_0004_0084.uasset" 4813
"../../../Engine/Content/EngineMaterials/Substrate/Glints2/dict_0004_0085.uasset" 4814
"../../../Engine/Content/EngineMaterials/Substrate/Glints2/dict_0004_0086.uasset" 4815
"../../../Engine/Content/EngineMaterials/Substrate/Glints2/dict_0004_0087.uasset" 4816
"../../../Engine/Content/EngineMaterials/Substrate/Glints2/dict_0004_0088.uasset" 4817
"../../../Engine/Content/EngineMaterials/Substrate/Glints2/dict_0004_0089.uasset" 4818
"../../../Engine/Content/EngineMaterials/Substrate/Glints2/dict_0004_0090.uasset" 4819
"../../../Engine/Content/EngineMaterials/Substrate/Glints2/dict_0004_0091.uasset" 4820
"../../../Engine/Content/EngineMaterials/Substrate/Glints2/dict_0004_0092.uasset" 4821
"../../../Engine/Content/EngineMaterials/Substrate/Glints2/dict_0004_0093.uasset" 4822
"../../../Engine/Content/EngineMaterials/Substrate/Glints2/dict_0004_0094.uasset" 4823
"../../../Engine/Content/EngineMaterials/Substrate/Glints2/dict_0004_0095.uasset" 4824
"../../../Engine/Content/EngineMaterials/Substrate/Glints2/dict_0004_0096.uasset" 4825
"../../../Engine/Content/EngineMaterials/Substrate/Glints2/dict_0004_0097.uasset" 4826
"../../../Engine/Content/EngineMaterials/Substrate/Glints2/dict_0004_0098.uasset" 4827
"../../../Engine/Content/EngineMaterials/Substrate/Glints2/dict_0004_0099.uasset" 4828
"../../../Engine/Content/EngineMaterials/Substrate/Glints2/dict_0004_0100.uasset" 4829
"../../../Engine/Content/EngineMaterials/Substrate/Glints2/dict_0004_0101.uasset" 4830
"../../../Engine/Content/EngineMaterials/Substrate/Glints2/dict_0004_0102.uasset" 4831
"../../../Engine/Content/EngineMaterials/Substrate/Glints2/dict_0004_0103.uasset" 4832
"../../../Engine/Content/EngineMaterials/Substrate/Glints2/dict_0004_0104.uasset" 4833
"../../../Engine/Content/EngineMaterials/Substrate/Glints2/dict_0004_0105.uasset" 4834
"../../../Engine/Content/EngineMaterials/Substrate/Glints2/dict_0004_0106.uasset" 4835
"../../../Engine/Content/EngineMaterials/Substrate/Glints2/dict_0004_0107.uasset" 4836
"../../../Engine/Content/EngineMaterials/Substrate/Glints2/dict_0004_0108.uasset" 4837
"../../../Engine/Content/EngineMaterials/Substrate/Glints2/dict_0004_0109.uasset" 4838
"../../../Engine/Content/EngineMaterials/Substrate/Glints2/dict_0004_0110.uasset" 4839
"../../../Engine/Content/EngineMaterials/Substrate/Glints2/dict_0004_0111.uasset" 4840
"../../../Engine/Content/EngineMaterials/Substrate/Glints2/dict_0004_0112.uasset" 4841
"../../../Engine/Content/EngineMaterials/Substrate/Glints2/dict_0004_0113.uasset" 4842
"../../../Engine/Content/EngineMaterials/Substrate/Glints2/dict_0004_0114.uasset" 4843
"../../../Engine/Content/EngineMaterials/Substrate/Glints2/dict_0004_0115.uasset" 4844
"../../../Engine/Content/EngineMaterials/Substrate/Glints2/dict_0004_0116.uasset" 4845
"../../../Engine/Content/EngineMaterials/Substrate/Glints2/dict_0004_0117.uasset" 4846
"../../../Engine/Content/EngineMaterials/Substrate/Glints2/dict_0004_0118.uasset" 4847
"../../../Engine/Content/EngineMaterials/Substrate/Glints2/dict_0004_0119.uasset" 4848
"../../../Engine/Content/EngineMaterials/Substrate/Glints2/dict_0004_0120.uasset" 4849
"../../../Engine/Content/EngineMaterials/Substrate/Glints2/dict_0004_0121.uasset" 4850
"../../../Engine/Content/EngineMaterials/Substrate/Glints2/dict_0004_0122.uasset" 4851
"../../../Engine/Content/EngineMaterials/Substrate/Glints2/dict_0004_0123.uasset" 4852
"../../../Engine/Content/EngineMaterials/Substrate/Glints2/dict_0004_0124.uasset" 4853
"../../../Engine/Content/EngineMaterials/Substrate/Glints2/dict_0004_0125.uasset" 4854
"../../../Engine/Content/EngineMaterials/Substrate/Glints2/dict_0004_0126.uasset" 4855
"../../../Engine/Content/EngineMaterials/Substrate/Glints2/dict_0004_0127.uasset" 4856
"../../../Engine/Content/EngineMaterials/Substrate/Glints2/dict_0004_0128.uasset" 4857
"../../../Engine/Content/EngineMaterials/Substrate/Glints2/dict_0004_0129.uasset" 4858
"../../../Engine/Content/EngineMaterials/Substrate/Glints2/dict_0004_0130.uasset" 4859
"../../../Engine/Content/EngineMaterials/Substrate/Glints2/dict_0004_0131.uasset" 4860
"../../../Engine/Content/EngineMaterials/Substrate/Glints2/dict_0004_0132.uasset" 4861
"../../../Engine/Content/EngineMaterials/Substrate/Glints2/dict_0004_0133.uasset" 4862
"../../../Engine/Content/EngineMaterials/Substrate/Glints2/dict_0004_0134.uasset" 4863
"../../../Engine/Content/EngineMaterials/Substrate/Glints2/dict_0004_0135.uasset" 4864
"../../../Engine/Content/EngineMaterials/Substrate/Glints2/dict_0004_0136.uasset" 4865
"../../../Engine/Content/EngineMaterials/Substrate/Glints2/dict_0004_0137.uasset" 4866
"../../../Engine/Content/EngineMaterials/Substrate/Glints2/dict_0004_0138.uasset" 4867
"../../../Engine/Content/EngineMaterials/Substrate/Glints2/dict_0004_0139.uasset" 4868
"../../../Engine/Content/EngineMaterials/Substrate/Glints2/dict_0004_0140.uasset" 4869
"../../../Engine/Content/EngineMaterials/Substrate/Glints2/dict_0004_0141.uasset" 4870
"../../../Engine/Content/EngineMaterials/Substrate/Glints2/dict_0004_0142.uasset" 4871
"../../../Engine/Content/EngineMaterials/Substrate/Glints2/dict_0004_0143.uasset" 4872
"../../../Engine/Content/EngineMaterials/Substrate/Glints2/dict_0004_0144.uasset" 4873
"../../../Engine/Content/EngineMaterials/Substrate/Glints2/dict_0004_0145.uasset" 4874
"../../../Engine/Content/EngineMaterials/Substrate/Glints2/dict_0004_0146.uasset" 4875
"../../../Engine/Content/EngineMaterials/Substrate/Glints2/dict_0004_0147.uasset" 4876
"../../../Engine/Content/EngineMaterials/Substrate/Glints2/dict_0004_0148.uasset" 4877
"../../../Engine/Content/EngineMaterials/Substrate/Glints2/dict_0004_0149.uasset" 4878
"../../../Engine/Content/EngineMaterials/Substrate/Glints2/dict_0004_0150.uasset" 4879
"../../../Engine/Content/EngineMaterials/Substrate/Glints2/dict_0004_0151.uasset" 4880
"../../../Engine/Content/EngineMaterials/Substrate/Glints2/dict_0004_0152.uasset" 4881
"../../../Engine/Content/EngineMaterials/Substrate/Glints2/dict_0004_0153.uasset" 4882
"../../../Engine/Content/EngineMaterials/Substrate/Glints2/dict_0004_0154.uasset" 4883
"../../../Engine/Content/EngineMaterials/Substrate/Glints2/dict_0004_0155.uasset" 4884
"../../../Engine/Content/EngineMaterials/Substrate/Glints2/dict_0004_0156.uasset" 4885
"../../../Engine/Content/EngineMaterials/Substrate/Glints2/dict_0004_0157.uasset" 4886
"../../../Engine/Content/EngineMaterials/Substrate/Glints2/dict_0004_0158.uasset" 4887
"../../../Engine/Content/EngineMaterials/Substrate/Glints2/dict_0004_0159.uasset" 4888
"../../../Engine/Content/EngineMaterials/Substrate/Glints2/dict_0004_0160.uasset" 4889
"../../../Engine/Content/EngineMaterials/Substrate/Glints2/dict_0004_0161.uasset" 4890
"../../../Engine/Content/EngineMaterials/Substrate/Glints2/dict_0004_0162.uasset" 4891
"../../../Engine/Content/EngineMaterials/Substrate/Glints2/dict_0004_0163.uasset" 4892
"../../../Engine/Content/EngineMaterials/Substrate/Glints2/dict_0004_0164.uasset" 4893
"../../../Engine/Content/EngineMaterials/Substrate/Glints2/dict_0004_0165.uasset" 4894
"../../../Engine/Content/EngineMaterials/Substrate/Glints2/dict_0004_0166.uasset" 4895
"../../../Engine/Content/EngineMaterials/Substrate/Glints2/dict_0004_0167.uasset" 4896
"../../../Engine/Content/EngineMaterials/Substrate/Glints2/dict_0004_0168.uasset" 4897
"../../../Engine/Content/EngineMaterials/Substrate/Glints2/dict_0004_0169.uasset" 4898
"../../../Engine/Content/EngineMaterials/Substrate/Glints2/dict_0004_0170.uasset" 4899
"../../../Engine/Content/EngineMaterials/Substrate/Glints2/dict_0004_0171.uasset" 4900
"../../../Engine/Content/EngineMaterials/Substrate/Glints2/dict_0004_0172.uasset" 4901
"../../../Engine/Content/EngineMaterials/Substrate/Glints2/dict_0004_0173.uasset" 4902
"../../../Engine/Content/EngineMaterials/Substrate/Glints2/dict_0004_0174.uasset" 4903
"../../../Engine/Content/EngineMaterials/Substrate/Glints2/dict_0004_0175.uasset" 4904
"../../../Engine/Content/EngineMaterials/Substrate/Glints2/dict_0004_0176.uasset" 4905
"../../../Engine/Content/EngineMaterials/Substrate/Glints2/dict_0004_0177.uasset" 4906
"../../../Engine/Content/EngineMaterials/Substrate/Glints2/dict_0004_0178.uasset" 4907
"../../../Engine/Content/EngineMaterials/Substrate/Glints2/dict_0004_0179.uasset" 4908
"../../../Engine/Content/EngineMaterials/Substrate/Glints2/dict_0004_0180.uasset" 4909
"../../../Engine/Content/EngineMaterials/Substrate/Glints2/dict_0004_0181.uasset" 4910
"../../../Engine/Content/EngineMaterials/Substrate/Glints2/dict_0004_0182.uasset" 4911
"../../../Engine/Content/EngineMaterials/Substrate/Glints2/dict_0004_0183.uasset" 4912
"../../../Engine/Content/EngineMaterials/Substrate/Glints2/dict_0004_0184.uasset" 4913
"../../../Engine/Content/EngineMaterials/Substrate/Glints2/dict_0004_0185.uasset" 4914
"../../../Engine/Content/EngineMaterials/Substrate/Glints2/dict_0004_0186.uasset" 4915
"../../../Engine/Content/EngineMaterials/Substrate/Glints2/dict_0004_0187.uasset" 4916
"../../../Engine/Content/EngineMaterials/Substrate/Glints2/dict_0004_0188.uasset" 4917
"../../../Engine/Content/EngineMaterials/Substrate/Glints2/dict_0004_0189.uasset" 4918
"../../../Engine/Content/EngineMaterials/Substrate/Glints2/dict_0004_0190.uasset" 4919
"../../../Engine/Content/EngineMaterials/Substrate/Glints2/dict_0004_0191.uasset" 4920
"../../../Engine/Content/EngineMaterials/Substrate/Glints2/dict_0004_0192.uasset" 4921
"../../../Engine/Content/EngineMaterials/Substrate/Glints2/dict_0004_0193.uasset" 4922
"../../../Engine/Content/EngineMaterials/Substrate/Glints2/dict_0004_0194.uasset" 4923
"../../../Engine/Content/EngineMaterials/Substrate/Glints2/dict_0004_0195.uasset" 4924
"../../../Engine/Content/EngineMaterials/Substrate/Glints2/dict_0004_0196.uasset" 4925
"../../../Engine/Content/EngineMaterials/Substrate/Glints2/dict_0004_0197.uasset" 4926
"../../../Engine/Content/EngineMaterials/Substrate/Glints2/dict_0004_0198.uasset" 4927
"../../../Engine/Content/EngineMaterials/Substrate/Glints2/dict_0004_0199.uasset" 4928
"../../../Engine/Content/EngineMaterials/Substrate/Glints2/dict_0004_0200.uasset" 4929
"../../../Engine/Content/EngineMaterials/Substrate/Glints2/dict_0004_0201.uasset" 4930
"../../../Engine/Content/EngineMaterials/Substrate/Glints2/dict_0004_0202.uasset" 4931
"../../../Engine/Content/EngineMaterials/Substrate/Glints2/dict_0004_0203.uasset" 4932
"../../../Engine/Content/EngineMaterials/Substrate/Glints2/dict_0004_0204.uasset" 4933
"../../../Engine/Content/EngineMaterials/Substrate/Glints2/dict_0004_0205.uasset" 4934
"../../../Engine/Content/EngineMaterials/Substrate/Glints2/dict_0004_0206.uasset" 4935
"../../../Engine/Content/EngineMaterials/Substrate/Glints2/dict_0004_0207.uasset" 4936
"../../../Engine/Content/EngineMaterials/Substrate/Glints2/dict_0004_0208.uasset" 4937
"../../../Engine/Content/EngineMaterials/Substrate/Glints2/dict_0004_0209.uasset" 4938
"../../../Engine/Content/EngineMaterials/Substrate/Glints2/dict_0004_0210.uasset" 4939
"../../../Engine/Content/EngineMaterials/Substrate/Glints2/dict_0004_0211.uasset" 4940
"../../../Engine/Content/EngineMaterials/Substrate/Glints2/dict_0004_0212.uasset" 4941
"../../../Engine/Content/EngineMaterials/Substrate/Glints2/dict_0004_0213.uasset" 4942
"../../../Engine/Content/EngineMaterials/Substrate/Glints2/dict_0004_0214.uasset" 4943
"../../../Engine/Content/EngineMaterials/Substrate/Glints2/dict_0004_0215.uasset" 4944
"../../../Engine/Content/EngineMaterials/Substrate/Glints2/dict_0004_0216.uasset" 4945
"../../../Engine/Content/EngineMaterials/Substrate/Glints2/dict_0004_0217.uasset" 4946
"../../../Engine/Content/EngineMaterials/Substrate/Glints2/dict_0004_0218.uasset" 4947
"../../../Engine/Content/EngineMaterials/Substrate/Glints2/dict_0004_0219.uasset" 4948
"../../../Engine/Content/EngineMaterials/Substrate/Glints2/dict_0004_0220.uasset" 4949
"../../../Engine/Content/EngineMaterials/Substrate/Glints2/dict_0004_0221.uasset" 4950
"../../../Engine/Content/EngineMaterials/Substrate/Glints2/dict_0004_0222.uasset" 4951
"../../../Engine/Content/EngineMaterials/Substrate/Glints2/dict_0004_0223.uasset" 4952
"../../../Engine/Content/EngineMaterials/Substrate/Glints2/dict_0004_0224.uasset" 4953
"../../../Engine/Content/EngineMaterials/Substrate/Glints2/dict_0004_0225.uasset" 4954
"../../../Engine/Content/EngineMaterials/Substrate/Glints2/dict_0004_0226.uasset" 4955
"../../../Engine/Content/EngineMaterials/Substrate/Glints2/dict_0004_0227.uasset" 4956
"../../../Engine/Content/EngineMaterials/Substrate/Glints2/dict_0004_0228.uasset" 4957
"../../../Engine/Content/EngineMaterials/Substrate/Glints2/dict_0004_0229.uasset" 4958
"../../../Engine/Content/EngineMaterials/Substrate/Glints2/dict_0004_0230.uasset" 4959
"../../../Engine/Content/EngineMaterials/Substrate/Glints2/dict_0004_0231.uasset" 4960
"../../../Engine/Content/EngineMaterials/Substrate/Glints2/dict_0004_0232.uasset" 4961
"../../../Engine/Content/EngineMaterials/Substrate/Glints2/dict_0004_0233.uasset" 4962
"../../../Engine/Content/EngineMaterials/Substrate/Glints2/dict_0004_0234.uasset" 4963
"../../../Engine/Content/EngineMaterials/Substrate/Glints2/dict_0004_0235.uasset" 4964
"../../../Engine/Content/EngineMaterials/Substrate/Glints2/dict_0004_0236.uasset" 4965
"../../../Engine/Content/EngineMaterials/Substrate/Glints2/dict_0004_0237.uasset" 4966
"../../../Engine/Content/EngineMaterials/Substrate/Glints2/dict_0004_0238.uasset" 4967
"../../../Engine/Content/EngineMaterials/Substrate/Glints2/dict_0004_0239.uasset" 4968
"../../../Engine/Content/EngineMaterials/Substrate/Glints2/dict_0004_0240.uasset" 4969
"../../../Engine/Content/EngineMaterials/Substrate/Glints2/dict_0004_0241.uasset" 4970
"../../../Engine/Content/EngineMaterials/Substrate/Glints2/dict_0004_0242.uasset" 4971
"../../../Engine/Content/EngineMaterials/Substrate/Glints2/dict_0004_0243.uasset" 4972
"../../../Engine/Content/EngineMaterials/Substrate/Glints2/dict_0004_0244.uasset" 4973
"../../../Engine/Content/EngineMaterials/Substrate/Glints2/dict_0004_0245.uasset" 4974
"../../../Engine/Content/EngineMaterials/Substrate/Glints2/dict_0004_0246.uasset" 4975
"../../../Engine/Content/EngineMaterials/Substrate/Glints2/dict_0004_0247.uasset" 4976
"../../../Engine/Content/EngineMaterials/Substrate/Glints2/dict_0004_0248.uasset" 4977
"../../../Engine/Content/EngineMaterials/Substrate/Glints2/dict_0004_0249.uasset" 4978
"../../../Engine/Content/EngineMaterials/Substrate/Glints2/dict_0004_0250.uasset" 4979
"../../../Engine/Content/EngineMaterials/Substrate/Glints2/dict_0004_0251.uasset" 4980
"../../../Engine/Content/EngineMaterials/Substrate/Glints2/dict_0004_0252.uasset" 4981
"../../../Engine/Content/EngineMaterials/Substrate/Glints2/dict_0004_0253.uasset" 4982
"../../../Engine/Content/EngineMaterials/Substrate/Glints2/dict_0004_0254.uasset" 4983
"../../../Engine/Content/EngineMaterials/Substrate/Glints2/dict_0004_0255.uasset" 4984
"../../../Engine/Content/EngineMaterials/Substrate/Glints2/dict_0005_0000.uasset" 4985
"../../../Engine/Content/EngineMaterials/Substrate/Glints2/dict_0005_0001.uasset" 4986
"../../../Engine/Content/EngineMaterials/Substrate/Glints2/dict_0005_0002.uasset" 4987
"../../../Engine/Content/EngineMaterials/Substrate/Glints2/dict_0005_0003.uasset" 4988
"../../../Engine/Content/EngineMaterials/Substrate/Glints2/dict_0005_0004.uasset" 4989
"../../../Engine/Content/EngineMaterials/Substrate/Glints2/dict_0005_0005.uasset" 4990
"../../../Engine/Content/EngineMaterials/Substrate/Glints2/dict_0005_0006.uasset" 4991
"../../../Engine/Content/EngineMaterials/Substrate/Glints2/dict_0005_0007.uasset" 4992
"../../../Engine/Content/EngineMaterials/Substrate/Glints2/dict_0005_0008.uasset" 4993
"../../../Engine/Content/EngineMaterials/Substrate/Glints2/dict_0005_0009.uasset" 4994
"../../../Engine/Content/EngineMaterials/Substrate/Glints2/dict_0005_0010.uasset" 4995
"../../../Engine/Content/EngineMaterials/Substrate/Glints2/dict_0005_0011.uasset" 4996
"../../../Engine/Content/EngineMaterials/Substrate/Glints2/dict_0005_0012.uasset" 4997
"../../../Engine/Content/EngineMaterials/Substrate/Glints2/dict_0005_0013.uasset" 4998
"../../../Engine/Content/EngineMaterials/Substrate/Glints2/dict_0005_0014.uasset" 4999
"../../../Engine/Content/EngineMaterials/Substrate/Glints2/dict_0005_0015.uasset" 5000
"../../../Engine/Content/EngineMaterials/Substrate/Glints2/dict_0005_0016.uasset" 5001
"../../../Engine/Content/EngineMaterials/Substrate/Glints2/dict_0005_0017.uasset" 5002
"../../../Engine/Content/EngineMaterials/Substrate/Glints2/dict_0005_0018.uasset" 5003
"../../../Engine/Content/EngineMaterials/Substrate/Glints2/dict_0005_0019.uasset" 5004
"../../../Engine/Content/EngineMaterials/Substrate/Glints2/dict_0005_0020.uasset" 5005
"../../../Engine/Content/EngineMaterials/Substrate/Glints2/dict_0005_0021.uasset" 5006
"../../../Engine/Content/EngineMaterials/Substrate/Glints2/dict_0005_0022.uasset" 5007
"../../../Engine/Content/EngineMaterials/Substrate/Glints2/dict_0005_0023.uasset" 5008
"../../../Engine/Content/EngineMaterials/Substrate/Glints2/dict_0005_0024.uasset" 5009
"../../../Engine/Content/EngineMaterials/Substrate/Glints2/dict_0005_0025.uasset" 5010
"../../../Engine/Content/EngineMaterials/Substrate/Glints2/dict_0005_0026.uasset" 5011
"../../../Engine/Content/EngineMaterials/Substrate/Glints2/dict_0005_0027.uasset" 5012
"../../../Engine/Content/EngineMaterials/Substrate/Glints2/dict_0005_0028.uasset" 5013
"../../../Engine/Content/EngineMaterials/Substrate/Glints2/dict_0005_0029.uasset" 5014
"../../../Engine/Content/EngineMaterials/Substrate/Glints2/dict_0005_0030.uasset" 5015
"../../../Engine/Content/EngineMaterials/Substrate/Glints2/dict_0005_0031.uasset" 5016
"../../../Engine/Content/EngineMaterials/Substrate/Glints2/dict_0005_0032.uasset" 5017
"../../../Engine/Content/EngineMaterials/Substrate/Glints2/dict_0005_0033.uasset" 5018
"../../../Engine/Content/EngineMaterials/Substrate/Glints2/dict_0005_0034.uasset" 5019
"../../../Engine/Content/EngineMaterials/Substrate/Glints2/dict_0005_0035.uasset" 5020
"../../../Engine/Content/EngineMaterials/Substrate/Glints2/dict_0005_0036.uasset" 5021
"../../../Engine/Content/EngineMaterials/Substrate/Glints2/dict_0005_0037.uasset" 5022
"../../../Engine/Content/EngineMaterials/Substrate/Glints2/dict_0005_0038.uasset" 5023
"../../../Engine/Content/EngineMaterials/Substrate/Glints2/dict_0005_0039.uasset" 5024
"../../../Engine/Content/EngineMaterials/Substrate/Glints2/dict_0005_0040.uasset" 5025
"../../../Engine/Content/EngineMaterials/Substrate/Glints2/dict_0005_0041.uasset" 5026
"../../../Engine/Content/EngineMaterials/Substrate/Glints2/dict_0005_0042.uasset" 5027
"../../../Engine/Content/EngineMaterials/Substrate/Glints2/dict_0005_0043.uasset" 5028
"../../../Engine/Content/EngineMaterials/Substrate/Glints2/dict_0005_0044.uasset" 5029
"../../../Engine/Content/EngineMaterials/Substrate/Glints2/dict_0005_0045.uasset" 5030
"../../../Engine/Content/EngineMaterials/Substrate/Glints2/dict_0005_0046.uasset" 5031
"../../../Engine/Content/EngineMaterials/Substrate/Glints2/dict_0005_0047.uasset" 5032
"../../../Engine/Content/EngineMaterials/Substrate/Glints2/dict_0005_0048.uasset" 5033
"../../../Engine/Content/EngineMaterials/Substrate/Glints2/dict_0005_0049.uasset" 5034
"../../../Engine/Content/EngineMaterials/Substrate/Glints2/dict_0005_0050.uasset" 5035
"../../../Engine/Content/EngineMaterials/Substrate/Glints2/dict_0005_0051.uasset" 5036
"../../../Engine/Content/EngineMaterials/Substrate/Glints2/dict_0005_0052.uasset" 5037
"../../../Engine/Content/EngineMaterials/Substrate/Glints2/dict_0005_0053.uasset" 5038
"../../../Engine/Content/EngineMaterials/Substrate/Glints2/dict_0005_0054.uasset" 5039
"../../../Engine/Content/EngineMaterials/Substrate/Glints2/dict_0005_0055.uasset" 5040
"../../../Engine/Content/EngineMaterials/Substrate/Glints2/dict_0005_0056.uasset" 5041
"../../../Engine/Content/EngineMaterials/Substrate/Glints2/dict_0005_0057.uasset" 5042
"../../../Engine/Content/EngineMaterials/Substrate/Glints2/dict_0005_0058.uasset" 5043
"../../../Engine/Content/EngineMaterials/Substrate/Glints2/dict_0005_0059.uasset" 5044
"../../../Engine/Content/EngineMaterials/Substrate/Glints2/dict_0005_0060.uasset" 5045
"../../../Engine/Content/EngineMaterials/Substrate/Glints2/dict_0005_0061.uasset" 5046
"../../../Engine/Content/EngineMaterials/Substrate/Glints2/dict_0005_0062.uasset" 5047
"../../../Engine/Content/EngineMaterials/Substrate/Glints2/dict_0005_0063.uasset" 5048
"../../../Engine/Content/EngineMaterials/Substrate/Glints2/dict_0005_0064.uasset" 5049
"../../../Engine/Content/EngineMaterials/Substrate/Glints2/dict_0005_0065.uasset" 5050
"../../../Engine/Content/EngineMaterials/Substrate/Glints2/dict_0005_0066.uasset" 5051
"../../../Engine/Content/EngineMaterials/Substrate/Glints2/dict_0005_0067.uasset" 5052
"../../../Engine/Content/EngineMaterials/Substrate/Glints2/dict_0005_0068.uasset" 5053
"../../../Engine/Content/EngineMaterials/Substrate/Glints2/dict_0005_0069.uasset" 5054
"../../../Engine/Content/EngineMaterials/Substrate/Glints2/dict_0005_0070.uasset" 5055
"../../../Engine/Content/EngineMaterials/Substrate/Glints2/dict_0005_0071.uasset" 5056
"../../../Engine/Content/EngineMaterials/Substrate/Glints2/dict_0005_0072.uasset" 5057
"../../../Engine/Content/EngineMaterials/Substrate/Glints2/dict_0005_0073.uasset" 5058
"../../../Engine/Content/EngineMaterials/Substrate/Glints2/dict_0005_0074.uasset" 5059
"../../../Engine/Content/EngineMaterials/Substrate/Glints2/dict_0005_0075.uasset" 5060
"../../../Engine/Content/EngineMaterials/Substrate/Glints2/dict_0005_0076.uasset" 5061
"../../../Engine/Content/EngineMaterials/Substrate/Glints2/dict_0005_0077.uasset" 5062
"../../../Engine/Content/EngineMaterials/Substrate/Glints2/dict_0005_0078.uasset" 5063
"../../../Engine/Content/EngineMaterials/Substrate/Glints2/dict_0005_0079.uasset" 5064
"../../../Engine/Content/EngineMaterials/Substrate/Glints2/dict_0005_0080.uasset" 5065
"../../../Engine/Content/EngineMaterials/Substrate/Glints2/dict_0005_0081.uasset" 5066
"../../../Engine/Content/EngineMaterials/Substrate/Glints2/dict_0005_0082.uasset" 5067
"../../../Engine/Content/EngineMaterials/Substrate/Glints2/dict_0005_0083.uasset" 5068
"../../../Engine/Content/EngineMaterials/Substrate/Glints2/dict_0005_0084.uasset" 5069
"../../../Engine/Content/EngineMaterials/Substrate/Glints2/dict_0005_0085.uasset" 5070
"../../../Engine/Content/EngineMaterials/Substrate/Glints2/dict_0005_0086.uasset" 5071
"../../../Engine/Content/EngineMaterials/Substrate/Glints2/dict_0005_0087.uasset" 5072
"../../../Engine/Content/EngineMaterials/Substrate/Glints2/dict_0005_0088.uasset" 5073
"../../../Engine/Content/EngineMaterials/Substrate/Glints2/dict_0005_0089.uasset" 5074
"../../../Engine/Content/EngineMaterials/Substrate/Glints2/dict_0005_0090.uasset" 5075
"../../../Engine/Content/EngineMaterials/Substrate/Glints2/dict_0005_0091.uasset" 5076
"../../../Engine/Content/EngineMaterials/Substrate/Glints2/dict_0005_0092.uasset" 5077
"../../../Engine/Content/EngineMaterials/Substrate/Glints2/dict_0005_0093.uasset" 5078
"../../../Engine/Content/EngineMaterials/Substrate/Glints2/dict_0005_0094.uasset" 5079
"../../../Engine/Content/EngineMaterials/Substrate/Glints2/dict_0005_0095.uasset" 5080
"../../../Engine/Content/EngineMaterials/Substrate/Glints2/dict_0005_0096.uasset" 5081
"../../../Engine/Content/EngineMaterials/Substrate/Glints2/dict_0005_0097.uasset" 5082
"../../../Engine/Content/EngineMaterials/Substrate/Glints2/dict_0005_0098.uasset" 5083
"../../../Engine/Content/EngineMaterials/Substrate/Glints2/dict_0005_0099.uasset" 5084
"../../../Engine/Content/EngineMaterials/Substrate/Glints2/dict_0005_0100.uasset" 5085
"../../../Engine/Content/EngineMaterials/Substrate/Glints2/dict_0005_0101.uasset" 5086
"../../../Engine/Content/EngineMaterials/Substrate/Glints2/dict_0005_0102.uasset" 5087
"../../../Engine/Content/EngineMaterials/Substrate/Glints2/dict_0005_0103.uasset" 5088
"../../../Engine/Content/EngineMaterials/Substrate/Glints2/dict_0005_0104.uasset" 5089
"../../../Engine/Content/EngineMaterials/Substrate/Glints2/dict_0005_0105.uasset" 5090
"../../../Engine/Content/EngineMaterials/Substrate/Glints2/dict_0005_0106.uasset" 5091
"../../../Engine/Content/EngineMaterials/Substrate/Glints2/dict_0005_0107.uasset" 5092
"../../../Engine/Content/EngineMaterials/Substrate/Glints2/dict_0005_0108.uasset" 5093
"../../../Engine/Content/EngineMaterials/Substrate/Glints2/dict_0005_0109.uasset" 5094
"../../../Engine/Content/EngineMaterials/Substrate/Glints2/dict_0005_0110.uasset" 5095
"../../../Engine/Content/EngineMaterials/Substrate/Glints2/dict_0005_0111.uasset" 5096
"../../../Engine/Content/EngineMaterials/Substrate/Glints2/dict_0005_0112.uasset" 5097
"../../../Engine/Content/EngineMaterials/Substrate/Glints2/dict_0005_0113.uasset" 5098
"../../../Engine/Content/EngineMaterials/Substrate/Glints2/dict_0005_0114.uasset" 5099
"../../../Engine/Content/EngineMaterials/Substrate/Glints2/dict_0005_0115.uasset" 5100
"../../../Engine/Content/EngineMaterials/Substrate/Glints2/dict_0005_0116.uasset" 5101
"../../../Engine/Content/EngineMaterials/Substrate/Glints2/dict_0005_0117.uasset" 5102
"../../../Engine/Content/EngineMaterials/Substrate/Glints2/dict_0005_0118.uasset" 5103
"../../../Engine/Content/EngineMaterials/Substrate/Glints2/dict_0005_0119.uasset" 5104
"../../../Engine/Content/EngineMaterials/Substrate/Glints2/dict_0005_0120.uasset" 5105
"../../../Engine/Content/EngineMaterials/Substrate/Glints2/dict_0005_0121.uasset" 5106
"../../../Engine/Content/EngineMaterials/Substrate/Glints2/dict_0005_0122.uasset" 5107
"../../../Engine/Content/EngineMaterials/Substrate/Glints2/dict_0005_0123.uasset" 5108
"../../../Engine/Content/EngineMaterials/Substrate/Glints2/dict_0005_0124.uasset" 5109
"../../../Engine/Content/EngineMaterials/Substrate/Glints2/dict_0005_0125.uasset" 5110
"../../../Engine/Content/EngineMaterials/Substrate/Glints2/dict_0005_0126.uasset" 5111
"../../../Engine/Content/EngineMaterials/Substrate/Glints2/dict_0005_0127.uasset" 5112
"../../../Engine/Content/EngineMaterials/Substrate/Glints2/dict_0005_0128.uasset" 5113
"../../../Engine/Content/EngineMaterials/Substrate/Glints2/dict_0005_0129.uasset" 5114
"../../../Engine/Content/EngineMaterials/Substrate/Glints2/dict_0005_0130.uasset" 5115
"../../../Engine/Content/EngineMaterials/Substrate/Glints2/dict_0005_0131.uasset" 5116
"../../../Engine/Content/EngineMaterials/Substrate/Glints2/dict_0005_0132.uasset" 5117
"../../../Engine/Content/EngineMaterials/Substrate/Glints2/dict_0005_0133.uasset" 5118
"../../../Engine/Content/EngineMaterials/Substrate/Glints2/dict_0005_0134.uasset" 5119
"../../../Engine/Content/EngineMaterials/Substrate/Glints2/dict_0005_0135.uasset" 5120
"../../../Engine/Content/EngineMaterials/Substrate/Glints2/dict_0005_0136.uasset" 5121
"../../../Engine/Content/EngineMaterials/Substrate/Glints2/dict_0005_0137.uasset" 5122
"../../../Engine/Content/EngineMaterials/Substrate/Glints2/dict_0005_0138.uasset" 5123
"../../../Engine/Content/EngineMaterials/Substrate/Glints2/dict_0005_0139.uasset" 5124
"../../../Engine/Content/EngineMaterials/Substrate/Glints2/dict_0005_0140.uasset" 5125
"../../../Engine/Content/EngineMaterials/Substrate/Glints2/dict_0005_0141.uasset" 5126
"../../../Engine/Content/EngineMaterials/Substrate/Glints2/dict_0005_0142.uasset" 5127
"../../../Engine/Content/EngineMaterials/Substrate/Glints2/dict_0005_0143.uasset" 5128
"../../../Engine/Content/EngineMaterials/Substrate/Glints2/dict_0005_0144.uasset" 5129
"../../../Engine/Content/EngineMaterials/Substrate/Glints2/dict_0005_0145.uasset" 5130
"../../../Engine/Content/EngineMaterials/Substrate/Glints2/dict_0005_0146.uasset" 5131
"../../../Engine/Content/EngineMaterials/Substrate/Glints2/dict_0005_0147.uasset" 5132
"../../../Engine/Content/EngineMaterials/Substrate/Glints2/dict_0005_0148.uasset" 5133
"../../../Engine/Content/EngineMaterials/Substrate/Glints2/dict_0005_0149.uasset" 5134
"../../../Engine/Content/EngineMaterials/Substrate/Glints2/dict_0005_0150.uasset" 5135
"../../../Engine/Content/EngineMaterials/Substrate/Glints2/dict_0005_0151.uasset" 5136
"../../../Engine/Content/EngineMaterials/Substrate/Glints2/dict_0005_0152.uasset" 5137
"../../../Engine/Content/EngineMaterials/Substrate/Glints2/dict_0005_0153.uasset" 5138
"../../../Engine/Content/EngineMaterials/Substrate/Glints2/dict_0005_0154.uasset" 5139
"../../../Engine/Content/EngineMaterials/Substrate/Glints2/dict_0005_0155.uasset" 5140
"../../../Engine/Content/EngineMaterials/Substrate/Glints2/dict_0005_0156.uasset" 5141
"../../../Engine/Content/EngineMaterials/Substrate/Glints2/dict_0005_0157.uasset" 5142
"../../../Engine/Content/EngineMaterials/Substrate/Glints2/dict_0005_0158.uasset" 5143
"../../../Engine/Content/EngineMaterials/Substrate/Glints2/dict_0005_0159.uasset" 5144
"../../../Engine/Content/EngineMaterials/Substrate/Glints2/dict_0005_0160.uasset" 5145
"../../../Engine/Content/EngineMaterials/Substrate/Glints2/dict_0005_0161.uasset" 5146
"../../../Engine/Content/EngineMaterials/Substrate/Glints2/dict_0005_0162.uasset" 5147
"../../../Engine/Content/EngineMaterials/Substrate/Glints2/dict_0005_0163.uasset" 5148
"../../../Engine/Content/EngineMaterials/Substrate/Glints2/dict_0005_0164.uasset" 5149
"../../../Engine/Content/EngineMaterials/Substrate/Glints2/dict_0005_0165.uasset" 5150
"../../../Engine/Content/EngineMaterials/Substrate/Glints2/dict_0005_0166.uasset" 5151
"../../../Engine/Content/EngineMaterials/Substrate/Glints2/dict_0005_0167.uasset" 5152
"../../../Engine/Content/EngineMaterials/Substrate/Glints2/dict_0005_0168.uasset" 5153
"../../../Engine/Content/EngineMaterials/Substrate/Glints2/dict_0005_0169.uasset" 5154
"../../../Engine/Content/EngineMaterials/Substrate/Glints2/dict_0005_0170.uasset" 5155
"../../../Engine/Content/EngineMaterials/Substrate/Glints2/dict_0005_0171.uasset" 5156
"../../../Engine/Content/EngineMaterials/Substrate/Glints2/dict_0005_0172.uasset" 5157
"../../../Engine/Content/EngineMaterials/Substrate/Glints2/dict_0005_0173.uasset" 5158
"../../../Engine/Content/EngineMaterials/Substrate/Glints2/dict_0005_0174.uasset" 5159
"../../../Engine/Content/EngineMaterials/Substrate/Glints2/dict_0005_0175.uasset" 5160
"../../../Engine/Content/EngineMaterials/Substrate/Glints2/dict_0005_0176.uasset" 5161
"../../../Engine/Content/EngineMaterials/Substrate/Glints2/dict_0005_0177.uasset" 5162
"../../../Engine/Content/EngineMaterials/Substrate/Glints2/dict_0005_0178.uasset" 5163
"../../../Engine/Content/EngineMaterials/Substrate/Glints2/dict_0005_0179.uasset" 5164
"../../../Engine/Content/EngineMaterials/Substrate/Glints2/dict_0005_0180.uasset" 5165
"../../../Engine/Content/EngineMaterials/Substrate/Glints2/dict_0005_0181.uasset" 5166
"../../../Engine/Content/EngineMaterials/Substrate/Glints2/dict_0005_0182.uasset" 5167
"../../../Engine/Content/EngineMaterials/Substrate/Glints2/dict_0005_0183.uasset" 5168
"../../../Engine/Content/EngineMaterials/Substrate/Glints2/dict_0005_0184.uasset" 5169
"../../../Engine/Content/EngineMaterials/Substrate/Glints2/dict_0005_0185.uasset" 5170
"../../../Engine/Content/EngineMaterials/Substrate/Glints2/dict_0005_0186.uasset" 5171
"../../../Engine/Content/EngineMaterials/Substrate/Glints2/dict_0005_0187.uasset" 5172
"../../../Engine/Content/EngineMaterials/Substrate/Glints2/dict_0005_0188.uasset" 5173
"../../../Engine/Content/EngineMaterials/Substrate/Glints2/dict_0005_0189.uasset" 5174
"../../../Engine/Content/EngineMaterials/Substrate/Glints2/dict_0005_0190.uasset" 5175
"../../../Engine/Content/EngineMaterials/Substrate/Glints2/dict_0005_0191.uasset" 5176
"../../../Engine/Content/EngineMaterials/Substrate/Glints2/dict_0005_0192.uasset" 5177
"../../../Engine/Content/EngineMaterials/Substrate/Glints2/dict_0005_0193.uasset" 5178
"../../../Engine/Content/EngineMaterials/Substrate/Glints2/dict_0005_0194.uasset" 5179
"../../../Engine/Content/EngineMaterials/Substrate/Glints2/dict_0005_0195.uasset" 5180
"../../../Engine/Content/EngineMaterials/Substrate/Glints2/dict_0005_0196.uasset" 5181
"../../../Engine/Content/EngineMaterials/Substrate/Glints2/dict_0005_0197.uasset" 5182
"../../../Engine/Content/EngineMaterials/Substrate/Glints2/dict_0005_0198.uasset" 5183
"../../../Engine/Content/EngineMaterials/Substrate/Glints2/dict_0005_0199.uasset" 5184
"../../../Engine/Content/EngineMaterials/Substrate/Glints2/dict_0005_0200.uasset" 5185
"../../../Engine/Content/EngineMaterials/Substrate/Glints2/dict_0005_0201.uasset" 5186
"../../../Engine/Content/EngineMaterials/Substrate/Glints2/dict_0005_0202.uasset" 5187
"../../../Engine/Content/EngineMaterials/Substrate/Glints2/dict_0005_0203.uasset" 5188
"../../../Engine/Content/EngineMaterials/Substrate/Glints2/dict_0005_0204.uasset" 5189
"../../../Engine/Content/EngineMaterials/Substrate/Glints2/dict_0005_0205.uasset" 5190
"../../../Engine/Content/EngineMaterials/Substrate/Glints2/dict_0005_0206.uasset" 5191
"../../../Engine/Content/EngineMaterials/Substrate/Glints2/dict_0005_0207.uasset" 5192
"../../../Engine/Content/EngineMaterials/Substrate/Glints2/dict_0005_0208.uasset" 5193
"../../../Engine/Content/EngineMaterials/Substrate/Glints2/dict_0005_0209.uasset" 5194
"../../../Engine/Content/EngineMaterials/Substrate/Glints2/dict_0005_0210.uasset" 5195
"../../../Engine/Content/EngineMaterials/Substrate/Glints2/dict_0005_0211.uasset" 5196
"../../../Engine/Content/EngineMaterials/Substrate/Glints2/dict_0005_0212.uasset" 5197
"../../../Engine/Content/EngineMaterials/Substrate/Glints2/dict_0005_0213.uasset" 5198
"../../../Engine/Content/EngineMaterials/Substrate/Glints2/dict_0005_0214.uasset" 5199
"../../../Engine/Content/EngineMaterials/Substrate/Glints2/dict_0005_0215.uasset" 5200
"../../../Engine/Content/EngineMaterials/Substrate/Glints2/dict_0005_0216.uasset" 5201
"../../../Engine/Content/EngineMaterials/Substrate/Glints2/dict_0005_0217.uasset" 5202
"../../../Engine/Content/EngineMaterials/Substrate/Glints2/dict_0005_0218.uasset" 5203
"../../../Engine/Content/EngineMaterials/Substrate/Glints2/dict_0005_0219.uasset" 5204
"../../../Engine/Content/EngineMaterials/Substrate/Glints2/dict_0005_0220.uasset" 5205
"../../../Engine/Content/EngineMaterials/Substrate/Glints2/dict_0005_0221.uasset" 5206
"../../../Engine/Content/EngineMaterials/Substrate/Glints2/dict_0005_0222.uasset" 5207
"../../../Engine/Content/EngineMaterials/Substrate/Glints2/dict_0005_0223.uasset" 5208
"../../../Engine/Content/EngineMaterials/Substrate/Glints2/dict_0005_0224.uasset" 5209
"../../../Engine/Content/EngineMaterials/Substrate/Glints2/dict_0005_0225.uasset" 5210
"../../../Engine/Content/EngineMaterials/Substrate/Glints2/dict_0005_0226.uasset" 5211
"../../../Engine/Content/EngineMaterials/Substrate/Glints2/dict_0005_0227.uasset" 5212
"../../../Engine/Content/EngineMaterials/Substrate/Glints2/dict_0005_0228.uasset" 5213
"../../../Engine/Content/EngineMaterials/Substrate/Glints2/dict_0005_0229.uasset" 5214
"../../../Engine/Content/EngineMaterials/Substrate/Glints2/dict_0005_0230.uasset" 5215
"../../../Engine/Content/EngineMaterials/Substrate/Glints2/dict_0005_0231.uasset" 5216
"../../../Engine/Content/EngineMaterials/Substrate/Glints2/dict_0005_0232.uasset" 5217
"../../../Engine/Content/EngineMaterials/Substrate/Glints2/dict_0005_0233.uasset" 5218
"../../../Engine/Content/EngineMaterials/Substrate/Glints2/dict_0005_0234.uasset" 5219
"../../../Engine/Content/EngineMaterials/Substrate/Glints2/dict_0005_0235.uasset" 5220
"../../../Engine/Content/EngineMaterials/Substrate/Glints2/dict_0005_0236.uasset" 5221
"../../../Engine/Content/EngineMaterials/Substrate/Glints2/dict_0005_0237.uasset" 5222
"../../../Engine/Content/EngineMaterials/Substrate/Glints2/dict_0005_0238.uasset" 5223
"../../../Engine/Content/EngineMaterials/Substrate/Glints2/dict_0005_0239.uasset" 5224
"../../../Engine/Content/EngineMaterials/Substrate/Glints2/dict_0005_0240.uasset" 5225
"../../../Engine/Content/EngineMaterials/Substrate/Glints2/dict_0005_0241.uasset" 5226
"../../../Engine/Content/EngineMaterials/Substrate/Glints2/dict_0005_0242.uasset" 5227
"../../../Engine/Content/EngineMaterials/Substrate/Glints2/dict_0005_0243.uasset" 5228
"../../../Engine/Content/EngineMaterials/Substrate/Glints2/dict_0005_0244.uasset" 5229
"../../../Engine/Content/EngineMaterials/Substrate/Glints2/dict_0005_0245.uasset" 5230
"../../../Engine/Content/EngineMaterials/Substrate/Glints2/dict_0005_0246.uasset" 5231
"../../../Engine/Content/EngineMaterials/Substrate/Glints2/dict_0005_0247.uasset" 5232
"../../../Engine/Content/EngineMaterials/Substrate/Glints2/dict_0005_0248.uasset" 5233
"../../../Engine/Content/EngineMaterials/Substrate/Glints2/dict_0005_0249.uasset" 5234
"../../../Engine/Content/EngineMaterials/Substrate/Glints2/dict_0005_0250.uasset" 5235
"../../../Engine/Content/EngineMaterials/Substrate/Glints2/dict_0005_0251.uasset" 5236
"../../../Engine/Content/EngineMaterials/Substrate/Glints2/dict_0005_0252.uasset" 5237
"../../../Engine/Content/EngineMaterials/Substrate/Glints2/dict_0005_0253.uasset" 5238
"../../../Engine/Content/EngineMaterials/Substrate/Glints2/dict_0005_0254.uasset" 5239
"../../../Engine/Content/EngineMaterials/Substrate/Glints2/dict_0005_0255.uasset" 5240
"../../../Engine/Content/EngineMaterials/Substrate/Glints2/dict_0006_0000.uasset" 5241
"../../../Engine/Content/EngineMaterials/Substrate/Glints2/dict_0006_0001.uasset" 5242
"../../../Engine/Content/EngineMaterials/Substrate/Glints2/dict_0006_0002.uasset" 5243
"../../../Engine/Content/EngineMaterials/Substrate/Glints2/dict_0006_0003.uasset" 5244
"../../../Engine/Content/EngineMaterials/Substrate/Glints2/dict_0006_0004.uasset" 5245
"../../../Engine/Content/EngineMaterials/Substrate/Glints2/dict_0006_0005.uasset" 5246
"../../../Engine/Content/EngineMaterials/Substrate/Glints2/dict_0006_0006.uasset" 5247
"../../../Engine/Content/EngineMaterials/Substrate/Glints2/dict_0006_0007.uasset" 5248
"../../../Engine/Content/EngineMaterials/Substrate/Glints2/dict_0006_0008.uasset" 5249
"../../../Engine/Content/EngineMaterials/Substrate/Glints2/dict_0006_0009.uasset" 5250
"../../../Engine/Content/EngineMaterials/Substrate/Glints2/dict_0006_0010.uasset" 5251
"../../../Engine/Content/EngineMaterials/Substrate/Glints2/dict_0006_0011.uasset" 5252
"../../../Engine/Content/EngineMaterials/Substrate/Glints2/dict_0006_0012.uasset" 5253
"../../../Engine/Content/EngineMaterials/Substrate/Glints2/dict_0006_0013.uasset" 5254
"../../../Engine/Content/EngineMaterials/Substrate/Glints2/dict_0006_0014.uasset" 5255
"../../../Engine/Content/EngineMaterials/Substrate/Glints2/dict_0006_0015.uasset" 5256
"../../../Engine/Content/EngineMaterials/Substrate/Glints2/dict_0006_0016.uasset" 5257
"../../../Engine/Content/EngineMaterials/Substrate/Glints2/dict_0006_0017.uasset" 5258
"../../../Engine/Content/EngineMaterials/Substrate/Glints2/dict_0006_0018.uasset" 5259
"../../../Engine/Content/EngineMaterials/Substrate/Glints2/dict_0006_0019.uasset" 5260
"../../../Engine/Content/EngineMaterials/Substrate/Glints2/dict_0006_0020.uasset" 5261
"../../../Engine/Content/EngineMaterials/Substrate/Glints2/dict_0006_0021.uasset" 5262
"../../../Engine/Content/EngineMaterials/Substrate/Glints2/dict_0006_0022.uasset" 5263
"../../../Engine/Content/EngineMaterials/Substrate/Glints2/dict_0006_0023.uasset" 5264
"../../../Engine/Content/EngineMaterials/Substrate/Glints2/dict_0006_0024.uasset" 5265
"../../../Engine/Content/EngineMaterials/Substrate/Glints2/dict_0006_0025.uasset" 5266
"../../../Engine/Content/EngineMaterials/Substrate/Glints2/dict_0006_0026.uasset" 5267
"../../../Engine/Content/EngineMaterials/Substrate/Glints2/dict_0006_0027.uasset" 5268
"../../../Engine/Content/EngineMaterials/Substrate/Glints2/dict_0006_0028.uasset" 5269
"../../../Engine/Content/EngineMaterials/Substrate/Glints2/dict_0006_0029.uasset" 5270
"../../../Engine/Content/EngineMaterials/Substrate/Glints2/dict_0006_0030.uasset" 5271
"../../../Engine/Content/EngineMaterials/Substrate/Glints2/dict_0006_0031.uasset" 5272
"../../../Engine/Content/EngineMaterials/Substrate/Glints2/dict_0006_0032.uasset" 5273
"../../../Engine/Content/EngineMaterials/Substrate/Glints2/dict_0006_0033.uasset" 5274
"../../../Engine/Content/EngineMaterials/Substrate/Glints2/dict_0006_0034.uasset" 5275
"../../../Engine/Content/EngineMaterials/Substrate/Glints2/dict_0006_0035.uasset" 5276
"../../../Engine/Content/EngineMaterials/Substrate/Glints2/dict_0006_0036.uasset" 5277
"../../../Engine/Content/EngineMaterials/Substrate/Glints2/dict_0006_0037.uasset" 5278
"../../../Engine/Content/EngineMaterials/Substrate/Glints2/dict_0006_0038.uasset" 5279
"../../../Engine/Content/EngineMaterials/Substrate/Glints2/dict_0006_0039.uasset" 5280
"../../../Engine/Content/EngineMaterials/Substrate/Glints2/dict_0006_0040.uasset" 5281
"../../../Engine/Content/EngineMaterials/Substrate/Glints2/dict_0006_0041.uasset" 5282
"../../../Engine/Content/EngineMaterials/Substrate/Glints2/dict_0006_0042.uasset" 5283
"../../../Engine/Content/EngineMaterials/Substrate/Glints2/dict_0006_0043.uasset" 5284
"../../../Engine/Content/EngineMaterials/Substrate/Glints2/dict_0006_0044.uasset" 5285
"../../../Engine/Content/EngineMaterials/Substrate/Glints2/dict_0006_0045.uasset" 5286
"../../../Engine/Content/EngineMaterials/Substrate/Glints2/dict_0006_0046.uasset" 5287
"../../../Engine/Content/EngineMaterials/Substrate/Glints2/dict_0006_0047.uasset" 5288
"../../../Engine/Content/EngineMaterials/Substrate/Glints2/dict_0006_0048.uasset" 5289
"../../../Engine/Content/EngineMaterials/Substrate/Glints2/dict_0006_0049.uasset" 5290
"../../../Engine/Content/EngineMaterials/Substrate/Glints2/dict_0006_0050.uasset" 5291
"../../../Engine/Content/EngineMaterials/Substrate/Glints2/dict_0006_0051.uasset" 5292
"../../../Engine/Content/EngineMaterials/Substrate/Glints2/dict_0006_0052.uasset" 5293
"../../../Engine/Content/EngineMaterials/Substrate/Glints2/dict_0006_0053.uasset" 5294
"../../../Engine/Content/EngineMaterials/Substrate/Glints2/dict_0006_0054.uasset" 5295
"../../../Engine/Content/EngineMaterials/Substrate/Glints2/dict_0006_0055.uasset" 5296
"../../../Engine/Content/EngineMaterials/Substrate/Glints2/dict_0006_0056.uasset" 5297
"../../../Engine/Content/EngineMaterials/Substrate/Glints2/dict_0006_0057.uasset" 5298
"../../../Engine/Content/EngineMaterials/Substrate/Glints2/dict_0006_0058.uasset" 5299
"../../../Engine/Content/EngineMaterials/Substrate/Glints2/dict_0006_0059.uasset" 5300
"../../../Engine/Content/EngineMaterials/Substrate/Glints2/dict_0006_0060.uasset" 5301
"../../../Engine/Content/EngineMaterials/Substrate/Glints2/dict_0006_0061.uasset" 5302
"../../../Engine/Content/EngineMaterials/Substrate/Glints2/dict_0006_0062.uasset" 5303
"../../../Engine/Content/EngineMaterials/Substrate/Glints2/dict_0006_0063.uasset" 5304
"../../../Engine/Content/EngineMaterials/Substrate/Glints2/dict_0006_0064.uasset" 5305
"../../../Engine/Content/EngineMaterials/Substrate/Glints2/dict_0006_0065.uasset" 5306
"../../../Engine/Content/EngineMaterials/Substrate/Glints2/dict_0006_0066.uasset" 5307
"../../../Engine/Content/EngineMaterials/Substrate/Glints2/dict_0006_0067.uasset" 5308
"../../../Engine/Content/EngineMaterials/Substrate/Glints2/dict_0006_0068.uasset" 5309
"../../../Engine/Content/EngineMaterials/Substrate/Glints2/dict_0006_0069.uasset" 5310
"../../../Engine/Content/EngineMaterials/Substrate/Glints2/dict_0006_0070.uasset" 5311
"../../../Engine/Content/EngineMaterials/Substrate/Glints2/dict_0006_0071.uasset" 5312
"../../../Engine/Content/EngineMaterials/Substrate/Glints2/dict_0006_0072.uasset" 5313
"../../../Engine/Content/EngineMaterials/Substrate/Glints2/dict_0006_0073.uasset" 5314
"../../../Engine/Content/EngineMaterials/Substrate/Glints2/dict_0006_0074.uasset" 5315
"../../../Engine/Content/EngineMaterials/Substrate/Glints2/dict_0006_0075.uasset" 5316
"../../../Engine/Content/EngineMaterials/Substrate/Glints2/dict_0006_0076.uasset" 5317
"../../../Engine/Content/EngineMaterials/Substrate/Glints2/dict_0006_0077.uasset" 5318
"../../../Engine/Content/EngineMaterials/Substrate/Glints2/dict_0006_0078.uasset" 5319
"../../../Engine/Content/EngineMaterials/Substrate/Glints2/dict_0006_0079.uasset" 5320
"../../../Engine/Content/EngineMaterials/Substrate/Glints2/dict_0006_0080.uasset" 5321
"../../../Engine/Content/EngineMaterials/Substrate/Glints2/dict_0006_0081.uasset" 5322
"../../../Engine/Content/EngineMaterials/Substrate/Glints2/dict_0006_0082.uasset" 5323
"../../../Engine/Content/EngineMaterials/Substrate/Glints2/dict_0006_0083.uasset" 5324
"../../../Engine/Content/EngineMaterials/Substrate/Glints2/dict_0006_0084.uasset" 5325
"../../../Engine/Content/EngineMaterials/Substrate/Glints2/dict_0006_0085.uasset" 5326
"../../../Engine/Content/EngineMaterials/Substrate/Glints2/dict_0006_0086.uasset" 5327
"../../../Engine/Content/EngineMaterials/Substrate/Glints2/dict_0006_0087.uasset" 5328
"../../../Engine/Content/EngineMaterials/Substrate/Glints2/dict_0006_0088.uasset" 5329
"../../../Engine/Content/EngineMaterials/Substrate/Glints2/dict_0006_0089.uasset" 5330
"../../../Engine/Content/EngineMaterials/Substrate/Glints2/dict_0006_0090.uasset" 5331
"../../../Engine/Content/EngineMaterials/Substrate/Glints2/dict_0006_0091.uasset" 5332
"../../../Engine/Content/EngineMaterials/Substrate/Glints2/dict_0006_0092.uasset" 5333
"../../../Engine/Content/EngineMaterials/Substrate/Glints2/dict_0006_0093.uasset" 5334
"../../../Engine/Content/EngineMaterials/Substrate/Glints2/dict_0006_0094.uasset" 5335
"../../../Engine/Content/EngineMaterials/Substrate/Glints2/dict_0006_0095.uasset" 5336
"../../../Engine/Content/EngineMaterials/Substrate/Glints2/dict_0006_0096.uasset" 5337
"../../../Engine/Content/EngineMaterials/Substrate/Glints2/dict_0006_0097.uasset" 5338
"../../../Engine/Content/EngineMaterials/Substrate/Glints2/dict_0006_0098.uasset" 5339
"../../../Engine/Content/EngineMaterials/Substrate/Glints2/dict_0006_0099.uasset" 5340
"../../../Engine/Content/EngineMaterials/Substrate/Glints2/dict_0006_0100.uasset" 5341
"../../../Engine/Content/EngineMaterials/Substrate/Glints2/dict_0006_0101.uasset" 5342
"../../../Engine/Content/EngineMaterials/Substrate/Glints2/dict_0006_0102.uasset" 5343
"../../../Engine/Content/EngineMaterials/Substrate/Glints2/dict_0006_0103.uasset" 5344
"../../../Engine/Content/EngineMaterials/Substrate/Glints2/dict_0006_0104.uasset" 5345
"../../../Engine/Content/EngineMaterials/Substrate/Glints2/dict_0006_0105.uasset" 5346
"../../../Engine/Content/EngineMaterials/Substrate/Glints2/dict_0006_0106.uasset" 5347
"../../../Engine/Content/EngineMaterials/Substrate/Glints2/dict_0006_0107.uasset" 5348
"../../../Engine/Content/EngineMaterials/Substrate/Glints2/dict_0006_0108.uasset" 5349
"../../../Engine/Content/EngineMaterials/Substrate/Glints2/dict_0006_0109.uasset" 5350
"../../../Engine/Content/EngineMaterials/Substrate/Glints2/dict_0006_0110.uasset" 5351
"../../../Engine/Content/EngineMaterials/Substrate/Glints2/dict_0006_0111.uasset" 5352
"../../../Engine/Content/EngineMaterials/Substrate/Glints2/dict_0006_0112.uasset" 5353
"../../../Engine/Content/EngineMaterials/Substrate/Glints2/dict_0006_0113.uasset" 5354
"../../../Engine/Content/EngineMaterials/Substrate/Glints2/dict_0006_0114.uasset" 5355
"../../../Engine/Content/EngineMaterials/Substrate/Glints2/dict_0006_0115.uasset" 5356
"../../../Engine/Content/EngineMaterials/Substrate/Glints2/dict_0006_0116.uasset" 5357
"../../../Engine/Content/EngineMaterials/Substrate/Glints2/dict_0006_0117.uasset" 5358
"../../../Engine/Content/EngineMaterials/Substrate/Glints2/dict_0006_0118.uasset" 5359
"../../../Engine/Content/EngineMaterials/Substrate/Glints2/dict_0006_0119.uasset" 5360
"../../../Engine/Content/EngineMaterials/Substrate/Glints2/dict_0006_0120.uasset" 5361
"../../../Engine/Content/EngineMaterials/Substrate/Glints2/dict_0006_0121.uasset" 5362
"../../../Engine/Content/EngineMaterials/Substrate/Glints2/dict_0006_0122.uasset" 5363
"../../../Engine/Content/EngineMaterials/Substrate/Glints2/dict_0006_0123.uasset" 5364
"../../../Engine/Content/EngineMaterials/Substrate/Glints2/dict_0006_0124.uasset" 5365
"../../../Engine/Content/EngineMaterials/Substrate/Glints2/dict_0006_0125.uasset" 5366
"../../../Engine/Content/EngineMaterials/Substrate/Glints2/dict_0006_0126.uasset" 5367
"../../../Engine/Content/EngineMaterials/Substrate/Glints2/dict_0006_0127.uasset" 5368
"../../../Engine/Content/EngineMaterials/Substrate/Glints2/dict_0006_0128.uasset" 5369
"../../../Engine/Content/EngineMaterials/Substrate/Glints2/dict_0006_0129.uasset" 5370
"../../../Engine/Content/EngineMaterials/Substrate/Glints2/dict_0006_0130.uasset" 5371
"../../../Engine/Content/EngineMaterials/Substrate/Glints2/dict_0006_0131.uasset" 5372
"../../../Engine/Content/EngineMaterials/Substrate/Glints2/dict_0006_0132.uasset" 5373
"../../../Engine/Content/EngineMaterials/Substrate/Glints2/dict_0006_0133.uasset" 5374
"../../../Engine/Content/EngineMaterials/Substrate/Glints2/dict_0006_0134.uasset" 5375
"../../../Engine/Content/EngineMaterials/Substrate/Glints2/dict_0006_0135.uasset" 5376
"../../../Engine/Content/EngineMaterials/Substrate/Glints2/dict_0006_0136.uasset" 5377
"../../../Engine/Content/EngineMaterials/Substrate/Glints2/dict_0006_0137.uasset" 5378
"../../../Engine/Content/EngineMaterials/Substrate/Glints2/dict_0006_0138.uasset" 5379
"../../../Engine/Content/EngineMaterials/Substrate/Glints2/dict_0006_0139.uasset" 5380
"../../../Engine/Content/EngineMaterials/Substrate/Glints2/dict_0006_0140.uasset" 5381
"../../../Engine/Content/EngineMaterials/Substrate/Glints2/dict_0006_0141.uasset" 5382
"../../../Engine/Content/EngineMaterials/Substrate/Glints2/dict_0006_0142.uasset" 5383
"../../../Engine/Content/EngineMaterials/Substrate/Glints2/dict_0006_0143.uasset" 5384
"../../../Engine/Content/EngineMaterials/Substrate/Glints2/dict_0006_0144.uasset" 5385
"../../../Engine/Content/EngineMaterials/Substrate/Glints2/dict_0006_0145.uasset" 5386
"../../../Engine/Content/EngineMaterials/Substrate/Glints2/dict_0006_0146.uasset" 5387
"../../../Engine/Content/EngineMaterials/Substrate/Glints2/dict_0006_0147.uasset" 5388
"../../../Engine/Content/EngineMaterials/Substrate/Glints2/dict_0006_0148.uasset" 5389
"../../../Engine/Content/EngineMaterials/Substrate/Glints2/dict_0006_0149.uasset" 5390
"../../../Engine/Content/EngineMaterials/Substrate/Glints2/dict_0006_0150.uasset" 5391
"../../../Engine/Content/EngineMaterials/Substrate/Glints2/dict_0006_0151.uasset" 5392
"../../../Engine/Content/EngineMaterials/Substrate/Glints2/dict_0006_0152.uasset" 5393
"../../../Engine/Content/EngineMaterials/Substrate/Glints2/dict_0006_0153.uasset" 5394
"../../../Engine/Content/EngineMaterials/Substrate/Glints2/dict_0006_0154.uasset" 5395
"../../../Engine/Content/EngineMaterials/Substrate/Glints2/dict_0006_0155.uasset" 5396
"../../../Engine/Content/EngineMaterials/Substrate/Glints2/dict_0006_0156.uasset" 5397
"../../../Engine/Content/EngineMaterials/Substrate/Glints2/dict_0006_0157.uasset" 5398
"../../../Engine/Content/EngineMaterials/Substrate/Glints2/dict_0006_0158.uasset" 5399
"../../../Engine/Content/EngineMaterials/Substrate/Glints2/dict_0006_0159.uasset" 5400
"../../../Engine/Content/EngineMaterials/Substrate/Glints2/dict_0006_0160.uasset" 5401
"../../../Engine/Content/EngineMaterials/Substrate/Glints2/dict_0006_0161.uasset" 5402
"../../../Engine/Content/EngineMaterials/Substrate/Glints2/dict_0006_0162.uasset" 5403
"../../../Engine/Content/EngineMaterials/Substrate/Glints2/dict_0006_0163.uasset" 5404
"../../../Engine/Content/EngineMaterials/Substrate/Glints2/dict_0006_0164.uasset" 5405
"../../../Engine/Content/EngineMaterials/Substrate/Glints2/dict_0006_0165.uasset" 5406
"../../../Engine/Content/EngineMaterials/Substrate/Glints2/dict_0006_0166.uasset" 5407
"../../../Engine/Content/EngineMaterials/Substrate/Glints2/dict_0006_0167.uasset" 5408
"../../../Engine/Content/EngineMaterials/Substrate/Glints2/dict_0006_0168.uasset" 5409
"../../../Engine/Content/EngineMaterials/Substrate/Glints2/dict_0006_0169.uasset" 5410
"../../../Engine/Content/EngineMaterials/Substrate/Glints2/dict_0006_0170.uasset" 5411
"../../../Engine/Content/EngineMaterials/Substrate/Glints2/dict_0006_0171.uasset" 5412
"../../../Engine/Content/EngineMaterials/Substrate/Glints2/dict_0006_0172.uasset" 5413
"../../../Engine/Content/EngineMaterials/Substrate/Glints2/dict_0006_0173.uasset" 5414
"../../../Engine/Content/EngineMaterials/Substrate/Glints2/dict_0006_0174.uasset" 5415
"../../../Engine/Content/EngineMaterials/Substrate/Glints2/dict_0006_0175.uasset" 5416
"../../../Engine/Content/EngineMaterials/Substrate/Glints2/dict_0006_0176.uasset" 5417
"../../../Engine/Content/EngineMaterials/Substrate/Glints2/dict_0006_0177.uasset" 5418
"../../../Engine/Content/EngineMaterials/Substrate/Glints2/dict_0006_0178.uasset" 5419
"../../../Engine/Content/EngineMaterials/Substrate/Glints2/dict_0006_0179.uasset" 5420
"../../../Engine/Content/EngineMaterials/Substrate/Glints2/dict_0006_0180.uasset" 5421
"../../../Engine/Content/EngineMaterials/Substrate/Glints2/dict_0006_0181.uasset" 5422
"../../../Engine/Content/EngineMaterials/Substrate/Glints2/dict_0006_0182.uasset" 5423
"../../../Engine/Content/EngineMaterials/Substrate/Glints2/dict_0006_0183.uasset" 5424
"../../../Engine/Content/EngineMaterials/Substrate/Glints2/dict_0006_0184.uasset" 5425
"../../../Engine/Content/EngineMaterials/Substrate/Glints2/dict_0006_0185.uasset" 5426
"../../../Engine/Content/EngineMaterials/Substrate/Glints2/dict_0006_0186.uasset" 5427
"../../../Engine/Content/EngineMaterials/Substrate/Glints2/dict_0006_0187.uasset" 5428
"../../../Engine/Content/EngineMaterials/Substrate/Glints2/dict_0006_0188.uasset" 5429
"../../../Engine/Content/EngineMaterials/Substrate/Glints2/dict_0006_0189.uasset" 5430
"../../../Engine/Content/EngineMaterials/Substrate/Glints2/dict_0006_0190.uasset" 5431
"../../../Engine/Content/EngineMaterials/Substrate/Glints2/dict_0006_0191.uasset" 5432
"../../../Engine/Content/EngineMaterials/Substrate/Glints2/dict_0006_0192.uasset" 5433
"../../../Engine/Content/EngineMaterials/Substrate/Glints2/dict_0006_0193.uasset" 5434
"../../../Engine/Content/EngineMaterials/Substrate/Glints2/dict_0006_0194.uasset" 5435
"../../../Engine/Content/EngineMaterials/Substrate/Glints2/dict_0006_0195.uasset" 5436
"../../../Engine/Content/EngineMaterials/Substrate/Glints2/dict_0006_0196.uasset" 5437
"../../../Engine/Content/EngineMaterials/Substrate/Glints2/dict_0006_0197.uasset" 5438
"../../../Engine/Content/EngineMaterials/Substrate/Glints2/dict_0006_0198.uasset" 5439
"../../../Engine/Content/EngineMaterials/Substrate/Glints2/dict_0006_0199.uasset" 5440
"../../../Engine/Content/EngineMaterials/Substrate/Glints2/dict_0006_0200.uasset" 5441
"../../../Engine/Content/EngineMaterials/Substrate/Glints2/dict_0006_0201.uasset" 5442
"../../../Engine/Content/EngineMaterials/Substrate/Glints2/dict_0006_0202.uasset" 5443
"../../../Engine/Content/EngineMaterials/Substrate/Glints2/dict_0006_0203.uasset" 5444
"../../../Engine/Content/EngineMaterials/Substrate/Glints2/dict_0006_0204.uasset" 5445
"../../../Engine/Content/EngineMaterials/Substrate/Glints2/dict_0006_0205.uasset" 5446
"../../../Engine/Content/EngineMaterials/Substrate/Glints2/dict_0006_0206.uasset" 5447
"../../../Engine/Content/EngineMaterials/Substrate/Glints2/dict_0006_0207.uasset" 5448
"../../../Engine/Content/EngineMaterials/Substrate/Glints2/dict_0006_0208.uasset" 5449
"../../../Engine/Content/EngineMaterials/Substrate/Glints2/dict_0006_0209.uasset" 5450
"../../../Engine/Content/EngineMaterials/Substrate/Glints2/dict_0006_0210.uasset" 5451
"../../../Engine/Content/EngineMaterials/Substrate/Glints2/dict_0006_0211.uasset" 5452
"../../../Engine/Content/EngineMaterials/Substrate/Glints2/dict_0006_0212.uasset" 5453
"../../../Engine/Content/EngineMaterials/Substrate/Glints2/dict_0006_0213.uasset" 5454
"../../../Engine/Content/EngineMaterials/Substrate/Glints2/dict_0006_0214.uasset" 5455
"../../../Engine/Content/EngineMaterials/Substrate/Glints2/dict_0006_0215.uasset" 5456
"../../../Engine/Content/EngineMaterials/Substrate/Glints2/dict_0006_0216.uasset" 5457
"../../../Engine/Content/EngineMaterials/Substrate/Glints2/dict_0006_0217.uasset" 5458
"../../../Engine/Content/EngineMaterials/Substrate/Glints2/dict_0006_0218.uasset" 5459
"../../../Engine/Content/EngineMaterials/Substrate/Glints2/dict_0006_0219.uasset" 5460
"../../../Engine/Content/EngineMaterials/Substrate/Glints2/dict_0006_0220.uasset" 5461
"../../../Engine/Content/EngineMaterials/Substrate/Glints2/dict_0006_0221.uasset" 5462
"../../../Engine/Content/EngineMaterials/Substrate/Glints2/dict_0006_0222.uasset" 5463
"../../../Engine/Content/EngineMaterials/Substrate/Glints2/dict_0006_0223.uasset" 5464
"../../../Engine/Content/EngineMaterials/Substrate/Glints2/dict_0006_0224.uasset" 5465
"../../../Engine/Content/EngineMaterials/Substrate/Glints2/dict_0006_0225.uasset" 5466
"../../../Engine/Content/EngineMaterials/Substrate/Glints2/dict_0006_0226.uasset" 5467
"../../../Engine/Content/EngineMaterials/Substrate/Glints2/dict_0006_0227.uasset" 5468
"../../../Engine/Content/EngineMaterials/Substrate/Glints2/dict_0006_0228.uasset" 5469
"../../../Engine/Content/EngineMaterials/Substrate/Glints2/dict_0006_0229.uasset" 5470
"../../../Engine/Content/EngineMaterials/Substrate/Glints2/dict_0006_0230.uasset" 5471
"../../../Engine/Content/EngineMaterials/Substrate/Glints2/dict_0006_0231.uasset" 5472
"../../../Engine/Content/EngineMaterials/Substrate/Glints2/dict_0006_0232.uasset" 5473
"../../../Engine/Content/EngineMaterials/Substrate/Glints2/dict_0006_0233.uasset" 5474
"../../../Engine/Content/EngineMaterials/Substrate/Glints2/dict_0006_0234.uasset" 5475
"../../../Engine/Content/EngineMaterials/Substrate/Glints2/dict_0006_0235.uasset" 5476
"../../../Engine/Content/EngineMaterials/Substrate/Glints2/dict_0006_0236.uasset" 5477
"../../../Engine/Content/EngineMaterials/Substrate/Glints2/dict_0006_0237.uasset" 5478
"../../../Engine/Content/EngineMaterials/Substrate/Glints2/dict_0006_0238.uasset" 5479
"../../../Engine/Content/EngineMaterials/Substrate/Glints2/dict_0006_0239.uasset" 5480
"../../../Engine/Content/EngineMaterials/Substrate/Glints2/dict_0006_0240.uasset" 5481
"../../../Engine/Content/EngineMaterials/Substrate/Glints2/dict_0006_0241.uasset" 5482
"../../../Engine/Content/EngineMaterials/Substrate/Glints2/dict_0006_0242.uasset" 5483
"../../../Engine/Content/EngineMaterials/Substrate/Glints2/dict_0006_0243.uasset" 5484
"../../../Engine/Content/EngineMaterials/Substrate/Glints2/dict_0006_0244.uasset" 5485
"../../../Engine/Content/EngineMaterials/Substrate/Glints2/dict_0006_0245.uasset" 5486
"../../../Engine/Content/EngineMaterials/Substrate/Glints2/dict_0006_0246.uasset" 5487
"../../../Engine/Content/EngineMaterials/Substrate/Glints2/dict_0006_0247.uasset" 5488
"../../../Engine/Content/EngineMaterials/Substrate/Glints2/dict_0006_0248.uasset" 5489
"../../../Engine/Content/EngineMaterials/Substrate/Glints2/dict_0006_0249.uasset" 5490
"../../../Engine/Content/EngineMaterials/Substrate/Glints2/dict_0006_0250.uasset" 5491
"../../../Engine/Content/EngineMaterials/Substrate/Glints2/dict_0006_0251.uasset" 5492
"../../../Engine/Content/EngineMaterials/Substrate/Glints2/dict_0006_0252.uasset" 5493
"../../../Engine/Content/EngineMaterials/Substrate/Glints2/dict_0006_0253.uasset" 5494
"../../../Engine/Content/EngineMaterials/Substrate/Glints2/dict_0006_0254.uasset" 5495
"../../../Engine/Content/EngineMaterials/Substrate/Glints2/dict_0006_0255.uasset" 5496
"../../../Engine/Content/EngineMaterials/Substrate/Glints2/dict_0007_0000.uasset" 5497
"../../../Engine/Content/EngineMaterials/Substrate/Glints2/dict_0007_0001.uasset" 5498
"../../../Engine/Content/EngineMaterials/Substrate/Glints2/dict_0007_0002.uasset" 5499
"../../../Engine/Content/EngineMaterials/Substrate/Glints2/dict_0007_0003.uasset" 5500
"../../../Engine/Content/EngineMaterials/Substrate/Glints2/dict_0007_0004.uasset" 5501
"../../../Engine/Content/EngineMaterials/Substrate/Glints2/dict_0007_0005.uasset" 5502
"../../../Engine/Content/EngineMaterials/Substrate/Glints2/dict_0007_0006.uasset" 5503
"../../../Engine/Content/EngineMaterials/Substrate/Glints2/dict_0007_0007.uasset" 5504
"../../../Engine/Content/EngineMaterials/Substrate/Glints2/dict_0007_0008.uasset" 5505
"../../../Engine/Content/EngineMaterials/Substrate/Glints2/dict_0007_0009.uasset" 5506
"../../../Engine/Content/EngineMaterials/Substrate/Glints2/dict_0007_0010.uasset" 5507
"../../../Engine/Content/EngineMaterials/Substrate/Glints2/dict_0007_0011.uasset" 5508
"../../../Engine/Content/EngineMaterials/Substrate/Glints2/dict_0007_0012.uasset" 5509
"../../../Engine/Content/EngineMaterials/Substrate/Glints2/dict_0007_0013.uasset" 5510
"../../../Engine/Content/EngineMaterials/Substrate/Glints2/dict_0007_0014.uasset" 5511
"../../../Engine/Content/EngineMaterials/Substrate/Glints2/dict_0007_0015.uasset" 5512
"../../../Engine/Content/EngineMaterials/Substrate/Glints2/dict_0007_0016.uasset" 5513
"../../../Engine/Content/EngineMaterials/Substrate/Glints2/dict_0007_0017.uasset" 5514
"../../../Engine/Content/EngineMaterials/Substrate/Glints2/dict_0007_0018.uasset" 5515
"../../../Engine/Content/EngineMaterials/Substrate/Glints2/dict_0007_0019.uasset" 5516
"../../../Engine/Content/EngineMaterials/Substrate/Glints2/dict_0007_0020.uasset" 5517
"../../../Engine/Content/EngineMaterials/Substrate/Glints2/dict_0007_0021.uasset" 5518
"../../../Engine/Content/EngineMaterials/Substrate/Glints2/dict_0007_0022.uasset" 5519
"../../../Engine/Content/EngineMaterials/Substrate/Glints2/dict_0007_0023.uasset" 5520
"../../../Engine/Content/EngineMaterials/Substrate/Glints2/dict_0007_0024.uasset" 5521
"../../../Engine/Content/EngineMaterials/Substrate/Glints2/dict_0007_0025.uasset" 5522
"../../../Engine/Content/EngineMaterials/Substrate/Glints2/dict_0007_0026.uasset" 5523
"../../../Engine/Content/EngineMaterials/Substrate/Glints2/dict_0007_0027.uasset" 5524
"../../../Engine/Content/EngineMaterials/Substrate/Glints2/dict_0007_0028.uasset" 5525
"../../../Engine/Content/EngineMaterials/Substrate/Glints2/dict_0007_0029.uasset" 5526
"../../../Engine/Content/EngineMaterials/Substrate/Glints2/dict_0007_0030.uasset" 5527
"../../../Engine/Content/EngineMaterials/Substrate/Glints2/dict_0007_0031.uasset" 5528
"../../../Engine/Content/EngineMaterials/Substrate/Glints2/dict_0007_0032.uasset" 5529
"../../../Engine/Content/EngineMaterials/Substrate/Glints2/dict_0007_0033.uasset" 5530
"../../../Engine/Content/EngineMaterials/Substrate/Glints2/dict_0007_0034.uasset" 5531
"../../../Engine/Content/EngineMaterials/Substrate/Glints2/dict_0007_0035.uasset" 5532
"../../../Engine/Content/EngineMaterials/Substrate/Glints2/dict_0007_0036.uasset" 5533
"../../../Engine/Content/EngineMaterials/Substrate/Glints2/dict_0007_0037.uasset" 5534
"../../../Engine/Content/EngineMaterials/Substrate/Glints2/dict_0007_0038.uasset" 5535
"../../../Engine/Content/EngineMaterials/Substrate/Glints2/dict_0007_0039.uasset" 5536
"../../../Engine/Content/EngineMaterials/Substrate/Glints2/dict_0007_0040.uasset" 5537
"../../../Engine/Content/EngineMaterials/Substrate/Glints2/dict_0007_0041.uasset" 5538
"../../../Engine/Content/EngineMaterials/Substrate/Glints2/dict_0007_0042.uasset" 5539
"../../../Engine/Content/EngineMaterials/Substrate/Glints2/dict_0007_0043.uasset" 5540
"../../../Engine/Content/EngineMaterials/Substrate/Glints2/dict_0007_0044.uasset" 5541
"../../../Engine/Content/EngineMaterials/Substrate/Glints2/dict_0007_0045.uasset" 5542
"../../../Engine/Content/EngineMaterials/Substrate/Glints2/dict_0007_0046.uasset" 5543
"../../../Engine/Content/EngineMaterials/Substrate/Glints2/dict_0007_0047.uasset" 5544
"../../../Engine/Content/EngineMaterials/Substrate/Glints2/dict_0007_0048.uasset" 5545
"../../../Engine/Content/EngineMaterials/Substrate/Glints2/dict_0007_0049.uasset" 5546
"../../../Engine/Content/EngineMaterials/Substrate/Glints2/dict_0007_0050.uasset" 5547
"../../../Engine/Content/EngineMaterials/Substrate/Glints2/dict_0007_0051.uasset" 5548
"../../../Engine/Content/EngineMaterials/Substrate/Glints2/dict_0007_0052.uasset" 5549
"../../../Engine/Content/EngineMaterials/Substrate/Glints2/dict_0007_0053.uasset" 5550
"../../../Engine/Content/EngineMaterials/Substrate/Glints2/dict_0007_0054.uasset" 5551
"../../../Engine/Content/EngineMaterials/Substrate/Glints2/dict_0007_0055.uasset" 5552
"../../../Engine/Content/EngineMaterials/Substrate/Glints2/dict_0007_0056.uasset" 5553
"../../../Engine/Content/EngineMaterials/Substrate/Glints2/dict_0007_0057.uasset" 5554
"../../../Engine/Content/EngineMaterials/Substrate/Glints2/dict_0007_0058.uasset" 5555
"../../../Engine/Content/EngineMaterials/Substrate/Glints2/dict_0007_0059.uasset" 5556
"../../../Engine/Content/EngineMaterials/Substrate/Glints2/dict_0007_0060.uasset" 5557
"../../../Engine/Content/EngineMaterials/Substrate/Glints2/dict_0007_0061.uasset" 5558
"../../../Engine/Content/EngineMaterials/Substrate/Glints2/dict_0007_0062.uasset" 5559
"../../../Engine/Content/EngineMaterials/Substrate/Glints2/dict_0007_0063.uasset" 5560
"../../../Engine/Content/EngineMaterials/Substrate/Glints2/dict_0007_0064.uasset" 5561
"../../../Engine/Content/EngineMaterials/Substrate/Glints2/dict_0007_0065.uasset" 5562
"../../../Engine/Content/EngineMaterials/Substrate/Glints2/dict_0007_0066.uasset" 5563
"../../../Engine/Content/EngineMaterials/Substrate/Glints2/dict_0007_0067.uasset" 5564
"../../../Engine/Content/EngineMaterials/Substrate/Glints2/dict_0007_0068.uasset" 5565
"../../../Engine/Content/EngineMaterials/Substrate/Glints2/dict_0007_0069.uasset" 5566
"../../../Engine/Content/EngineMaterials/Substrate/Glints2/dict_0007_0070.uasset" 5567
"../../../Engine/Content/EngineMaterials/Substrate/Glints2/dict_0007_0071.uasset" 5568
"../../../Engine/Content/EngineMaterials/Substrate/Glints2/dict_0007_0072.uasset" 5569
"../../../Engine/Content/EngineMaterials/Substrate/Glints2/dict_0007_0073.uasset" 5570
"../../../Engine/Content/EngineMaterials/Substrate/Glints2/dict_0007_0074.uasset" 5571
"../../../Engine/Content/EngineMaterials/Substrate/Glints2/dict_0007_0075.uasset" 5572
"../../../Engine/Content/EngineMaterials/Substrate/Glints2/dict_0007_0076.uasset" 5573
"../../../Engine/Content/EngineMaterials/Substrate/Glints2/dict_0007_0077.uasset" 5574
"../../../Engine/Content/EngineMaterials/Substrate/Glints2/dict_0007_0078.uasset" 5575
"../../../Engine/Content/EngineMaterials/Substrate/Glints2/dict_0007_0079.uasset" 5576
"../../../Engine/Content/EngineMaterials/Substrate/Glints2/dict_0007_0080.uasset" 5577
"../../../Engine/Content/EngineMaterials/Substrate/Glints2/dict_0007_0081.uasset" 5578
"../../../Engine/Content/EngineMaterials/Substrate/Glints2/dict_0007_0082.uasset" 5579
"../../../Engine/Content/EngineMaterials/Substrate/Glints2/dict_0007_0083.uasset" 5580
"../../../Engine/Content/EngineMaterials/Substrate/Glints2/dict_0007_0084.uasset" 5581
"../../../Engine/Content/EngineMaterials/Substrate/Glints2/dict_0007_0085.uasset" 5582
"../../../Engine/Content/EngineMaterials/Substrate/Glints2/dict_0007_0086.uasset" 5583
"../../../Engine/Content/EngineMaterials/Substrate/Glints2/dict_0007_0087.uasset" 5584
"../../../Engine/Content/EngineMaterials/Substrate/Glints2/dict_0007_0088.uasset" 5585
"../../../Engine/Content/EngineMaterials/Substrate/Glints2/dict_0007_0089.uasset" 5586
"../../../Engine/Content/EngineMaterials/Substrate/Glints2/dict_0007_0090.uasset" 5587
"../../../Engine/Content/EngineMaterials/Substrate/Glints2/dict_0007_0091.uasset" 5588
"../../../Engine/Content/EngineMaterials/Substrate/Glints2/dict_0007_0092.uasset" 5589
"../../../Engine/Content/EngineMaterials/Substrate/Glints2/dict_0007_0093.uasset" 5590
"../../../Engine/Content/EngineMaterials/Substrate/Glints2/dict_0007_0094.uasset" 5591
"../../../Engine/Content/EngineMaterials/Substrate/Glints2/dict_0007_0095.uasset" 5592
"../../../Engine/Content/EngineMaterials/Substrate/Glints2/dict_0007_0096.uasset" 5593
"../../../Engine/Content/EngineMaterials/Substrate/Glints2/dict_0007_0097.uasset" 5594
"../../../Engine/Content/EngineMaterials/Substrate/Glints2/dict_0007_0098.uasset" 5595
"../../../Engine/Content/EngineMaterials/Substrate/Glints2/dict_0007_0099.uasset" 5596
"../../../Engine/Content/EngineMaterials/Substrate/Glints2/dict_0007_0100.uasset" 5597
"../../../Engine/Content/EngineMaterials/Substrate/Glints2/dict_0007_0101.uasset" 5598
"../../../Engine/Content/EngineMaterials/Substrate/Glints2/dict_0007_0102.uasset" 5599
"../../../Engine/Content/EngineMaterials/Substrate/Glints2/dict_0007_0103.uasset" 5600
"../../../Engine/Content/EngineMaterials/Substrate/Glints2/dict_0007_0104.uasset" 5601
"../../../Engine/Content/EngineMaterials/Substrate/Glints2/dict_0007_0105.uasset" 5602
"../../../Engine/Content/EngineMaterials/Substrate/Glints2/dict_0007_0106.uasset" 5603
"../../../Engine/Content/EngineMaterials/Substrate/Glints2/dict_0007_0107.uasset" 5604
"../../../Engine/Content/EngineMaterials/Substrate/Glints2/dict_0007_0108.uasset" 5605
"../../../Engine/Content/EngineMaterials/Substrate/Glints2/dict_0007_0109.uasset" 5606
"../../../Engine/Content/EngineMaterials/Substrate/Glints2/dict_0007_0110.uasset" 5607
"../../../Engine/Content/EngineMaterials/Substrate/Glints2/dict_0007_0111.uasset" 5608
"../../../Engine/Content/EngineMaterials/Substrate/Glints2/dict_0007_0112.uasset" 5609
"../../../Engine/Content/EngineMaterials/Substrate/Glints2/dict_0007_0113.uasset" 5610
"../../../Engine/Content/EngineMaterials/Substrate/Glints2/dict_0007_0114.uasset" 5611
"../../../Engine/Content/EngineMaterials/Substrate/Glints2/dict_0007_0115.uasset" 5612
"../../../Engine/Content/EngineMaterials/Substrate/Glints2/dict_0007_0116.uasset" 5613
"../../../Engine/Content/EngineMaterials/Substrate/Glints2/dict_0007_0117.uasset" 5614
"../../../Engine/Content/EngineMaterials/Substrate/Glints2/dict_0007_0118.uasset" 5615
"../../../Engine/Content/EngineMaterials/Substrate/Glints2/dict_0007_0119.uasset" 5616
"../../../Engine/Content/EngineMaterials/Substrate/Glints2/dict_0007_0120.uasset" 5617
"../../../Engine/Content/EngineMaterials/Substrate/Glints2/dict_0007_0121.uasset" 5618
"../../../Engine/Content/EngineMaterials/Substrate/Glints2/dict_0007_0122.uasset" 5619
"../../../Engine/Content/EngineMaterials/Substrate/Glints2/dict_0007_0123.uasset" 5620
"../../../Engine/Content/EngineMaterials/Substrate/Glints2/dict_0007_0124.uasset" 5621
"../../../Engine/Content/EngineMaterials/Substrate/Glints2/dict_0007_0125.uasset" 5622
"../../../Engine/Content/EngineMaterials/Substrate/Glints2/dict_0007_0126.uasset" 5623
"../../../Engine/Content/EngineMaterials/Substrate/Glints2/dict_0007_0127.uasset" 5624
"../../../Engine/Content/EngineMaterials/Substrate/Glints2/dict_0007_0128.uasset" 5625
"../../../Engine/Content/EngineMaterials/Substrate/Glints2/dict_0007_0129.uasset" 5626
"../../../Engine/Content/EngineMaterials/Substrate/Glints2/dict_0007_0130.uasset" 5627
"../../../Engine/Content/EngineMaterials/Substrate/Glints2/dict_0007_0131.uasset" 5628
"../../../Engine/Content/EngineMaterials/Substrate/Glints2/dict_0007_0132.uasset" 5629
"../../../Engine/Content/EngineMaterials/Substrate/Glints2/dict_0007_0133.uasset" 5630
"../../../Engine/Content/EngineMaterials/Substrate/Glints2/dict_0007_0134.uasset" 5631
"../../../Engine/Content/EngineMaterials/Substrate/Glints2/dict_0007_0135.uasset" 5632
"../../../Engine/Content/EngineMaterials/Substrate/Glints2/dict_0007_0136.uasset" 5633
"../../../Engine/Content/EngineMaterials/Substrate/Glints2/dict_0007_0137.uasset" 5634
"../../../Engine/Content/EngineMaterials/Substrate/Glints2/dict_0007_0138.uasset" 5635
"../../../Engine/Content/EngineMaterials/Substrate/Glints2/dict_0007_0139.uasset" 5636
"../../../Engine/Content/EngineMaterials/Substrate/Glints2/dict_0007_0140.uasset" 5637
"../../../Engine/Content/EngineMaterials/Substrate/Glints2/dict_0007_0141.uasset" 5638
"../../../Engine/Content/EngineMaterials/Substrate/Glints2/dict_0007_0142.uasset" 5639
"../../../Engine/Content/EngineMaterials/Substrate/Glints2/dict_0007_0143.uasset" 5640
"../../../Engine/Content/EngineMaterials/Substrate/Glints2/dict_0007_0144.uasset" 5641
"../../../Engine/Content/EngineMaterials/Substrate/Glints2/dict_0007_0145.uasset" 5642
"../../../Engine/Content/EngineMaterials/Substrate/Glints2/dict_0007_0146.uasset" 5643
"../../../Engine/Content/EngineMaterials/Substrate/Glints2/dict_0007_0147.uasset" 5644
"../../../Engine/Content/EngineMaterials/Substrate/Glints2/dict_0007_0148.uasset" 5645
"../../../Engine/Content/EngineMaterials/Substrate/Glints2/dict_0007_0149.uasset" 5646
"../../../Engine/Content/EngineMaterials/Substrate/Glints2/dict_0007_0150.uasset" 5647
"../../../Engine/Content/EngineMaterials/Substrate/Glints2/dict_0007_0151.uasset" 5648
"../../../Engine/Content/EngineMaterials/Substrate/Glints2/dict_0007_0152.uasset" 5649
"../../../Engine/Content/EngineMaterials/Substrate/Glints2/dict_0007_0153.uasset" 5650
"../../../Engine/Content/EngineMaterials/Substrate/Glints2/dict_0007_0154.uasset" 5651
"../../../Engine/Content/EngineMaterials/Substrate/Glints2/dict_0007_0155.uasset" 5652
"../../../Engine/Content/EngineMaterials/Substrate/Glints2/dict_0007_0156.uasset" 5653
"../../../Engine/Content/EngineMaterials/Substrate/Glints2/dict_0007_0157.uasset" 5654
"../../../Engine/Content/EngineMaterials/Substrate/Glints2/dict_0007_0158.uasset" 5655
"../../../Engine/Content/EngineMaterials/Substrate/Glints2/dict_0007_0159.uasset" 5656
"../../../Engine/Content/EngineMaterials/Substrate/Glints2/dict_0007_0160.uasset" 5657
"../../../Engine/Content/EngineMaterials/Substrate/Glints2/dict_0007_0161.uasset" 5658
"../../../Engine/Content/EngineMaterials/Substrate/Glints2/dict_0007_0162.uasset" 5659
"../../../Engine/Content/EngineMaterials/Substrate/Glints2/dict_0007_0163.uasset" 5660
"../../../Engine/Content/EngineMaterials/Substrate/Glints2/dict_0007_0164.uasset" 5661
"../../../Engine/Content/EngineMaterials/Substrate/Glints2/dict_0007_0165.uasset" 5662
"../../../Engine/Content/EngineMaterials/Substrate/Glints2/dict_0007_0166.uasset" 5663
"../../../Engine/Content/EngineMaterials/Substrate/Glints2/dict_0007_0167.uasset" 5664
"../../../Engine/Content/EngineMaterials/Substrate/Glints2/dict_0007_0168.uasset" 5665
"../../../Engine/Content/EngineMaterials/Substrate/Glints2/dict_0007_0169.uasset" 5666
"../../../Engine/Content/EngineMaterials/Substrate/Glints2/dict_0007_0170.uasset" 5667
"../../../Engine/Content/EngineMaterials/Substrate/Glints2/dict_0007_0171.uasset" 5668
"../../../Engine/Content/EngineMaterials/Substrate/Glints2/dict_0007_0172.uasset" 5669
"../../../Engine/Content/EngineMaterials/Substrate/Glints2/dict_0007_0173.uasset" 5670
"../../../Engine/Content/EngineMaterials/Substrate/Glints2/dict_0007_0174.uasset" 5671
"../../../Engine/Content/EngineMaterials/Substrate/Glints2/dict_0007_0175.uasset" 5672
"../../../Engine/Content/EngineMaterials/Substrate/Glints2/dict_0007_0176.uasset" 5673
"../../../Engine/Content/EngineMaterials/Substrate/Glints2/dict_0007_0177.uasset" 5674
"../../../Engine/Content/EngineMaterials/Substrate/Glints2/dict_0007_0178.uasset" 5675
"../../../Engine/Content/EngineMaterials/Substrate/Glints2/dict_0007_0179.uasset" 5676
"../../../Engine/Content/EngineMaterials/Substrate/Glints2/dict_0007_0180.uasset" 5677
"../../../Engine/Content/EngineMaterials/Substrate/Glints2/dict_0007_0181.uasset" 5678
"../../../Engine/Content/EngineMaterials/Substrate/Glints2/dict_0007_0182.uasset" 5679
"../../../Engine/Content/EngineMaterials/Substrate/Glints2/dict_0007_0183.uasset" 5680
"../../../Engine/Content/EngineMaterials/Substrate/Glints2/dict_0007_0184.uasset" 5681
"../../../Engine/Content/EngineMaterials/Substrate/Glints2/dict_0007_0185.uasset" 5682
"../../../Engine/Content/EngineMaterials/Substrate/Glints2/dict_0007_0186.uasset" 5683
"../../../Engine/Content/EngineMaterials/Substrate/Glints2/dict_0007_0187.uasset" 5684
"../../../Engine/Content/EngineMaterials/Substrate/Glints2/dict_0007_0188.uasset" 5685
"../../../Engine/Content/EngineMaterials/Substrate/Glints2/dict_0007_0189.uasset" 5686
"../../../Engine/Content/EngineMaterials/Substrate/Glints2/dict_0007_0190.uasset" 5687
"../../../Engine/Content/EngineMaterials/Substrate/Glints2/dict_0007_0191.uasset" 5688
"../../../Engine/Content/EngineMaterials/Substrate/Glints2/dict_0007_0192.uasset" 5689
"../../../Engine/Content/EngineMaterials/Substrate/Glints2/dict_0007_0193.uasset" 5690
"../../../Engine/Content/EngineMaterials/Substrate/Glints2/dict_0007_0194.uasset" 5691
"../../../Engine/Content/EngineMaterials/Substrate/Glints2/dict_0007_0195.uasset" 5692
"../../../Engine/Content/EngineMaterials/Substrate/Glints2/dict_0007_0196.uasset" 5693
"../../../Engine/Content/EngineMaterials/Substrate/Glints2/dict_0007_0197.uasset" 5694
"../../../Engine/Content/EngineMaterials/Substrate/Glints2/dict_0007_0198.uasset" 5695
"../../../Engine/Content/EngineMaterials/Substrate/Glints2/dict_0007_0199.uasset" 5696
"../../../Engine/Content/EngineMaterials/Substrate/Glints2/dict_0007_0200.uasset" 5697
"../../../Engine/Content/EngineMaterials/Substrate/Glints2/dict_0007_0201.uasset" 5698
"../../../Engine/Content/EngineMaterials/Substrate/Glints2/dict_0007_0202.uasset" 5699
"../../../Engine/Content/EngineMaterials/Substrate/Glints2/dict_0007_0203.uasset" 5700
"../../../Engine/Content/EngineMaterials/Substrate/Glints2/dict_0007_0204.uasset" 5701
"../../../Engine/Content/EngineMaterials/Substrate/Glints2/dict_0007_0205.uasset" 5702
"../../../Engine/Content/EngineMaterials/Substrate/Glints2/dict_0007_0206.uasset" 5703
"../../../Engine/Content/EngineMaterials/Substrate/Glints2/dict_0007_0207.uasset" 5704
"../../../Engine/Content/EngineMaterials/Substrate/Glints2/dict_0007_0208.uasset" 5705
"../../../Engine/Content/EngineMaterials/Substrate/Glints2/dict_0007_0209.uasset" 5706
"../../../Engine/Content/EngineMaterials/Substrate/Glints2/dict_0007_0210.uasset" 5707
"../../../Engine/Content/EngineMaterials/Substrate/Glints2/dict_0007_0211.uasset" 5708
"../../../Engine/Content/EngineMaterials/Substrate/Glints2/dict_0007_0212.uasset" 5709
"../../../Engine/Content/EngineMaterials/Substrate/Glints2/dict_0007_0213.uasset" 5710
"../../../Engine/Content/EngineMaterials/Substrate/Glints2/dict_0007_0214.uasset" 5711
"../../../Engine/Content/EngineMaterials/Substrate/Glints2/dict_0007_0215.uasset" 5712
"../../../Engine/Content/EngineMaterials/Substrate/Glints2/dict_0007_0216.uasset" 5713
"../../../Engine/Content/EngineMaterials/Substrate/Glints2/dict_0007_0217.uasset" 5714
"../../../Engine/Content/EngineMaterials/Substrate/Glints2/dict_0007_0218.uasset" 5715
"../../../Engine/Content/EngineMaterials/Substrate/Glints2/dict_0007_0219.uasset" 5716
"../../../Engine/Content/EngineMaterials/Substrate/Glints2/dict_0007_0220.uasset" 5717
"../../../Engine/Content/EngineMaterials/Substrate/Glints2/dict_0007_0221.uasset" 5718
"../../../Engine/Content/EngineMaterials/Substrate/Glints2/dict_0007_0222.uasset" 5719
"../../../Engine/Content/EngineMaterials/Substrate/Glints2/dict_0007_0223.uasset" 5720
"../../../Engine/Content/EngineMaterials/Substrate/Glints2/dict_0007_0224.uasset" 5721
"../../../Engine/Content/EngineMaterials/Substrate/Glints2/dict_0007_0225.uasset" 5722
"../../../Engine/Content/EngineMaterials/Substrate/Glints2/dict_0007_0226.uasset" 5723
"../../../Engine/Content/EngineMaterials/Substrate/Glints2/dict_0007_0227.uasset" 5724
"../../../Engine/Content/EngineMaterials/Substrate/Glints2/dict_0007_0228.uasset" 5725
"../../../Engine/Content/EngineMaterials/Substrate/Glints2/dict_0007_0229.uasset" 5726
"../../../Engine/Content/EngineMaterials/Substrate/Glints2/dict_0007_0230.uasset" 5727
"../../../Engine/Content/EngineMaterials/Substrate/Glints2/dict_0007_0231.uasset" 5728
"../../../Engine/Content/EngineMaterials/Substrate/Glints2/dict_0007_0232.uasset" 5729
"../../../Engine/Content/EngineMaterials/Substrate/Glints2/dict_0007_0233.uasset" 5730
"../../../Engine/Content/EngineMaterials/Substrate/Glints2/dict_0007_0234.uasset" 5731
"../../../Engine/Content/EngineMaterials/Substrate/Glints2/dict_0007_0235.uasset" 5732
"../../../Engine/Content/EngineMaterials/Substrate/Glints2/dict_0007_0236.uasset" 5733
"../../../Engine/Content/EngineMaterials/Substrate/Glints2/dict_0007_0237.uasset" 5734
"../../../Engine/Content/EngineMaterials/Substrate/Glints2/dict_0007_0238.uasset" 5735
"../../../Engine/Content/EngineMaterials/Substrate/Glints2/dict_0007_0239.uasset" 5736
"../../../Engine/Content/EngineMaterials/Substrate/Glints2/dict_0007_0240.uasset" 5737
"../../../Engine/Content/EngineMaterials/Substrate/Glints2/dict_0007_0241.uasset" 5738
"../../../Engine/Content/EngineMaterials/Substrate/Glints2/dict_0007_0242.uasset" 5739
"../../../Engine/Content/EngineMaterials/Substrate/Glints2/dict_0007_0243.uasset" 5740
"../../../Engine/Content/EngineMaterials/Substrate/Glints2/dict_0007_0244.uasset" 5741
"../../../Engine/Content/EngineMaterials/Substrate/Glints2/dict_0007_0245.uasset" 5742
"../../../Engine/Content/EngineMaterials/Substrate/Glints2/dict_0007_0246.uasset" 5743
"../../../Engine/Content/EngineMaterials/Substrate/Glints2/dict_0007_0247.uasset" 5744
"../../../Engine/Content/EngineMaterials/Substrate/Glints2/dict_0007_0248.uasset" 5745
"../../../Engine/Content/EngineMaterials/Substrate/Glints2/dict_0007_0249.uasset" 5746
"../../../Engine/Content/EngineMaterials/Substrate/Glints2/dict_0007_0250.uasset" 5747
"../../../Engine/Content/EngineMaterials/Substrate/Glints2/dict_0007_0251.uasset" 5748
"../../../Engine/Content/EngineMaterials/Substrate/Glints2/dict_0007_0252.uasset" 5749
"../../../Engine/Content/EngineMaterials/Substrate/Glints2/dict_0007_0253.uasset" 5750
"../../../Engine/Content/EngineMaterials/Substrate/Glints2/dict_0007_0254.uasset" 5751
"../../../Engine/Content/EngineMaterials/Substrate/Glints2/dict_0007_0255.uasset" 5752
"../../../Engine/Plugins/Animation/ControlRig/Content/Controls/ControlRig_Triangle_3mm.uasset" 5753
"../../../Engine/Content/EngineMaterials/Substrate/GLints/dict_16_192_64_0p5_0p02_0000_0000.uasset" 5754
"../../../Engine/Content/EngineMaterials/Substrate/GLints/dict_16_192_64_0p5_0p02_0000_0001.uasset" 5755
"../../../Engine/Content/EngineMaterials/Substrate/GLints/dict_16_192_64_0p5_0p02_0000_0002.uasset" 5756
"../../../Engine/Content/EngineMaterials/Substrate/GLints/dict_16_192_64_0p5_0p02_0000_0003.uasset" 5757
"../../../Engine/Content/EngineMaterials/Substrate/GLints/dict_16_192_64_0p5_0p02_0000_0004.uasset" 5758
"../../../Engine/Content/EngineMaterials/Substrate/GLints/dict_16_192_64_0p5_0p02_0000_0005.uasset" 5759
"../../../Engine/Content/EngineMaterials/Substrate/GLints/dict_16_192_64_0p5_0p02_0000_0006.uasset" 5760
"../../../Engine/Content/EngineMaterials/Substrate/GLints/dict_16_192_64_0p5_0p02_0000_0007.uasset" 5761
"../../../Engine/Content/EngineMaterials/Substrate/GLints/dict_16_192_64_0p5_0p02_0000_0008.uasset" 5762
"../../../Engine/Content/EngineMaterials/Substrate/GLints/dict_16_192_64_0p5_0p02_0000_0009.uasset" 5763
"../../../Engine/Content/EngineMaterials/Substrate/GLints/dict_16_192_64_0p5_0p02_0000_0010.uasset" 5764
"../../../Engine/Content/EngineMaterials/Substrate/GLints/dict_16_192_64_0p5_0p02_0000_0011.uasset" 5765
"../../../Engine/Content/EngineMaterials/Substrate/GLints/dict_16_192_64_0p5_0p02_0000_0012.uasset" 5766
"../../../Engine/Content/EngineMaterials/Substrate/GLints/dict_16_192_64_0p5_0p02_0000_0013.uasset" 5767
"../../../Engine/Content/EngineMaterials/Substrate/GLints/dict_16_192_64_0p5_0p02_0000_0014.uasset" 5768
"../../../Engine/Content/EngineMaterials/Substrate/GLints/dict_16_192_64_0p5_0p02_0000_0015.uasset" 5769
"../../../Engine/Content/EngineMaterials/Substrate/GLints/dict_16_192_64_0p5_0p02_0001_0000.uasset" 5770
"../../../Engine/Content/EngineMaterials/Substrate/GLints/dict_16_192_64_0p5_0p02_0001_0001.uasset" 5771
"../../../Engine/Content/EngineMaterials/Substrate/GLints/dict_16_192_64_0p5_0p02_0001_0002.uasset" 5772
"../../../Engine/Content/EngineMaterials/Substrate/GLints/dict_16_192_64_0p5_0p02_0001_0003.uasset" 5773
"../../../Engine/Content/EngineMaterials/Substrate/GLints/dict_16_192_64_0p5_0p02_0001_0004.uasset" 5774
"../../../Engine/Content/EngineMaterials/Substrate/GLints/dict_16_192_64_0p5_0p02_0001_0005.uasset" 5775
"../../../Engine/Content/EngineMaterials/Substrate/GLints/dict_16_192_64_0p5_0p02_0001_0006.uasset" 5776
"../../../Engine/Content/EngineMaterials/Substrate/GLints/dict_16_192_64_0p5_0p02_0001_0007.uasset" 5777
"../../../Engine/Content/EngineMaterials/Substrate/GLints/dict_16_192_64_0p5_0p02_0001_0008.uasset" 5778
"../../../Engine/Content/EngineMaterials/Substrate/GLints/dict_16_192_64_0p5_0p02_0001_0009.uasset" 5779
"../../../Engine/Content/EngineMaterials/Substrate/GLints/dict_16_192_64_0p5_0p02_0001_0010.uasset" 5780
"../../../Engine/Content/EngineMaterials/Substrate/GLints/dict_16_192_64_0p5_0p02_0001_0011.uasset" 5781
"../../../Engine/Content/EngineMaterials/Substrate/GLints/dict_16_192_64_0p5_0p02_0001_0012.uasset" 5782
"../../../Engine/Content/EngineMaterials/Substrate/GLints/dict_16_192_64_0p5_0p02_0001_0013.uasset" 5783
"../../../Engine/Content/EngineMaterials/Substrate/GLints/dict_16_192_64_0p5_0p02_0001_0014.uasset" 5784
"../../../Engine/Content/EngineMaterials/Substrate/GLints/dict_16_192_64_0p5_0p02_0001_0015.uasset" 5785
"../../../Engine/Content/EngineMaterials/Substrate/GLints/dict_16_192_64_0p5_0p02_0002_0000.uasset" 5786
"../../../Engine/Content/EngineMaterials/Substrate/GLints/dict_16_192_64_0p5_0p02_0002_0001.uasset" 5787
"../../../Engine/Content/EngineMaterials/Substrate/GLints/dict_16_192_64_0p5_0p02_0002_0002.uasset" 5788
"../../../Engine/Content/EngineMaterials/Substrate/GLints/dict_16_192_64_0p5_0p02_0002_0003.uasset" 5789
"../../../Engine/Content/EngineMaterials/Substrate/GLints/dict_16_192_64_0p5_0p02_0002_0004.uasset" 5790
"../../../Engine/Content/EngineMaterials/Substrate/GLints/dict_16_192_64_0p5_0p02_0002_0005.uasset" 5791
"../../../Engine/Content/EngineMaterials/Substrate/GLints/dict_16_192_64_0p5_0p02_0002_0006.uasset" 5792
"../../../Engine/Content/EngineMaterials/Substrate/GLints/dict_16_192_64_0p5_0p02_0002_0007.uasset" 5793
"../../../Engine/Content/EngineMaterials/Substrate/GLints/dict_16_192_64_0p5_0p02_0002_0008.uasset" 5794
"../../../Engine/Content/EngineMaterials/Substrate/GLints/dict_16_192_64_0p5_0p02_0002_0009.uasset" 5795
"../../../Engine/Content/EngineMaterials/Substrate/GLints/dict_16_192_64_0p5_0p02_0002_0010.uasset" 5796
"../../../Engine/Content/EngineMaterials/Substrate/GLints/dict_16_192_64_0p5_0p02_0002_0011.uasset" 5797
"../../../Engine/Content/EngineMaterials/Substrate/GLints/dict_16_192_64_0p5_0p02_0002_0012.uasset" 5798
"../../../Engine/Content/EngineMaterials/Substrate/GLints/dict_16_192_64_0p5_0p02_0002_0013.uasset" 5799
"../../../Engine/Content/EngineMaterials/Substrate/GLints/dict_16_192_64_0p5_0p02_0002_0014.uasset" 5800
"../../../Engine/Content/EngineMaterials/Substrate/GLints/dict_16_192_64_0p5_0p02_0002_0015.uasset" 5801
"../../../Engine/Content/EngineMaterials/Substrate/GLints/dict_16_192_64_0p5_0p02_0003_0000.uasset" 5802
"../../../Engine/Content/EngineMaterials/Substrate/GLints/dict_16_192_64_0p5_0p02_0003_0001.uasset" 5803
"../../../Engine/Content/EngineMaterials/Substrate/GLints/dict_16_192_64_0p5_0p02_0003_0002.uasset" 5804
"../../../Engine/Content/EngineMaterials/Substrate/GLints/dict_16_192_64_0p5_0p02_0003_0003.uasset" 5805
"../../../Engine/Content/EngineMaterials/Substrate/GLints/dict_16_192_64_0p5_0p02_0003_0004.uasset" 5806
"../../../Engine/Content/EngineMaterials/Substrate/GLints/dict_16_192_64_0p5_0p02_0003_0005.uasset" 5807
"../../../Engine/Content/EngineMaterials/Substrate/GLints/dict_16_192_64_0p5_0p02_0003_0006.uasset" 5808
"../../../Engine/Content/EngineMaterials/Substrate/GLints/dict_16_192_64_0p5_0p02_0003_0007.uasset" 5809
"../../../Engine/Content/EngineMaterials/Substrate/GLints/dict_16_192_64_0p5_0p02_0003_0008.uasset" 5810
"../../../Engine/Content/EngineMaterials/Substrate/GLints/dict_16_192_64_0p5_0p02_0003_0009.uasset" 5811
"../../../Engine/Content/EngineMaterials/Substrate/GLints/dict_16_192_64_0p5_0p02_0003_0010.uasset" 5812
"../../../Engine/Content/EngineMaterials/Substrate/GLints/dict_16_192_64_0p5_0p02_0003_0011.uasset" 5813
"../../../Engine/Content/EngineMaterials/Substrate/GLints/dict_16_192_64_0p5_0p02_0003_0012.uasset" 5814
"../../../Engine/Content/EngineMaterials/Substrate/GLints/dict_16_192_64_0p5_0p02_0003_0013.uasset" 5815
"../../../Engine/Content/EngineMaterials/Substrate/GLints/dict_16_192_64_0p5_0p02_0003_0014.uasset" 5816
"../../../Engine/Content/EngineMaterials/Substrate/GLints/dict_16_192_64_0p5_0p02_0003_0015.uasset" 5817
"../../../Engine/Content/EngineMaterials/Substrate/GLints/dict_16_192_64_0p5_0p02_0004_0000.uasset" 5818
"../../../Engine/Content/EngineMaterials/Substrate/GLints/dict_16_192_64_0p5_0p02_0004_0001.uasset" 5819
"../../../Engine/Content/EngineMaterials/Substrate/GLints/dict_16_192_64_0p5_0p02_0004_0002.uasset" 5820
"../../../Engine/Content/EngineMaterials/Substrate/GLints/dict_16_192_64_0p5_0p02_0004_0003.uasset" 5821
"../../../Engine/Content/EngineMaterials/Substrate/GLints/dict_16_192_64_0p5_0p02_0004_0004.uasset" 5822
"../../../Engine/Content/EngineMaterials/Substrate/GLints/dict_16_192_64_0p5_0p02_0004_0005.uasset" 5823
"../../../Engine/Content/EngineMaterials/Substrate/GLints/dict_16_192_64_0p5_0p02_0004_0006.uasset" 5824
"../../../Engine/Content/EngineMaterials/Substrate/GLints/dict_16_192_64_0p5_0p02_0004_0007.uasset" 5825
"../../../Engine/Content/EngineMaterials/Substrate/GLints/dict_16_192_64_0p5_0p02_0004_0008.uasset" 5826
"../../../Engine/Content/EngineMaterials/Substrate/GLints/dict_16_192_64_0p5_0p02_0004_0009.uasset" 5827
"../../../Engine/Content/EngineMaterials/Substrate/GLints/dict_16_192_64_0p5_0p02_0004_0010.uasset" 5828
"../../../Engine/Content/EngineMaterials/Substrate/GLints/dict_16_192_64_0p5_0p02_0004_0011.uasset" 5829
"../../../Engine/Content/EngineMaterials/Substrate/GLints/dict_16_192_64_0p5_0p02_0004_0012.uasset" 5830
"../../../Engine/Content/EngineMaterials/Substrate/GLints/dict_16_192_64_0p5_0p02_0004_0013.uasset" 5831
"../../../Engine/Content/EngineMaterials/Substrate/GLints/dict_16_192_64_0p5_0p02_0004_0014.uasset" 5832
"../../../Engine/Content/EngineMaterials/Substrate/GLints/dict_16_192_64_0p5_0p02_0004_0015.uasset" 5833
"../../../Engine/Content/EngineMaterials/Substrate/GLints/dict_16_192_64_0p5_0p02_0005_0000.uasset" 5834
"../../../Engine/Content/EngineMaterials/Substrate/GLints/dict_16_192_64_0p5_0p02_0005_0001.uasset" 5835
"../../../Engine/Content/EngineMaterials/Substrate/GLints/dict_16_192_64_0p5_0p02_0005_0002.uasset" 5836
"../../../Engine/Content/EngineMaterials/Substrate/GLints/dict_16_192_64_0p5_0p02_0005_0003.uasset" 5837
"../../../Engine/Content/EngineMaterials/Substrate/GLints/dict_16_192_64_0p5_0p02_0005_0004.uasset" 5838
"../../../Engine/Content/EngineMaterials/Substrate/GLints/dict_16_192_64_0p5_0p02_0005_0005.uasset" 5839
"../../../Engine/Content/EngineMaterials/Substrate/GLints/dict_16_192_64_0p5_0p02_0005_0006.uasset" 5840
"../../../Engine/Content/EngineMaterials/Substrate/GLints/dict_16_192_64_0p5_0p02_0005_0007.uasset" 5841
"../../../Engine/Content/EngineMaterials/Substrate/GLints/dict_16_192_64_0p5_0p02_0005_0008.uasset" 5842
"../../../Engine/Content/EngineMaterials/Substrate/GLints/dict_16_192_64_0p5_0p02_0005_0009.uasset" 5843
"../../../Engine/Content/EngineMaterials/Substrate/GLints/dict_16_192_64_0p5_0p02_0005_0010.uasset" 5844
"../../../Engine/Content/EngineMaterials/Substrate/GLints/dict_16_192_64_0p5_0p02_0005_0011.uasset" 5845
"../../../Engine/Content/EngineMaterials/Substrate/GLints/dict_16_192_64_0p5_0p02_0005_0012.uasset" 5846
"../../../Engine/Content/EngineMaterials/Substrate/GLints/dict_16_192_64_0p5_0p02_0005_0013.uasset" 5847
"../../../Engine/Content/EngineMaterials/Substrate/GLints/dict_16_192_64_0p5_0p02_0005_0014.uasset" 5848
"../../../Engine/Content/EngineMaterials/Substrate/GLints/dict_16_192_64_0p5_0p02_0005_0015.uasset" 5849
"../../../Engine/Content/EngineMaterials/Substrate/GLints/dict_16_192_64_0p5_0p02_0006_0000.uasset" 5850
"../../../Engine/Content/EngineMaterials/Substrate/GLints/dict_16_192_64_0p5_0p02_0006_0001.uasset" 5851
"../../../Engine/Content/EngineMaterials/Substrate/GLints/dict_16_192_64_0p5_0p02_0006_0002.uasset" 5852
"../../../Engine/Content/EngineMaterials/Substrate/GLints/dict_16_192_64_0p5_0p02_0006_0003.uasset" 5853
"../../../Engine/Content/EngineMaterials/Substrate/GLints/dict_16_192_64_0p5_0p02_0006_0004.uasset" 5854
"../../../Engine/Content/EngineMaterials/Substrate/GLints/dict_16_192_64_0p5_0p02_0006_0005.uasset" 5855
"../../../Engine/Content/EngineMaterials/Substrate/GLints/dict_16_192_64_0p5_0p02_0006_0006.uasset" 5856
"../../../Engine/Content/EngineMaterials/Substrate/GLints/dict_16_192_64_0p5_0p02_0006_0007.uasset" 5857
"../../../Engine/Content/EngineMaterials/Substrate/GLints/dict_16_192_64_0p5_0p02_0006_0008.uasset" 5858
"../../../Engine/Content/EngineMaterials/Substrate/GLints/dict_16_192_64_0p5_0p02_0006_0009.uasset" 5859
"../../../Engine/Content/EngineMaterials/Substrate/GLints/dict_16_192_64_0p5_0p02_0006_0010.uasset" 5860
"../../../Engine/Content/EngineMaterials/Substrate/GLints/dict_16_192_64_0p5_0p02_0006_0011.uasset" 5861
"../../../Engine/Content/EngineMaterials/Substrate/GLints/dict_16_192_64_0p5_0p02_0006_0012.uasset" 5862
"../../../Engine/Content/EngineMaterials/Substrate/GLints/dict_16_192_64_0p5_0p02_0006_0013.uasset" 5863
"../../../Engine/Content/EngineMaterials/Substrate/GLints/dict_16_192_64_0p5_0p02_0006_0014.uasset" 5864
"../../../Engine/Content/EngineMaterials/Substrate/GLints/dict_16_192_64_0p5_0p02_0006_0015.uasset" 5865
"../../../Engine/Content/EngineMaterials/Substrate/GLints/dict_16_192_64_0p5_0p02_0007_0000.uasset" 5866
"../../../Engine/Content/EngineMaterials/Substrate/GLints/dict_16_192_64_0p5_0p02_0007_0001.uasset" 5867
"../../../Engine/Content/EngineMaterials/Substrate/GLints/dict_16_192_64_0p5_0p02_0007_0002.uasset" 5868
"../../../Engine/Content/EngineMaterials/Substrate/GLints/dict_16_192_64_0p5_0p02_0007_0003.uasset" 5869
"../../../Engine/Content/EngineMaterials/Substrate/GLints/dict_16_192_64_0p5_0p02_0007_0004.uasset" 5870
"../../../Engine/Content/EngineMaterials/Substrate/GLints/dict_16_192_64_0p5_0p02_0007_0005.uasset" 5871
"../../../Engine/Content/EngineMaterials/Substrate/GLints/dict_16_192_64_0p5_0p02_0007_0006.uasset" 5872
"../../../Engine/Content/EngineMaterials/Substrate/GLints/dict_16_192_64_0p5_0p02_0007_0007.uasset" 5873
"../../../Engine/Content/EngineMaterials/Substrate/GLints/dict_16_192_64_0p5_0p02_0007_0008.uasset" 5874
"../../../Engine/Content/EngineMaterials/Substrate/GLints/dict_16_192_64_0p5_0p02_0007_0009.uasset" 5875
"../../../Engine/Content/EngineMaterials/Substrate/GLints/dict_16_192_64_0p5_0p02_0007_0010.uasset" 5876
"../../../Engine/Content/EngineMaterials/Substrate/GLints/dict_16_192_64_0p5_0p02_0007_0011.uasset" 5877
"../../../Engine/Content/EngineMaterials/Substrate/GLints/dict_16_192_64_0p5_0p02_0007_0012.uasset" 5878
"../../../Engine/Content/EngineMaterials/Substrate/GLints/dict_16_192_64_0p5_0p02_0007_0013.uasset" 5879
"../../../Engine/Content/EngineMaterials/Substrate/GLints/dict_16_192_64_0p5_0p02_0007_0014.uasset" 5880
"../../../Engine/Content/EngineMaterials/Substrate/GLints/dict_16_192_64_0p5_0p02_0007_0015.uasset" 5881
"../../../Engine/Content/EngineMaterials/Substrate/GLints/dict_16_192_64_0p5_0p02_0008_0000.uasset" 5882
"../../../Engine/Content/EngineMaterials/Substrate/GLints/dict_16_192_64_0p5_0p02_0008_0001.uasset" 5883
"../../../Engine/Content/EngineMaterials/Substrate/GLints/dict_16_192_64_0p5_0p02_0008_0002.uasset" 5884
"../../../Engine/Content/EngineMaterials/Substrate/GLints/dict_16_192_64_0p5_0p02_0008_0003.uasset" 5885
"../../../Engine/Content/EngineMaterials/Substrate/GLints/dict_16_192_64_0p5_0p02_0008_0004.uasset" 5886
"../../../Engine/Content/EngineMaterials/Substrate/GLints/dict_16_192_64_0p5_0p02_0008_0005.uasset" 5887
"../../../Engine/Content/EngineMaterials/Substrate/GLints/dict_16_192_64_0p5_0p02_0008_0006.uasset" 5888
"../../../Engine/Content/EngineMaterials/Substrate/GLints/dict_16_192_64_0p5_0p02_0008_0007.uasset" 5889
"../../../Engine/Content/EngineMaterials/Substrate/GLints/dict_16_192_64_0p5_0p02_0008_0008.uasset" 5890
"../../../Engine/Content/EngineMaterials/Substrate/GLints/dict_16_192_64_0p5_0p02_0008_0009.uasset" 5891
"../../../Engine/Content/EngineMaterials/Substrate/GLints/dict_16_192_64_0p5_0p02_0008_0010.uasset" 5892
"../../../Engine/Content/EngineMaterials/Substrate/GLints/dict_16_192_64_0p5_0p02_0008_0011.uasset" 5893
"../../../Engine/Content/EngineMaterials/Substrate/GLints/dict_16_192_64_0p5_0p02_0008_0012.uasset" 5894
"../../../Engine/Content/EngineMaterials/Substrate/GLints/dict_16_192_64_0p5_0p02_0008_0013.uasset" 5895
"../../../Engine/Content/EngineMaterials/Substrate/GLints/dict_16_192_64_0p5_0p02_0008_0014.uasset" 5896
"../../../Engine/Content/EngineMaterials/Substrate/GLints/dict_16_192_64_0p5_0p02_0008_0015.uasset" 5897
"../../../Engine/Content/EngineMaterials/Substrate/GLints/dict_16_192_64_0p5_0p02_0009_0000.uasset" 5898
"../../../Engine/Content/EngineMaterials/Substrate/GLints/dict_16_192_64_0p5_0p02_0009_0001.uasset" 5899
"../../../Engine/Content/EngineMaterials/Substrate/GLints/dict_16_192_64_0p5_0p02_0009_0002.uasset" 5900
"../../../Engine/Content/EngineMaterials/Substrate/GLints/dict_16_192_64_0p5_0p02_0009_0003.uasset" 5901
"../../../Engine/Content/EngineMaterials/Substrate/GLints/dict_16_192_64_0p5_0p02_0009_0004.uasset" 5902
"../../../Engine/Content/EngineMaterials/Substrate/GLints/dict_16_192_64_0p5_0p02_0009_0005.uasset" 5903
"../../../Engine/Content/EngineMaterials/Substrate/GLints/dict_16_192_64_0p5_0p02_0009_0006.uasset" 5904
"../../../Engine/Content/EngineMaterials/Substrate/GLints/dict_16_192_64_0p5_0p02_0009_0007.uasset" 5905
"../../../Engine/Content/EngineMaterials/Substrate/GLints/dict_16_192_64_0p5_0p02_0009_0008.uasset" 5906
"../../../Engine/Content/EngineMaterials/Substrate/GLints/dict_16_192_64_0p5_0p02_0009_0009.uasset" 5907
"../../../Engine/Content/EngineMaterials/Substrate/GLints/dict_16_192_64_0p5_0p02_0009_0010.uasset" 5908
"../../../Engine/Content/EngineMaterials/Substrate/GLints/dict_16_192_64_0p5_0p02_0009_0011.uasset" 5909
"../../../Engine/Content/EngineMaterials/Substrate/GLints/dict_16_192_64_0p5_0p02_0009_0012.uasset" 5910
"../../../Engine/Content/EngineMaterials/Substrate/GLints/dict_16_192_64_0p5_0p02_0009_0013.uasset" 5911
"../../../Engine/Content/EngineMaterials/Substrate/GLints/dict_16_192_64_0p5_0p02_0009_0014.uasset" 5912
"../../../Engine/Content/EngineMaterials/Substrate/GLints/dict_16_192_64_0p5_0p02_0009_0015.uasset" 5913
"../../../Engine/Content/EngineMaterials/Substrate/GLints/dict_16_192_64_0p5_0p02_0010_0000.uasset" 5914
"../../../Engine/Content/EngineMaterials/Substrate/GLints/dict_16_192_64_0p5_0p02_0010_0001.uasset" 5915
"../../../Engine/Content/EngineMaterials/Substrate/GLints/dict_16_192_64_0p5_0p02_0010_0002.uasset" 5916
"../../../Engine/Content/EngineMaterials/Substrate/GLints/dict_16_192_64_0p5_0p02_0010_0003.uasset" 5917
"../../../Engine/Content/EngineMaterials/Substrate/GLints/dict_16_192_64_0p5_0p02_0010_0004.uasset" 5918
"../../../Engine/Content/EngineMaterials/Substrate/GLints/dict_16_192_64_0p5_0p02_0010_0005.uasset" 5919
"../../../Engine/Content/EngineMaterials/Substrate/GLints/dict_16_192_64_0p5_0p02_0010_0006.uasset" 5920
"../../../Engine/Content/EngineMaterials/Substrate/GLints/dict_16_192_64_0p5_0p02_0010_0007.uasset" 5921
"../../../Engine/Content/EngineMaterials/Substrate/GLints/dict_16_192_64_0p5_0p02_0010_0008.uasset" 5922
"../../../Engine/Content/EngineMaterials/Substrate/GLints/dict_16_192_64_0p5_0p02_0010_0009.uasset" 5923
"../../../Engine/Content/EngineMaterials/Substrate/GLints/dict_16_192_64_0p5_0p02_0010_0010.uasset" 5924
"../../../Engine/Content/EngineMaterials/Substrate/GLints/dict_16_192_64_0p5_0p02_0010_0011.uasset" 5925
"../../../Engine/Content/EngineMaterials/Substrate/GLints/dict_16_192_64_0p5_0p02_0010_0012.uasset" 5926
"../../../Engine/Content/EngineMaterials/Substrate/GLints/dict_16_192_64_0p5_0p02_0010_0013.uasset" 5927
"../../../Engine/Content/EngineMaterials/Substrate/GLints/dict_16_192_64_0p5_0p02_0010_0014.uasset" 5928
"../../../Engine/Content/EngineMaterials/Substrate/GLints/dict_16_192_64_0p5_0p02_0010_0015.uasset" 5929
"../../../Engine/Content/EngineMaterials/Substrate/GLints/dict_16_192_64_0p5_0p02_0011_0000.uasset" 5930
"../../../Engine/Content/EngineMaterials/Substrate/GLints/dict_16_192_64_0p5_0p02_0011_0001.uasset" 5931
"../../../Engine/Content/EngineMaterials/Substrate/GLints/dict_16_192_64_0p5_0p02_0011_0002.uasset" 5932
"../../../Engine/Content/EngineMaterials/Substrate/GLints/dict_16_192_64_0p5_0p02_0011_0003.uasset" 5933
"../../../Engine/Content/EngineMaterials/Substrate/GLints/dict_16_192_64_0p5_0p02_0011_0004.uasset" 5934
"../../../Engine/Content/EngineMaterials/Substrate/GLints/dict_16_192_64_0p5_0p02_0011_0005.uasset" 5935
"../../../Engine/Content/EngineMaterials/Substrate/GLints/dict_16_192_64_0p5_0p02_0011_0006.uasset" 5936
"../../../Engine/Content/EngineMaterials/Substrate/GLints/dict_16_192_64_0p5_0p02_0011_0007.uasset" 5937
"../../../Engine/Content/EngineMaterials/Substrate/GLints/dict_16_192_64_0p5_0p02_0011_0008.uasset" 5938
"../../../Engine/Content/EngineMaterials/Substrate/GLints/dict_16_192_64_0p5_0p02_0011_0009.uasset" 5939
"../../../Engine/Content/EngineMaterials/Substrate/GLints/dict_16_192_64_0p5_0p02_0011_0010.uasset" 5940
"../../../Engine/Content/EngineMaterials/Substrate/GLints/dict_16_192_64_0p5_0p02_0011_0011.uasset" 5941
"../../../Engine/Content/EngineMaterials/Substrate/GLints/dict_16_192_64_0p5_0p02_0011_0012.uasset" 5942
"../../../Engine/Content/EngineMaterials/Substrate/GLints/dict_16_192_64_0p5_0p02_0011_0013.uasset" 5943
"../../../Engine/Content/EngineMaterials/Substrate/GLints/dict_16_192_64_0p5_0p02_0011_0014.uasset" 5944
"../../../Engine/Content/EngineMaterials/Substrate/GLints/dict_16_192_64_0p5_0p02_0011_0015.uasset" 5945
"../../../Engine/Content/EngineMaterials/Substrate/GLints/dict_16_192_64_0p5_0p02_0012_0000.uasset" 5946
"../../../Engine/Content/EngineMaterials/Substrate/GLints/dict_16_192_64_0p5_0p02_0012_0001.uasset" 5947
"../../../Engine/Content/EngineMaterials/Substrate/GLints/dict_16_192_64_0p5_0p02_0012_0002.uasset" 5948
"../../../Engine/Content/EngineMaterials/Substrate/GLints/dict_16_192_64_0p5_0p02_0012_0003.uasset" 5949
"../../../Engine/Content/EngineMaterials/Substrate/GLints/dict_16_192_64_0p5_0p02_0012_0004.uasset" 5950
"../../../Engine/Content/EngineMaterials/Substrate/GLints/dict_16_192_64_0p5_0p02_0012_0005.uasset" 5951
"../../../Engine/Content/EngineMaterials/Substrate/GLints/dict_16_192_64_0p5_0p02_0012_0006.uasset" 5952
"../../../Engine/Content/EngineMaterials/Substrate/GLints/dict_16_192_64_0p5_0p02_0012_0007.uasset" 5953
"../../../Engine/Content/EngineMaterials/Substrate/GLints/dict_16_192_64_0p5_0p02_0012_0008.uasset" 5954
"../../../Engine/Content/EngineMaterials/Substrate/GLints/dict_16_192_64_0p5_0p02_0012_0009.uasset" 5955
"../../../Engine/Content/EngineMaterials/Substrate/GLints/dict_16_192_64_0p5_0p02_0012_0010.uasset" 5956
"../../../Engine/Content/EngineMaterials/Substrate/GLints/dict_16_192_64_0p5_0p02_0012_0011.uasset" 5957
"../../../Engine/Content/EngineMaterials/Substrate/GLints/dict_16_192_64_0p5_0p02_0012_0012.uasset" 5958
"../../../Engine/Content/EngineMaterials/Substrate/GLints/dict_16_192_64_0p5_0p02_0012_0013.uasset" 5959
"../../../Engine/Content/EngineMaterials/Substrate/GLints/dict_16_192_64_0p5_0p02_0012_0014.uasset" 5960
"../../../Engine/Content/EngineMaterials/Substrate/GLints/dict_16_192_64_0p5_0p02_0012_0015.uasset" 5961
"../../../Engine/Content/EngineMaterials/Substrate/GLints/dict_16_192_64_0p5_0p02_0013_0000.uasset" 5962
"../../../Engine/Content/EngineMaterials/Substrate/GLints/dict_16_192_64_0p5_0p02_0013_0001.uasset" 5963
"../../../Engine/Content/EngineMaterials/Substrate/GLints/dict_16_192_64_0p5_0p02_0013_0002.uasset" 5964
"../../../Engine/Content/EngineMaterials/Substrate/GLints/dict_16_192_64_0p5_0p02_0013_0003.uasset" 5965
"../../../Engine/Content/EngineMaterials/Substrate/GLints/dict_16_192_64_0p5_0p02_0013_0004.uasset" 5966
"../../../Engine/Content/EngineMaterials/Substrate/GLints/dict_16_192_64_0p5_0p02_0013_0005.uasset" 5967
"../../../Engine/Content/EngineMaterials/Substrate/GLints/dict_16_192_64_0p5_0p02_0013_0006.uasset" 5968
"../../../Engine/Content/EngineMaterials/Substrate/GLints/dict_16_192_64_0p5_0p02_0013_0007.uasset" 5969
"../../../Engine/Content/EngineMaterials/Substrate/GLints/dict_16_192_64_0p5_0p02_0013_0008.uasset" 5970
"../../../Engine/Content/EngineMaterials/Substrate/GLints/dict_16_192_64_0p5_0p02_0013_0009.uasset" 5971
"../../../Engine/Content/EngineMaterials/Substrate/GLints/dict_16_192_64_0p5_0p02_0013_0010.uasset" 5972
"../../../Engine/Content/EngineMaterials/Substrate/GLints/dict_16_192_64_0p5_0p02_0013_0011.uasset" 5973
"../../../Engine/Content/EngineMaterials/Substrate/GLints/dict_16_192_64_0p5_0p02_0013_0012.uasset" 5974
"../../../Engine/Content/EngineMaterials/Substrate/GLints/dict_16_192_64_0p5_0p02_0013_0013.uasset" 5975
"../../../Engine/Content/EngineMaterials/Substrate/GLints/dict_16_192_64_0p5_0p02_0013_0014.uasset" 5976
"../../../Engine/Content/EngineMaterials/Substrate/GLints/dict_16_192_64_0p5_0p02_0013_0015.uasset" 5977
"../../../Engine/Content/EngineMaterials/Substrate/GLints/dict_16_192_64_0p5_0p02_0014_0000.uasset" 5978
"../../../Engine/Content/EngineMaterials/Substrate/GLints/dict_16_192_64_0p5_0p02_0014_0001.uasset" 5979
"../../../Engine/Content/EngineMaterials/Substrate/GLints/dict_16_192_64_0p5_0p02_0014_0002.uasset" 5980
"../../../Engine/Content/EngineMaterials/Substrate/GLints/dict_16_192_64_0p5_0p02_0014_0003.uasset" 5981
"../../../Engine/Content/EngineMaterials/Substrate/GLints/dict_16_192_64_0p5_0p02_0014_0004.uasset" 5982
"../../../Engine/Content/EngineMaterials/Substrate/GLints/dict_16_192_64_0p5_0p02_0014_0005.uasset" 5983
"../../../Engine/Content/EngineMaterials/Substrate/GLints/dict_16_192_64_0p5_0p02_0014_0006.uasset" 5984
"../../../Engine/Content/EngineMaterials/Substrate/GLints/dict_16_192_64_0p5_0p02_0014_0007.uasset" 5985
"../../../Engine/Content/EngineMaterials/Substrate/GLints/dict_16_192_64_0p5_0p02_0014_0008.uasset" 5986
"../../../Engine/Content/EngineMaterials/Substrate/GLints/dict_16_192_64_0p5_0p02_0014_0009.uasset" 5987
"../../../Engine/Content/EngineMaterials/Substrate/GLints/dict_16_192_64_0p5_0p02_0014_0010.uasset" 5988
"../../../Engine/Content/EngineMaterials/Substrate/GLints/dict_16_192_64_0p5_0p02_0014_0011.uasset" 5989
"../../../Engine/Content/EngineMaterials/Substrate/GLints/dict_16_192_64_0p5_0p02_0014_0012.uasset" 5990
"../../../Engine/Content/EngineMaterials/Substrate/GLints/dict_16_192_64_0p5_0p02_0014_0013.uasset" 5991
"../../../Engine/Content/EngineMaterials/Substrate/GLints/dict_16_192_64_0p5_0p02_0014_0014.uasset" 5992
"../../../Engine/Content/EngineMaterials/Substrate/GLints/dict_16_192_64_0p5_0p02_0014_0015.uasset" 5993
"../../../Engine/Content/EngineMaterials/Substrate/GLints/dict_16_192_64_0p5_0p02_0015_0000.uasset" 5994
"../../../Engine/Content/EngineMaterials/Substrate/GLints/dict_16_192_64_0p5_0p02_0015_0001.uasset" 5995
"../../../Engine/Content/EngineMaterials/Substrate/GLints/dict_16_192_64_0p5_0p02_0015_0002.uasset" 5996
"../../../Engine/Content/EngineMaterials/Substrate/GLints/dict_16_192_64_0p5_0p02_0015_0003.uasset" 5997
"../../../Engine/Content/EngineMaterials/Substrate/GLints/dict_16_192_64_0p5_0p02_0015_0004.uasset" 5998
"../../../Engine/Content/EngineMaterials/Substrate/GLints/dict_16_192_64_0p5_0p02_0015_0005.uasset" 5999
"../../../Engine/Content/EngineMaterials/Substrate/GLints/dict_16_192_64_0p5_0p02_0015_0006.uasset" 6000
"../../../Engine/Content/EngineMaterials/Substrate/GLints/dict_16_192_64_0p5_0p02_0015_0007.uasset" 6001
"../../../Engine/Content/EngineMaterials/Substrate/GLints/dict_16_192_64_0p5_0p02_0015_0008.uasset" 6002
"../../../Engine/Content/EngineMaterials/Substrate/GLints/dict_16_192_64_0p5_0p02_0015_0009.uasset" 6003
"../../../Engine/Content/EngineMaterials/Substrate/GLints/dict_16_192_64_0p5_0p02_0015_0010.uasset" 6004
"../../../Engine/Content/EngineMaterials/Substrate/GLints/dict_16_192_64_0p5_0p02_0015_0011.uasset" 6005
"../../../Engine/Content/EngineMaterials/Substrate/GLints/dict_16_192_64_0p5_0p02_0015_0012.uasset" 6006
"../../../Engine/Content/EngineMaterials/Substrate/GLints/dict_16_192_64_0p5_0p02_0015_0013.uasset" 6007
"../../../Engine/Content/EngineMaterials/Substrate/GLints/dict_16_192_64_0p5_0p02_0015_0014.uasset" 6008
"../../../Engine/Content/EngineMaterials/Substrate/GLints/dict_16_192_64_0p5_0p02_0015_0015.uasset" 6009
"../../../Engine/Content/EngineMaterials/Substrate/GLints/dict_16_192_64_0p5_0p02_0016_0000.uasset" 6010
"../../../Engine/Content/EngineMaterials/Substrate/GLints/dict_16_192_64_0p5_0p02_0016_0001.uasset" 6011
"../../../Engine/Content/EngineMaterials/Substrate/GLints/dict_16_192_64_0p5_0p02_0016_0002.uasset" 6012
"../../../Engine/Content/EngineMaterials/Substrate/GLints/dict_16_192_64_0p5_0p02_0016_0003.uasset" 6013
"../../../Engine/Content/EngineMaterials/Substrate/GLints/dict_16_192_64_0p5_0p02_0016_0004.uasset" 6014
"../../../Engine/Content/EngineMaterials/Substrate/GLints/dict_16_192_64_0p5_0p02_0016_0005.uasset" 6015
"../../../Engine/Content/EngineMaterials/Substrate/GLints/dict_16_192_64_0p5_0p02_0016_0006.uasset" 6016
"../../../Engine/Content/EngineMaterials/Substrate/GLints/dict_16_192_64_0p5_0p02_0016_0007.uasset" 6017
"../../../Engine/Content/EngineMaterials/Substrate/GLints/dict_16_192_64_0p5_0p02_0016_0008.uasset" 6018
"../../../Engine/Content/EngineMaterials/Substrate/GLints/dict_16_192_64_0p5_0p02_0016_0009.uasset" 6019
"../../../Engine/Content/EngineMaterials/Substrate/GLints/dict_16_192_64_0p5_0p02_0016_0010.uasset" 6020
"../../../Engine/Content/EngineMaterials/Substrate/GLints/dict_16_192_64_0p5_0p02_0016_0011.uasset" 6021
"../../../Engine/Content/EngineMaterials/Substrate/GLints/dict_16_192_64_0p5_0p02_0016_0012.uasset" 6022
"../../../Engine/Content/EngineMaterials/Substrate/GLints/dict_16_192_64_0p5_0p02_0016_0013.uasset" 6023
"../../../Engine/Content/EngineMaterials/Substrate/GLints/dict_16_192_64_0p5_0p02_0016_0014.uasset" 6024
"../../../Engine/Content/EngineMaterials/Substrate/GLints/dict_16_192_64_0p5_0p02_0016_0015.uasset" 6025
"../../../Engine/Content/EngineMaterials/Substrate/GLints/dict_16_192_64_0p5_0p02_0017_0000.uasset" 6026
"../../../Engine/Content/EngineMaterials/Substrate/GLints/dict_16_192_64_0p5_0p02_0017_0001.uasset" 6027
"../../../Engine/Content/EngineMaterials/Substrate/GLints/dict_16_192_64_0p5_0p02_0017_0002.uasset" 6028
"../../../Engine/Content/EngineMaterials/Substrate/GLints/dict_16_192_64_0p5_0p02_0017_0003.uasset" 6029
"../../../Engine/Content/EngineMaterials/Substrate/GLints/dict_16_192_64_0p5_0p02_0017_0004.uasset" 6030
"../../../Engine/Content/EngineMaterials/Substrate/GLints/dict_16_192_64_0p5_0p02_0017_0005.uasset" 6031
"../../../Engine/Content/EngineMaterials/Substrate/GLints/dict_16_192_64_0p5_0p02_0017_0006.uasset" 6032
"../../../Engine/Content/EngineMaterials/Substrate/GLints/dict_16_192_64_0p5_0p02_0017_0007.uasset" 6033
"../../../Engine/Content/EngineMaterials/Substrate/GLints/dict_16_192_64_0p5_0p02_0017_0008.uasset" 6034
"../../../Engine/Content/EngineMaterials/Substrate/GLints/dict_16_192_64_0p5_0p02_0017_0009.uasset" 6035
"../../../Engine/Content/EngineMaterials/Substrate/GLints/dict_16_192_64_0p5_0p02_0017_0010.uasset" 6036
"../../../Engine/Content/EngineMaterials/Substrate/GLints/dict_16_192_64_0p5_0p02_0017_0011.uasset" 6037
"../../../Engine/Content/EngineMaterials/Substrate/GLints/dict_16_192_64_0p5_0p02_0017_0012.uasset" 6038
"../../../Engine/Content/EngineMaterials/Substrate/GLints/dict_16_192_64_0p5_0p02_0017_0013.uasset" 6039
"../../../Engine/Content/EngineMaterials/Substrate/GLints/dict_16_192_64_0p5_0p02_0017_0014.uasset" 6040
"../../../Engine/Content/EngineMaterials/Substrate/GLints/dict_16_192_64_0p5_0p02_0017_0015.uasset" 6041
"../../../Engine/Content/EngineMaterials/Substrate/GLints/dict_16_192_64_0p5_0p02_0018_0000.uasset" 6042
"../../../Engine/Content/EngineMaterials/Substrate/GLints/dict_16_192_64_0p5_0p02_0018_0001.uasset" 6043
"../../../Engine/Content/EngineMaterials/Substrate/GLints/dict_16_192_64_0p5_0p02_0018_0002.uasset" 6044
"../../../Engine/Content/EngineMaterials/Substrate/GLints/dict_16_192_64_0p5_0p02_0018_0003.uasset" 6045
"../../../Engine/Content/EngineMaterials/Substrate/GLints/dict_16_192_64_0p5_0p02_0018_0004.uasset" 6046
"../../../Engine/Content/EngineMaterials/Substrate/GLints/dict_16_192_64_0p5_0p02_0018_0005.uasset" 6047
"../../../Engine/Content/EngineMaterials/Substrate/GLints/dict_16_192_64_0p5_0p02_0018_0006.uasset" 6048
"../../../Engine/Content/EngineMaterials/Substrate/GLints/dict_16_192_64_0p5_0p02_0018_0007.uasset" 6049
"../../../Engine/Content/EngineMaterials/Substrate/GLints/dict_16_192_64_0p5_0p02_0018_0008.uasset" 6050
"../../../Engine/Content/EngineMaterials/Substrate/GLints/dict_16_192_64_0p5_0p02_0018_0009.uasset" 6051
"../../../Engine/Content/EngineMaterials/Substrate/GLints/dict_16_192_64_0p5_0p02_0018_0010.uasset" 6052
"../../../Engine/Content/EngineMaterials/Substrate/GLints/dict_16_192_64_0p5_0p02_0018_0011.uasset" 6053
"../../../Engine/Content/EngineMaterials/Substrate/GLints/dict_16_192_64_0p5_0p02_0018_0012.uasset" 6054
"../../../Engine/Content/EngineMaterials/Substrate/GLints/dict_16_192_64_0p5_0p02_0018_0013.uasset" 6055
"../../../Engine/Content/EngineMaterials/Substrate/GLints/dict_16_192_64_0p5_0p02_0018_0014.uasset" 6056
"../../../Engine/Content/EngineMaterials/Substrate/GLints/dict_16_192_64_0p5_0p02_0018_0015.uasset" 6057
"../../../Engine/Content/EngineMaterials/Substrate/GLints/dict_16_192_64_0p5_0p02_0019_0000.uasset" 6058
"../../../Engine/Content/EngineMaterials/Substrate/GLints/dict_16_192_64_0p5_0p02_0019_0001.uasset" 6059
"../../../Engine/Content/EngineMaterials/Substrate/GLints/dict_16_192_64_0p5_0p02_0019_0002.uasset" 6060
"../../../Engine/Content/EngineMaterials/Substrate/GLints/dict_16_192_64_0p5_0p02_0019_0003.uasset" 6061
"../../../Engine/Content/EngineMaterials/Substrate/GLints/dict_16_192_64_0p5_0p02_0019_0004.uasset" 6062
"../../../Engine/Content/EngineMaterials/Substrate/GLints/dict_16_192_64_0p5_0p02_0019_0005.uasset" 6063
"../../../Engine/Content/EngineMaterials/Substrate/GLints/dict_16_192_64_0p5_0p02_0019_0006.uasset" 6064
"../../../Engine/Content/EngineMaterials/Substrate/GLints/dict_16_192_64_0p5_0p02_0019_0007.uasset" 6065
"../../../Engine/Content/EngineMaterials/Substrate/GLints/dict_16_192_64_0p5_0p02_0019_0008.uasset" 6066
"../../../Engine/Content/EngineMaterials/Substrate/GLints/dict_16_192_64_0p5_0p02_0019_0009.uasset" 6067
"../../../Engine/Content/EngineMaterials/Substrate/GLints/dict_16_192_64_0p5_0p02_0019_0010.uasset" 6068
"../../../Engine/Content/EngineMaterials/Substrate/GLints/dict_16_192_64_0p5_0p02_0019_0011.uasset" 6069
"../../../Engine/Content/EngineMaterials/Substrate/GLints/dict_16_192_64_0p5_0p02_0019_0012.uasset" 6070
"../../../Engine/Content/EngineMaterials/Substrate/GLints/dict_16_192_64_0p5_0p02_0019_0013.uasset" 6071
"../../../Engine/Content/EngineMaterials/Substrate/GLints/dict_16_192_64_0p5_0p02_0019_0014.uasset" 6072
"../../../Engine/Content/EngineMaterials/Substrate/GLints/dict_16_192_64_0p5_0p02_0019_0015.uasset" 6073
"../../../Engine/Content/EngineMaterials/Substrate/GLints/dict_16_192_64_0p5_0p02_0020_0000.uasset" 6074
"../../../Engine/Content/EngineMaterials/Substrate/GLints/dict_16_192_64_0p5_0p02_0020_0001.uasset" 6075
"../../../Engine/Content/EngineMaterials/Substrate/GLints/dict_16_192_64_0p5_0p02_0020_0002.uasset" 6076
"../../../Engine/Content/EngineMaterials/Substrate/GLints/dict_16_192_64_0p5_0p02_0020_0003.uasset" 6077
"../../../Engine/Content/EngineMaterials/Substrate/GLints/dict_16_192_64_0p5_0p02_0020_0004.uasset" 6078
"../../../Engine/Content/EngineMaterials/Substrate/GLints/dict_16_192_64_0p5_0p02_0020_0005.uasset" 6079
"../../../Engine/Content/EngineMaterials/Substrate/GLints/dict_16_192_64_0p5_0p02_0020_0006.uasset" 6080
"../../../Engine/Content/EngineMaterials/Substrate/GLints/dict_16_192_64_0p5_0p02_0020_0007.uasset" 6081
"../../../Engine/Content/EngineMaterials/Substrate/GLints/dict_16_192_64_0p5_0p02_0020_0008.uasset" 6082
"../../../Engine/Content/EngineMaterials/Substrate/GLints/dict_16_192_64_0p5_0p02_0020_0009.uasset" 6083
"../../../Engine/Content/EngineMaterials/Substrate/GLints/dict_16_192_64_0p5_0p02_0020_0010.uasset" 6084
"../../../Engine/Content/EngineMaterials/Substrate/GLints/dict_16_192_64_0p5_0p02_0020_0011.uasset" 6085
"../../../Engine/Content/EngineMaterials/Substrate/GLints/dict_16_192_64_0p5_0p02_0020_0012.uasset" 6086
"../../../Engine/Content/EngineMaterials/Substrate/GLints/dict_16_192_64_0p5_0p02_0020_0013.uasset" 6087
"../../../Engine/Content/EngineMaterials/Substrate/GLints/dict_16_192_64_0p5_0p02_0020_0014.uasset" 6088
"../../../Engine/Content/EngineMaterials/Substrate/GLints/dict_16_192_64_0p5_0p02_0020_0015.uasset" 6089
"../../../Engine/Content/EngineMaterials/Substrate/GLints/dict_16_192_64_0p5_0p02_0021_0000.uasset" 6090
"../../../Engine/Content/EngineMaterials/Substrate/GLints/dict_16_192_64_0p5_0p02_0021_0001.uasset" 6091
"../../../Engine/Content/EngineMaterials/Substrate/GLints/dict_16_192_64_0p5_0p02_0021_0002.uasset" 6092
"../../../Engine/Content/EngineMaterials/Substrate/GLints/dict_16_192_64_0p5_0p02_0021_0003.uasset" 6093
"../../../Engine/Content/EngineMaterials/Substrate/GLints/dict_16_192_64_0p5_0p02_0021_0004.uasset" 6094
"../../../Engine/Content/EngineMaterials/Substrate/GLints/dict_16_192_64_0p5_0p02_0021_0005.uasset" 6095
"../../../Engine/Content/EngineMaterials/Substrate/GLints/dict_16_192_64_0p5_0p02_0021_0006.uasset" 6096
"../../../Engine/Content/EngineMaterials/Substrate/GLints/dict_16_192_64_0p5_0p02_0021_0007.uasset" 6097
"../../../Engine/Content/EngineMaterials/Substrate/GLints/dict_16_192_64_0p5_0p02_0021_0008.uasset" 6098
"../../../Engine/Content/EngineMaterials/Substrate/GLints/dict_16_192_64_0p5_0p02_0021_0009.uasset" 6099
"../../../Engine/Content/EngineMaterials/Substrate/GLints/dict_16_192_64_0p5_0p02_0021_0010.uasset" 6100
"../../../Engine/Content/EngineMaterials/Substrate/GLints/dict_16_192_64_0p5_0p02_0021_0011.uasset" 6101
"../../../Engine/Content/EngineMaterials/Substrate/GLints/dict_16_192_64_0p5_0p02_0021_0012.uasset" 6102
"../../../Engine/Content/EngineMaterials/Substrate/GLints/dict_16_192_64_0p5_0p02_0021_0013.uasset" 6103
"../../../Engine/Content/EngineMaterials/Substrate/GLints/dict_16_192_64_0p5_0p02_0021_0014.uasset" 6104
"../../../Engine/Content/EngineMaterials/Substrate/GLints/dict_16_192_64_0p5_0p02_0021_0015.uasset" 6105
"../../../Engine/Content/EngineMaterials/Substrate/GLints/dict_16_192_64_0p5_0p02_0022_0000.uasset" 6106
"../../../Engine/Content/EngineMaterials/Substrate/GLints/dict_16_192_64_0p5_0p02_0022_0001.uasset" 6107
"../../../Engine/Content/EngineMaterials/Substrate/GLints/dict_16_192_64_0p5_0p02_0022_0002.uasset" 6108
"../../../Engine/Content/EngineMaterials/Substrate/GLints/dict_16_192_64_0p5_0p02_0022_0003.uasset" 6109
"../../../Engine/Content/EngineMaterials/Substrate/GLints/dict_16_192_64_0p5_0p02_0022_0004.uasset" 6110
"../../../Engine/Content/EngineMaterials/Substrate/GLints/dict_16_192_64_0p5_0p02_0022_0005.uasset" 6111
"../../../Engine/Content/EngineMaterials/Substrate/GLints/dict_16_192_64_0p5_0p02_0022_0006.uasset" 6112
"../../../Engine/Content/EngineMaterials/Substrate/GLints/dict_16_192_64_0p5_0p02_0022_0007.uasset" 6113
"../../../Engine/Content/EngineMaterials/Substrate/GLints/dict_16_192_64_0p5_0p02_0022_0008.uasset" 6114
"../../../Engine/Content/EngineMaterials/Substrate/GLints/dict_16_192_64_0p5_0p02_0022_0009.uasset" 6115
"../../../Engine/Content/EngineMaterials/Substrate/GLints/dict_16_192_64_0p5_0p02_0022_0010.uasset" 6116
"../../../Engine/Content/EngineMaterials/Substrate/GLints/dict_16_192_64_0p5_0p02_0022_0011.uasset" 6117
"../../../Engine/Content/EngineMaterials/Substrate/GLints/dict_16_192_64_0p5_0p02_0022_0012.uasset" 6118
"../../../Engine/Content/EngineMaterials/Substrate/GLints/dict_16_192_64_0p5_0p02_0022_0013.uasset" 6119
"../../../Engine/Content/EngineMaterials/Substrate/GLints/dict_16_192_64_0p5_0p02_0022_0014.uasset" 6120
"../../../Engine/Content/EngineMaterials/Substrate/GLints/dict_16_192_64_0p5_0p02_0022_0015.uasset" 6121
"../../../Engine/Content/EngineMaterials/Substrate/GLints/dict_16_192_64_0p5_0p02_0023_0000.uasset" 6122
"../../../Engine/Content/EngineMaterials/Substrate/GLints/dict_16_192_64_0p5_0p02_0023_0001.uasset" 6123
"../../../Engine/Content/EngineMaterials/Substrate/GLints/dict_16_192_64_0p5_0p02_0023_0002.uasset" 6124
"../../../Engine/Content/EngineMaterials/Substrate/GLints/dict_16_192_64_0p5_0p02_0023_0003.uasset" 6125
"../../../Engine/Content/EngineMaterials/Substrate/GLints/dict_16_192_64_0p5_0p02_0023_0004.uasset" 6126
"../../../Engine/Content/EngineMaterials/Substrate/GLints/dict_16_192_64_0p5_0p02_0023_0005.uasset" 6127
"../../../Engine/Content/EngineMaterials/Substrate/GLints/dict_16_192_64_0p5_0p02_0023_0006.uasset" 6128
"../../../Engine/Content/EngineMaterials/Substrate/GLints/dict_16_192_64_0p5_0p02_0023_0007.uasset" 6129
"../../../Engine/Content/EngineMaterials/Substrate/GLints/dict_16_192_64_0p5_0p02_0023_0008.uasset" 6130
"../../../Engine/Content/EngineMaterials/Substrate/GLints/dict_16_192_64_0p5_0p02_0023_0009.uasset" 6131
"../../../Engine/Content/EngineMaterials/Substrate/GLints/dict_16_192_64_0p5_0p02_0023_0010.uasset" 6132
"../../../Engine/Content/EngineMaterials/Substrate/GLints/dict_16_192_64_0p5_0p02_0023_0011.uasset" 6133
"../../../Engine/Content/EngineMaterials/Substrate/GLints/dict_16_192_64_0p5_0p02_0023_0012.uasset" 6134
"../../../Engine/Content/EngineMaterials/Substrate/GLints/dict_16_192_64_0p5_0p02_0023_0013.uasset" 6135
"../../../Engine/Content/EngineMaterials/Substrate/GLints/dict_16_192_64_0p5_0p02_0023_0014.uasset" 6136
"../../../Engine/Content/EngineMaterials/Substrate/GLints/dict_16_192_64_0p5_0p02_0023_0015.uasset" 6137
"../../../Engine/Content/EngineMaterials/Substrate/GLints/dict_16_192_64_0p5_0p02_0024_0000.uasset" 6138
"../../../Engine/Content/EngineMaterials/Substrate/GLints/dict_16_192_64_0p5_0p02_0024_0001.uasset" 6139
"../../../Engine/Content/EngineMaterials/Substrate/GLints/dict_16_192_64_0p5_0p02_0024_0002.uasset" 6140
"../../../Engine/Content/EngineMaterials/Substrate/GLints/dict_16_192_64_0p5_0p02_0024_0003.uasset" 6141
"../../../Engine/Content/EngineMaterials/Substrate/GLints/dict_16_192_64_0p5_0p02_0024_0004.uasset" 6142
"../../../Engine/Content/EngineMaterials/Substrate/GLints/dict_16_192_64_0p5_0p02_0024_0005.uasset" 6143
"../../../Engine/Content/EngineMaterials/Substrate/GLints/dict_16_192_64_0p5_0p02_0024_0006.uasset" 6144
"../../../Engine/Content/EngineMaterials/Substrate/GLints/dict_16_192_64_0p5_0p02_0024_0007.uasset" 6145
"../../../Engine/Content/EngineMaterials/Substrate/GLints/dict_16_192_64_0p5_0p02_0024_0008.uasset" 6146
"../../../Engine/Content/EngineMaterials/Substrate/GLints/dict_16_192_64_0p5_0p02_0024_0009.uasset" 6147
"../../../Engine/Content/EngineMaterials/Substrate/GLints/dict_16_192_64_0p5_0p02_0024_0010.uasset" 6148
"../../../Engine/Content/EngineMaterials/Substrate/GLints/dict_16_192_64_0p5_0p02_0024_0011.uasset" 6149
"../../../Engine/Content/EngineMaterials/Substrate/GLints/dict_16_192_64_0p5_0p02_0024_0012.uasset" 6150
"../../../Engine/Content/EngineMaterials/Substrate/GLints/dict_16_192_64_0p5_0p02_0024_0013.uasset" 6151
"../../../Engine/Content/EngineMaterials/Substrate/GLints/dict_16_192_64_0p5_0p02_0024_0014.uasset" 6152
"../../../Engine/Content/EngineMaterials/Substrate/GLints/dict_16_192_64_0p5_0p02_0024_0015.uasset" 6153
"../../../Engine/Content/EngineMaterials/Substrate/GLints/dict_16_192_64_0p5_0p02_0025_0000.uasset" 6154
"../../../Engine/Content/EngineMaterials/Substrate/GLints/dict_16_192_64_0p5_0p02_0025_0001.uasset" 6155
"../../../Engine/Content/EngineMaterials/Substrate/GLints/dict_16_192_64_0p5_0p02_0025_0002.uasset" 6156
"../../../Engine/Content/EngineMaterials/Substrate/GLints/dict_16_192_64_0p5_0p02_0025_0003.uasset" 6157
"../../../Engine/Content/EngineMaterials/Substrate/GLints/dict_16_192_64_0p5_0p02_0025_0004.uasset" 6158
"../../../Engine/Content/EngineMaterials/Substrate/GLints/dict_16_192_64_0p5_0p02_0025_0005.uasset" 6159
"../../../Engine/Content/EngineMaterials/Substrate/GLints/dict_16_192_64_0p5_0p02_0025_0006.uasset" 6160
"../../../Engine/Content/EngineMaterials/Substrate/GLints/dict_16_192_64_0p5_0p02_0025_0007.uasset" 6161
"../../../Engine/Content/EngineMaterials/Substrate/GLints/dict_16_192_64_0p5_0p02_0025_0008.uasset" 6162
"../../../Engine/Content/EngineMaterials/Substrate/GLints/dict_16_192_64_0p5_0p02_0025_0009.uasset" 6163
"../../../Engine/Content/EngineMaterials/Substrate/GLints/dict_16_192_64_0p5_0p02_0025_0010.uasset" 6164
"../../../Engine/Content/EngineMaterials/Substrate/GLints/dict_16_192_64_0p5_0p02_0025_0011.uasset" 6165
"../../../Engine/Content/EngineMaterials/Substrate/GLints/dict_16_192_64_0p5_0p02_0025_0012.uasset" 6166
"../../../Engine/Content/EngineMaterials/Substrate/GLints/dict_16_192_64_0p5_0p02_0025_0013.uasset" 6167
"../../../Engine/Content/EngineMaterials/Substrate/GLints/dict_16_192_64_0p5_0p02_0025_0014.uasset" 6168
"../../../Engine/Content/EngineMaterials/Substrate/GLints/dict_16_192_64_0p5_0p02_0025_0015.uasset" 6169
"../../../Engine/Content/EngineMaterials/Substrate/GLints/dict_16_192_64_0p5_0p02_0026_0000.uasset" 6170
"../../../Engine/Content/EngineMaterials/Substrate/GLints/dict_16_192_64_0p5_0p02_0026_0001.uasset" 6171
"../../../Engine/Content/EngineMaterials/Substrate/GLints/dict_16_192_64_0p5_0p02_0026_0002.uasset" 6172
"../../../Engine/Content/EngineMaterials/Substrate/GLints/dict_16_192_64_0p5_0p02_0026_0003.uasset" 6173
"../../../Engine/Content/EngineMaterials/Substrate/GLints/dict_16_192_64_0p5_0p02_0026_0004.uasset" 6174
"../../../Engine/Content/EngineMaterials/Substrate/GLints/dict_16_192_64_0p5_0p02_0026_0005.uasset" 6175
"../../../Engine/Content/EngineMaterials/Substrate/GLints/dict_16_192_64_0p5_0p02_0026_0006.uasset" 6176
"../../../Engine/Content/EngineMaterials/Substrate/GLints/dict_16_192_64_0p5_0p02_0026_0007.uasset" 6177
"../../../Engine/Content/EngineMaterials/Substrate/GLints/dict_16_192_64_0p5_0p02_0026_0008.uasset" 6178
"../../../Engine/Content/EngineMaterials/Substrate/GLints/dict_16_192_64_0p5_0p02_0026_0009.uasset" 6179
"../../../Engine/Content/EngineMaterials/Substrate/GLints/dict_16_192_64_0p5_0p02_0026_0010.uasset" 6180
"../../../Engine/Content/EngineMaterials/Substrate/GLints/dict_16_192_64_0p5_0p02_0026_0011.uasset" 6181
"../../../Engine/Content/EngineMaterials/Substrate/GLints/dict_16_192_64_0p5_0p02_0026_0012.uasset" 6182
"../../../Engine/Content/EngineMaterials/Substrate/GLints/dict_16_192_64_0p5_0p02_0026_0013.uasset" 6183
"../../../Engine/Content/EngineMaterials/Substrate/GLints/dict_16_192_64_0p5_0p02_0026_0014.uasset" 6184
"../../../Engine/Content/EngineMaterials/Substrate/GLints/dict_16_192_64_0p5_0p02_0026_0015.uasset" 6185
"../../../Engine/Content/EngineMaterials/Substrate/GLints/dict_16_192_64_0p5_0p02_0027_0000.uasset" 6186
"../../../Engine/Content/EngineMaterials/Substrate/GLints/dict_16_192_64_0p5_0p02_0027_0001.uasset" 6187
"../../../Engine/Content/EngineMaterials/Substrate/GLints/dict_16_192_64_0p5_0p02_0027_0002.uasset" 6188
"../../../Engine/Content/EngineMaterials/Substrate/GLints/dict_16_192_64_0p5_0p02_0027_0003.uasset" 6189
"../../../Engine/Content/EngineMaterials/Substrate/GLints/dict_16_192_64_0p5_0p02_0027_0004.uasset" 6190
"../../../Engine/Content/EngineMaterials/Substrate/GLints/dict_16_192_64_0p5_0p02_0027_0005.uasset" 6191
"../../../Engine/Content/EngineMaterials/Substrate/GLints/dict_16_192_64_0p5_0p02_0027_0006.uasset" 6192
"../../../Engine/Content/EngineMaterials/Substrate/GLints/dict_16_192_64_0p5_0p02_0027_0007.uasset" 6193
"../../../Engine/Content/EngineMaterials/Substrate/GLints/dict_16_192_64_0p5_0p02_0027_0008.uasset" 6194
"../../../Engine/Content/EngineMaterials/Substrate/GLints/dict_16_192_64_0p5_0p02_0027_0009.uasset" 6195
"../../../Engine/Content/EngineMaterials/Substrate/GLints/dict_16_192_64_0p5_0p02_0027_0010.uasset" 6196
"../../../Engine/Content/EngineMaterials/Substrate/GLints/dict_16_192_64_0p5_0p02_0027_0011.uasset" 6197
"../../../Engine/Content/EngineMaterials/Substrate/GLints/dict_16_192_64_0p5_0p02_0027_0012.uasset" 6198
"../../../Engine/Content/EngineMaterials/Substrate/GLints/dict_16_192_64_0p5_0p02_0027_0013.uasset" 6199
"../../../Engine/Content/EngineMaterials/Substrate/GLints/dict_16_192_64_0p5_0p02_0027_0014.uasset" 6200
"../../../Engine/Content/EngineMaterials/Substrate/GLints/dict_16_192_64_0p5_0p02_0027_0015.uasset" 6201
"../../../Engine/Content/EngineMaterials/Substrate/GLints/dict_16_192_64_0p5_0p02_0028_0000.uasset" 6202
"../../../Engine/Content/EngineMaterials/Substrate/GLints/dict_16_192_64_0p5_0p02_0028_0001.uasset" 6203
"../../../Engine/Content/EngineMaterials/Substrate/GLints/dict_16_192_64_0p5_0p02_0028_0002.uasset" 6204
"../../../Engine/Content/EngineMaterials/Substrate/GLints/dict_16_192_64_0p5_0p02_0028_0003.uasset" 6205
"../../../Engine/Content/EngineMaterials/Substrate/GLints/dict_16_192_64_0p5_0p02_0028_0004.uasset" 6206
"../../../Engine/Content/EngineMaterials/Substrate/GLints/dict_16_192_64_0p5_0p02_0028_0005.uasset" 6207
"../../../Engine/Content/EngineMaterials/Substrate/GLints/dict_16_192_64_0p5_0p02_0028_0006.uasset" 6208
"../../../Engine/Content/EngineMaterials/Substrate/GLints/dict_16_192_64_0p5_0p02_0028_0007.uasset" 6209
"../../../Engine/Content/EngineMaterials/Substrate/GLints/dict_16_192_64_0p5_0p02_0028_0008.uasset" 6210
"../../../Engine/Content/EngineMaterials/Substrate/GLints/dict_16_192_64_0p5_0p02_0028_0009.uasset" 6211
"../../../Engine/Content/EngineMaterials/Substrate/GLints/dict_16_192_64_0p5_0p02_0028_0010.uasset" 6212
"../../../Engine/Content/EngineMaterials/Substrate/GLints/dict_16_192_64_0p5_0p02_0028_0011.uasset" 6213
"../../../Engine/Content/EngineMaterials/Substrate/GLints/dict_16_192_64_0p5_0p02_0028_0012.uasset" 6214
"../../../Engine/Content/EngineMaterials/Substrate/GLints/dict_16_192_64_0p5_0p02_0028_0013.uasset" 6215
"../../../Engine/Content/EngineMaterials/Substrate/GLints/dict_16_192_64_0p5_0p02_0028_0014.uasset" 6216
"../../../Engine/Content/EngineMaterials/Substrate/GLints/dict_16_192_64_0p5_0p02_0028_0015.uasset" 6217
"../../../Engine/Content/EngineMaterials/Substrate/GLints/dict_16_192_64_0p5_0p02_0029_0000.uasset" 6218
"../../../Engine/Content/EngineMaterials/Substrate/GLints/dict_16_192_64_0p5_0p02_0029_0001.uasset" 6219
"../../../Engine/Content/EngineMaterials/Substrate/GLints/dict_16_192_64_0p5_0p02_0029_0002.uasset" 6220
"../../../Engine/Content/EngineMaterials/Substrate/GLints/dict_16_192_64_0p5_0p02_0029_0003.uasset" 6221
"../../../Engine/Content/EngineMaterials/Substrate/GLints/dict_16_192_64_0p5_0p02_0029_0004.uasset" 6222
"../../../Engine/Content/EngineMaterials/Substrate/GLints/dict_16_192_64_0p5_0p02_0029_0005.uasset" 6223
"../../../Engine/Content/EngineMaterials/Substrate/GLints/dict_16_192_64_0p5_0p02_0029_0006.uasset" 6224
"../../../Engine/Content/EngineMaterials/Substrate/GLints/dict_16_192_64_0p5_0p02_0029_0007.uasset" 6225
"../../../Engine/Content/EngineMaterials/Substrate/GLints/dict_16_192_64_0p5_0p02_0029_0008.uasset" 6226
"../../../Engine/Content/EngineMaterials/Substrate/GLints/dict_16_192_64_0p5_0p02_0029_0009.uasset" 6227
"../../../Engine/Content/EngineMaterials/Substrate/GLints/dict_16_192_64_0p5_0p02_0029_0010.uasset" 6228
"../../../Engine/Content/EngineMaterials/Substrate/GLints/dict_16_192_64_0p5_0p02_0029_0011.uasset" 6229
"../../../Engine/Content/EngineMaterials/Substrate/GLints/dict_16_192_64_0p5_0p02_0029_0012.uasset" 6230
"../../../Engine/Content/EngineMaterials/Substrate/GLints/dict_16_192_64_0p5_0p02_0029_0013.uasset" 6231
"../../../Engine/Content/EngineMaterials/Substrate/GLints/dict_16_192_64_0p5_0p02_0029_0014.uasset" 6232
"../../../Engine/Content/EngineMaterials/Substrate/GLints/dict_16_192_64_0p5_0p02_0029_0015.uasset" 6233
"../../../Engine/Content/EngineMaterials/Substrate/GLints/dict_16_192_64_0p5_0p02_0030_0000.uasset" 6234
"../../../Engine/Content/EngineMaterials/Substrate/GLints/dict_16_192_64_0p5_0p02_0030_0001.uasset" 6235
"../../../Engine/Content/EngineMaterials/Substrate/GLints/dict_16_192_64_0p5_0p02_0030_0002.uasset" 6236
"../../../Engine/Content/EngineMaterials/Substrate/GLints/dict_16_192_64_0p5_0p02_0030_0003.uasset" 6237
"../../../Engine/Content/EngineMaterials/Substrate/GLints/dict_16_192_64_0p5_0p02_0030_0004.uasset" 6238
"../../../Engine/Content/EngineMaterials/Substrate/GLints/dict_16_192_64_0p5_0p02_0030_0005.uasset" 6239
"../../../Engine/Content/EngineMaterials/Substrate/GLints/dict_16_192_64_0p5_0p02_0030_0006.uasset" 6240
"../../../Engine/Content/EngineMaterials/Substrate/GLints/dict_16_192_64_0p5_0p02_0030_0007.uasset" 6241
"../../../Engine/Content/EngineMaterials/Substrate/GLints/dict_16_192_64_0p5_0p02_0030_0008.uasset" 6242
"../../../Engine/Content/EngineMaterials/Substrate/GLints/dict_16_192_64_0p5_0p02_0030_0009.uasset" 6243
"../../../Engine/Content/EngineMaterials/Substrate/GLints/dict_16_192_64_0p5_0p02_0030_0010.uasset" 6244
"../../../Engine/Content/EngineMaterials/Substrate/GLints/dict_16_192_64_0p5_0p02_0030_0011.uasset" 6245
"../../../Engine/Content/EngineMaterials/Substrate/GLints/dict_16_192_64_0p5_0p02_0030_0012.uasset" 6246
"../../../Engine/Content/EngineMaterials/Substrate/GLints/dict_16_192_64_0p5_0p02_0030_0013.uasset" 6247
"../../../Engine/Content/EngineMaterials/Substrate/GLints/dict_16_192_64_0p5_0p02_0030_0014.uasset" 6248
"../../../Engine/Content/EngineMaterials/Substrate/GLints/dict_16_192_64_0p5_0p02_0030_0015.uasset" 6249
"../../../Engine/Content/EngineMaterials/Substrate/GLints/dict_16_192_64_0p5_0p02_0031_0000.uasset" 6250
"../../../Engine/Content/EngineMaterials/Substrate/GLints/dict_16_192_64_0p5_0p02_0031_0001.uasset" 6251
"../../../Engine/Content/EngineMaterials/Substrate/GLints/dict_16_192_64_0p5_0p02_0031_0002.uasset" 6252
"../../../Engine/Content/EngineMaterials/Substrate/GLints/dict_16_192_64_0p5_0p02_0031_0003.uasset" 6253
"../../../Engine/Content/EngineMaterials/Substrate/GLints/dict_16_192_64_0p5_0p02_0031_0004.uasset" 6254
"../../../Engine/Content/EngineMaterials/Substrate/GLints/dict_16_192_64_0p5_0p02_0031_0005.uasset" 6255
"../../../Engine/Content/EngineMaterials/Substrate/GLints/dict_16_192_64_0p5_0p02_0031_0006.uasset" 6256
"../../../Engine/Content/EngineMaterials/Substrate/GLints/dict_16_192_64_0p5_0p02_0031_0007.uasset" 6257
"../../../Engine/Content/EngineMaterials/Substrate/GLints/dict_16_192_64_0p5_0p02_0031_0008.uasset" 6258
"../../../Engine/Content/EngineMaterials/Substrate/GLints/dict_16_192_64_0p5_0p02_0031_0009.uasset" 6259
"../../../Engine/Content/EngineMaterials/Substrate/GLints/dict_16_192_64_0p5_0p02_0031_0010.uasset" 6260
"../../../Engine/Content/EngineMaterials/Substrate/GLints/dict_16_192_64_0p5_0p02_0031_0011.uasset" 6261
"../../../Engine/Content/EngineMaterials/Substrate/GLints/dict_16_192_64_0p5_0p02_0031_0012.uasset" 6262
"../../../Engine/Content/EngineMaterials/Substrate/GLints/dict_16_192_64_0p5_0p02_0031_0013.uasset" 6263
"../../../Engine/Content/EngineMaterials/Substrate/GLints/dict_16_192_64_0p5_0p02_0031_0014.uasset" 6264
"../../../Engine/Content/EngineMaterials/Substrate/GLints/dict_16_192_64_0p5_0p02_0031_0015.uasset" 6265
"../../../Engine/Content/EngineMaterials/Substrate/GLints/dict_16_192_64_0p5_0p02_0032_0000.uasset" 6266
"../../../Engine/Content/EngineMaterials/Substrate/GLints/dict_16_192_64_0p5_0p02_0032_0001.uasset" 6267
"../../../Engine/Content/EngineMaterials/Substrate/GLints/dict_16_192_64_0p5_0p02_0032_0002.uasset" 6268
"../../../Engine/Content/EngineMaterials/Substrate/GLints/dict_16_192_64_0p5_0p02_0032_0003.uasset" 6269
"../../../Engine/Content/EngineMaterials/Substrate/GLints/dict_16_192_64_0p5_0p02_0032_0004.uasset" 6270
"../../../Engine/Content/EngineMaterials/Substrate/GLints/dict_16_192_64_0p5_0p02_0032_0005.uasset" 6271
"../../../Engine/Content/EngineMaterials/Substrate/GLints/dict_16_192_64_0p5_0p02_0032_0006.uasset" 6272
"../../../Engine/Content/EngineMaterials/Substrate/GLints/dict_16_192_64_0p5_0p02_0032_0007.uasset" 6273
"../../../Engine/Content/EngineMaterials/Substrate/GLints/dict_16_192_64_0p5_0p02_0032_0008.uasset" 6274
"../../../Engine/Content/EngineMaterials/Substrate/GLints/dict_16_192_64_0p5_0p02_0032_0009.uasset" 6275
"../../../Engine/Content/EngineMaterials/Substrate/GLints/dict_16_192_64_0p5_0p02_0032_0010.uasset" 6276
"../../../Engine/Content/EngineMaterials/Substrate/GLints/dict_16_192_64_0p5_0p02_0032_0011.uasset" 6277
"../../../Engine/Content/EngineMaterials/Substrate/GLints/dict_16_192_64_0p5_0p02_0032_0012.uasset" 6278
"../../../Engine/Content/EngineMaterials/Substrate/GLints/dict_16_192_64_0p5_0p02_0032_0013.uasset" 6279
"../../../Engine/Content/EngineMaterials/Substrate/GLints/dict_16_192_64_0p5_0p02_0032_0014.uasset" 6280
"../../../Engine/Content/EngineMaterials/Substrate/GLints/dict_16_192_64_0p5_0p02_0032_0015.uasset" 6281
"../../../Engine/Content/EngineMaterials/Substrate/GLints/dict_16_192_64_0p5_0p02_0033_0000.uasset" 6282
"../../../Engine/Content/EngineMaterials/Substrate/GLints/dict_16_192_64_0p5_0p02_0033_0001.uasset" 6283
"../../../Engine/Content/EngineMaterials/Substrate/GLints/dict_16_192_64_0p5_0p02_0033_0002.uasset" 6284
"../../../Engine/Content/EngineMaterials/Substrate/GLints/dict_16_192_64_0p5_0p02_0033_0003.uasset" 6285
"../../../Engine/Content/EngineMaterials/Substrate/GLints/dict_16_192_64_0p5_0p02_0033_0004.uasset" 6286
"../../../Engine/Content/EngineMaterials/Substrate/GLints/dict_16_192_64_0p5_0p02_0033_0005.uasset" 6287
"../../../Engine/Content/EngineMaterials/Substrate/GLints/dict_16_192_64_0p5_0p02_0033_0006.uasset" 6288
"../../../Engine/Content/EngineMaterials/Substrate/GLints/dict_16_192_64_0p5_0p02_0033_0007.uasset" 6289
"../../../Engine/Content/EngineMaterials/Substrate/GLints/dict_16_192_64_0p5_0p02_0033_0008.uasset" 6290
"../../../Engine/Content/EngineMaterials/Substrate/GLints/dict_16_192_64_0p5_0p02_0033_0009.uasset" 6291
"../../../Engine/Content/EngineMaterials/Substrate/GLints/dict_16_192_64_0p5_0p02_0033_0010.uasset" 6292
"../../../Engine/Content/EngineMaterials/Substrate/GLints/dict_16_192_64_0p5_0p02_0033_0011.uasset" 6293
"../../../Engine/Content/EngineMaterials/Substrate/GLints/dict_16_192_64_0p5_0p02_0033_0012.uasset" 6294
"../../../Engine/Content/EngineMaterials/Substrate/GLints/dict_16_192_64_0p5_0p02_0033_0013.uasset" 6295
"../../../Engine/Content/EngineMaterials/Substrate/GLints/dict_16_192_64_0p5_0p02_0033_0014.uasset" 6296
"../../../Engine/Content/EngineMaterials/Substrate/GLints/dict_16_192_64_0p5_0p02_0033_0015.uasset" 6297
"../../../Engine/Content/EngineMaterials/Substrate/GLints/dict_16_192_64_0p5_0p02_0034_0000.uasset" 6298
"../../../Engine/Content/EngineMaterials/Substrate/GLints/dict_16_192_64_0p5_0p02_0034_0001.uasset" 6299
"../../../Engine/Content/EngineMaterials/Substrate/GLints/dict_16_192_64_0p5_0p02_0034_0002.uasset" 6300
"../../../Engine/Content/EngineMaterials/Substrate/GLints/dict_16_192_64_0p5_0p02_0034_0003.uasset" 6301
"../../../Engine/Content/EngineMaterials/Substrate/GLints/dict_16_192_64_0p5_0p02_0034_0004.uasset" 6302
"../../../Engine/Content/EngineMaterials/Substrate/GLints/dict_16_192_64_0p5_0p02_0034_0005.uasset" 6303
"../../../Engine/Content/EngineMaterials/Substrate/GLints/dict_16_192_64_0p5_0p02_0034_0006.uasset" 6304
"../../../Engine/Content/EngineMaterials/Substrate/GLints/dict_16_192_64_0p5_0p02_0034_0007.uasset" 6305
"../../../Engine/Content/EngineMaterials/Substrate/GLints/dict_16_192_64_0p5_0p02_0034_0008.uasset" 6306
"../../../Engine/Content/EngineMaterials/Substrate/GLints/dict_16_192_64_0p5_0p02_0034_0009.uasset" 6307
"../../../Engine/Content/EngineMaterials/Substrate/GLints/dict_16_192_64_0p5_0p02_0034_0010.uasset" 6308
"../../../Engine/Content/EngineMaterials/Substrate/GLints/dict_16_192_64_0p5_0p02_0034_0011.uasset" 6309
"../../../Engine/Content/EngineMaterials/Substrate/GLints/dict_16_192_64_0p5_0p02_0034_0012.uasset" 6310
"../../../Engine/Content/EngineMaterials/Substrate/GLints/dict_16_192_64_0p5_0p02_0034_0013.uasset" 6311
"../../../Engine/Content/EngineMaterials/Substrate/GLints/dict_16_192_64_0p5_0p02_0034_0014.uasset" 6312
"../../../Engine/Content/EngineMaterials/Substrate/GLints/dict_16_192_64_0p5_0p02_0034_0015.uasset" 6313
"../../../Engine/Content/EngineMaterials/Substrate/GLints/dict_16_192_64_0p5_0p02_0035_0000.uasset" 6314
"../../../Engine/Content/EngineMaterials/Substrate/GLints/dict_16_192_64_0p5_0p02_0035_0001.uasset" 6315
"../../../Engine/Content/EngineMaterials/Substrate/GLints/dict_16_192_64_0p5_0p02_0035_0002.uasset" 6316
"../../../Engine/Content/EngineMaterials/Substrate/GLints/dict_16_192_64_0p5_0p02_0035_0003.uasset" 6317
"../../../Engine/Content/EngineMaterials/Substrate/GLints/dict_16_192_64_0p5_0p02_0035_0004.uasset" 6318
"../../../Engine/Content/EngineMaterials/Substrate/GLints/dict_16_192_64_0p5_0p02_0035_0005.uasset" 6319
"../../../Engine/Content/EngineMaterials/Substrate/GLints/dict_16_192_64_0p5_0p02_0035_0006.uasset" 6320
"../../../Engine/Content/EngineMaterials/Substrate/GLints/dict_16_192_64_0p5_0p02_0035_0007.uasset" 6321
"../../../Engine/Content/EngineMaterials/Substrate/GLints/dict_16_192_64_0p5_0p02_0035_0008.uasset" 6322
"../../../Engine/Content/EngineMaterials/Substrate/GLints/dict_16_192_64_0p5_0p02_0035_0009.uasset" 6323
"../../../Engine/Content/EngineMaterials/Substrate/GLints/dict_16_192_64_0p5_0p02_0035_0010.uasset" 6324
"../../../Engine/Content/EngineMaterials/Substrate/GLints/dict_16_192_64_0p5_0p02_0035_0011.uasset" 6325
"../../../Engine/Content/EngineMaterials/Substrate/GLints/dict_16_192_64_0p5_0p02_0035_0012.uasset" 6326
"../../../Engine/Content/EngineMaterials/Substrate/GLints/dict_16_192_64_0p5_0p02_0035_0013.uasset" 6327
"../../../Engine/Content/EngineMaterials/Substrate/GLints/dict_16_192_64_0p5_0p02_0035_0014.uasset" 6328
"../../../Engine/Content/EngineMaterials/Substrate/GLints/dict_16_192_64_0p5_0p02_0035_0015.uasset" 6329
"../../../Engine/Content/EngineMaterials/Substrate/GLints/dict_16_192_64_0p5_0p02_0036_0000.uasset" 6330
"../../../Engine/Content/EngineMaterials/Substrate/GLints/dict_16_192_64_0p5_0p02_0036_0001.uasset" 6331
"../../../Engine/Content/EngineMaterials/Substrate/GLints/dict_16_192_64_0p5_0p02_0036_0002.uasset" 6332
"../../../Engine/Content/EngineMaterials/Substrate/GLints/dict_16_192_64_0p5_0p02_0036_0003.uasset" 6333
"../../../Engine/Content/EngineMaterials/Substrate/GLints/dict_16_192_64_0p5_0p02_0036_0004.uasset" 6334
"../../../Engine/Content/EngineMaterials/Substrate/GLints/dict_16_192_64_0p5_0p02_0036_0005.uasset" 6335
"../../../Engine/Content/EngineMaterials/Substrate/GLints/dict_16_192_64_0p5_0p02_0036_0006.uasset" 6336
"../../../Engine/Content/EngineMaterials/Substrate/GLints/dict_16_192_64_0p5_0p02_0036_0007.uasset" 6337
"../../../Engine/Content/EngineMaterials/Substrate/GLints/dict_16_192_64_0p5_0p02_0036_0008.uasset" 6338
"../../../Engine/Content/EngineMaterials/Substrate/GLints/dict_16_192_64_0p5_0p02_0036_0009.uasset" 6339
"../../../Engine/Content/EngineMaterials/Substrate/GLints/dict_16_192_64_0p5_0p02_0036_0010.uasset" 6340
"../../../Engine/Content/EngineMaterials/Substrate/GLints/dict_16_192_64_0p5_0p02_0036_0011.uasset" 6341
"../../../Engine/Content/EngineMaterials/Substrate/GLints/dict_16_192_64_0p5_0p02_0036_0012.uasset" 6342
"../../../Engine/Content/EngineMaterials/Substrate/GLints/dict_16_192_64_0p5_0p02_0036_0013.uasset" 6343
"../../../Engine/Content/EngineMaterials/Substrate/GLints/dict_16_192_64_0p5_0p02_0036_0014.uasset" 6344
"../../../Engine/Content/EngineMaterials/Substrate/GLints/dict_16_192_64_0p5_0p02_0036_0015.uasset" 6345
"../../../Engine/Content/EngineMaterials/Substrate/GLints/dict_16_192_64_0p5_0p02_0037_0000.uasset" 6346
"../../../Engine/Content/EngineMaterials/Substrate/GLints/dict_16_192_64_0p5_0p02_0037_0001.uasset" 6347
"../../../Engine/Content/EngineMaterials/Substrate/GLints/dict_16_192_64_0p5_0p02_0037_0002.uasset" 6348
"../../../Engine/Content/EngineMaterials/Substrate/GLints/dict_16_192_64_0p5_0p02_0037_0003.uasset" 6349
"../../../Engine/Content/EngineMaterials/Substrate/GLints/dict_16_192_64_0p5_0p02_0037_0004.uasset" 6350
"../../../Engine/Content/EngineMaterials/Substrate/GLints/dict_16_192_64_0p5_0p02_0037_0005.uasset" 6351
"../../../Engine/Content/EngineMaterials/Substrate/GLints/dict_16_192_64_0p5_0p02_0037_0006.uasset" 6352
"../../../Engine/Content/EngineMaterials/Substrate/GLints/dict_16_192_64_0p5_0p02_0037_0007.uasset" 6353
"../../../Engine/Content/EngineMaterials/Substrate/GLints/dict_16_192_64_0p5_0p02_0037_0008.uasset" 6354
"../../../Engine/Content/EngineMaterials/Substrate/GLints/dict_16_192_64_0p5_0p02_0037_0009.uasset" 6355
"../../../Engine/Content/EngineMaterials/Substrate/GLints/dict_16_192_64_0p5_0p02_0037_0010.uasset" 6356
"../../../Engine/Content/EngineMaterials/Substrate/GLints/dict_16_192_64_0p5_0p02_0037_0011.uasset" 6357
"../../../Engine/Content/EngineMaterials/Substrate/GLints/dict_16_192_64_0p5_0p02_0037_0012.uasset" 6358
"../../../Engine/Content/EngineMaterials/Substrate/GLints/dict_16_192_64_0p5_0p02_0037_0013.uasset" 6359
"../../../Engine/Content/EngineMaterials/Substrate/GLints/dict_16_192_64_0p5_0p02_0037_0014.uasset" 6360
"../../../Engine/Content/EngineMaterials/Substrate/GLints/dict_16_192_64_0p5_0p02_0037_0015.uasset" 6361
"../../../Engine/Content/EngineMaterials/Substrate/GLints/dict_16_192_64_0p5_0p02_0038_0000.uasset" 6362
"../../../Engine/Content/EngineMaterials/Substrate/GLints/dict_16_192_64_0p5_0p02_0038_0001.uasset" 6363
"../../../Engine/Content/EngineMaterials/Substrate/GLints/dict_16_192_64_0p5_0p02_0038_0002.uasset" 6364
"../../../Engine/Content/EngineMaterials/Substrate/GLints/dict_16_192_64_0p5_0p02_0038_0003.uasset" 6365
"../../../Engine/Content/EngineMaterials/Substrate/GLints/dict_16_192_64_0p5_0p02_0038_0004.uasset" 6366
"../../../Engine/Content/EngineMaterials/Substrate/GLints/dict_16_192_64_0p5_0p02_0038_0005.uasset" 6367
"../../../Engine/Content/EngineMaterials/Substrate/GLints/dict_16_192_64_0p5_0p02_0038_0006.uasset" 6368
"../../../Engine/Content/EngineMaterials/Substrate/GLints/dict_16_192_64_0p5_0p02_0038_0007.uasset" 6369
"../../../Engine/Content/EngineMaterials/Substrate/GLints/dict_16_192_64_0p5_0p02_0038_0008.uasset" 6370
"../../../Engine/Content/EngineMaterials/Substrate/GLints/dict_16_192_64_0p5_0p02_0038_0009.uasset" 6371
"../../../Engine/Content/EngineMaterials/Substrate/GLints/dict_16_192_64_0p5_0p02_0038_0010.uasset" 6372
"../../../Engine/Content/EngineMaterials/Substrate/GLints/dict_16_192_64_0p5_0p02_0038_0011.uasset" 6373
"../../../Engine/Content/EngineMaterials/Substrate/GLints/dict_16_192_64_0p5_0p02_0038_0012.uasset" 6374
"../../../Engine/Content/EngineMaterials/Substrate/GLints/dict_16_192_64_0p5_0p02_0038_0013.uasset" 6375
"../../../Engine/Content/EngineMaterials/Substrate/GLints/dict_16_192_64_0p5_0p02_0038_0014.uasset" 6376
"../../../Engine/Content/EngineMaterials/Substrate/GLints/dict_16_192_64_0p5_0p02_0038_0015.uasset" 6377
"../../../Engine/Content/EngineMaterials/Substrate/GLints/dict_16_192_64_0p5_0p02_0039_0000.uasset" 6378
"../../../Engine/Content/EngineMaterials/Substrate/GLints/dict_16_192_64_0p5_0p02_0039_0001.uasset" 6379
"../../../Engine/Content/EngineMaterials/Substrate/GLints/dict_16_192_64_0p5_0p02_0039_0002.uasset" 6380
"../../../Engine/Content/EngineMaterials/Substrate/GLints/dict_16_192_64_0p5_0p02_0039_0003.uasset" 6381
"../../../Engine/Content/EngineMaterials/Substrate/GLints/dict_16_192_64_0p5_0p02_0039_0004.uasset" 6382
"../../../Engine/Content/EngineMaterials/Substrate/GLints/dict_16_192_64_0p5_0p02_0039_0005.uasset" 6383
"../../../Engine/Content/EngineMaterials/Substrate/GLints/dict_16_192_64_0p5_0p02_0039_0006.uasset" 6384
"../../../Engine/Content/EngineMaterials/Substrate/GLints/dict_16_192_64_0p5_0p02_0039_0007.uasset" 6385
"../../../Engine/Content/EngineMaterials/Substrate/GLints/dict_16_192_64_0p5_0p02_0039_0008.uasset" 6386
"../../../Engine/Content/EngineMaterials/Substrate/GLints/dict_16_192_64_0p5_0p02_0039_0009.uasset" 6387
"../../../Engine/Content/EngineMaterials/Substrate/GLints/dict_16_192_64_0p5_0p02_0039_0010.uasset" 6388
"../../../Engine/Content/EngineMaterials/Substrate/GLints/dict_16_192_64_0p5_0p02_0039_0011.uasset" 6389
"../../../Engine/Content/EngineMaterials/Substrate/GLints/dict_16_192_64_0p5_0p02_0039_0012.uasset" 6390
"../../../Engine/Content/EngineMaterials/Substrate/GLints/dict_16_192_64_0p5_0p02_0039_0013.uasset" 6391
"../../../Engine/Content/EngineMaterials/Substrate/GLints/dict_16_192_64_0p5_0p02_0039_0014.uasset" 6392
"../../../Engine/Content/EngineMaterials/Substrate/GLints/dict_16_192_64_0p5_0p02_0039_0015.uasset" 6393
"../../../Engine/Content/EngineMaterials/Substrate/GLints/dict_16_192_64_0p5_0p02_0040_0000.uasset" 6394
"../../../Engine/Content/EngineMaterials/Substrate/GLints/dict_16_192_64_0p5_0p02_0040_0001.uasset" 6395
"../../../Engine/Content/EngineMaterials/Substrate/GLints/dict_16_192_64_0p5_0p02_0040_0002.uasset" 6396
"../../../Engine/Content/EngineMaterials/Substrate/GLints/dict_16_192_64_0p5_0p02_0040_0003.uasset" 6397
"../../../Engine/Content/EngineMaterials/Substrate/GLints/dict_16_192_64_0p5_0p02_0040_0004.uasset" 6398
"../../../Engine/Content/EngineMaterials/Substrate/GLints/dict_16_192_64_0p5_0p02_0040_0005.uasset" 6399
"../../../Engine/Content/EngineMaterials/Substrate/GLints/dict_16_192_64_0p5_0p02_0040_0006.uasset" 6400
"../../../Engine/Content/EngineMaterials/Substrate/GLints/dict_16_192_64_0p5_0p02_0040_0007.uasset" 6401
"../../../Engine/Content/EngineMaterials/Substrate/GLints/dict_16_192_64_0p5_0p02_0040_0008.uasset" 6402
"../../../Engine/Content/EngineMaterials/Substrate/GLints/dict_16_192_64_0p5_0p02_0040_0009.uasset" 6403
"../../../Engine/Content/EngineMaterials/Substrate/GLints/dict_16_192_64_0p5_0p02_0040_0010.uasset" 6404
"../../../Engine/Content/EngineMaterials/Substrate/GLints/dict_16_192_64_0p5_0p02_0040_0011.uasset" 6405
"../../../Engine/Content/EngineMaterials/Substrate/GLints/dict_16_192_64_0p5_0p02_0040_0012.uasset" 6406
"../../../Engine/Content/EngineMaterials/Substrate/GLints/dict_16_192_64_0p5_0p02_0040_0013.uasset" 6407
"../../../Engine/Content/EngineMaterials/Substrate/GLints/dict_16_192_64_0p5_0p02_0040_0014.uasset" 6408
"../../../Engine/Content/EngineMaterials/Substrate/GLints/dict_16_192_64_0p5_0p02_0040_0015.uasset" 6409
"../../../Engine/Content/EngineMaterials/Substrate/GLints/dict_16_192_64_0p5_0p02_0041_0000.uasset" 6410
"../../../Engine/Content/EngineMaterials/Substrate/GLints/dict_16_192_64_0p5_0p02_0041_0001.uasset" 6411
"../../../Engine/Content/EngineMaterials/Substrate/GLints/dict_16_192_64_0p5_0p02_0041_0002.uasset" 6412
"../../../Engine/Content/EngineMaterials/Substrate/GLints/dict_16_192_64_0p5_0p02_0041_0003.uasset" 6413
"../../../Engine/Content/EngineMaterials/Substrate/GLints/dict_16_192_64_0p5_0p02_0041_0004.uasset" 6414
"../../../Engine/Content/EngineMaterials/Substrate/GLints/dict_16_192_64_0p5_0p02_0041_0005.uasset" 6415
"../../../Engine/Content/EngineMaterials/Substrate/GLints/dict_16_192_64_0p5_0p02_0041_0006.uasset" 6416
"../../../Engine/Content/EngineMaterials/Substrate/GLints/dict_16_192_64_0p5_0p02_0041_0007.uasset" 6417
"../../../Engine/Content/EngineMaterials/Substrate/GLints/dict_16_192_64_0p5_0p02_0041_0008.uasset" 6418
"../../../Engine/Content/EngineMaterials/Substrate/GLints/dict_16_192_64_0p5_0p02_0041_0009.uasset" 6419
"../../../Engine/Content/EngineMaterials/Substrate/GLints/dict_16_192_64_0p5_0p02_0041_0010.uasset" 6420
"../../../Engine/Content/EngineMaterials/Substrate/GLints/dict_16_192_64_0p5_0p02_0041_0011.uasset" 6421
"../../../Engine/Content/EngineMaterials/Substrate/GLints/dict_16_192_64_0p5_0p02_0041_0012.uasset" 6422
"../../../Engine/Content/EngineMaterials/Substrate/GLints/dict_16_192_64_0p5_0p02_0041_0013.uasset" 6423
"../../../Engine/Content/EngineMaterials/Substrate/GLints/dict_16_192_64_0p5_0p02_0041_0014.uasset" 6424
"../../../Engine/Content/EngineMaterials/Substrate/GLints/dict_16_192_64_0p5_0p02_0041_0015.uasset" 6425
"../../../Engine/Content/EngineMaterials/Substrate/GLints/dict_16_192_64_0p5_0p02_0042_0000.uasset" 6426
"../../../Engine/Content/EngineMaterials/Substrate/GLints/dict_16_192_64_0p5_0p02_0042_0001.uasset" 6427
"../../../Engine/Content/EngineMaterials/Substrate/GLints/dict_16_192_64_0p5_0p02_0042_0002.uasset" 6428
"../../../Engine/Content/EngineMaterials/Substrate/GLints/dict_16_192_64_0p5_0p02_0042_0003.uasset" 6429
"../../../Engine/Content/EngineMaterials/Substrate/GLints/dict_16_192_64_0p5_0p02_0042_0004.uasset" 6430
"../../../Engine/Content/EngineMaterials/Substrate/GLints/dict_16_192_64_0p5_0p02_0042_0005.uasset" 6431
"../../../Engine/Content/EngineMaterials/Substrate/GLints/dict_16_192_64_0p5_0p02_0042_0006.uasset" 6432
"../../../Engine/Content/EngineMaterials/Substrate/GLints/dict_16_192_64_0p5_0p02_0042_0007.uasset" 6433
"../../../Engine/Content/EngineMaterials/Substrate/GLints/dict_16_192_64_0p5_0p02_0042_0008.uasset" 6434
"../../../Engine/Content/EngineMaterials/Substrate/GLints/dict_16_192_64_0p5_0p02_0042_0009.uasset" 6435
"../../../Engine/Content/EngineMaterials/Substrate/GLints/dict_16_192_64_0p5_0p02_0042_0010.uasset" 6436
"../../../Engine/Content/EngineMaterials/Substrate/GLints/dict_16_192_64_0p5_0p02_0042_0011.uasset" 6437
"../../../Engine/Content/EngineMaterials/Substrate/GLints/dict_16_192_64_0p5_0p02_0042_0012.uasset" 6438
"../../../Engine/Content/EngineMaterials/Substrate/GLints/dict_16_192_64_0p5_0p02_0042_0013.uasset" 6439
"../../../Engine/Content/EngineMaterials/Substrate/GLints/dict_16_192_64_0p5_0p02_0042_0014.uasset" 6440
"../../../Engine/Content/EngineMaterials/Substrate/GLints/dict_16_192_64_0p5_0p02_0042_0015.uasset" 6441
"../../../Engine/Content/EngineMaterials/Substrate/GLints/dict_16_192_64_0p5_0p02_0043_0000.uasset" 6442
"../../../Engine/Content/EngineMaterials/Substrate/GLints/dict_16_192_64_0p5_0p02_0043_0001.uasset" 6443
"../../../Engine/Content/EngineMaterials/Substrate/GLints/dict_16_192_64_0p5_0p02_0043_0002.uasset" 6444
"../../../Engine/Content/EngineMaterials/Substrate/GLints/dict_16_192_64_0p5_0p02_0043_0003.uasset" 6445
"../../../Engine/Content/EngineMaterials/Substrate/GLints/dict_16_192_64_0p5_0p02_0043_0004.uasset" 6446
"../../../Engine/Content/EngineMaterials/Substrate/GLints/dict_16_192_64_0p5_0p02_0043_0005.uasset" 6447
"../../../Engine/Content/EngineMaterials/Substrate/GLints/dict_16_192_64_0p5_0p02_0043_0006.uasset" 6448
"../../../Engine/Content/EngineMaterials/Substrate/GLints/dict_16_192_64_0p5_0p02_0043_0007.uasset" 6449
"../../../Engine/Content/EngineMaterials/Substrate/GLints/dict_16_192_64_0p5_0p02_0043_0008.uasset" 6450
"../../../Engine/Content/EngineMaterials/Substrate/GLints/dict_16_192_64_0p5_0p02_0043_0009.uasset" 6451
"../../../Engine/Content/EngineMaterials/Substrate/GLints/dict_16_192_64_0p5_0p02_0043_0010.uasset" 6452
"../../../Engine/Content/EngineMaterials/Substrate/GLints/dict_16_192_64_0p5_0p02_0043_0011.uasset" 6453
"../../../Engine/Content/EngineMaterials/Substrate/GLints/dict_16_192_64_0p5_0p02_0043_0012.uasset" 6454
"../../../Engine/Content/EngineMaterials/Substrate/GLints/dict_16_192_64_0p5_0p02_0043_0013.uasset" 6455
"../../../Engine/Content/EngineMaterials/Substrate/GLints/dict_16_192_64_0p5_0p02_0043_0014.uasset" 6456
"../../../Engine/Content/EngineMaterials/Substrate/GLints/dict_16_192_64_0p5_0p02_0043_0015.uasset" 6457
"../../../Engine/Content/EngineMaterials/Substrate/GLints/dict_16_192_64_0p5_0p02_0044_0000.uasset" 6458
"../../../Engine/Content/EngineMaterials/Substrate/GLints/dict_16_192_64_0p5_0p02_0044_0001.uasset" 6459
"../../../Engine/Content/EngineMaterials/Substrate/GLints/dict_16_192_64_0p5_0p02_0044_0002.uasset" 6460
"../../../Engine/Content/EngineMaterials/Substrate/GLints/dict_16_192_64_0p5_0p02_0044_0003.uasset" 6461
"../../../Engine/Content/EngineMaterials/Substrate/GLints/dict_16_192_64_0p5_0p02_0044_0004.uasset" 6462
"../../../Engine/Content/EngineMaterials/Substrate/GLints/dict_16_192_64_0p5_0p02_0044_0005.uasset" 6463
"../../../Engine/Content/EngineMaterials/Substrate/GLints/dict_16_192_64_0p5_0p02_0044_0006.uasset" 6464
"../../../Engine/Content/EngineMaterials/Substrate/GLints/dict_16_192_64_0p5_0p02_0044_0007.uasset" 6465
"../../../Engine/Content/EngineMaterials/Substrate/GLints/dict_16_192_64_0p5_0p02_0044_0008.uasset" 6466
"../../../Engine/Content/EngineMaterials/Substrate/GLints/dict_16_192_64_0p5_0p02_0044_0009.uasset" 6467
"../../../Engine/Content/EngineMaterials/Substrate/GLints/dict_16_192_64_0p5_0p02_0044_0010.uasset" 6468
"../../../Engine/Content/EngineMaterials/Substrate/GLints/dict_16_192_64_0p5_0p02_0044_0011.uasset" 6469
"../../../Engine/Content/EngineMaterials/Substrate/GLints/dict_16_192_64_0p5_0p02_0044_0012.uasset" 6470
"../../../Engine/Content/EngineMaterials/Substrate/GLints/dict_16_192_64_0p5_0p02_0044_0013.uasset" 6471
"../../../Engine/Content/EngineMaterials/Substrate/GLints/dict_16_192_64_0p5_0p02_0044_0014.uasset" 6472
"../../../Engine/Content/EngineMaterials/Substrate/GLints/dict_16_192_64_0p5_0p02_0044_0015.uasset" 6473
"../../../Engine/Content/EngineMaterials/Substrate/GLints/dict_16_192_64_0p5_0p02_0045_0000.uasset" 6474
"../../../Engine/Content/EngineMaterials/Substrate/GLints/dict_16_192_64_0p5_0p02_0045_0001.uasset" 6475
"../../../Engine/Content/EngineMaterials/Substrate/GLints/dict_16_192_64_0p5_0p02_0045_0002.uasset" 6476
"../../../Engine/Content/EngineMaterials/Substrate/GLints/dict_16_192_64_0p5_0p02_0045_0003.uasset" 6477
"../../../Engine/Content/EngineMaterials/Substrate/GLints/dict_16_192_64_0p5_0p02_0045_0004.uasset" 6478
"../../../Engine/Content/EngineMaterials/Substrate/GLints/dict_16_192_64_0p5_0p02_0045_0005.uasset" 6479
"../../../Engine/Content/EngineMaterials/Substrate/GLints/dict_16_192_64_0p5_0p02_0045_0006.uasset" 6480
"../../../Engine/Content/EngineMaterials/Substrate/GLints/dict_16_192_64_0p5_0p02_0045_0007.uasset" 6481
"../../../Engine/Content/EngineMaterials/Substrate/GLints/dict_16_192_64_0p5_0p02_0045_0008.uasset" 6482
"../../../Engine/Content/EngineMaterials/Substrate/GLints/dict_16_192_64_0p5_0p02_0045_0009.uasset" 6483
"../../../Engine/Content/EngineMaterials/Substrate/GLints/dict_16_192_64_0p5_0p02_0045_0010.uasset" 6484
"../../../Engine/Content/EngineMaterials/Substrate/GLints/dict_16_192_64_0p5_0p02_0045_0011.uasset" 6485
"../../../Engine/Content/EngineMaterials/Substrate/GLints/dict_16_192_64_0p5_0p02_0045_0012.uasset" 6486
"../../../Engine/Content/EngineMaterials/Substrate/GLints/dict_16_192_64_0p5_0p02_0045_0013.uasset" 6487
"../../../Engine/Content/EngineMaterials/Substrate/GLints/dict_16_192_64_0p5_0p02_0045_0014.uasset" 6488
"../../../Engine/Content/EngineMaterials/Substrate/GLints/dict_16_192_64_0p5_0p02_0045_0015.uasset" 6489
"../../../Engine/Content/EngineMaterials/Substrate/GLints/dict_16_192_64_0p5_0p02_0046_0000.uasset" 6490
"../../../Engine/Content/EngineMaterials/Substrate/GLints/dict_16_192_64_0p5_0p02_0046_0001.uasset" 6491
"../../../Engine/Content/EngineMaterials/Substrate/GLints/dict_16_192_64_0p5_0p02_0046_0002.uasset" 6492
"../../../Engine/Content/EngineMaterials/Substrate/GLints/dict_16_192_64_0p5_0p02_0046_0003.uasset" 6493
"../../../Engine/Content/EngineMaterials/Substrate/GLints/dict_16_192_64_0p5_0p02_0046_0004.uasset" 6494
"../../../Engine/Content/EngineMaterials/Substrate/GLints/dict_16_192_64_0p5_0p02_0046_0005.uasset" 6495
"../../../Engine/Content/EngineMaterials/Substrate/GLints/dict_16_192_64_0p5_0p02_0046_0006.uasset" 6496
"../../../Engine/Content/EngineMaterials/Substrate/GLints/dict_16_192_64_0p5_0p02_0046_0007.uasset" 6497
"../../../Engine/Content/EngineMaterials/Substrate/GLints/dict_16_192_64_0p5_0p02_0046_0008.uasset" 6498
"../../../Engine/Content/EngineMaterials/Substrate/GLints/dict_16_192_64_0p5_0p02_0046_0009.uasset" 6499
"../../../Engine/Content/EngineMaterials/Substrate/GLints/dict_16_192_64_0p5_0p02_0046_0010.uasset" 6500
"../../../Engine/Content/EngineMaterials/Substrate/GLints/dict_16_192_64_0p5_0p02_0046_0011.uasset" 6501
"../../../Engine/Content/EngineMaterials/Substrate/GLints/dict_16_192_64_0p5_0p02_0046_0012.uasset" 6502
"../../../Engine/Content/EngineMaterials/Substrate/GLints/dict_16_192_64_0p5_0p02_0046_0013.uasset" 6503
"../../../Engine/Content/EngineMaterials/Substrate/GLints/dict_16_192_64_0p5_0p02_0046_0014.uasset" 6504
"../../../Engine/Content/EngineMaterials/Substrate/GLints/dict_16_192_64_0p5_0p02_0046_0015.uasset" 6505
"../../../Engine/Content/EngineMaterials/Substrate/GLints/dict_16_192_64_0p5_0p02_0047_0000.uasset" 6506
"../../../Engine/Content/EngineMaterials/Substrate/GLints/dict_16_192_64_0p5_0p02_0047_0001.uasset" 6507
"../../../Engine/Content/EngineMaterials/Substrate/GLints/dict_16_192_64_0p5_0p02_0047_0002.uasset" 6508
"../../../Engine/Content/EngineMaterials/Substrate/GLints/dict_16_192_64_0p5_0p02_0047_0003.uasset" 6509
"../../../Engine/Content/EngineMaterials/Substrate/GLints/dict_16_192_64_0p5_0p02_0047_0004.uasset" 6510
"../../../Engine/Content/EngineMaterials/Substrate/GLints/dict_16_192_64_0p5_0p02_0047_0005.uasset" 6511
"../../../Engine/Content/EngineMaterials/Substrate/GLints/dict_16_192_64_0p5_0p02_0047_0006.uasset" 6512
"../../../Engine/Content/EngineMaterials/Substrate/GLints/dict_16_192_64_0p5_0p02_0047_0007.uasset" 6513
"../../../Engine/Content/EngineMaterials/Substrate/GLints/dict_16_192_64_0p5_0p02_0047_0008.uasset" 6514
"../../../Engine/Content/EngineMaterials/Substrate/GLints/dict_16_192_64_0p5_0p02_0047_0009.uasset" 6515
"../../../Engine/Content/EngineMaterials/Substrate/GLints/dict_16_192_64_0p5_0p02_0047_0010.uasset" 6516
"../../../Engine/Content/EngineMaterials/Substrate/GLints/dict_16_192_64_0p5_0p02_0047_0011.uasset" 6517
"../../../Engine/Content/EngineMaterials/Substrate/GLints/dict_16_192_64_0p5_0p02_0047_0012.uasset" 6518
"../../../Engine/Content/EngineMaterials/Substrate/GLints/dict_16_192_64_0p5_0p02_0047_0013.uasset" 6519
"../../../Engine/Content/EngineMaterials/Substrate/GLints/dict_16_192_64_0p5_0p02_0047_0014.uasset" 6520
"../../../Engine/Content/EngineMaterials/Substrate/GLints/dict_16_192_64_0p5_0p02_0047_0015.uasset" 6521
"../../../Engine/Content/EngineMaterials/Substrate/GLints/dict_16_192_64_0p5_0p02_0048_0000.uasset" 6522
"../../../Engine/Content/EngineMaterials/Substrate/GLints/dict_16_192_64_0p5_0p02_0048_0001.uasset" 6523
"../../../Engine/Content/EngineMaterials/Substrate/GLints/dict_16_192_64_0p5_0p02_0048_0002.uasset" 6524
"../../../Engine/Content/EngineMaterials/Substrate/GLints/dict_16_192_64_0p5_0p02_0048_0003.uasset" 6525
"../../../Engine/Content/EngineMaterials/Substrate/GLints/dict_16_192_64_0p5_0p02_0048_0004.uasset" 6526
"../../../Engine/Content/EngineMaterials/Substrate/GLints/dict_16_192_64_0p5_0p02_0048_0005.uasset" 6527
"../../../Engine/Content/EngineMaterials/Substrate/GLints/dict_16_192_64_0p5_0p02_0048_0006.uasset" 6528
"../../../Engine/Content/EngineMaterials/Substrate/GLints/dict_16_192_64_0p5_0p02_0048_0007.uasset" 6529
"../../../Engine/Content/EngineMaterials/Substrate/GLints/dict_16_192_64_0p5_0p02_0048_0008.uasset" 6530
"../../../Engine/Content/EngineMaterials/Substrate/GLints/dict_16_192_64_0p5_0p02_0048_0009.uasset" 6531
"../../../Engine/Content/EngineMaterials/Substrate/GLints/dict_16_192_64_0p5_0p02_0048_0010.uasset" 6532
"../../../Engine/Content/EngineMaterials/Substrate/GLints/dict_16_192_64_0p5_0p02_0048_0011.uasset" 6533
"../../../Engine/Content/EngineMaterials/Substrate/GLints/dict_16_192_64_0p5_0p02_0048_0012.uasset" 6534
"../../../Engine/Content/EngineMaterials/Substrate/GLints/dict_16_192_64_0p5_0p02_0048_0013.uasset" 6535
"../../../Engine/Content/EngineMaterials/Substrate/GLints/dict_16_192_64_0p5_0p02_0048_0014.uasset" 6536
"../../../Engine/Content/EngineMaterials/Substrate/GLints/dict_16_192_64_0p5_0p02_0048_0015.uasset" 6537
"../../../Engine/Content/EngineMaterials/Substrate/GLints/dict_16_192_64_0p5_0p02_0049_0000.uasset" 6538
"../../../Engine/Content/EngineMaterials/Substrate/GLints/dict_16_192_64_0p5_0p02_0049_0001.uasset" 6539
"../../../Engine/Content/EngineMaterials/Substrate/GLints/dict_16_192_64_0p5_0p02_0049_0002.uasset" 6540
"../../../Engine/Content/EngineMaterials/Substrate/GLints/dict_16_192_64_0p5_0p02_0049_0003.uasset" 6541
"../../../Engine/Content/EngineMaterials/Substrate/GLints/dict_16_192_64_0p5_0p02_0049_0004.uasset" 6542
"../../../Engine/Content/EngineMaterials/Substrate/GLints/dict_16_192_64_0p5_0p02_0049_0005.uasset" 6543
"../../../Engine/Content/EngineMaterials/Substrate/GLints/dict_16_192_64_0p5_0p02_0049_0006.uasset" 6544
"../../../Engine/Content/EngineMaterials/Substrate/GLints/dict_16_192_64_0p5_0p02_0049_0007.uasset" 6545
"../../../Engine/Content/EngineMaterials/Substrate/GLints/dict_16_192_64_0p5_0p02_0049_0008.uasset" 6546
"../../../Engine/Content/EngineMaterials/Substrate/GLints/dict_16_192_64_0p5_0p02_0049_0009.uasset" 6547
"../../../Engine/Content/EngineMaterials/Substrate/GLints/dict_16_192_64_0p5_0p02_0049_0010.uasset" 6548
"../../../Engine/Content/EngineMaterials/Substrate/GLints/dict_16_192_64_0p5_0p02_0049_0011.uasset" 6549
"../../../Engine/Content/EngineMaterials/Substrate/GLints/dict_16_192_64_0p5_0p02_0049_0012.uasset" 6550
"../../../Engine/Content/EngineMaterials/Substrate/GLints/dict_16_192_64_0p5_0p02_0049_0013.uasset" 6551
"../../../Engine/Content/EngineMaterials/Substrate/GLints/dict_16_192_64_0p5_0p02_0049_0014.uasset" 6552
"../../../Engine/Content/EngineMaterials/Substrate/GLints/dict_16_192_64_0p5_0p02_0049_0015.uasset" 6553
"../../../Engine/Content/EngineMaterials/Substrate/GLints/dict_16_192_64_0p5_0p02_0050_0000.uasset" 6554
"../../../Engine/Content/EngineMaterials/Substrate/GLints/dict_16_192_64_0p5_0p02_0050_0001.uasset" 6555
"../../../Engine/Content/EngineMaterials/Substrate/GLints/dict_16_192_64_0p5_0p02_0050_0002.uasset" 6556
"../../../Engine/Content/EngineMaterials/Substrate/GLints/dict_16_192_64_0p5_0p02_0050_0003.uasset" 6557
"../../../Engine/Content/EngineMaterials/Substrate/GLints/dict_16_192_64_0p5_0p02_0050_0004.uasset" 6558
"../../../Engine/Content/EngineMaterials/Substrate/GLints/dict_16_192_64_0p5_0p02_0050_0005.uasset" 6559
"../../../Engine/Content/EngineMaterials/Substrate/GLints/dict_16_192_64_0p5_0p02_0050_0006.uasset" 6560
"../../../Engine/Content/EngineMaterials/Substrate/GLints/dict_16_192_64_0p5_0p02_0050_0007.uasset" 6561
"../../../Engine/Content/EngineMaterials/Substrate/GLints/dict_16_192_64_0p5_0p02_0050_0008.uasset" 6562
"../../../Engine/Content/EngineMaterials/Substrate/GLints/dict_16_192_64_0p5_0p02_0050_0009.uasset" 6563
"../../../Engine/Content/EngineMaterials/Substrate/GLints/dict_16_192_64_0p5_0p02_0050_0010.uasset" 6564
"../../../Engine/Content/EngineMaterials/Substrate/GLints/dict_16_192_64_0p5_0p02_0050_0011.uasset" 6565
"../../../Engine/Content/EngineMaterials/Substrate/GLints/dict_16_192_64_0p5_0p02_0050_0012.uasset" 6566
"../../../Engine/Content/EngineMaterials/Substrate/GLints/dict_16_192_64_0p5_0p02_0050_0013.uasset" 6567
"../../../Engine/Content/EngineMaterials/Substrate/GLints/dict_16_192_64_0p5_0p02_0050_0014.uasset" 6568
"../../../Engine/Content/EngineMaterials/Substrate/GLints/dict_16_192_64_0p5_0p02_0050_0015.uasset" 6569
"../../../Engine/Content/EngineMaterials/Substrate/GLints/dict_16_192_64_0p5_0p02_0051_0000.uasset" 6570
"../../../Engine/Content/EngineMaterials/Substrate/GLints/dict_16_192_64_0p5_0p02_0051_0001.uasset" 6571
"../../../Engine/Content/EngineMaterials/Substrate/GLints/dict_16_192_64_0p5_0p02_0051_0002.uasset" 6572
"../../../Engine/Content/EngineMaterials/Substrate/GLints/dict_16_192_64_0p5_0p02_0051_0003.uasset" 6573
"../../../Engine/Content/EngineMaterials/Substrate/GLints/dict_16_192_64_0p5_0p02_0051_0004.uasset" 6574
"../../../Engine/Content/EngineMaterials/Substrate/GLints/dict_16_192_64_0p5_0p02_0051_0005.uasset" 6575
"../../../Engine/Content/EngineMaterials/Substrate/GLints/dict_16_192_64_0p5_0p02_0051_0006.uasset" 6576
"../../../Engine/Content/EngineMaterials/Substrate/GLints/dict_16_192_64_0p5_0p02_0051_0007.uasset" 6577
"../../../Engine/Content/EngineMaterials/Substrate/GLints/dict_16_192_64_0p5_0p02_0051_0008.uasset" 6578
"../../../Engine/Content/EngineMaterials/Substrate/GLints/dict_16_192_64_0p5_0p02_0051_0009.uasset" 6579
"../../../Engine/Content/EngineMaterials/Substrate/GLints/dict_16_192_64_0p5_0p02_0051_0010.uasset" 6580
"../../../Engine/Content/EngineMaterials/Substrate/GLints/dict_16_192_64_0p5_0p02_0051_0011.uasset" 6581
"../../../Engine/Content/EngineMaterials/Substrate/GLints/dict_16_192_64_0p5_0p02_0051_0012.uasset" 6582
"../../../Engine/Content/EngineMaterials/Substrate/GLints/dict_16_192_64_0p5_0p02_0051_0013.uasset" 6583
"../../../Engine/Content/EngineMaterials/Substrate/GLints/dict_16_192_64_0p5_0p02_0051_0014.uasset" 6584
"../../../Engine/Content/EngineMaterials/Substrate/GLints/dict_16_192_64_0p5_0p02_0051_0015.uasset" 6585
"../../../Engine/Content/EngineMaterials/Substrate/GLints/dict_16_192_64_0p5_0p02_0052_0000.uasset" 6586
"../../../Engine/Content/EngineMaterials/Substrate/GLints/dict_16_192_64_0p5_0p02_0052_0001.uasset" 6587
"../../../Engine/Content/EngineMaterials/Substrate/GLints/dict_16_192_64_0p5_0p02_0052_0002.uasset" 6588
"../../../Engine/Content/EngineMaterials/Substrate/GLints/dict_16_192_64_0p5_0p02_0052_0003.uasset" 6589
"../../../Engine/Content/EngineMaterials/Substrate/GLints/dict_16_192_64_0p5_0p02_0052_0004.uasset" 6590
"../../../Engine/Content/EngineMaterials/Substrate/GLints/dict_16_192_64_0p5_0p02_0052_0005.uasset" 6591
"../../../Engine/Content/EngineMaterials/Substrate/GLints/dict_16_192_64_0p5_0p02_0052_0006.uasset" 6592
"../../../Engine/Content/EngineMaterials/Substrate/GLints/dict_16_192_64_0p5_0p02_0052_0007.uasset" 6593
"../../../Engine/Content/EngineMaterials/Substrate/GLints/dict_16_192_64_0p5_0p02_0052_0008.uasset" 6594
"../../../Engine/Content/EngineMaterials/Substrate/GLints/dict_16_192_64_0p5_0p02_0052_0009.uasset" 6595
"../../../Engine/Content/EngineMaterials/Substrate/GLints/dict_16_192_64_0p5_0p02_0052_0010.uasset" 6596
"../../../Engine/Content/EngineMaterials/Substrate/GLints/dict_16_192_64_0p5_0p02_0052_0011.uasset" 6597
"../../../Engine/Content/EngineMaterials/Substrate/GLints/dict_16_192_64_0p5_0p02_0052_0012.uasset" 6598
"../../../Engine/Content/EngineMaterials/Substrate/GLints/dict_16_192_64_0p5_0p02_0052_0013.uasset" 6599
"../../../Engine/Content/EngineMaterials/Substrate/GLints/dict_16_192_64_0p5_0p02_0052_0014.uasset" 6600
"../../../Engine/Content/EngineMaterials/Substrate/GLints/dict_16_192_64_0p5_0p02_0052_0015.uasset" 6601
"../../../Engine/Content/EngineMaterials/Substrate/GLints/dict_16_192_64_0p5_0p02_0053_0000.uasset" 6602
"../../../Engine/Content/EngineMaterials/Substrate/GLints/dict_16_192_64_0p5_0p02_0053_0001.uasset" 6603
"../../../Engine/Content/EngineMaterials/Substrate/GLints/dict_16_192_64_0p5_0p02_0053_0002.uasset" 6604
"../../../Engine/Content/EngineMaterials/Substrate/GLints/dict_16_192_64_0p5_0p02_0053_0003.uasset" 6605
"../../../Engine/Content/EngineMaterials/Substrate/GLints/dict_16_192_64_0p5_0p02_0053_0004.uasset" 6606
"../../../Engine/Content/EngineMaterials/Substrate/GLints/dict_16_192_64_0p5_0p02_0053_0005.uasset" 6607
"../../../Engine/Content/EngineMaterials/Substrate/GLints/dict_16_192_64_0p5_0p02_0053_0006.uasset" 6608
"../../../Engine/Content/EngineMaterials/Substrate/GLints/dict_16_192_64_0p5_0p02_0053_0007.uasset" 6609
"../../../Engine/Content/EngineMaterials/Substrate/GLints/dict_16_192_64_0p5_0p02_0053_0008.uasset" 6610
"../../../Engine/Content/EngineMaterials/Substrate/GLints/dict_16_192_64_0p5_0p02_0053_0009.uasset" 6611
"../../../Engine/Content/EngineMaterials/Substrate/GLints/dict_16_192_64_0p5_0p02_0053_0010.uasset" 6612
"../../../Engine/Content/EngineMaterials/Substrate/GLints/dict_16_192_64_0p5_0p02_0053_0011.uasset" 6613
"../../../Engine/Content/EngineMaterials/Substrate/GLints/dict_16_192_64_0p5_0p02_0053_0012.uasset" 6614
"../../../Engine/Content/EngineMaterials/Substrate/GLints/dict_16_192_64_0p5_0p02_0053_0013.uasset" 6615
"../../../Engine/Content/EngineMaterials/Substrate/GLints/dict_16_192_64_0p5_0p02_0053_0014.uasset" 6616
"../../../Engine/Content/EngineMaterials/Substrate/GLints/dict_16_192_64_0p5_0p02_0053_0015.uasset" 6617
"../../../Engine/Content/EngineMaterials/Substrate/GLints/dict_16_192_64_0p5_0p02_0054_0000.uasset" 6618
"../../../Engine/Content/EngineMaterials/Substrate/GLints/dict_16_192_64_0p5_0p02_0054_0001.uasset" 6619
"../../../Engine/Content/EngineMaterials/Substrate/GLints/dict_16_192_64_0p5_0p02_0054_0002.uasset" 6620
"../../../Engine/Content/EngineMaterials/Substrate/GLints/dict_16_192_64_0p5_0p02_0054_0003.uasset" 6621
"../../../Engine/Content/EngineMaterials/Substrate/GLints/dict_16_192_64_0p5_0p02_0054_0004.uasset" 6622
"../../../Engine/Content/EngineMaterials/Substrate/GLints/dict_16_192_64_0p5_0p02_0054_0005.uasset" 6623
"../../../Engine/Content/EngineMaterials/Substrate/GLints/dict_16_192_64_0p5_0p02_0054_0006.uasset" 6624
"../../../Engine/Content/EngineMaterials/Substrate/GLints/dict_16_192_64_0p5_0p02_0054_0007.uasset" 6625
"../../../Engine/Content/EngineMaterials/Substrate/GLints/dict_16_192_64_0p5_0p02_0054_0008.uasset" 6626
"../../../Engine/Content/EngineMaterials/Substrate/GLints/dict_16_192_64_0p5_0p02_0054_0009.uasset" 6627
"../../../Engine/Content/EngineMaterials/Substrate/GLints/dict_16_192_64_0p5_0p02_0054_0010.uasset" 6628
"../../../Engine/Content/EngineMaterials/Substrate/GLints/dict_16_192_64_0p5_0p02_0054_0011.uasset" 6629
"../../../Engine/Content/EngineMaterials/Substrate/GLints/dict_16_192_64_0p5_0p02_0054_0012.uasset" 6630
"../../../Engine/Content/EngineMaterials/Substrate/GLints/dict_16_192_64_0p5_0p02_0054_0013.uasset" 6631
"../../../Engine/Content/EngineMaterials/Substrate/GLints/dict_16_192_64_0p5_0p02_0054_0014.uasset" 6632
"../../../Engine/Content/EngineMaterials/Substrate/GLints/dict_16_192_64_0p5_0p02_0054_0015.uasset" 6633
"../../../Engine/Content/EngineMaterials/Substrate/GLints/dict_16_192_64_0p5_0p02_0055_0000.uasset" 6634
"../../../Engine/Content/EngineMaterials/Substrate/GLints/dict_16_192_64_0p5_0p02_0055_0001.uasset" 6635
"../../../Engine/Content/EngineMaterials/Substrate/GLints/dict_16_192_64_0p5_0p02_0055_0002.uasset" 6636
"../../../Engine/Content/EngineMaterials/Substrate/GLints/dict_16_192_64_0p5_0p02_0055_0003.uasset" 6637
"../../../Engine/Content/EngineMaterials/Substrate/GLints/dict_16_192_64_0p5_0p02_0055_0004.uasset" 6638
"../../../Engine/Content/EngineMaterials/Substrate/GLints/dict_16_192_64_0p5_0p02_0055_0005.uasset" 6639
"../../../Engine/Content/EngineMaterials/Substrate/GLints/dict_16_192_64_0p5_0p02_0055_0006.uasset" 6640
"../../../Engine/Content/EngineMaterials/Substrate/GLints/dict_16_192_64_0p5_0p02_0055_0007.uasset" 6641
"../../../Engine/Content/EngineMaterials/Substrate/GLints/dict_16_192_64_0p5_0p02_0055_0008.uasset" 6642
"../../../Engine/Content/EngineMaterials/Substrate/GLints/dict_16_192_64_0p5_0p02_0055_0009.uasset" 6643
"../../../Engine/Content/EngineMaterials/Substrate/GLints/dict_16_192_64_0p5_0p02_0055_0010.uasset" 6644
"../../../Engine/Content/EngineMaterials/Substrate/GLints/dict_16_192_64_0p5_0p02_0055_0011.uasset" 6645
"../../../Engine/Content/EngineMaterials/Substrate/GLints/dict_16_192_64_0p5_0p02_0055_0012.uasset" 6646
"../../../Engine/Content/EngineMaterials/Substrate/GLints/dict_16_192_64_0p5_0p02_0055_0013.uasset" 6647
"../../../Engine/Content/EngineMaterials/Substrate/GLints/dict_16_192_64_0p5_0p02_0055_0014.uasset" 6648
"../../../Engine/Content/EngineMaterials/Substrate/GLints/dict_16_192_64_0p5_0p02_0055_0015.uasset" 6649
"../../../Engine/Content/EngineMaterials/Substrate/GLints/dict_16_192_64_0p5_0p02_0056_0000.uasset" 6650
"../../../Engine/Content/EngineMaterials/Substrate/GLints/dict_16_192_64_0p5_0p02_0056_0001.uasset" 6651
"../../../Engine/Content/EngineMaterials/Substrate/GLints/dict_16_192_64_0p5_0p02_0056_0002.uasset" 6652
"../../../Engine/Content/EngineMaterials/Substrate/GLints/dict_16_192_64_0p5_0p02_0056_0003.uasset" 6653
"../../../Engine/Content/EngineMaterials/Substrate/GLints/dict_16_192_64_0p5_0p02_0056_0004.uasset" 6654
"../../../Engine/Content/EngineMaterials/Substrate/GLints/dict_16_192_64_0p5_0p02_0056_0005.uasset" 6655
"../../../Engine/Content/EngineMaterials/Substrate/GLints/dict_16_192_64_0p5_0p02_0056_0006.uasset" 6656
"../../../Engine/Content/EngineMaterials/Substrate/GLints/dict_16_192_64_0p5_0p02_0056_0007.uasset" 6657
"../../../Engine/Content/EngineMaterials/Substrate/GLints/dict_16_192_64_0p5_0p02_0056_0008.uasset" 6658
"../../../Engine/Content/EngineMaterials/Substrate/GLints/dict_16_192_64_0p5_0p02_0056_0009.uasset" 6659
"../../../Engine/Content/EngineMaterials/Substrate/GLints/dict_16_192_64_0p5_0p02_0056_0010.uasset" 6660
"../../../Engine/Content/EngineMaterials/Substrate/GLints/dict_16_192_64_0p5_0p02_0056_0011.uasset" 6661
"../../../Engine/Content/EngineMaterials/Substrate/GLints/dict_16_192_64_0p5_0p02_0056_0012.uasset" 6662
"../../../Engine/Content/EngineMaterials/Substrate/GLints/dict_16_192_64_0p5_0p02_0056_0013.uasset" 6663
"../../../Engine/Content/EngineMaterials/Substrate/GLints/dict_16_192_64_0p5_0p02_0056_0014.uasset" 6664
"../../../Engine/Content/EngineMaterials/Substrate/GLints/dict_16_192_64_0p5_0p02_0056_0015.uasset" 6665
"../../../Engine/Content/EngineMaterials/Substrate/GLints/dict_16_192_64_0p5_0p02_0057_0000.uasset" 6666
"../../../Engine/Content/EngineMaterials/Substrate/GLints/dict_16_192_64_0p5_0p02_0057_0001.uasset" 6667
"../../../Engine/Content/EngineMaterials/Substrate/GLints/dict_16_192_64_0p5_0p02_0057_0002.uasset" 6668
"../../../Engine/Content/EngineMaterials/Substrate/GLints/dict_16_192_64_0p5_0p02_0057_0003.uasset" 6669
"../../../Engine/Content/EngineMaterials/Substrate/GLints/dict_16_192_64_0p5_0p02_0057_0004.uasset" 6670
"../../../Engine/Content/EngineMaterials/Substrate/GLints/dict_16_192_64_0p5_0p02_0057_0005.uasset" 6671
"../../../Engine/Content/EngineMaterials/Substrate/GLints/dict_16_192_64_0p5_0p02_0057_0006.uasset" 6672
"../../../Engine/Content/EngineMaterials/Substrate/GLints/dict_16_192_64_0p5_0p02_0057_0007.uasset" 6673
"../../../Engine/Content/EngineMaterials/Substrate/GLints/dict_16_192_64_0p5_0p02_0057_0008.uasset" 6674
"../../../Engine/Content/EngineMaterials/Substrate/GLints/dict_16_192_64_0p5_0p02_0057_0009.uasset" 6675
"../../../Engine/Content/EngineMaterials/Substrate/GLints/dict_16_192_64_0p5_0p02_0057_0010.uasset" 6676
"../../../Engine/Content/EngineMaterials/Substrate/GLints/dict_16_192_64_0p5_0p02_0057_0011.uasset" 6677
"../../../Engine/Content/EngineMaterials/Substrate/GLints/dict_16_192_64_0p5_0p02_0057_0012.uasset" 6678
"../../../Engine/Content/EngineMaterials/Substrate/GLints/dict_16_192_64_0p5_0p02_0057_0013.uasset" 6679
"../../../Engine/Content/EngineMaterials/Substrate/GLints/dict_16_192_64_0p5_0p02_0057_0014.uasset" 6680
"../../../Engine/Content/EngineMaterials/Substrate/GLints/dict_16_192_64_0p5_0p02_0057_0015.uasset" 6681
"../../../Engine/Content/EngineMaterials/Substrate/GLints/dict_16_192_64_0p5_0p02_0058_0000.uasset" 6682
"../../../Engine/Content/EngineMaterials/Substrate/GLints/dict_16_192_64_0p5_0p02_0058_0001.uasset" 6683
"../../../Engine/Content/EngineMaterials/Substrate/GLints/dict_16_192_64_0p5_0p02_0058_0002.uasset" 6684
"../../../Engine/Content/EngineMaterials/Substrate/GLints/dict_16_192_64_0p5_0p02_0058_0003.uasset" 6685
"../../../Engine/Content/EngineMaterials/Substrate/GLints/dict_16_192_64_0p5_0p02_0058_0004.uasset" 6686
"../../../Engine/Content/EngineMaterials/Substrate/GLints/dict_16_192_64_0p5_0p02_0058_0005.uasset" 6687
"../../../Engine/Content/EngineMaterials/Substrate/GLints/dict_16_192_64_0p5_0p02_0058_0006.uasset" 6688
"../../../Engine/Content/EngineMaterials/Substrate/GLints/dict_16_192_64_0p5_0p02_0058_0007.uasset" 6689
"../../../Engine/Content/EngineMaterials/Substrate/GLints/dict_16_192_64_0p5_0p02_0058_0008.uasset" 6690
"../../../Engine/Content/EngineMaterials/Substrate/GLints/dict_16_192_64_0p5_0p02_0058_0009.uasset" 6691
"../../../Engine/Content/EngineMaterials/Substrate/GLints/dict_16_192_64_0p5_0p02_0058_0010.uasset" 6692
"../../../Engine/Content/EngineMaterials/Substrate/GLints/dict_16_192_64_0p5_0p02_0058_0011.uasset" 6693
"../../../Engine/Content/EngineMaterials/Substrate/GLints/dict_16_192_64_0p5_0p02_0058_0012.uasset" 6694
"../../../Engine/Content/EngineMaterials/Substrate/GLints/dict_16_192_64_0p5_0p02_0058_0013.uasset" 6695
"../../../Engine/Content/EngineMaterials/Substrate/GLints/dict_16_192_64_0p5_0p02_0058_0014.uasset" 6696
"../../../Engine/Content/EngineMaterials/Substrate/GLints/dict_16_192_64_0p5_0p02_0058_0015.uasset" 6697
"../../../Engine/Content/EngineMaterials/Substrate/GLints/dict_16_192_64_0p5_0p02_0059_0000.uasset" 6698
"../../../Engine/Content/EngineMaterials/Substrate/GLints/dict_16_192_64_0p5_0p02_0059_0001.uasset" 6699
"../../../Engine/Content/EngineMaterials/Substrate/GLints/dict_16_192_64_0p5_0p02_0059_0002.uasset" 6700
"../../../Engine/Content/EngineMaterials/Substrate/GLints/dict_16_192_64_0p5_0p02_0059_0003.uasset" 6701
"../../../Engine/Content/EngineMaterials/Substrate/GLints/dict_16_192_64_0p5_0p02_0059_0004.uasset" 6702
"../../../Engine/Content/EngineMaterials/Substrate/GLints/dict_16_192_64_0p5_0p02_0059_0005.uasset" 6703
"../../../Engine/Content/EngineMaterials/Substrate/GLints/dict_16_192_64_0p5_0p02_0059_0006.uasset" 6704
"../../../Engine/Content/EngineMaterials/Substrate/GLints/dict_16_192_64_0p5_0p02_0059_0007.uasset" 6705
"../../../Engine/Content/EngineMaterials/Substrate/GLints/dict_16_192_64_0p5_0p02_0059_0008.uasset" 6706
"../../../Engine/Content/EngineMaterials/Substrate/GLints/dict_16_192_64_0p5_0p02_0059_0009.uasset" 6707
"../../../Engine/Content/EngineMaterials/Substrate/GLints/dict_16_192_64_0p5_0p02_0059_0010.uasset" 6708
"../../../Engine/Content/EngineMaterials/Substrate/GLints/dict_16_192_64_0p5_0p02_0059_0011.uasset" 6709
"../../../Engine/Content/EngineMaterials/Substrate/GLints/dict_16_192_64_0p5_0p02_0059_0012.uasset" 6710
"../../../Engine/Content/EngineMaterials/Substrate/GLints/dict_16_192_64_0p5_0p02_0059_0013.uasset" 6711
"../../../Engine/Content/EngineMaterials/Substrate/GLints/dict_16_192_64_0p5_0p02_0059_0014.uasset" 6712
"../../../Engine/Content/EngineMaterials/Substrate/GLints/dict_16_192_64_0p5_0p02_0059_0015.uasset" 6713
"../../../Engine/Content/EngineMaterials/Substrate/GLints/dict_16_192_64_0p5_0p02_0060_0000.uasset" 6714
"../../../Engine/Content/EngineMaterials/Substrate/GLints/dict_16_192_64_0p5_0p02_0060_0001.uasset" 6715
"../../../Engine/Content/EngineMaterials/Substrate/GLints/dict_16_192_64_0p5_0p02_0060_0002.uasset" 6716
"../../../Engine/Content/EngineMaterials/Substrate/GLints/dict_16_192_64_0p5_0p02_0060_0003.uasset" 6717
"../../../Engine/Content/EngineMaterials/Substrate/GLints/dict_16_192_64_0p5_0p02_0060_0004.uasset" 6718
"../../../Engine/Content/EngineMaterials/Substrate/GLints/dict_16_192_64_0p5_0p02_0060_0005.uasset" 6719
"../../../Engine/Content/EngineMaterials/Substrate/GLints/dict_16_192_64_0p5_0p02_0060_0006.uasset" 6720
"../../../Engine/Content/EngineMaterials/Substrate/GLints/dict_16_192_64_0p5_0p02_0060_0007.uasset" 6721
"../../../Engine/Content/EngineMaterials/Substrate/GLints/dict_16_192_64_0p5_0p02_0060_0008.uasset" 6722
"../../../Engine/Content/EngineMaterials/Substrate/GLints/dict_16_192_64_0p5_0p02_0060_0009.uasset" 6723
"../../../Engine/Content/EngineMaterials/Substrate/GLints/dict_16_192_64_0p5_0p02_0060_0010.uasset" 6724
"../../../Engine/Content/EngineMaterials/Substrate/GLints/dict_16_192_64_0p5_0p02_0060_0011.uasset" 6725
"../../../Engine/Content/EngineMaterials/Substrate/GLints/dict_16_192_64_0p5_0p02_0060_0012.uasset" 6726
"../../../Engine/Content/EngineMaterials/Substrate/GLints/dict_16_192_64_0p5_0p02_0060_0013.uasset" 6727
"../../../Engine/Content/EngineMaterials/Substrate/GLints/dict_16_192_64_0p5_0p02_0060_0014.uasset" 6728
"../../../Engine/Content/EngineMaterials/Substrate/GLints/dict_16_192_64_0p5_0p02_0060_0015.uasset" 6729
"../../../Engine/Content/EngineMaterials/Substrate/GLints/dict_16_192_64_0p5_0p02_0061_0000.uasset" 6730
"../../../Engine/Content/EngineMaterials/Substrate/GLints/dict_16_192_64_0p5_0p02_0061_0001.uasset" 6731
"../../../Engine/Content/EngineMaterials/Substrate/GLints/dict_16_192_64_0p5_0p02_0061_0002.uasset" 6732
"../../../Engine/Content/EngineMaterials/Substrate/GLints/dict_16_192_64_0p5_0p02_0061_0003.uasset" 6733
"../../../Engine/Content/EngineMaterials/Substrate/GLints/dict_16_192_64_0p5_0p02_0061_0004.uasset" 6734
"../../../Engine/Content/EngineMaterials/Substrate/GLints/dict_16_192_64_0p5_0p02_0061_0005.uasset" 6735
"../../../Engine/Content/EngineMaterials/Substrate/GLints/dict_16_192_64_0p5_0p02_0061_0006.uasset" 6736
"../../../Engine/Content/EngineMaterials/Substrate/GLints/dict_16_192_64_0p5_0p02_0061_0007.uasset" 6737
"../../../Engine/Content/EngineMaterials/Substrate/GLints/dict_16_192_64_0p5_0p02_0061_0008.uasset" 6738
"../../../Engine/Content/EngineMaterials/Substrate/GLints/dict_16_192_64_0p5_0p02_0061_0009.uasset" 6739
"../../../Engine/Content/EngineMaterials/Substrate/GLints/dict_16_192_64_0p5_0p02_0061_0010.uasset" 6740
"../../../Engine/Content/EngineMaterials/Substrate/GLints/dict_16_192_64_0p5_0p02_0061_0011.uasset" 6741
"../../../Engine/Content/EngineMaterials/Substrate/GLints/dict_16_192_64_0p5_0p02_0061_0012.uasset" 6742
"../../../Engine/Content/EngineMaterials/Substrate/GLints/dict_16_192_64_0p5_0p02_0061_0013.uasset" 6743
"../../../Engine/Content/EngineMaterials/Substrate/GLints/dict_16_192_64_0p5_0p02_0061_0014.uasset" 6744
"../../../Engine/Content/EngineMaterials/Substrate/GLints/dict_16_192_64_0p5_0p02_0061_0015.uasset" 6745
"../../../Engine/Content/EngineMaterials/Substrate/GLints/dict_16_192_64_0p5_0p02_0062_0000.uasset" 6746
"../../../Engine/Content/EngineMaterials/Substrate/GLints/dict_16_192_64_0p5_0p02_0062_0001.uasset" 6747
"../../../Engine/Content/EngineMaterials/Substrate/GLints/dict_16_192_64_0p5_0p02_0062_0002.uasset" 6748
"../../../Engine/Content/EngineMaterials/Substrate/GLints/dict_16_192_64_0p5_0p02_0062_0003.uasset" 6749
"../../../Engine/Content/EngineMaterials/Substrate/GLints/dict_16_192_64_0p5_0p02_0062_0004.uasset" 6750
"../../../Engine/Content/EngineMaterials/Substrate/GLints/dict_16_192_64_0p5_0p02_0062_0005.uasset" 6751
"../../../Engine/Content/EngineMaterials/Substrate/GLints/dict_16_192_64_0p5_0p02_0062_0006.uasset" 6752
"../../../Engine/Content/EngineMaterials/Substrate/GLints/dict_16_192_64_0p5_0p02_0062_0007.uasset" 6753
"../../../Engine/Content/EngineMaterials/Substrate/GLints/dict_16_192_64_0p5_0p02_0062_0008.uasset" 6754
"../../../Engine/Content/EngineMaterials/Substrate/GLints/dict_16_192_64_0p5_0p02_0062_0009.uasset" 6755
"../../../Engine/Content/EngineMaterials/Substrate/GLints/dict_16_192_64_0p5_0p02_0062_0010.uasset" 6756
"../../../Engine/Content/EngineMaterials/Substrate/GLints/dict_16_192_64_0p5_0p02_0062_0011.uasset" 6757
"../../../Engine/Content/EngineMaterials/Substrate/GLints/dict_16_192_64_0p5_0p02_0062_0012.uasset" 6758
"../../../Engine/Content/EngineMaterials/Substrate/GLints/dict_16_192_64_0p5_0p02_0062_0013.uasset" 6759
"../../../Engine/Content/EngineMaterials/Substrate/GLints/dict_16_192_64_0p5_0p02_0062_0014.uasset" 6760
"../../../Engine/Content/EngineMaterials/Substrate/GLints/dict_16_192_64_0p5_0p02_0062_0015.uasset" 6761
"../../../Engine/Content/EngineMaterials/Substrate/GLints/dict_16_192_64_0p5_0p02_0063_0000.uasset" 6762
"../../../Engine/Content/EngineMaterials/Substrate/GLints/dict_16_192_64_0p5_0p02_0063_0001.uasset" 6763
"../../../Engine/Content/EngineMaterials/Substrate/GLints/dict_16_192_64_0p5_0p02_0063_0002.uasset" 6764
"../../../Engine/Content/EngineMaterials/Substrate/GLints/dict_16_192_64_0p5_0p02_0063_0003.uasset" 6765
"../../../Engine/Content/EngineMaterials/Substrate/GLints/dict_16_192_64_0p5_0p02_0063_0004.uasset" 6766
"../../../Engine/Content/EngineMaterials/Substrate/GLints/dict_16_192_64_0p5_0p02_0063_0005.uasset" 6767
"../../../Engine/Content/EngineMaterials/Substrate/GLints/dict_16_192_64_0p5_0p02_0063_0006.uasset" 6768
"../../../Engine/Content/EngineMaterials/Substrate/GLints/dict_16_192_64_0p5_0p02_0063_0007.uasset" 6769
"../../../Engine/Content/EngineMaterials/Substrate/GLints/dict_16_192_64_0p5_0p02_0063_0008.uasset" 6770
"../../../Engine/Content/EngineMaterials/Substrate/GLints/dict_16_192_64_0p5_0p02_0063_0009.uasset" 6771
"../../../Engine/Content/EngineMaterials/Substrate/GLints/dict_16_192_64_0p5_0p02_0063_0010.uasset" 6772
"../../../Engine/Content/EngineMaterials/Substrate/GLints/dict_16_192_64_0p5_0p02_0063_0011.uasset" 6773
"../../../Engine/Content/EngineMaterials/Substrate/GLints/dict_16_192_64_0p5_0p02_0063_0012.uasset" 6774
"../../../Engine/Content/EngineMaterials/Substrate/GLints/dict_16_192_64_0p5_0p02_0063_0013.uasset" 6775
"../../../Engine/Content/EngineMaterials/Substrate/GLints/dict_16_192_64_0p5_0p02_0063_0014.uasset" 6776
"../../../Engine/Content/EngineMaterials/Substrate/GLints/dict_16_192_64_0p5_0p02_0063_0015.uasset" 6777
"../../../Engine/Plugins/Animation/ControlRig/Content/Controls/ControlRig_Triangle_1mm.uasset" 6778
"../../../Engine/Plugins/Animation/ControlRig/Content/Controls/ControlRig_Star4_solid.uasset" 6779
"../../../Engine/Content/EditorBlueprintResources/StandardMacros.uasset" 6780
"../../../Engine/Plugins/Animation/ControlRig/Content/Controls/ControlRig_Star4_3mm.uasset" 6781
"../../../Engine/Plugins/Animation/ControlRig/Content/Controls/ControlRig_Star4_1mm.uasset" 6782
"../../../Engine/Plugins/Animation/ControlRig/Content/Controls/ControlRig_Square_solid.uasset" 6783
"../../../Engine/Plugins/Animation/ControlRig/Content/Controls/ControlRig_Square_3mm.uasset" 6784
"../../../Engine/Plugins/Animation/ControlRig/Content/Controls/ControlRig_Square_1mm.uasset" 6785
"../../../Engine/Plugins/Animation/ControlRig/Content/Controls/ControlRig_Sphere_3mm.uasset" 6786
"../../../Engine/Plugins/Animation/ControlRig/Content/Controls/ControlRig_Sphere_1mm.uasset" 6787
"../../../Engine/Plugins/Animation/ControlRig/Content/Controls/ControlRig_RoundedTriangle_solid.uasset" 6788
"../../../Engine/Plugins/Animation/ControlRig/Content/Controls/ControlRig_RoundedTriangle_3mm.uasset" 6789
"../../../Engine/Plugins/Animation/ControlRig/Content/Controls/ControlRig_RoundedTriangle_1mm.uasset" 6790
"../../../Engine/Plugins/Animation/ControlRig/Content/Controls/ControlRig_RoundedSquare_3mm.uasset" 6791
"../../../Engine/Plugins/Animation/ControlRig/Content/Controls/ControlRig_RoundedSquare_solid.uasset" 6792
"../../../Engine/Plugins/Animation/ControlRig/Content/Controls/ControlRig_RoundedSquare_1mm.uasset" 6793
"../../../Engine/Plugins/Animation/ControlRig/Content/Controls/ControlRig_Pyramid_1mm.uasset" 6794
"../../../Engine/Plugins/Animation/ControlRig/Content/Controls/ControlRig_QuarterCircle_1mm.uasset" 6795
"../../../Engine/Plugins/Animation/ControlRig/Content/Controls/ControlRig_Pyramid_3mm.uasset" 6796
"../../../Engine/Plugins/Animation/ControlRig/Content/Controls/ControlRig_QuarterCircle_3mm.uasset" 6797
"../../../Engine/Plugins/Animation/ControlRig/Content/Controls/ControlRig_Octagon_3mm.uasset" 6798
"../../../Engine/Plugins/Animation/ControlRig/Content/Controls/ControlRig_Octagon_solid.uasset" 6799
"../../../Engine/Plugins/Animation/ControlRig/Content/Controls/ControlRig_Pyramid_solid.uasset" 6800
"../../../Engine/Plugins/Animation/ControlRig/Content/Controls/ControlRig_QuarterCircle_solid.uasset" 6801
"../../../Engine/Plugins/Animation/ControlRig/Content/Controls/ControlRig_Octagon_1mm.uasset" 6802
"../../../Engine/Plugins/Animation/ControlRig/Content/Controls/ControlRig_Hexagon_solid.uasset" 6803
"../../../Engine/Plugins/Animation/ControlRig/Content/Controls/ControlRig_Hexagon_3mm.uasset" 6804
"../../../Engine/Plugins/Animation/ControlRig/Content/Controls/ControlRig_Hexagon_1mm.uasset" 6805
"../../../Engine/Plugins/Animation/ControlRig/Content/Controls/ControlRig_HalfCircle_solid.uasset" 6806
"../../../Engine/Plugins/Animation/ControlRig/Content/Controls/ControlRig_HalfCircle_3mm.uasset" 6807
"../../../Engine/Plugins/Animation/ControlRig/Content/Controls/ControlRig_HalfCircle_1mm.uasset" 6808
"../../../Engine/Plugins/Animation/ControlRig/Content/Controls/ControlRig_Diamond_3mm.uasset" 6809
"../../../Engine/Plugins/Animation/ControlRig/Content/Controls/ControlRig_Diamond_solid.uasset" 6810
"../../../Engine/Plugins/Animation/ControlRig/Content/Controls/ControlRig_Circle_solid.uasset" 6811
"../../../Engine/Plugins/Animation/ControlRig/Content/Controls/ControlRig_Diamond_1mm.uasset" 6812
"../../../Engine/Plugins/Animation/ControlRig/Content/Controls/ControlRig_Circle_3mm.uasset" 6813
"../../../Engine/Plugins/Animation/ControlRig/Content/Controls/ControlRig_Circle_1mm.uasset" 6814
"../../../Engine/Plugins/Animation/ControlRig/Content/Controls/ControlRig_Box_solid.uasset" 6815
"../../../Engine/Plugins/Animation/ControlRig/Content/Controls/ControlRig_Box_3mm.uasset" 6816
"../../../Engine/Plugins/Animation/ControlRig/Content/Controls/ControlRig_Box_1mm.uasset" 6817
"../../../Engine/Plugins/Animation/ControlRig/Content/Controls/ControlRig_Arrow_solid.uasset" 6818
"../../../Engine/Plugins/Animation/ControlRig/Content/Controls/ControlRig_Arrow_3mm.uasset" 6819
"../../../Engine/Plugins/Animation/ControlRig/Content/Controls/ControlRig_Arrow4_solid.uasset" 6820
"../../../Engine/Plugins/Animation/ControlRig/Content/Controls/ControlRig_Arrow_1mm.uasset" 6821
"../../../Engine/Plugins/Animation/ControlRig/Content/Controls/ControlRig_Arrow4_1mm.uasset" 6822
"../../../Engine/Plugins/Animation/ControlRig/Content/Controls/ControlRig_Arrow4_3mm.uasset" 6823
"../../../Engine/Plugins/Animation/ControlRig/Content/Controls/ControlRig_Arrow2_3mm.uasset" 6824
"../../../Engine/Plugins/Animation/ControlRig/Content/Controls/ControlRig_Arrow2_solid.uasset" 6825
"../../../Engine/Plugins/Animation/ControlRig/Content/Controls/ControlRig_Arrow2_1mm.uasset" 6826
"C:/Users/AlumnoM/Desktop/PINGUS/Juego/Penguin/Content/VehicleTemplate/Blueprints/True_kart3/R_Tras_IZ.uasset" 6827
"../../../Engine/Plugins/Animation/ControlRig/Content/Controls/ControlRig_Sphere_solid.uasset" 6828
"C:/Users/AlumnoM/Desktop/PINGUS/Juego/Penguin/Content/VehicleTemplate/Blueprints/True_kart3/R_Tras_DER.uasset" 6829
"C:/Users/AlumnoM/Desktop/PINGUS/Juego/Penguin/Content/VehicleTemplate/Blueprints/True_kart3/kart_rig_static.uasset" 6830
"C:/Users/AlumnoM/Desktop/PINGUS/Juego/Penguin/Content/VehicleTemplate/Blueprints/True_kart3/R_del_DER.uasset" 6831
"C:/Users/AlumnoM/Desktop/PINGUS/Juego/Penguin/Content/VehicleTemplate/Blueprints/True_kart3/chasis.uasset" 6832
"C:/Users/AlumnoM/Desktop/PINGUS/Juego/Penguin/Content/Tracks/Prueba_mapa2/BlokingCircuito3_01_Sphere_005.uasset" 6833
"C:/Users/AlumnoM/Desktop/PINGUS/Juego/Penguin/Content/Tracks/Prueba_mapa2/BlokingCircuito3_01_Sphere_001.uasset" 6834
"C:/Users/AlumnoM/Desktop/PINGUS/Juego/Penguin/Content/Tracks/Prueba_mapa2/BlokingCircuito3_01_Sphere_004.uasset" 6835
"C:/Users/AlumnoM/Desktop/PINGUS/Juego/Penguin/Content/Tracks/Prueba_mapa2/BlokingCircuito3_01_Sphere_003.uasset" 6836
"C:/Users/AlumnoM/Desktop/PINGUS/Juego/Penguin/Content/Tracks/Prueba_mapa2/BlokingCircuito3_01_Sphere.uasset" 6837
"C:/Users/AlumnoM/Desktop/PINGUS/Juego/Penguin/Content/VehicleTemplate/Blueprints/True_kart3/R_del_IZ.uasset" 6838
"C:/Users/AlumnoM/Desktop/PINGUS/Juego/Penguin/Content/Tracks/Prueba_mapa2/BlokingCircuito3_01_Plane_004.uasset" 6839
"C:/Users/AlumnoM/Desktop/PINGUS/Juego/Penguin/Content/Tracks/Prueba_mapa2/BlokingCircuito3_01_Plane_001.uasset" 6840
"C:/Users/AlumnoM/Desktop/PINGUS/Juego/Penguin/Content/Tracks/Prueba_mapa2/BlokingCircuito3_01_NurbsPath_002.uasset" 6841
"C:/Users/AlumnoM/Desktop/PINGUS/Juego/Penguin/Content/Tracks/Prueba_mapa2/BlokingCircuito3_01_Iceberg_01_pocho.uasset" 6842
"C:/Users/AlumnoM/Desktop/PINGUS/Juego/Penguin/Content/Tracks/Prueba_mapa2/BlokingCircuito3_01_Cylinder_027.uasset" 6843
"C:/Users/AlumnoM/Desktop/PINGUS/Juego/Penguin/Content/Tracks/Prueba_mapa2/BlokingCircuito3_01_Cylinder_026.uasset" 6844
"C:/Users/AlumnoM/Desktop/PINGUS/Juego/Penguin/Content/Tracks/Prueba_mapa2/BlokingCircuito3_01_Cylinder_025.uasset" 6845
"C:/Users/AlumnoM/Desktop/PINGUS/Juego/Penguin/Content/Tracks/Prueba_mapa2/BlokingCircuito3_01_Cylinder_024.uasset" 6846
"C:/Users/AlumnoM/Desktop/PINGUS/Juego/Penguin/Content/Tracks/Prueba_mapa2/BlokingCircuito3_01_Cylinder_023.uasset" 6847
"C:/Users/AlumnoM/Desktop/PINGUS/Juego/Penguin/Content/Tracks/Prueba_mapa2/BlokingCircuito3_01_Cylinder_022.uasset" 6848
"C:/Users/AlumnoM/Desktop/PINGUS/Juego/Penguin/Content/Tracks/Prueba_mapa2/BlokingCircuito3_01_Cylinder_021.uasset" 6849
"C:/Users/AlumnoM/Desktop/PINGUS/Juego/Penguin/Content/Tracks/Prueba_mapa2/BlokingCircuito3_01_Cylinder_020.uasset" 6850
"C:/Users/AlumnoM/Desktop/PINGUS/Juego/Penguin/Content/Tracks/Prueba_mapa2/BlokingCircuito3_01_Cylinder_019.uasset" 6851
"C:/Users/AlumnoM/Desktop/PINGUS/Juego/Penguin/Content/Tracks/Prueba_mapa2/BlokingCircuito3_01_Cylinder_018.uasset" 6852
"C:/Users/AlumnoM/Desktop/PINGUS/Juego/Penguin/Content/Tracks/Prueba_mapa2/BlokingCircuito3_01_Cylinder_017.uasset" 6853
"C:/Users/AlumnoM/Desktop/PINGUS/Juego/Penguin/Content/Tracks/Prueba_mapa2/BlokingCircuito3_01_Cylinder_016.uasset" 6854
"C:/Users/AlumnoM/Desktop/PINGUS/Juego/Penguin/Content/Tracks/Prueba_mapa2/BlokingCircuito3_01_Cylinder_015.uasset" 6855
"C:/Users/AlumnoM/Desktop/PINGUS/Juego/Penguin/Content/Tracks/Prueba_mapa2/BlokingCircuito3_01_Cylinder_014.uasset" 6856
"C:/Users/AlumnoM/Desktop/PINGUS/Juego/Penguin/Content/Tracks/Prueba_mapa2/BlokingCircuito3_01_Cylinder_013.uasset" 6857
"../../../../../../Users/AlumnoM/Desktop/PINGUS/Juego/Penguin/Content/VehicleTemplate/Blueprints/True_kart3/R_Tras_IZ.uasset" 6858
"../../../../../../Users/AlumnoM/Desktop/PINGUS/Juego/Penguin/Content/VehicleTemplate/Blueprints/True_kart3/R_Tras_DER.uasset" 6859
"C:/Users/AlumnoM/Desktop/PINGUS/Juego/Penguin/Content/Tracks/Prueba_mapa2/BlokingCircuito3_01_Cylinder_012.uasset" 6860
"C:/Users/AlumnoM/Desktop/PINGUS/Juego/Penguin/Content/Tracks/Prueba_mapa2/BlokingCircuito3_01_Cylinder_011.uasset" 6861
"C:/Users/AlumnoM/Desktop/PINGUS/Juego/Penguin/Content/Tracks/Prueba_mapa2/BlokingCircuito3_01_Cylinder_010.uasset" 6862
"C:/Users/AlumnoM/Desktop/PINGUS/Juego/Penguin/Content/Tracks/Prueba_mapa2/BlokingCircuito3_01_Cylinder_008.uasset" 6863
"C:/Users/AlumnoM/Desktop/PINGUS/Juego/Penguin/Content/Tracks/Prueba_mapa2/BlokingCircuito3_01_Cylinder_009.uasset" 6864
"C:/Users/AlumnoM/Desktop/PINGUS/Juego/Penguin/Content/Tracks/Prueba_mapa2/BlokingCircuito3_01_Cylinder_007.uasset" 6865
"C:/Users/AlumnoM/Desktop/PINGUS/Juego/Penguin/Content/Tracks/Prueba_mapa2/BlokingCircuito3_01_Cylinder_001.uasset" 6866
"C:/Users/AlumnoM/Desktop/PINGUS/Juego/Penguin/Content/Tracks/Prueba_mapa2/BlokingCircuito3_01_Cylinder.uasset" 6867
"../../../../../../Users/AlumnoM/Desktop/PINGUS/Juego/Penguin/Content/VehicleTemplate/Blueprints/True_kart3/R_del_IZ.uasset" 6868
"C:/Users/AlumnoM/Desktop/PINGUS/Juego/Penguin/Content/Tracks/Prueba_mapa2/BlokingCircuito3_01_Cube_011.uasset" 6869
"C:/Users/AlumnoM/Desktop/PINGUS/Juego/Penguin/Content/Tracks/Prueba_mapa2/BlokingCircuito3_01_Cube_012.uasset" 6870
"../../../../../../Users/AlumnoM/Desktop/PINGUS/Juego/Penguin/Content/VehicleTemplate/Blueprints/True_kart3/R_del_DER.uasset" 6871
"../../../../../../Users/AlumnoM/Desktop/PINGUS/Juego/Penguin/Content/VehicleTemplate/Blueprints/True_kart3/kart_rig_static.uasset" 6872
"C:/Users/AlumnoM/Desktop/PINGUS/Juego/Penguin/Content/Tracks/Prueba_mapa2/BlokingCircuito3_01_Cube_010.uasset" 6873
"../../../../../../Users/AlumnoM/Desktop/PINGUS/Juego/Penguin/Content/VehicleTemplate/Blueprints/True_kart3/chasis.uasset" 6874
"C:/Users/AlumnoM/Desktop/PINGUS/Juego/Penguin/Content/Tracks/Prueba_mapa2/BlokingCircuito3_01_Cube_009.uasset" 6875
"C:/Users/AlumnoM/Desktop/PINGUS/Juego/Penguin/Content/Tracks/Prueba_mapa2/BlokingCircuito3_01_Cube_008.uasset" 6876
"C:/Users/AlumnoM/Desktop/PINGUS/Juego/Penguin/Content/Tracks/Prueba_mapa2/BlokingCircuito3_01_Cube_007.uasset" 6877
"C:/Users/AlumnoM/Desktop/PINGUS/Juego/Penguin/Content/Tracks/Prueba_mapa2/BlokingCircuito3_01_Cube_006.uasset" 6878
"../../../../../../Users/AlumnoM/Desktop/PINGUS/Juego/Penguin/Content/Tracks/Prueba_mapa2/BlokingCircuito3_01_Sphere_005.uasset" 6879
"C:/Users/AlumnoM/Desktop/PINGUS/Juego/Penguin/Content/Tracks/Prueba_mapa2/BlokingCircuito3_01_Cube_004.uasset" 6880
"C:/Users/AlumnoM/Desktop/PINGUS/Juego/Penguin/Content/Tracks/Prueba_mapa2/BlokingCircuito3_01_Cube_005.uasset" 6881
"C:/Users/AlumnoM/Desktop/PINGUS/Juego/Penguin/Content/Tracks/mapa_02/props/all_aviones_Cylinder_028.uasset" 6882
"C:/Users/AlumnoM/Desktop/PINGUS/Juego/Penguin/Content/Tracks/mapa_02/props/all_aviones_Cylinder_005.uasset" 6883
"C:/Users/AlumnoM/Desktop/PINGUS/Juego/Penguin/Content/Tracks/mapa_02/props/all_aviones_Cylinder_004.uasset" 6884
"C:/Users/AlumnoM/Desktop/PINGUS/Juego/Penguin/Content/Tracks/mapa_02/props/all_aviones_Cylinder_003.uasset" 6885
"C:/Users/AlumnoM/Desktop/PINGUS/Juego/Penguin/Content/Tracks/mapa_02/props/all_aviones_Cylinder_002.uasset" 6886
"C:/Users/AlumnoM/Desktop/PINGUS/Juego/Penguin/Content/Tracks/mapa_02/props/avion_Cylinder_028.uasset" 6887
"C:/Users/AlumnoM/Desktop/PINGUS/Juego/Penguin/Content/Tracks/BlokingPrubaMapa2/Circuito_2_piezas/SUELOMAPA.uasset" 6888
"../../../../../../Users/AlumnoM/Desktop/PINGUS/Juego/Penguin/Content/Tracks/Prueba_mapa2/BlokingCircuito3_01_Sphere_004.uasset" 6889
"../../../../../../Users/AlumnoM/Desktop/PINGUS/Juego/Penguin/Content/Tracks/Prueba_mapa2/BlokingCircuito3_01_Sphere_001.uasset" 6890
"../../../../../../Users/AlumnoM/Desktop/PINGUS/Juego/Penguin/Content/Tracks/Prueba_mapa2/BlokingCircuito3_01_Sphere_003.uasset" 6891
"../../../../../../Users/AlumnoM/Desktop/PINGUS/Juego/Penguin/Content/Tracks/Prueba_mapa2/BlokingCircuito3_01_Sphere.uasset" 6892
"../../../../../../Users/AlumnoM/Desktop/PINGUS/Juego/Penguin/Content/Tracks/Prueba_mapa2/BlokingCircuito3_01_Plane_004.uasset" 6893
"../../../../../../Users/AlumnoM/Desktop/PINGUS/Juego/Penguin/Content/Tracks/Prueba_mapa2/BlokingCircuito3_01_Plane_001.uasset" 6894
"../../../../../../Users/AlumnoM/Desktop/PINGUS/Juego/Penguin/Content/Tracks/Prueba_mapa2/BlokingCircuito3_01_NurbsPath_002.uasset" 6895
"../../../../../../Users/AlumnoM/Desktop/PINGUS/Juego/Penguin/Content/Tracks/Prueba_mapa2/BlokingCircuito3_01_Iceberg_01_pocho.uasset" 6896
"../../../../../../Users/AlumnoM/Desktop/PINGUS/Juego/Penguin/Content/Tracks/Prueba_mapa2/BlokingCircuito3_01_Cylinder_026.uasset" 6897
"../../../../../../Users/AlumnoM/Desktop/PINGUS/Juego/Penguin/Content/Tracks/Prueba_mapa2/BlokingCircuito3_01_Cylinder_027.uasset" 6898
"../../../../../../Users/AlumnoM/Desktop/PINGUS/Juego/Penguin/Content/Tracks/Prueba_mapa2/BlokingCircuito3_01_Cylinder_025.uasset" 6899
"../../../../../../Users/AlumnoM/Desktop/PINGUS/Juego/Penguin/Content/Tracks/Prueba_mapa2/BlokingCircuito3_01_Cylinder_024.uasset" 6900
"../../../../../../Users/AlumnoM/Desktop/PINGUS/Juego/Penguin/Content/Tracks/Prueba_mapa2/BlokingCircuito3_01_Cylinder_023.uasset" 6901
"../../../../../../Users/AlumnoM/Desktop/PINGUS/Juego/Penguin/Content/Tracks/Prueba_mapa2/BlokingCircuito3_01_Cylinder_022.uasset" 6902
"../../../../../../Users/AlumnoM/Desktop/PINGUS/Juego/Penguin/Content/Tracks/Prueba_mapa2/BlokingCircuito3_01_Cylinder_021.uasset" 6903
"../../../../../../Users/AlumnoM/Desktop/PINGUS/Juego/Penguin/Content/Tracks/Prueba_mapa2/BlokingCircuito3_01_Cylinder_020.uasset" 6904
"../../../../../../Users/AlumnoM/Desktop/PINGUS/Juego/Penguin/Content/Tracks/Prueba_mapa2/BlokingCircuito3_01_Cylinder_019.uasset" 6905
"../../../../../../Users/AlumnoM/Desktop/PINGUS/Juego/Penguin/Content/Tracks/Prueba_mapa2/BlokingCircuito3_01_Cylinder_018.uasset" 6906
"../../../../../../Users/AlumnoM/Desktop/PINGUS/Juego/Penguin/Content/Tracks/Prueba_mapa2/BlokingCircuito3_01_Cylinder_017.uasset" 6907
"../../../../../../Users/AlumnoM/Desktop/PINGUS/Juego/Penguin/Content/Tracks/Prueba_mapa2/BlokingCircuito3_01_Cylinder_016.uasset" 6908
"../../../../../../Users/AlumnoM/Desktop/PINGUS/Juego/Penguin/Content/Tracks/Prueba_mapa2/BlokingCircuito3_01_Cylinder_015.uasset" 6909
"../../../../../../Users/AlumnoM/Desktop/PINGUS/Juego/Penguin/Content/Tracks/Prueba_mapa2/BlokingCircuito3_01_Cylinder_014.uasset" 6910
"../../../../../../Users/AlumnoM/Desktop/PINGUS/Juego/Penguin/Content/Tracks/Prueba_mapa2/BlokingCircuito3_01_Cylinder_013.uasset" 6911
"../../../../../../Users/AlumnoM/Desktop/PINGUS/Juego/Penguin/Content/Tracks/Prueba_mapa2/BlokingCircuito3_01_Cylinder_012.uasset" 6912
"../../../../../../Users/AlumnoM/Desktop/PINGUS/Juego/Penguin/Content/Tracks/Prueba_mapa2/BlokingCircuito3_01_Cylinder_011.uasset" 6913
"../../../../../../Users/AlumnoM/Desktop/PINGUS/Juego/Penguin/Content/Tracks/Prueba_mapa2/BlokingCircuito3_01_Cylinder_010.uasset" 6914
"../../../../../../Users/AlumnoM/Desktop/PINGUS/Juego/Penguin/Content/Tracks/Prueba_mapa2/BlokingCircuito3_01_Cylinder_009.uasset" 6915
"../../../../../../Users/AlumnoM/Desktop/PINGUS/Juego/Penguin/Content/Tracks/Prueba_mapa2/BlokingCircuito3_01_Cylinder_008.uasset" 6916
"../../../../../../Users/AlumnoM/Desktop/PINGUS/Juego/Penguin/Content/Tracks/Prueba_mapa2/BlokingCircuito3_01_Cylinder_007.uasset" 6917
"../../../../../../Users/AlumnoM/Desktop/PINGUS/Juego/Penguin/Content/Tracks/Prueba_mapa2/BlokingCircuito3_01_Cylinder_001.uasset" 6918
"../../../../../../Users/AlumnoM/Desktop/PINGUS/Juego/Penguin/Content/Tracks/Prueba_mapa2/BlokingCircuito3_01_Cylinder.uasset" 6919
"../../../../../../Users/AlumnoM/Desktop/PINGUS/Juego/Penguin/Content/Tracks/Prueba_mapa2/BlokingCircuito3_01_Cube_012.uasset" 6920
"../../../../../../Users/AlumnoM/Desktop/PINGUS/Juego/Penguin/Content/Tracks/Prueba_mapa2/BlokingCircuito3_01_Cube_011.uasset" 6921
"../../../../../../Users/AlumnoM/Desktop/PINGUS/Juego/Penguin/Content/Tracks/Prueba_mapa2/BlokingCircuito3_01_Cube_010.uasset" 6922
"../../../../../../Users/AlumnoM/Desktop/PINGUS/Juego/Penguin/Content/Tracks/Prueba_mapa2/BlokingCircuito3_01_Cube_009.uasset" 6923
"../../../../../../Users/AlumnoM/Desktop/PINGUS/Juego/Penguin/Content/Tracks/Prueba_mapa2/BlokingCircuito3_01_Cube_008.uasset" 6924
"../../../../../../Users/AlumnoM/Desktop/PINGUS/Juego/Penguin/Content/Tracks/Prueba_mapa2/BlokingCircuito3_01_Cube_007.uasset" 6925
"../../../../../../Users/AlumnoM/Desktop/PINGUS/Juego/Penguin/Content/Tracks/Prueba_mapa2/BlokingCircuito3_01_Cube_006.uasset" 6926
"../../../../../../Users/AlumnoM/Desktop/PINGUS/Juego/Penguin/Content/Tracks/Prueba_mapa2/BlokingCircuito3_01_Cube_005.uasset" 6927
"../../../../../../Users/AlumnoM/Desktop/PINGUS/Juego/Penguin/Content/Tracks/Prueba_mapa2/BlokingCircuito3_01_Cube_004.uasset" 6928
"C:/Users/AlumnoM/Desktop/PINGUS/Juego/Penguin/Content/Tracks/BlokingPrubaMapa2/BlokingCircuito_02_SegundaPrueba_Landscape.uasset" 6929
"C:/Users/AlumnoM/Desktop/PINGUS/Juego/Penguin/Content/Tracks/BlokingPrubaMapa2/BlokingCircuito_02_SegundaPrueba_Cube_006.uasset" 6930
"C:/Users/AlumnoM/Desktop/PINGUS/Juego/Penguin/Content/Tracks/BlokingPrubaMapa2/Circuito_2_piezas/MAPA.uasset" 6931
"C:/Users/AlumnoM/Desktop/PINGUS/Juego/Penguin/Content/Tracks/Blocking_prueba/Portaaviones.uasset" 6932
"C:/Users/AlumnoM/Desktop/PINGUS/Juego/Penguin/Content/Tracks/BlokingPrubaMapa2/BlokingCircuito_02_SegundaPrueba_Cube.uasset" 6933
"C:/Users/AlumnoM/Desktop/PINGUS/Juego/Penguin/Content/Tracks/Blocking_3/BlokingCircuito3_Barco_001.uasset" 6934
"C:/Users/AlumnoM/Desktop/PINGUS/Juego/Penguin/Content/Tracks/Blocking_prueba/Carretera.uasset" 6935
"C:/Users/AlumnoM/Desktop/PINGUS/Juego/Penguin/Content/Tracks/Blocking_prueba/BlokingCircuito2.uasset" 6936
"C:/Users/AlumnoM/Desktop/PINGUS/Juego/Penguin/Content/StarterContent/Props/MaterialSphere.uasset" 6937
"C:/Users/AlumnoM/Desktop/PINGUS/Juego/Penguin/Content/Tracks/Blocking_3/BlokingCircuito3_Barco.uasset" 6938
"C:/Users/AlumnoM/Desktop/PINGUS/Juego/Penguin/Content/Props/ramp_Test/Ramp_Test.uasset" 6939
"C:/Users/AlumnoM/Desktop/PINGUS/Juego/Penguin/Content/Props/Box/Caja_Madera_UV_P.uasset" 6940
"C:/Users/AlumnoM/Desktop/PINGUS/Juego/Penguin/Content/VehicleTemplate/Blueprints/True_kart3/ABP_Steering.uasset" 6941
"C:/Users/AlumnoM/Desktop/PINGUS/Juego/Penguin/Content/Vehicles/SportsCar/Materials/MI_SportsCar_Wheel.uasset" 6942
"C:/Users/AlumnoM/Desktop/PINGUS/Juego/Penguin/Content/StarterContent/Blueprints/Assets/SM_Arrows.uasset" 6943
"C:/Users/AlumnoM/Desktop/PINGUS/Juego/Penguin/Content/Vehicles/SportsCar/Materials/MI_SportsCar_Body.uasset" 6944
"C:/Users/AlumnoM/Desktop/PINGUS/Juego/Penguin/Content/Vehicles/OffroadCar/Materials/MI_OffroadCar_Seats.uasset" 6945
"C:/Users/AlumnoM/Desktop/PINGUS/Juego/Penguin/Content/Vehicles/OffroadCar/Materials/MI_OffroadCar_Suspension.uasset" 6946
"C:/Users/AlumnoM/Desktop/PINGUS/Juego/Penguin/Content/Tracks/mapa_02/poortaviones_02_Plane_009.uasset" 6947
"C:/Users/AlumnoM/Desktop/PINGUS/Juego/Penguin/Content/Tracks/mapa_02/poortaviones_01_Plane_008.uasset" 6948
"C:/Users/AlumnoM/Desktop/PINGUS/Juego/Penguin/Content/Vehicles/SportsCar/Materials/MI_SportsCar_Tire.uasset" 6949
"C:/Users/AlumnoM/Desktop/PINGUS/Juego/Penguin/Content/Vehicles/OffroadCar/Materials/MI_OffroadCar_Main.uasset" 6950
"C:/Users/AlumnoM/Desktop/PINGUS/Juego/Penguin/Content/Vehicles/OffroadCar/SM_Offroad_Tire.uasset" 6951
"C:/Users/AlumnoM/Desktop/PINGUS/Juego/Penguin/Content/Vehicles/OffroadCar/Materials/MI_OffroadCar_Wheel.uasset" 6952
"C:/Users/AlumnoM/Desktop/PINGUS/Juego/Penguin/Content/StarterContent/Props/SM_TableRound.uasset" 6953
"C:/Users/AlumnoM/Desktop/PINGUS/Juego/Penguin/Content/StarterContent/Particles/P_Steam_Lit.uasset" 6954
"C:/Users/AlumnoM/Desktop/PINGUS/Juego/Penguin/Content/StarterContent/Props/SM_Shelf.uasset" 6955
"C:/Users/AlumnoM/Desktop/PINGUS/Juego/Penguin/Content/StarterContent/Props/SM_Lamp_Wall.uasset" 6956
"C:/Users/AlumnoM/Desktop/PINGUS/Juego/Penguin/Content/StarterContent/Particles/P_Smoke.uasset" 6957
"C:/Users/AlumnoM/Desktop/PINGUS/Juego/Penguin/Content/StarterContent/Props/SM_Lamp_Ceiling.uasset" 6958
"C:/Users/AlumnoM/Desktop/PINGUS/Juego/Penguin/Content/StarterContent/Props/SM_Statue.uasset" 6959
"C:/Users/AlumnoM/Desktop/PINGUS/Juego/Penguin/Content/StarterContent/Props/SM_PillarFrame300.uasset" 6960
"C:/Users/AlumnoM/Desktop/PINGUS/Juego/Penguin/Content/StarterContent/Props/SM_PillarFrame.uasset" 6961
"C:/Users/AlumnoM/Desktop/PINGUS/Juego/Penguin/Content/StarterContent/Props/SM_WindowFrame.uasset" 6962
"C:/Users/AlumnoM/Desktop/PINGUS/Juego/Penguin/Content/StarterContent/Props/SM_CornerFrame.uasset" 6963
"C:/Users/AlumnoM/Desktop/PINGUS/Juego/Penguin/Content/StarterContent/Props/SM_DoorFrame.uasset" 6964
"C:/Users/AlumnoM/Desktop/PINGUS/Juego/Penguin/Content/StarterContent/Props/SM_Door.uasset" 6965
"C:/Users/AlumnoM/Desktop/PINGUS/Juego/Penguin/Content/StarterContent/Particles/P_Ambient_Dust.uasset" 6966
"C:/Users/AlumnoM/Desktop/PINGUS/Juego/Penguin/Content/StarterContent/Props/SM_Couch.uasset" 6967
"../../../../../../Users/AlumnoM/Desktop/PINGUS/Juego/Penguin/Content/Tracks/BlokingPrubaMapa2/BlokingCircuito_02_SegundaPrueba_Landscape.uasset" 6968
"../../../../../../Users/AlumnoM/Desktop/PINGUS/Juego/Penguin/Content/Tracks/BlokingPrubaMapa2/BlokingCircuito_02_SegundaPrueba_Cube_006.uasset" 6969
"../../../../../../Users/AlumnoM/Desktop/PINGUS/Juego/Penguin/Content/Tracks/Blocking_prueba/Portaaviones.uasset" 6970
"../../../../../../Users/AlumnoM/Desktop/PINGUS/Juego/Penguin/Content/Tracks/Blocking_prueba/BlokingCircuito2.uasset" 6971
"../../../../../../Users/AlumnoM/Desktop/PINGUS/Juego/Penguin/Content/Tracks/Blocking_3/BlokingCircuito3_Barco.uasset" 6972
"C:/Users/AlumnoM/Desktop/PINGUS/Juego/Penguin/Content/StarterContent/Props/SM_Bush.uasset" 6973
"C:/Users/AlumnoM/Desktop/PINGUS/Juego/Penguin/Content/StarterContent/Props/SM_Chair.uasset" 6974
"C:/Users/AlumnoM/Desktop/PINGUS/Juego/Penguin/Content/Levels/LevelSelector.umap" 6975
"C:/Users/AlumnoM/Desktop/PINGUS/Juego/Penguin/Content/Menus/MainMenu/Main_Menu.uasset" 6976
"C:/Users/AlumnoM/Desktop/PINGUS/Juego/Penguin/Content/Track/MI_TrackEdge.uasset" 6977
"C:/Users/AlumnoM/Desktop/PINGUS/Juego/Penguin/Content/LevelPrototyping/Meshes/SM_ChamferCube.uasset" 6978
"C:/Users/AlumnoM/Desktop/PINGUS/Juego/Penguin/Content/StarterContent/Props/SM_Rock.uasset" 6979
"C:/Users/AlumnoM/Desktop/PINGUS/Juego/Penguin/Content/StarterContent/Particles/P_Explosion.uasset" 6980
"C:/Users/AlumnoM/Desktop/PINGUS/Juego/Penguin/Content/StarterContent/Particles/P_Sparks.uasset" 6981
"C:/Users/AlumnoM/Desktop/PINGUS/Juego/Penguin/Content/StarterContent/Blueprints/Assets/M_LightStage_Skybox_HDRI.uasset" 6982
"C:/Users/AlumnoM/Desktop/PINGUS/Juego/Penguin/Content/StarterContent/Blueprints/Assets/M_LightStage_Skybox_Black.uasset" 6983
"C:/Users/AlumnoM/Desktop/PINGUS/Juego/Penguin/Content/LevelPrototyping/Materials/MF_ProcGrid.uasset" 6984
"../../../Engine/Plugins/Interchange/Runtime/Content/gltf/M_Unlit.uasset" 6985
"../../../Engine/Content/EditorMeshes/ColorCalibrator/SM_ColorCalibrator.uasset" 6986
"C:/Users/AlumnoM/Desktop/PINGUS/Juego/Penguin/Content/StarterContent/Particles/P_Fire.uasset" 6987
"../../../Engine/Plugins/Interchange/Runtime/Content/Functions/MX_OpenPBR_Opaque.uasset" 6988
"../../../Engine/Content/EngineSky/SM_SkySphere.uasset" 6989
"../../../Engine/Plugins/Interchange/Runtime/Content/Functions/MX_TransmissionSurface.uasset" 6990
"../../../Engine/Content/EditorMaterials/Thumbnails/SkySphereMaterial.uasset" 6991
"C:/Users/AlumnoM/Desktop/PINGUS/Juego/Penguin/Content/Vehicles/SportsCar/Materials/MI_SportsCar_Chassis.uasset" 6992
"C:/Users/AlumnoM/Desktop/PINGUS/Juego/Penguin/Content/Tracks/Blocking_prueba/circuito.uasset" 6993
"C:/Users/AlumnoM/Desktop/PINGUS/Juego/Penguin/Content/Vehicles/OffroadCar/SM_Offroad_Body.uasset" 6994
"C:/Users/AlumnoM/Desktop/PINGUS/Juego/Penguin/Content/Vehicles/OffroadCar/SKM_Offroad.uasset" 6995
"C:/Users/AlumnoM/Desktop/PINGUS/Juego/Penguin/Content/StarterContent/Blueprints/Blueprint_Effect_Steam.uasset" 6996
"C:/Users/AlumnoM/Desktop/PINGUS/Juego/Penguin/Content/StarterContent/Blueprints/Blueprint_Effect_Smoke.uasset" 6997
"C:/Users/AlumnoM/Desktop/PINGUS/Juego/Penguin/Content/Menus/PauseMenu/PauseMenu.uasset" 6998
"C:/Users/AlumnoM/Desktop/PINGUS/Juego/Penguin/Content/StarterContent/Blueprints/Blueprint_WallSconce.uasset" 6999
"C:/Users/AlumnoM/Desktop/PINGUS/Juego/Penguin/Content/Levels/MainMenu.umap" 7000
"C:/Users/AlumnoM/Desktop/PINGUS/Juego/Penguin/Content/StarterContent/Blueprints/Blueprint_CeilingLight.uasset" 7001
"C:/Users/AlumnoM/Desktop/PINGUS/Juego/Penguin/Content/Menus/Main_Menu.uasset" 7002
"C:/Users/AlumnoM/Desktop/PINGUS/Juego/Penguin/Content/Track/SM_Track_10M.uasset" 7003
"C:/Users/AlumnoM/Desktop/PINGUS/Juego/Penguin/Content/StarterContent/Blueprints/Blueprint_Effect_Explosion.uasset" 7004
"C:/Users/AlumnoM/Desktop/PINGUS/Juego/Penguin/Content/StarterContent/Blueprints/Blueprint_Effect_Sparks.uasset" 7005
"../../../../../../Users/AlumnoM/Desktop/PINGUS/Juego/Penguin/Content/Levels/LevelSelector.umap" 7006
"C:/Users/AlumnoM/Desktop/PINGUS/Juego/Penguin/Content/StarterContent/Blueprints/Blueprint_Effect_Fire.uasset" 7007
"C:/Users/AlumnoM/Desktop/PINGUS/Juego/Penguin/Content/StarterContent/Maps/Minimal_Default.umap" 7008
"C:/Users/AlumnoM/Desktop/PINGUS/Juego/Penguin/Content/LevelPrototyping/Materials/M_PrototypeGrid.uasset" 7009
"../../../Engine/Plugins/Interchange/Runtime/Content/gltf/MaterialInstances/MI_Unlit_Mask_DS.uasset" 7010
"../../../Engine/Plugins/Interchange/Runtime/Content/gltf/MaterialInstances/MI_Unlit_Blend_DS.uasset" 7011
"../../../Engine/Plugins/Interchange/Runtime/Content/gltf/MaterialInstances/MI_Unlit_Opaque_DS.uasset" 7012
"../../../Engine/Plugins/Interchange/Runtime/Content/gltf/MaterialInstances/MI_Unlit_Blend.uasset" 7013
"../../../Engine/Plugins/Interchange/Runtime/Content/gltf/MaterialInstances/MI_Unlit_Opaque.uasset" 7014
"../../../Engine/Plugins/Interchange/Runtime/Content/Functions/MX_OpenPBR_Translucent.uasset" 7015
"../../../Engine/Plugins/Interchange/Runtime/Content/gltf/MaterialInstances/MI_Unlit_Mask.uasset" 7016
"C:/Users/AlumnoM/Desktop/PINGUS/Juego/Penguin/Content/StarterContent/Blueprints/Assets/Skybox.uasset" 7017
"C:/Users/AlumnoM/Desktop/PINGUS/Juego/Penguin/Content/Vehicles/SportsCar/StaticMesh.uasset" 7018
"C:/Users/AlumnoM/Desktop/PINGUS/Juego/Penguin/Content/Vehicles/SportsCar/kart_skel.uasset" 7019
"C:/Users/AlumnoM/Desktop/PINGUS/Juego/Penguin/Content/Vehicles/SportsCar/SKM_SportsCar.uasset" 7020
"C:/Users/AlumnoM/Desktop/PINGUS/Juego/Penguin/Content/LevelPrototyping/Materials/MI_PrototypeGrid_TopDark.uasset" 7021
"C:/Users/AlumnoM/Desktop/PINGUS/Juego/Penguin/Content/StarterContent/Maps/StarterMap.umap" 7022
"C:/Users/AlumnoM/Desktop/PINGUS/Juego/Penguin/Content/LevelPrototyping/Materials/MI_PrototypeGrid_Gray_02.uasset" 7023
"C:/Users/AlumnoM/Desktop/PINGUS/Juego/Penguin/Content/LevelPrototyping/Materials/MI_PrototypeGrid_Gray.uasset" 7024
"../../../Engine/Plugins/Interchange/Runtime/Content/gltf/M_Transmission.uasset" 7025
"../../../Engine/Plugins/Interchange/Runtime/Content/gltf/M_Sheen.uasset" 7026
"../../../Engine/Plugins/Interchange/Runtime/Content/gltf/M_SpecularGlossiness.uasset" 7027
"../../../../../../Users/AlumnoM/Desktop/PINGUS/Juego/Penguin/Content/Vehicles/OffroadCar/SKM_Offroad.uasset" 7028
"../../../Engine/Plugins/Interchange/Runtime/Content/gltf/M_ClearCoat.uasset" 7029
"../../../Engine/Plugins/Interchange/Runtime/Content/gltf/M_Default.uasset" 7030
"C:/Users/AlumnoM/Desktop/PINGUS/Juego/Penguin/Content/StarterContent/Blueprints/BP_LightStudio.uasset" 7031
"C:/Users/AlumnoM/Desktop/PINGUS/Juego/Penguin/Content/VehicleTemplate/Blueprints/kart_test1.uasset" 7032
"../../../../../../Users/AlumnoM/Desktop/PINGUS/Juego/Penguin/Content/Levels/MainMenu.umap" 7033
"C:/Users/AlumnoM/Desktop/PINGUS/Juego/Penguin/Content/LevelPrototyping/Meshes/SM_Ramp.uasset" 7034
"C:/Users/AlumnoM/Desktop/PINGUS/Juego/Penguin/Content/LevelPrototyping/Meshes/SM_QuarterCylinder.uasset" 7035
"C:/Users/AlumnoM/Desktop/PINGUS/Juego/Penguin/Content/LevelPrototyping/Meshes/SM_Cylinder.uasset" 7036
"C:/Users/AlumnoM/Desktop/PINGUS/Juego/Penguin/Content/LevelPrototyping/Meshes/SM_Cube.uasset" 7037
"../../../Engine/Plugins/Interchange/Runtime/Content/gltf/MaterialInstances/MI_SpecularGlossiness_Blend_DS.uasset" 7038
"../../../Engine/Plugins/Interchange/Runtime/Content/gltf/MaterialInstances/MI_SpecularGlossiness_Mask_DS.uasset" 7039
"../../../Engine/Plugins/Interchange/Runtime/Content/gltf/MaterialInstances/MI_SpecularGlossiness_Opaque_DS.uasset" 7040
"../../../Engine/Plugins/Interchange/Runtime/Content/gltf/MaterialInstances/MI_SpecularGlossiness_Blend.uasset" 7041
"../../../../../../Users/AlumnoM/Desktop/PINGUS/Juego/Penguin/Content/StarterContent/Maps/Minimal_Default.umap" 7042
"../../../Engine/Plugins/Interchange/Runtime/Content/gltf/MaterialInstances/MI_SpecularGlossiness_Mask.uasset" 7043
"../../../Engine/Plugins/Interchange/Runtime/Content/gltf/MaterialInstances/MI_Transmission.uasset" 7044
"../../../Engine/Plugins/Interchange/Runtime/Content/gltf/MaterialInstances/MI_SpecularGlossiness_Opaque.uasset" 7045
"../../../Engine/Plugins/Interchange/Runtime/Content/gltf/MaterialInstances/MI_Transmission_DS.uasset" 7046
"../../../Engine/Plugins/Interchange/Runtime/Content/gltf/MaterialInstances/MI_Sheen_Mask_DS.uasset" 7047
"../../../Engine/Plugins/Interchange/Runtime/Content/gltf/MaterialInstances/MI_Sheen_Blend_DS.uasset" 7048
"../../../Engine/Content/EditorResources/EmptyActor.uasset" 7049
"../../../Engine/Content/EditorResources/AudioIcons/S_AudioComponent_AutoActivate.uasset" 7050
"../../../Engine/Plugins/Interchange/Runtime/Content/gltf/MaterialInstances/MI_Sheen_Opaque_DS.uasset" 7051
"../../../Engine/Plugins/Interchange/Runtime/Content/gltf/MaterialInstances/MI_Sheen_Blend.uasset" 7052
"../../../../../../Users/AlumnoM/Desktop/PINGUS/Juego/Penguin/Content/Vehicles/SportsCar/StaticMesh.uasset" 7053
"../../../Engine/Plugins/Interchange/Runtime/Content/gltf/MaterialInstances/MI_Sheen_Mask.uasset" 7054
"../../../Engine/Plugins/Interchange/Runtime/Content/gltf/MaterialInstances/MI_Sheen_Opaque.uasset" 7055
"../../../Engine/Plugins/Interchange/Runtime/Content/gltf/MaterialInstances/MI_ClearCoat_Blend_DS.uasset" 7056
"../../../../../../Users/AlumnoM/Desktop/PINGUS/Juego/Penguin/Content/Vehicles/SportsCar/SKM_SportsCar.uasset" 7057
"../../../Engine/Plugins/Interchange/Runtime/Content/gltf/MaterialInstances/MI_ClearCoat_Mask_DS.uasset" 7058
"../../../Engine/Plugins/Interchange/Runtime/Content/gltf/MaterialInstances/MI_ClearCoat_Opaque_DS.uasset" 7059
"../../../../../../Users/AlumnoM/Desktop/PINGUS/Juego/Penguin/Content/StarterContent/Maps/StarterMap.umap" 7060
"../../../Engine/Content/EditorResources/AudioIcons/S_AudioComponent.uasset" 7061
"../../../Engine/Plugins/Interchange/Runtime/Content/gltf/MaterialInstances/MI_ClearCoat_Blend.uasset" 7062
"../../../Engine/Plugins/Interchange/Runtime/Content/gltf/MaterialInstances/MI_ClearCoat_Mask.uasset" 7063
"../../../Engine/Plugins/Interchange/Runtime/Content/gltf/MaterialInstances/MI_Default_Blend_DS.uasset" 7064
"../../../Engine/Plugins/Interchange/Runtime/Content/gltf/MaterialInstances/MI_ClearCoat_Opaque.uasset" 7065
"../../../Engine/Plugins/Interchange/Runtime/Content/gltf/MaterialInstances/MI_Default_Mask_DS.uasset" 7066
"../../../Engine/Plugins/Interchange/Runtime/Content/gltf/MaterialInstances/MI_Default_Opaque_DS.uasset" 7067
"../../../Engine/Plugins/Interchange/Runtime/Content/gltf/MaterialInstances/MI_Default_Blend.uasset" 7068
"../../../Engine/Plugins/Interchange/Runtime/Content/gltf/MaterialInstances/MI_Default_Mask.uasset" 7069
"../../../Engine/Plugins/Interchange/Runtime/Content/gltf/MaterialInstances/MI_Default_Opaque.uasset" 7070
"C:/Users/AlumnoM/Desktop/PINGUS/Juego/Penguin/Content/StarterContent/Maps/Advanced_Lighting.umap" 7071
"../../../Engine/Content/EngineSounds/Submixes/MasterSubmixDefault.uasset" 7072
"../../../Engine/Content/EngineSounds/Submixes/MasterEQSubmixDefault.uasset" 7073
"C:/Users/AlumnoM/Desktop/PINGUS/Juego/Penguin/Content/VehicleTemplate/Blueprints/Countdown/BP_invwall.uasset" 7074
"../../../Engine/Content/EngineSounds/Submixes/MasterReverbSubmixDefault.uasset" 7075
"C:/Users/AlumnoM/Desktop/PINGUS/Juego/Penguin/Content/VehicleTemplate/Blueprints/Kart3/Kart3.uasset" 7076
"C:/Users/AlumnoM/Desktop/PINGUS/Juego/Penguin/Content/VehicleTemplate/Blueprints/True_kart3/ABP_Kart.uasset" 7077
"C:/Users/AlumnoM/Desktop/PINGUS/Juego/Penguin/Content/VehicleTemplate/Blueprints/timer/WinScreen.uasset" 7078
"C:/Users/AlumnoM/Desktop/PINGUS/Juego/Penguin/Content/VehicleTemplate/Blueprints/timer/Timer.uasset" 7079
"C:/Users/AlumnoM/Desktop/PINGUS/Juego/Penguin/Content/Tracks/BlokingPrubaMapa2/Death.uasset" 7080
"C:/Users/AlumnoM/Desktop/PINGUS/Juego/Penguin/Content/VehicleTemplate/Blueprints/timer/BP_PauseTimer.uasset" 7081
"C:/Users/AlumnoM/Desktop/PINGUS/Juego/Penguin/Content/VehicleTemplate/Blueprints/VehicleUI.uasset" 7082
"C:/Users/AlumnoM/Desktop/PINGUS/Juego/Penguin/Content/VehicleTemplate/Blueprints/VehicleAdvPawn.uasset" 7083
"C:/Users/AlumnoM/Desktop/PINGUS/Juego/Penguin/Content/VehicleTemplate/Blueprints/SportsCar/SportsCar_Pawn.uasset" 7084
"C:/Users/AlumnoM/Desktop/PINGUS/Juego/Penguin/Content/VehicleTemplate/Blueprints/OffroadCar/OffroadCar_Pawn.uasset" 7085
"C:/Users/AlumnoM/Desktop/PINGUS/Juego/Penguin/Content/Props/Boost/BP_Boost.uasset" 7086
"C:/Users/AlumnoM/Desktop/PINGUS/Juego/Penguin/Content/Props/Box/Box_BP.uasset" 7087
"C:/Users/AlumnoM/Desktop/PINGUS/Juego/Penguin/Content/VehicleTemplate/Blueprints/VehiclePlayerController.uasset" 7088
"C:/Users/AlumnoM/Desktop/PINGUS/Juego/Penguin/Content/VehicleTemplate/Blueprints/BP_PauseTimer.uasset" 7089
"C:/Users/AlumnoM/Desktop/PINGUS/Juego/Penguin/Content/Levels/build/Level1.umap" 7090
"C:/Users/AlumnoM/Desktop/PINGUS/Juego/Penguin/Content/VehicleTemplate/Blueprints/VehicleAdvGameMode.uasset" 7091
"C:/Users/AlumnoM/Desktop/PINGUS/Juego/Penguin/Content/Levels/Level3.umap" 7092
"C:/Users/AlumnoM/Desktop/PINGUS/Juego/Penguin/Content/VehicleTemplate/Maps/VehicleExampleMap.umap" 7093
"C:/Users/AlumnoM/Desktop/PINGUS/Juego/Penguin/Content/Levels/UI.umap" 7094
"C:/Users/AlumnoM/Desktop/PINGUS/Juego/Penguin/Content/Levels/TestLevel.umap" 7095
"C:/Users/AlumnoM/Desktop/PINGUS/Juego/Penguin/Content/Levels/Level2.umap" 7096
"C:/Users/AlumnoM/Desktop/PINGUS/Juego/Penguin/Content/VehicleTemplate/Blueprints/OffroadGameMode.uasset" 7097
"C:/Users/AlumnoM/Desktop/PINGUS/Juego/Penguin/Content/Level3.umap" 7098
"C:/Users/AlumnoM/Desktop/PINGUS/Juego/Penguin/Content/__ExternalObjects__/Levels/Level3/B/5H/RIEHKQYUMWNHYLK8FZNPU5.uasset" 7099
"C:/Users/AlumnoM/Desktop/PINGUS/Juego/Penguin/Content/__ExternalObjects__/Levels/Level3/E/VN/XX2IM8G319C8YIUHL8KOPW.uasset" 7100
"C:/Users/AlumnoM/Desktop/PINGUS/Juego/Penguin/Content/__ExternalObjects__/Levels/Level3/D/KK/ZBS759NCCEBST3Z8BELCIW.uasset" 7101
"../../../../../../Users/AlumnoM/Desktop/PINGUS/Juego/Penguin/Content/StarterContent/Maps/Advanced_Lighting.umap" 7102
"C:/Users/AlumnoM/Desktop/PINGUS/Juego/Penguin/Content/__ExternalObjects__/Levels/Level3/5/E4/UITYQY7MNTPOL5Q8H2EDB3.uasset" 7103
"C:/Users/AlumnoM/Desktop/PINGUS/Juego/Penguin/Content/__ExternalObjects__/Levels/Level3/4/OG/KDBUV1E2YPC7T59EK6X1UC.uasset" 7104
"C:/Users/AlumnoM/Desktop/PINGUS/Juego/Penguin/Content/__ExternalObjects__/VehicleTemplate/Maps/VehicleExampleMap/5/BP/7ZZR3F8VA42X0Y8GY9FR5F.uasset" 7105
"C:/Users/AlumnoM/Desktop/PINGUS/Juego/Penguin/Content/__ExternalObjects__/VehicleTemplate/Maps/VehicleExampleMap/7/BV/OUXRJD33RXC9NIDYKFJB62.uasset" 7106
"C:/Users/AlumnoM/Desktop/PINGUS/Juego/Penguin/Content/__ExternalObjects__/Levels/Level3/1/XK/AG6UFAULXZ1JZGPNDGEDJR.uasset" 7107
"C:/Users/AlumnoM/Desktop/PINGUS/Juego/Penguin/Content/__ExternalObjects__/VehicleTemplate/Maps/VehicleExampleMap/8/HH/AY6CLBSAHJ7OA3GAJGYOOZ.uasset" 7108
"C:/Users/AlumnoM/Desktop/PINGUS/Juego/Penguin/Content/__ExternalObjects__/VehicleTemplate/Maps/VehicleExampleMap/1/XO/X6RBKU252RP7CZ9VXF9MR1.uasset" 7109
"C:/Users/AlumnoM/Desktop/PINGUS/Juego/Penguin/Content/__ExternalObjects__/VehicleTemplate/Maps/VehicleExampleMap/3/XY/OU7YANIF0KNUVHCR6XLSE7.uasset" 7110
"../../../Engine/Content/EditorResources/LightIcons/S_LightError.uasset" 7111
"C:/Users/AlumnoM/Desktop/PINGUS/Juego/Penguin/Content/__ExternalObjects__/Levels/build/Level1/E/NY/MBG7PMUEUKC34GKA1QCFM4.uasset" 7112
"C:/Users/AlumnoM/Desktop/PINGUS/Juego/Penguin/Content/Levels/Level1.umap" 7113
"C:/Users/AlumnoM/Desktop/PINGUS/Juego/Penguin/Content/__ExternalObjects__/VehicleTemplate/Maps/VehicleExampleMap/0/IW/DAKW2A6SCQ6ZK9Q92M368D.uasset" 7114
"C:/Users/AlumnoM/Desktop/PINGUS/Juego/Penguin/Content/__ExternalObjects__/Levels/build/Level1/9/C4/O8TWNSM0IG506KV0QO95U2.uasset" 7115
"C:/Users/AlumnoM/Desktop/PINGUS/Juego/Penguin/Content/__ExternalObjects__/Levels/build/Level1/7/7E/5DIXZYH3Q0PJRJHWWK0V8Z.uasset" 7116
"C:/Users/AlumnoM/Desktop/PINGUS/Juego/Penguin/Content/__ExternalObjects__/Levels/build/Level1/5/WE/XRVM7U8ORRF7BC4S22EYF4.uasset" 7117
"C:/Users/AlumnoM/Desktop/PINGUS/Juego/Penguin/Content/__ExternalObjects__/Levels/build/Level1/3/X4/7PQ57R9WRKC7TW4W6MUXKL.uasset" 7118
"C:/Users/AlumnoM/Desktop/PINGUS/Juego/Penguin/Content/__ExternalObjects__/Levels/build/Level1/2/Z6/S9YSAXSW0ZPD2CWPL194G5.uasset" 7119
"C:/Users/AlumnoM/Desktop/PINGUS/Juego/Penguin/Content/__ExternalObjects__/Levels/UI/D/QH/Q1R2ICEL0WYS7QGW4G10WT.uasset" 7120
"C:/Users/AlumnoM/Desktop/PINGUS/Juego/Penguin/Content/__ExternalObjects__/Levels/UI/D/AF/6W2PVI8H1FS61Q7JGO2DP9.uasset" 7121
"C:/Users/AlumnoM/Desktop/PINGUS/Juego/Penguin/Content/__ExternalObjects__/Levels/UI/A/EK/CHVGH2NEJ802Z5SCY7ZWP5.uasset" 7122
"C:/Users/AlumnoM/Desktop/PINGUS/Juego/Penguin/Content/__ExternalObjects__/Levels/UI/8/6R/R9N2HZ82NI7GPX13I1J6YL.uasset" 7123
"C:/Users/AlumnoM/Desktop/PINGUS/Juego/Penguin/Content/__ExternalObjects__/Levels/UI/4/3D/WJU5CFG80BRQNUMABV30QT.uasset" 7124
"../../../../../../Users/AlumnoM/Desktop/PINGUS/Juego/Penguin/Content/__ExternalActors__/Levels/Level3/D/6K/K9E4OYB00OR52EKO8RVWPB.uasset" 7125
"../../../Engine/Content/Maps/Templates/HLODs/HLODLayer_Instanced.uasset" 7126
"C:/Users/AlumnoM/Desktop/PINGUS/Juego/Penguin/Content/__ExternalObjects__/Levels/UI/3/W9/SQFFTL07R0UVRRSL2HW23R.uasset" 7127
"../../../Engine/Content/Maps/Templates/HLODs/HLODLayer_Merged.uasset" 7128
"../../../../../../Users/AlumnoM/Desktop/PINGUS/Juego/Penguin/Content/__ExternalActors__/VehicleTemplate/Maps/VehicleExampleMap/3/8Z/8O4O20NVAUFW84ZP4YO7II.uasset" 7129
"../../../../../../Users/AlumnoM/Desktop/PINGUS/Juego/Penguin/Content/__ExternalActors__/Levels/build/Level1/E/PJ/T3PCQJFB47TNXI881AXDYQ.uasset" 7130
"C:/Users/AlumnoM/Desktop/PINGUS/Juego/Penguin/Content/__ExternalObjects__/Levels/TestLevel/D/N6/MNOVW0AV4UL02FKW67S9LY.uasset" 7131
"C:/Users/AlumnoM/Desktop/PINGUS/Juego/Penguin/Content/TestLevel.umap" 7132
"../../../../../../Users/AlumnoM/Desktop/PINGUS/Juego/Penguin/Content/__ExternalActors__/Levels/UI/8/2Z/ENPQKET4AMAH9IKED2EZNE.uasset" 7133
"../../../../../../Users/AlumnoM/Desktop/PINGUS/Juego/Penguin/Content/__ExternalActors__/Levels/Level3/0/3Q/4FAQTML9FNMAVDI21TKQOB.uasset" 7134
"../../../Engine/Content/OpenWorldTemplate/HLOD/HLOD0_Instancing.uasset" 7135
"../../../../../../Users/AlumnoM/Desktop/PINGUS/Juego/Penguin/Content/__ExternalActors__/Levels/Level3/0/9V/XDBBR2Y524A2PKP30X30AB.uasset" 7136
"../../../../../../Users/AlumnoM/Desktop/PINGUS/Juego/Penguin/Content/__ExternalActors__/Levels/Level3/0/D3/S4KQDAPXG6TJ7NDZ6AN59U.uasset" 7137
"../../../../../../Users/AlumnoM/Desktop/PINGUS/Juego/Penguin/Content/__ExternalActors__/Levels/Level3/0/DJ/B88O5N0DA3UKXNNQF8ZGRG.uasset" 7138
"../../../../../../Users/AlumnoM/Desktop/PINGUS/Juego/Penguin/Content/__ExternalActors__/Levels/Level3/0/F8/Z768SSIDDJX4OW0QZQZJ08.uasset" 7139
"../../../../../../Users/AlumnoM/Desktop/PINGUS/Juego/Penguin/Content/__ExternalActors__/Levels/Level3/0/JN/I2ALMO9GSNA2NAO78H2SK1.uasset" 7140
"../../../../../../Users/AlumnoM/Desktop/PINGUS/Juego/Penguin/Content/__ExternalActors__/Levels/Level3/0/PO/E415MZRWQN50FUV8SXSKHL.uasset" 7141
"../../../../../../Users/AlumnoM/Desktop/PINGUS/Juego/Penguin/Content/__ExternalActors__/Levels/Level3/0/RU/XQ0RHI49WXIG9CMQS9NFYY.uasset" 7142
"../../../../../../Users/AlumnoM/Desktop/PINGUS/Juego/Penguin/Content/__ExternalActors__/Levels/Level3/1/14/3L0WNKLEQR4XSXMNCKFD2G.uasset" 7143
"../../../../../../Users/AlumnoM/Desktop/PINGUS/Juego/Penguin/Content/__ExternalActors__/Levels/Level3/1/6T/ZBJ0GG74PFNSQDM4ZV7112.uasset" 7144
"../../../../../../Users/AlumnoM/Desktop/PINGUS/Juego/Penguin/Content/__ExternalActors__/Levels/Level3/1/8L/ZYKJU6XH60RZ4C3GB796PD.uasset" 7145
"../../../../../../Users/AlumnoM/Desktop/PINGUS/Juego/Penguin/Content/__ExternalActors__/Levels/Level3/1/K3/M2L8Y4EUY8DXC5O087C87A.uasset" 7146
"../../../../../../Users/AlumnoM/Desktop/PINGUS/Juego/Penguin/Content/__ExternalActors__/Levels/Level3/1/NY/Q358F2DCUXAR2NXHKZU71C.uasset" 7147
"../../../../../../Users/AlumnoM/Desktop/PINGUS/Juego/Penguin/Content/__ExternalActors__/Levels/Level3/2/01/WOQHYZC8ZWPXYFAYXIODM4.uasset" 7148
"../../../../../../Users/AlumnoM/Desktop/PINGUS/Juego/Penguin/Content/__ExternalActors__/Levels/Level3/2/2G/6ZQDBSB0KRFKE7RB2ZQS96.uasset" 7149
"../../../../../../Users/AlumnoM/Desktop/PINGUS/Juego/Penguin/Content/__ExternalActors__/Levels/Level3/2/39/HFGK53KU1OTO2BEWYDHSLJ.uasset" 7150
"../../../../../../Users/AlumnoM/Desktop/PINGUS/Juego/Penguin/Content/__ExternalActors__/Levels/Level3/2/K1/BGV1D95ZG3WYQYUYO39YPH.uasset" 7151
"../../../../../../Users/AlumnoM/Desktop/PINGUS/Juego/Penguin/Content/__ExternalActors__/Levels/Level3/2/TC/2XH0K6KQK7SEBLR0IDF8D8.uasset" 7152
"../../../../../../Users/AlumnoM/Desktop/PINGUS/Juego/Penguin/Content/__ExternalActors__/Levels/Level3/2/X9/S7MV31FSETP05WFRSP1WFW.uasset" 7153
"../../../../../../Users/AlumnoM/Desktop/PINGUS/Juego/Penguin/Content/__ExternalActors__/Levels/Level3/3/80/SLGI13E4YZY0KWRP35ESCQ.uasset" 7154
"../../../../../../Users/AlumnoM/Desktop/PINGUS/Juego/Penguin/Content/__ExternalActors__/Levels/Level3/3/EV/OPNXFWZVD7SBVHDVE5RHLG.uasset" 7155
"../../../../../../Users/AlumnoM/Desktop/PINGUS/Juego/Penguin/Content/__ExternalActors__/Levels/Level3/3/GV/VXB9EYM3TWLLQ40XOW50TD.uasset" 7156
"../../../../../../Users/AlumnoM/Desktop/PINGUS/Juego/Penguin/Content/__ExternalActors__/Levels/Level3/3/SB/FZWJQ1WAQY37U3MORCSHJF.uasset" 7157
"../../../../../../Users/AlumnoM/Desktop/PINGUS/Juego/Penguin/Content/__ExternalActors__/Levels/Level3/3/Y5/1U0LR0YYA9K7DHCEG9HPUN.uasset" 7158
"../../../../../../Users/AlumnoM/Desktop/PINGUS/Juego/Penguin/Content/__ExternalActors__/Levels/Level3/4/0Y/TSQO4KV4T22B0PF4HBG35N.uasset" 7159
"../../../../../../Users/AlumnoM/Desktop/PINGUS/Juego/Penguin/Content/__ExternalActors__/Levels/Level3/4/EI/QGSRCIB555VRM3ISHHA4D9.uasset" 7160
"../../../../../../Users/AlumnoM/Desktop/PINGUS/Juego/Penguin/Content/__ExternalActors__/Levels/Level3/4/RY/TO9UY339VRBAPUV3626MZF.uasset" 7161
"../../../../../../Users/AlumnoM/Desktop/PINGUS/Juego/Penguin/Content/__ExternalActors__/Levels/Level3/4/T0/BSA6MMAP37XK3XAGY2XREA.uasset" 7162
"../../../../../../Users/AlumnoM/Desktop/PINGUS/Juego/Penguin/Content/__ExternalActors__/Levels/Level3/4/VB/37CXCZE9OCLYQ47TFF07JK.uasset" 7163
"../../../../../../Users/AlumnoM/Desktop/PINGUS/Juego/Penguin/Content/__ExternalActors__/Levels/Level3/4/YD/GQF11CPD6PRGSGAH9XMHKX.uasset" 7164
"../../../../../../Users/AlumnoM/Desktop/PINGUS/Juego/Penguin/Content/__ExternalActors__/Levels/Level3/4/YY/12OLKOM5RPI3XESCOKPFS7.uasset" 7165
"../../../../../../Users/AlumnoM/Desktop/PINGUS/Juego/Penguin/Content/__ExternalActors__/Levels/Level3/5/7U/WT11P24KE1X0NM9SDV1KN7.uasset" 7166
"../../../../../../Users/AlumnoM/Desktop/PINGUS/Juego/Penguin/Content/__ExternalActors__/Levels/Level3/5/AR/F7DIV380XB6Z07W2K1NKQY.uasset" 7167
"../../../../../../Users/AlumnoM/Desktop/PINGUS/Juego/Penguin/Content/__ExternalActors__/Levels/Level3/6/2U/NE55E2ZO51B9KC0ZHW4TJP.uasset" 7168
"../../../../../../Users/AlumnoM/Desktop/PINGUS/Juego/Penguin/Content/__ExternalActors__/Levels/Level3/6/9F/3L3R17ELD03Y0GBEX4XFL3.uasset" 7169
"../../../../../../Users/AlumnoM/Desktop/PINGUS/Juego/Penguin/Content/__ExternalActors__/Levels/Level3/6/M4/77WLT20GN0TQC01N2C9YUZ.uasset" 7170
"../../../../../../Users/AlumnoM/Desktop/PINGUS/Juego/Penguin/Content/__ExternalActors__/Levels/Level3/6/NX/EEH5VBLTDN7URC4EUGVINI.uasset" 7171
"../../../../../../Users/AlumnoM/Desktop/PINGUS/Juego/Penguin/Content/__ExternalActors__/Levels/Level3/7/BL/TOQNB1ORALC6WVQL8W920K.uasset" 7172
"../../../../../../Users/AlumnoM/Desktop/PINGUS/Juego/Penguin/Content/__ExternalActors__/Levels/Level3/7/G1/Y8MTST0KTS3X54ERGO0EH4.uasset" 7173
"../../../../../../Users/AlumnoM/Desktop/PINGUS/Juego/Penguin/Content/__ExternalActors__/Levels/Level3/7/ZG/ZKBRS4CC434Z471JLO24DO.uasset" 7174
"../../../../../../Users/AlumnoM/Desktop/PINGUS/Juego/Penguin/Content/__ExternalActors__/Levels/Level3/8/BN/RDBWONBHF3V79M4K9MYKVI.uasset" 7175
"../../../../../../Users/AlumnoM/Desktop/PINGUS/Juego/Penguin/Content/__ExternalActors__/Levels/Level3/8/FQ/1LUSWISQ3K064GQXLPNCUW.uasset" 7176
"../../../../../../Users/AlumnoM/Desktop/PINGUS/Juego/Penguin/Content/__ExternalActors__/Levels/Level3/8/MP/SDBQ9SWZ85XFUHVP9ZUFCC.uasset" 7177
"../../../../../../Users/AlumnoM/Desktop/PINGUS/Juego/Penguin/Content/__ExternalActors__/Levels/Level3/8/OV/XGUI0WJ3VNCXBHZLI68XR5.uasset" 7178
"../../../../../../Users/AlumnoM/Desktop/PINGUS/Juego/Penguin/Content/__ExternalActors__/Levels/Level3/9/DO/AMM31Z0MHMVRJ2GU26YPGU.uasset" 7179
"../../../../../../Users/AlumnoM/Desktop/PINGUS/Juego/Penguin/Content/__ExternalActors__/Levels/Level3/9/FV/KV6WM7SCYH2UZFSJAZZZSD.uasset" 7180
"../../../../../../Users/AlumnoM/Desktop/PINGUS/Juego/Penguin/Content/__ExternalActors__/Levels/Level3/9/HK/28PH67SMBC4IK0IHH34J7Y.uasset" 7181
"../../../Engine/Content/OpenWorldTemplate/LandscapeMaterial/M_ProcGrid.uasset" 7182
"../../../Engine/Content/Functions/Engine_MaterialFunctions03/Blends/Blend_Overlay.uasset" 7183
"../../../Engine/Content/OpenWorldTemplate/LandscapeMaterial/MF_ProcGrid.uasset" 7184
"../../../Engine/Content/OpenWorldTemplate/LandscapeMaterial/T_GridChecker_A.uasset" 7185
"../../../../../../Users/AlumnoM/Desktop/PINGUS/Juego/Penguin/Content/__ExternalActors__/Levels/Level3/9/SA/Q2NB75N0S3QF30NXZGHQ3Q.uasset" 7186
"../../../../../../Users/AlumnoM/Desktop/PINGUS/Juego/Penguin/Content/__ExternalActors__/Levels/Level3/A/22/XVNXOZ9NGYN5EG2FU7OYIM.uasset" 7187
"../../../../../../Users/AlumnoM/Desktop/PINGUS/Juego/Penguin/Content/__ExternalActors__/Levels/Level3/A/HJ/WJX5US4X6XKF2YEMVG970S.uasset" 7188
"../../../../../../Users/AlumnoM/Desktop/PINGUS/Juego/Penguin/Content/__ExternalActors__/Levels/Level3/A/JD/B03G0WSI0Z22QOKY5FDUXU.uasset" 7189
"../../../../../../Users/AlumnoM/Desktop/PINGUS/Juego/Penguin/Content/__ExternalActors__/Levels/Level3/A/LN/F6MFTM8ODCF2IY2HXFUSMP.uasset" 7190
"../../../../../../Users/AlumnoM/Desktop/PINGUS/Juego/Penguin/Content/__ExternalActors__/Levels/Level3/A/P1/TH0BSY7IUZ5XCNI338YYBS.uasset" 7191
"../../../../../../Users/AlumnoM/Desktop/PINGUS/Juego/Penguin/Content/__ExternalActors__/Levels/Level3/A/VD/3TXSD8PECR8ALV2B2ZTAV6.uasset" 7192
"../../../../../../Users/AlumnoM/Desktop/PINGUS/Juego/Penguin/Content/__ExternalActors__/Levels/Level3/B/0F/S3RICSLRWN4LCK7OTOCPRY.uasset" 7193
"../../../../../../Users/AlumnoM/Desktop/PINGUS/Juego/Penguin/Content/__ExternalActors__/Levels/Level3/B/1M/KGONPJHWL5EP5OC6Q917JP.uasset" 7194
"../../../../../../Users/AlumnoM/Desktop/PINGUS/Juego/Penguin/Content/__ExternalActors__/Levels/Level3/B/LG/46XE5BQCB3O398JSZRDP0Q.uasset" 7195
"../../../../../../Users/AlumnoM/Desktop/PINGUS/Juego/Penguin/Content/__ExternalActors__/Levels/Level3/B/T8/64IUPORCOPB9AR3RCFYA8A.uasset" 7196
"../../../../../../Users/AlumnoM/Desktop/PINGUS/Juego/Penguin/Content/__ExternalActors__/Levels/Level3/B/WB/4CRJA65PUVRYY6WMNRSAID.uasset" 7197
"../../../../../../Users/AlumnoM/Desktop/PINGUS/Juego/Penguin/Content/__ExternalActors__/Levels/Level3/B/WE/4DBQ3MRZAWWGF955NVTWC8.uasset" 7198
"../../../../../../Users/AlumnoM/Desktop/PINGUS/Juego/Penguin/Content/__ExternalActors__/Levels/Level3/B/YH/IZY6OF0L2S2Q9VSA52X4F0.uasset" 7199
"../../../../../../Users/AlumnoM/Desktop/PINGUS/Juego/Penguin/Content/__ExternalActors__/Levels/Level3/C/L4/CSWSR2MWFGT6CEKA3JCYMT.uasset" 7200
"../../../../../../Users/AlumnoM/Desktop/PINGUS/Juego/Penguin/Content/__ExternalActors__/Levels/Level3/C/O5/PEOEWSGVWAXEYGB02FMRXQ.uasset" 7201
"../../../../../../Users/AlumnoM/Desktop/PINGUS/Juego/Penguin/Content/__ExternalActors__/Levels/Level3/C/VJ/SUE7R4G6BSMR2EWHLYALL1.uasset" 7202
"../../../../../../Users/AlumnoM/Desktop/PINGUS/Juego/Penguin/Content/__ExternalActors__/Levels/Level3/D/MY/4G0UKU46JK6PTVHMS1TUWV.uasset" 7203
"../../../../../../Users/AlumnoM/Desktop/PINGUS/Juego/Penguin/Content/__ExternalActors__/Levels/Level3/D/RF/8PNF6DHI89CF0X3YJU60E2.uasset" 7204
"../../../../../../Users/AlumnoM/Desktop/PINGUS/Juego/Penguin/Content/__ExternalActors__/Levels/Level3/E/35/K8VFTZ01VGSP8XI93P2CTZ.uasset" 7205
"../../../../../../Users/AlumnoM/Desktop/PINGUS/Juego/Penguin/Content/__ExternalActors__/Levels/Level3/E/FR/SZ2AFX3WRDQXTFENJ6MANR.uasset" 7206
"../../../../../../Users/AlumnoM/Desktop/PINGUS/Juego/Penguin/Content/__ExternalActors__/Levels/Level3/E/R6/Z4DQ6432VFUATKMJ0UU7FK.uasset" 7207
"../../../../../../Users/AlumnoM/Desktop/PINGUS/Juego/Penguin/Content/__ExternalActors__/Levels/Level3/E/VS/VVGLKIPVF33US7T1ZL6QSO.uasset" 7208
"../../../../../../Users/AlumnoM/Desktop/PINGUS/Juego/Penguin/Content/__ExternalActors__/Levels/Level3/E/XB/HDLN96YDBWLZBSK8LBTYID.uasset" 7209
"../../../../../../Users/AlumnoM/Desktop/PINGUS/Juego/Penguin/Content/__ExternalActors__/Levels/Level3/F/4T/ATXHY864EXMOLEP6KRTNID.uasset" 7210
"../../../../../../Users/AlumnoM/Desktop/PINGUS/Juego/Penguin/Content/Levels/Level3.umap" 7211
"../../../../../../Users/AlumnoM/Desktop/PINGUS/Juego/Penguin/Content/__ExternalActors__/VehicleTemplate/Maps/VehicleExampleMap/1/0G/S09YAH4R8CMVDMZ7A20STZ.uasset" 7212
"../../../../../../Users/AlumnoM/Desktop/PINGUS/Juego/Penguin/Content/__ExternalActors__/VehicleTemplate/Maps/VehicleExampleMap/1/6T/LR1OAKEVJOOPQRQLMJQ8VD.uasset" 7213
"../../../../../../Users/AlumnoM/Desktop/PINGUS/Juego/Penguin/Content/__ExternalActors__/VehicleTemplate/Maps/VehicleExampleMap/2/KA/641DILFS056EAGXA96WARU.uasset" 7214
"../../../../../../Users/AlumnoM/Desktop/PINGUS/Juego/Penguin/Content/__ExternalActors__/VehicleTemplate/Maps/VehicleExampleMap/2/M5/B1Z4KPTFV1L2EREMS5IW1R.uasset" 7215
"../../../../../../Users/AlumnoM/Desktop/PINGUS/Juego/Penguin/Content/__ExternalActors__/VehicleTemplate/Maps/VehicleExampleMap/3/I5/39QMOMX0SBF5P8WX11O0V6.uasset" 7216
"../../../../../../Users/AlumnoM/Desktop/PINGUS/Juego/Penguin/Content/__ExternalActors__/VehicleTemplate/Maps/VehicleExampleMap/3/LO/35SUB29C3KQDMIXSHRFU72.uasset" 7217
"../../../../../../Users/AlumnoM/Desktop/PINGUS/Juego/Penguin/Content/__ExternalActors__/VehicleTemplate/Maps/VehicleExampleMap/3/WW/FO9B6T5LMMCOKJG4HCFNL1.uasset" 7218
"../../../../../../Users/AlumnoM/Desktop/PINGUS/Juego/Penguin/Content/__ExternalActors__/VehicleTemplate/Maps/VehicleExampleMap/4/7Y/WQ1G94TAXTE1YVN2INDKQ5.uasset" 7219
"../../../../../../Users/AlumnoM/Desktop/PINGUS/Juego/Penguin/Content/__ExternalActors__/VehicleTemplate/Maps/VehicleExampleMap/4/LP/UZ50PDVAY299IMPNI9D2JC.uasset" 7220
"../../../../../../Users/AlumnoM/Desktop/PINGUS/Juego/Penguin/Content/__ExternalActors__/VehicleTemplate/Maps/VehicleExampleMap/6/5F/XF4I335A0ZC3JZABUGNH8V.uasset" 7221
"../../../../../../Users/AlumnoM/Desktop/PINGUS/Juego/Penguin/Content/__ExternalActors__/VehicleTemplate/Maps/VehicleExampleMap/6/6F/90YXPX4WNUXSOU6QSZTB4Z.uasset" 7222
"../../../../../../Users/AlumnoM/Desktop/PINGUS/Juego/Penguin/Content/__ExternalActors__/VehicleTemplate/Maps/VehicleExampleMap/6/OV/83W7IXH4TGHRI72ZDV4BUN.uasset" 7223
"../../../../../../Users/AlumnoM/Desktop/PINGUS/Juego/Penguin/Content/__ExternalActors__/VehicleTemplate/Maps/VehicleExampleMap/6/S7/2NX9ZP7Z2SEKB8KO5J9VC2.uasset" 7224
"../../../../../../Users/AlumnoM/Desktop/PINGUS/Juego/Penguin/Content/__ExternalActors__/VehicleTemplate/Maps/VehicleExampleMap/7/1I/OT9DJDE92979DG6EGP8MFO.uasset" 7225
"../../../../../../Users/AlumnoM/Desktop/PINGUS/Juego/Penguin/Content/__ExternalActors__/VehicleTemplate/Maps/VehicleExampleMap/7/6B/35BADYNNBJZPEYUTHJKTQU.uasset" 7226
"../../../../../../Users/AlumnoM/Desktop/PINGUS/Juego/Penguin/Content/__ExternalActors__/VehicleTemplate/Maps/VehicleExampleMap/7/J6/FATC6RSAGYSG8G4CTB1IAT.uasset" 7227
"../../../../../../Users/AlumnoM/Desktop/PINGUS/Juego/Penguin/Content/__ExternalActors__/VehicleTemplate/Maps/VehicleExampleMap/7/WI/5NFX0QG7YV9FB54TNR4PT1.uasset" 7228
"../../../../../../Users/AlumnoM/Desktop/PINGUS/Juego/Penguin/Content/__ExternalActors__/VehicleTemplate/Maps/VehicleExampleMap/8/7I/3MDWLRKOOP7YK7A21TNTQR.uasset" 7229
"../../../../../../Users/AlumnoM/Desktop/PINGUS/Juego/Penguin/Content/__ExternalActors__/VehicleTemplate/Maps/VehicleExampleMap/8/KH/7UZTS1KQ9C3D8VCY0LU7D4.uasset" 7230
"../../../../../../Users/AlumnoM/Desktop/PINGUS/Juego/Penguin/Content/__ExternalActors__/VehicleTemplate/Maps/VehicleExampleMap/8/VZ/RO3QWXLUI0FCFWSB7PRWYH.uasset" 7231
"../../../../../../Users/AlumnoM/Desktop/PINGUS/Juego/Penguin/Content/__ExternalActors__/VehicleTemplate/Maps/VehicleExampleMap/9/5Q/R91HTPJGCTT11W21J2XSVY.uasset" 7232
"../../../../../../Users/AlumnoM/Desktop/PINGUS/Juego/Penguin/Content/__ExternalActors__/VehicleTemplate/Maps/VehicleExampleMap/9/6V/Y43952I6PADWYXPC2BKZKZ.uasset" 7233
"../../../../../../Users/AlumnoM/Desktop/PINGUS/Juego/Penguin/Content/__ExternalActors__/VehicleTemplate/Maps/VehicleExampleMap/9/AS/SNXJ32J6N7JYCE9WY3FQ40.uasset" 7234
"../../../../../../Users/AlumnoM/Desktop/PINGUS/Juego/Penguin/Content/__ExternalActors__/VehicleTemplate/Maps/VehicleExampleMap/9/NC/X5FY5G6NYCW5E554TE5F5H.uasset" 7235
"../../../../../../Users/AlumnoM/Desktop/PINGUS/Juego/Penguin/Content/__ExternalActors__/VehicleTemplate/Maps/VehicleExampleMap/9/Q4/V758X99SGCELUD0EM4HK4G.uasset" 7236
"../../../../../../Users/AlumnoM/Desktop/PINGUS/Juego/Penguin/Content/__ExternalActors__/VehicleTemplate/Maps/VehicleExampleMap/A/H0/LYTDGJWOH7OXH2EDGARXVB.uasset" 7237
"../../../../../../Users/AlumnoM/Desktop/PINGUS/Juego/Penguin/Content/__ExternalActors__/VehicleTemplate/Maps/VehicleExampleMap/B/S4/39R99VDAXF7X1T8FW5O7G5.uasset" 7238
"../../../../../../Users/AlumnoM/Desktop/PINGUS/Juego/Penguin/Content/__ExternalActors__/VehicleTemplate/Maps/VehicleExampleMap/B/UP/HM3YG02LLRWGD06ZK1PRPJ.uasset" 7239
"../../../../../../Users/AlumnoM/Desktop/PINGUS/Juego/Penguin/Content/__ExternalActors__/VehicleTemplate/Maps/VehicleExampleMap/B/VA/BP3BNYMRT7OCWW3Q3M2ZTR.uasset" 7240
"../../../../../../Users/AlumnoM/Desktop/PINGUS/Juego/Penguin/Content/__ExternalActors__/VehicleTemplate/Maps/VehicleExampleMap/B/YQ/6ZY6AZDIK5OLM3ZZZ50M14.uasset" 7241
"../../../../../../Users/AlumnoM/Desktop/PINGUS/Juego/Penguin/Content/__ExternalActors__/VehicleTemplate/Maps/VehicleExampleMap/C/30/EXEN8BYTWNFPJJRLE00CJ2.uasset" 7242
"../../../../../../Users/AlumnoM/Desktop/PINGUS/Juego/Penguin/Content/__ExternalActors__/VehicleTemplate/Maps/VehicleExampleMap/C/3W/RB6196BR3NVWEX5183BKEN.uasset" 7243
"../../../../../../Users/AlumnoM/Desktop/PINGUS/Juego/Penguin/Content/__ExternalActors__/VehicleTemplate/Maps/VehicleExampleMap/C/76/YJP85A4P2ZE6QYF4TIS7MO.uasset" 7244
"../../../../../../Users/AlumnoM/Desktop/PINGUS/Juego/Penguin/Content/__ExternalActors__/VehicleTemplate/Maps/VehicleExampleMap/C/AF/MLY9I86HX9QWYKXXZP0XHN.uasset" 7245
"../../../../../../Users/AlumnoM/Desktop/PINGUS/Juego/Penguin/Content/__ExternalActors__/VehicleTemplate/Maps/VehicleExampleMap/C/FV/0ORXDSHBYQOS2A920WHDXV.uasset" 7246
"../../../../../../Users/AlumnoM/Desktop/PINGUS/Juego/Penguin/Content/__ExternalActors__/VehicleTemplate/Maps/VehicleExampleMap/C/UF/QZCJ2TCKW7XORELZJOKKW3.uasset" 7247
"../../../../../../Users/AlumnoM/Desktop/PINGUS/Juego/Penguin/Content/__ExternalActors__/VehicleTemplate/Maps/VehicleExampleMap/D/HQ/JFSCDHM3DQXDWPJD8RHGWV.uasset" 7248
"../../../../../../Users/AlumnoM/Desktop/PINGUS/Juego/Penguin/Content/__ExternalActors__/VehicleTemplate/Maps/VehicleExampleMap/E/0F/98ISP8O7J3TB8XGN5PCRB0.uasset" 7249
"../../../../../../Users/AlumnoM/Desktop/PINGUS/Juego/Penguin/Content/__ExternalActors__/VehicleTemplate/Maps/VehicleExampleMap/E/3V/DK7UAQ6ZVXXHKAGP359DUV.uasset" 7250
"../../../../../../Users/AlumnoM/Desktop/PINGUS/Juego/Penguin/Content/__ExternalActors__/VehicleTemplate/Maps/VehicleExampleMap/E/GJ/ZEJUZVL3KS7OHSCDB3OLNQ.uasset" 7251
"../../../../../../Users/AlumnoM/Desktop/PINGUS/Juego/Penguin/Content/__ExternalActors__/VehicleTemplate/Maps/VehicleExampleMap/E/Q9/7E8THLUEF2U8O6DZQRWSX9.uasset" 7252
"../../../../../../Users/AlumnoM/Desktop/PINGUS/Juego/Penguin/Content/__ExternalActors__/VehicleTemplate/Maps/VehicleExampleMap/E/RG/6FX3FVZLOTLUYLWS5AEE1A.uasset" 7253
"../../../../../../Users/AlumnoM/Desktop/PINGUS/Juego/Penguin/Content/__ExternalActors__/Levels/build/Level1/0/S4/P8TW8SAJ30CB5N3LSYFKI6.uasset" 7254
"../../../../../../Users/AlumnoM/Desktop/PINGUS/Juego/Penguin/Content/__ExternalActors__/Levels/build/Level1/0/U1/RO5TPJKR1636MU1DRV86Q1.uasset" 7255
"../../../../../../Users/AlumnoM/Desktop/PINGUS/Juego/Penguin/Content/__ExternalActors__/Levels/build/Level1/0/ZT/N8U52DK4OS546H7DMQ3GF1.uasset" 7256
"../../../../../../Users/AlumnoM/Desktop/PINGUS/Juego/Penguin/Content/__ExternalActors__/Levels/build/Level1/1/0B/WLS4RKST2C63L2DKVH0IF6.uasset" 7257
"../../../../../../Users/AlumnoM/Desktop/PINGUS/Juego/Penguin/Content/__ExternalActors__/Levels/build/Level1/1/8C/D2M5G75W0YJAKRU2MWTQFX.uasset" 7258
"../../../../../../Users/AlumnoM/Desktop/PINGUS/Juego/Penguin/Content/__ExternalActors__/Levels/build/Level1/1/OZ/1EQCNJ4BX2M1E8C72VW4KN.uasset" 7259
"../../../../../../Users/AlumnoM/Desktop/PINGUS/Juego/Penguin/Content/__ExternalActors__/Levels/build/Level1/1/XC/0YKB10NRC569URYQF4NC33.uasset" 7260
"../../../../../../Users/AlumnoM/Desktop/PINGUS/Juego/Penguin/Content/__ExternalActors__/Levels/build/Level1/1/YR/MQTXRCXC9PS8O0GNZ5CWU6.uasset" 7261
"../../../../../../Users/AlumnoM/Desktop/PINGUS/Juego/Penguin/Content/__ExternalActors__/Levels/build/Level1/2/BA/16WLIFY0788X9BYROSU3PU.uasset" 7262
"../../../../../../Users/AlumnoM/Desktop/PINGUS/Juego/Penguin/Content/__ExternalActors__/Levels/build/Level1/2/EY/Y9JBT4O3RD0V4MZ0BAGUT3.uasset" 7263
"../../../../../../Users/AlumnoM/Desktop/PINGUS/Juego/Penguin/Content/__ExternalActors__/Levels/build/Level1/2/HH/PM7E17SUJVNF2RTA1IQWSQ.uasset" 7264
"../../../../../../Users/AlumnoM/Desktop/PINGUS/Juego/Penguin/Content/__ExternalActors__/Levels/build/Level1/2/P5/404B561IWG43UE45SGBSGM.uasset" 7265
"../../../../../../Users/AlumnoM/Desktop/PINGUS/Juego/Penguin/Content/__ExternalActors__/Levels/build/Level1/2/XF/8TY9ADAUQCUSAFNW37PFBP.uasset" 7266
"../../../../../../Users/AlumnoM/Desktop/PINGUS/Juego/Penguin/Content/__ExternalActors__/Levels/build/Level1/2/YC/40N5QOA7ZLBXMF9T2B3Z3L.uasset" 7267
"../../../../../../Users/AlumnoM/Desktop/PINGUS/Juego/Penguin/Content/__ExternalActors__/Levels/build/Level1/3/0U/04XZCTKJ8LH67ORI0CIG5W.uasset" 7268
"../../../../../../Users/AlumnoM/Desktop/PINGUS/Juego/Penguin/Content/__ExternalActors__/Levels/build/Level1/3/C9/I0GJ5GOXRQAPY3YSTECONH.uasset" 7269
"../../../../../../Users/AlumnoM/Desktop/PINGUS/Juego/Penguin/Content/__ExternalActors__/Levels/build/Level1/3/GL/NUOQ245GHQ9Y5BBP6MDD0M.uasset" 7270
"../../../../../../Users/AlumnoM/Desktop/PINGUS/Juego/Penguin/Content/__ExternalActors__/Levels/build/Level1/3/GU/J6P1CCPRGY4433IRXPAV07.uasset" 7271
"../../Plugins/Experimental/Water/Content/Materials/PostProcessing/M_UnderWater_PostProcess_Volume.uasset" 7272
"../../../Engine/Content/Functions/Engine_MaterialFunctions01/Volumetrics/SchlickPhase.uasset" 7273
"../../../Engine/Content/Functions/Engine_MaterialFunctions02/Utility/DebugScalarValues.uasset" 7274
"../../../Engine/Content/Functions/Engine_MaterialFunctions01/Texturing/ComputeMipLevel.uasset" 7275
"../../../Engine/Content/Functions/Engine_MaterialFunctions01/Texturing/TextureCropping.uasset" 7276
"../../../Engine/Content/Functions/Engine_MaterialFunctions02/ExampleContent/DebugNumberStrip.uasset" 7277
"../../../Engine/Content/Functions/Engine_MaterialFunctions02/ExampleContent/Textures/DebugNumberPeriod.uasset" 7278
"../../Plugins/Experimental/Water/Content/Materials/Functions/ComputeGerstnerWaves.uasset" 7279
"../../Plugins/Experimental/Water/Content/Materials/Functions/WaveDepthFalloff_Overrides.uasset" 7280
"../../Plugins/Experimental/Water/Content/Materials/Functions/ComputeWavesAttenuationFactor.uasset" 7281
"../../Plugins/Experimental/Water/Content/Materials/Functions/WaterBodyData.uasset" 7282
"../../Plugins/Experimental/Water/Content/Materials/Functions/HighQualityTextureFiltering.uasset" 7283
"../../Plugins/Experimental/Water/Content/Textures/Black.uasset" 7284
"../../Plugins/Experimental/Water/Content/Materials/Functions/WaterZoneData.uasset" 7285
"../../Plugins/Experimental/Water/Content/Materials/Functions/GetWaterTime.uasset" 7286
"../../Plugins/Experimental/Water/Content/Materials/HLOD/HLODWater.uasset" 7287
"../../Plugins/Experimental/Water/Content/Materials/WaterSurface/Water_Material.uasset" 7288
"../../Plugins/Experimental/Water/Content/Caustics/Materials/Functions/WaterCaustics_GerstnerWaves.uasset" 7289
"../../Plugins/Experimental/Water/Content/Caustics/Materials/Functions/GetDistortionUV.uasset" 7290
"../../Plugins/Experimental/Water/Content/Materials/Functions/WorldNormalBehindWater.uasset" 7291
"../../Plugins/Experimental/Water/Content/Materials/Functions/WorldPositionBehindWater.uasset" 7292
"../../Plugins/Experimental/Water/Content/Materials/Functions/ClipDynamicBounds.uasset" 7293
"../../Plugins/Experimental/Water/Content/Materials/Functions/SampleFluidSimulation.uasset" 7294
"../../../Engine/Content/Functions/Engine_MaterialFunctions01/Gradient/BoxMask-2D.uasset" 7295
"../../../Engine/Content/Functions/Engine_MaterialFunctions02/Math/TimeWithSpeedVariable.uasset" 7296
"../../../Engine/Content/Functions/Engine_MaterialFunctions02/Texturing/Flowmaps.uasset" 7297
"../../../Engine/Content/Functions/Engine_MaterialFunctions02/Math/MakeVectorsOrthogonal.uasset" 7298
"../../../Engine/Content/Functions/Engine_MaterialFunctions02/Utility/LinearSine.uasset" 7299
"../../../Engine/Content/EngineMaterials/DefaultNormal.uasset" 7300
"../../../Engine/Content/Functions/Engine_MaterialFunctions02/ExampleContent/Textures/LowResBlurredNoise.uasset" 7301
"../../../Engine/Content/Functions/Engine_MaterialFunctions02/Texturing/HeightLerp.uasset" 7302
"../../Plugins/Experimental/Water/Content/FluidSimulation/Materials/Functions/Fluidsim_WorldPosition_to_UV.uasset" 7303
"../../Plugins/Experimental/Water/Content/FluidSimulation/WaveFoam/WaterDistanceField.uasset" 7304
"../../Plugins/Experimental/Water/Content/Textures/Foam/T_WaterFlow_01_Foam_Tiled.uasset" 7305
"../../Plugins/Experimental/Water/Content/Textures/Foam/T_WaterFlow_01_Foam_Tiled_N.uasset" 7306
"../../Plugins/Experimental/Water/Content/Materials/Functions/SetWaveAttributes.uasset" 7307
"../../Plugins/Experimental/Water/Content/Materials/Layers/WaterAttributes.uasset" 7308
"../../Plugins/Experimental/Water/Content/Materials/Functions/Water_Underside.uasset" 7309
"../../Plugins/Experimental/Water/Content/Materials/Functions/WaterCoefficientMask.uasset" 7310
"../../Plugins/Experimental/Water/Content/Materials/Functions/WaterHeightMappingVS.uasset" 7311
"../../Plugins/Experimental/Water/Content/Materials/Functions/WaterOpacityMaskFromDepth.uasset" 7312
"../../Plugins/Experimental/Water/Content/Materials/Functions/WaterRiverFlowmaps.uasset" 7313
"../../../Engine/Content/Functions/Engine_MaterialFunctions01/Coordinates/WorldPosition-XY.uasset" 7314
"../../Plugins/Experimental/Water/Content/Textures/Flowmaps/RiverFlowmap_Diffuse.uasset" 7315
"../../Plugins/Experimental/Water/Content/Textures/Flowmaps/RiverFlowmap_Normal.uasset" 7316
"../../Plugins/Experimental/Water/Content/Materials/Functions/WaterTextureSurface.uasset" 7317
"../../Plugins/Experimental/Water/Content/Materials/Functions/WaterTextureWaves.uasset" 7318
"../../Plugins/Experimental/Water/Content/Textures/Normals/T_Water_TilingNormal_With_Height_02_Softened.uasset" 7319
"../../Plugins/Experimental/Water/Content/Materials/Functions/WaveVelocityMask.uasset" 7320
"../../Plugins/Experimental/Water/Content/Materials/Layers/BeachFoam.uasset" 7321
"../../../Engine/Content/Functions/Engine_MaterialFunctions03/Procedurals/NormalFromHeightmap.uasset" 7322
"../../../Engine/Content/EngineSky/VolumetricClouds/T_VolumeNoiseShape128.uasset" 7323
"../../../Engine/Content/EngineSky/VolumetricClouds/T_NoiseShape.uasset" 7324
"../../Plugins/Experimental/Water/Content/FluidSimulation/WaveFoam/FoamRT.uasset" 7325
"../../Plugins/Experimental/Water/Content/Materials/WaterSurface/LODs/Water_Material_Ocean_LOD.uasset" 7326
"../../Plugins/Experimental/Water/Content/Materials/WaterSurface/Water_Material_Ocean.uasset" 7327
"../../Plugins/Experimental/Water/Content/Materials/WaterSurface/Water_Material_Inst.uasset" 7328
"../../../Engine/Content/Functions/Engine_MaterialFunctions02/ExampleContent/Textures/water_d.uasset" 7329
"../../../Engine/Content/Functions/Engine_MaterialFunctions02/ExampleContent/Textures/water_n.uasset" 7330
"../../../../../../Users/AlumnoM/Desktop/PINGUS/Juego/Penguin/Content/__ExternalActors__/Levels/build/Level1/3/M3/U1CJMRVO0MRLXJ1HX1CR3M.uasset" 7331
"../../../../../../Users/AlumnoM/Desktop/PINGUS/Juego/Penguin/Content/__ExternalActors__/Levels/build/Level1/3/N0/8GHI06ECRE1T3WXE530GEN.uasset" 7332
"../../../../../../Users/AlumnoM/Desktop/PINGUS/Juego/Penguin/Content/__ExternalActors__/Levels/build/Level1/3/Z7/PFWQFD7MMUN0QWTDIPJGRE.uasset" 7333
"../../../../../../Users/AlumnoM/Desktop/PINGUS/Juego/Penguin/Content/__ExternalActors__/Levels/build/Level1/4/AB/BWHXZ1E2F8VKTIIBM4FUI3.uasset" 7334
"../../../../../../Users/AlumnoM/Desktop/PINGUS/Juego/Penguin/Content/__ExternalActors__/Levels/build/Level1/5/1P/SVCHFQZRYS11F8U15TR2C9.uasset" 7335
"../../../../../../Users/AlumnoM/Desktop/PINGUS/Juego/Penguin/Content/__ExternalActors__/Levels/build/Level1/5/5P/450SO63VU12BBKTKORULLA.uasset" 7336
"../../../../../../Users/AlumnoM/Desktop/PINGUS/Juego/Penguin/Content/__ExternalActors__/Levels/build/Level1/5/FK/JCFP5KGRXPVSK7YGQ71FWA.uasset" 7337
"../../../../../../Users/AlumnoM/Desktop/PINGUS/Juego/Penguin/Content/__ExternalActors__/Levels/build/Level1/5/IW/25ELDDJM6NQ7LZ5X3MYVPL.uasset" 7338
"../../../../../../Users/AlumnoM/Desktop/PINGUS/Juego/Penguin/Content/__ExternalActors__/Levels/build/Level1/5/J9/9WT17XXG2VC3K4IO8IAIP5.uasset" 7339
"../../../../../../Users/AlumnoM/Desktop/PINGUS/Juego/Penguin/Content/__ExternalActors__/Levels/build/Level1/5/LB/SC3WTOH6LRZ33XG1Z625TZ.uasset" 7340
"../../../../../../Users/AlumnoM/Desktop/PINGUS/Juego/Penguin/Content/__ExternalActors__/Levels/build/Level1/5/O7/NRK275A7ULI411LW81KMHJ.uasset" 7341
"../../../../../../Users/AlumnoM/Desktop/PINGUS/Juego/Penguin/Content/__ExternalActors__/Levels/build/Level1/5/RC/GEK276RV8NYGSGE9H5LJLN.uasset" 7342
"../../../../../../Users/AlumnoM/Desktop/PINGUS/Juego/Penguin/Content/__ExternalActors__/Levels/build/Level1/5/UX/HKEJ8Z3C0G205DIG1QS04H.uasset" 7343
"../../../../../../Users/AlumnoM/Desktop/PINGUS/Juego/Penguin/Content/__ExternalActors__/Levels/build/Level1/6/B5/FXAQ3PIJ1CJAXPJAQ3YVQI.uasset" 7344
"../../../../../../Users/AlumnoM/Desktop/PINGUS/Juego/Penguin/Content/__ExternalActors__/Levels/build/Level1/6/G0/78V4CC6NQARTC0S0PET7E1.uasset" 7345
"../../../../../../Users/AlumnoM/Desktop/PINGUS/Juego/Penguin/Content/__ExternalActors__/Levels/build/Level1/6/I6/YKOS1C386XC2AH35LCP0KW.uasset" 7346
"../../../../../../Users/AlumnoM/Desktop/PINGUS/Juego/Penguin/Content/__ExternalActors__/Levels/build/Level1/6/R4/9F9BP1DBLBF0A2PYANT6D1.uasset" 7347
"../../../../../../Users/AlumnoM/Desktop/PINGUS/Juego/Penguin/Content/__ExternalActors__/Levels/build/Level1/6/YR/NKEPKTEWTU4YPY8ZBIN69C.uasset" 7348
"../../../../../../Users/AlumnoM/Desktop/PINGUS/Juego/Penguin/Content/__ExternalActors__/Levels/build/Level1/6/YZ/O0HDRDL7RPZZXV76A09FGV.uasset" 7349
"../../../../../../Users/AlumnoM/Desktop/PINGUS/Juego/Penguin/Content/__ExternalActors__/Levels/build/Level1/7/7O/JUQ60X4TO60XBK2E7D9YC3.uasset" 7350
"../../../../../../Users/AlumnoM/Desktop/PINGUS/Juego/Penguin/Content/__ExternalActors__/Levels/build/Level1/7/RR/ESZJJ8T7SHQ80ZOTC4J98S.uasset" 7351
"../../../../../../Users/AlumnoM/Desktop/PINGUS/Juego/Penguin/Content/__ExternalActors__/Levels/build/Level1/7/SM/7FEBDKFADQUQRXF8XCITON.uasset" 7352
"../../../../../../Users/AlumnoM/Desktop/PINGUS/Juego/Penguin/Content/__ExternalActors__/Levels/build/Level1/8/2J/9FKPZ0B53E6CK2XEPX8QDD.uasset" 7353
"../../../../../../Users/AlumnoM/Desktop/PINGUS/Juego/Penguin/Content/__ExternalActors__/Levels/build/Level1/8/5A/9RPBY6I1VH6E59QPDQJIK7.uasset" 7354
"../../../../../../Users/AlumnoM/Desktop/PINGUS/Juego/Penguin/Content/__ExternalActors__/Levels/build/Level1/8/7M/2CQZZM646K8ZMG23BI9HZA.uasset" 7355
"../../../../../../Users/AlumnoM/Desktop/PINGUS/Juego/Penguin/Content/__ExternalActors__/Levels/build/Level1/8/E6/DN1C18HJTYY30ZWLMHIV1K.uasset" 7356
"../../Plugins/Experimental/Water/Content/Materials/WaterSurface/Water_FarMesh.uasset" 7357
"../../../../../../Users/AlumnoM/Desktop/PINGUS/Juego/Penguin/Content/__ExternalActors__/Levels/build/Level1/8/HQ/WQGI2R7P6FJ6OMKZO2EK2I.uasset" 7358
"../../../../../../Users/AlumnoM/Desktop/PINGUS/Juego/Penguin/Content/__ExternalActors__/Levels/build/Level1/8/I3/8D7JWLEQK3ST6QV9HD6VHK.uasset" 7359
"../../../../../../Users/AlumnoM/Desktop/PINGUS/Juego/Penguin/Content/__ExternalActors__/Levels/build/Level1/9/1P/OF2EP8XCTAJFD4EFVNNV58.uasset" 7360
"../../../../../../Users/AlumnoM/Desktop/PINGUS/Juego/Penguin/Content/__ExternalActors__/Levels/build/Level1/9/47/EYCM302CFXAK51FJFD2WPW.uasset" 7361
"../../../../../../Users/AlumnoM/Desktop/PINGUS/Juego/Penguin/Content/__ExternalActors__/Levels/build/Level1/9/FM/IE4638HAKXFKHDE1KDO2T1.uasset" 7362
"../../../../../../Users/AlumnoM/Desktop/PINGUS/Juego/Penguin/Content/__ExternalActors__/Levels/build/Level1/9/L3/R0VUAXJPCIEPS2T8JOEW06.uasset" 7363
"../../../../../../Users/AlumnoM/Desktop/PINGUS/Juego/Penguin/Content/__ExternalActors__/Levels/build/Level1/9/RW/M8E4U892UOO2O8FPA97BK5.uasset" 7364
"../../../../../../Users/AlumnoM/Desktop/PINGUS/Juego/Penguin/Content/__ExternalActors__/Levels/build/Level1/A/30/7YD8CXD3DHLB03S71J97Z8.uasset" 7365
"../../../../../../Users/AlumnoM/Desktop/PINGUS/Juego/Penguin/Content/__ExternalActors__/Levels/build/Level1/A/B0/7F488KYCML7R7NUMBQELE5.uasset" 7366
"../../../../../../Users/AlumnoM/Desktop/PINGUS/Juego/Penguin/Content/__ExternalActors__/Levels/build/Level1/A/ER/83DLLZ5CI7GYNVMLRDQFQC.uasset" 7367
"../../../../../../Users/AlumnoM/Desktop/PINGUS/Juego/Penguin/Content/__ExternalActors__/Levels/build/Level1/A/L4/V7S0KV94T8D0WI3DXGQB21.uasset" 7368
"../../../../../../Users/AlumnoM/Desktop/PINGUS/Juego/Penguin/Content/__ExternalActors__/Levels/build/Level1/A/M6/47XBZ8XSL3UOVR3Q26SIKA.uasset" 7369
"../../../../../../Users/AlumnoM/Desktop/PINGUS/Juego/Penguin/Content/__ExternalActors__/Levels/build/Level1/E/4I/Q8AMJK8VGTIGHSJ1509UPZ.uasset" 7370
"../../Plugins/Experimental/Landmass/Content/DistanceFields/Materials/BlurEdges.uasset" 7371
"../../Plugins/Experimental/Landmass/Content/Landscape/OldPrototype_BP/Textures/LS_Debug_RT_01.uasset" 7372
"../../Plugins/Experimental/Landmass/Content/DistanceFields/Materials/DetectEdges.uasset" 7373
"../../Plugins/Experimental/Landmass/Content/Landscape/BlueprintBrushes/MPC/MPC_Erosion.uasset" 7374
"../../Plugins/Experimental/Landmass/Content/DistanceFields/Materials/JumpFloodStep.uasset" 7375
"../../Plugins/Experimental/Landmass/Content/Landscape/BlueprintBrushes/Materials/CacheDistanceField.uasset" 7376
"../../Plugins/Experimental/Landmass/Content/Landscape/BlueprintBrushes/MF/LocalizeLandscapeZValue.uasset" 7377
"../../Plugins/Experimental/Landmass/Content/Landscape/BlueprintBrushes/MF/SampleDistanceField.uasset" 7378
"../../../Engine/Content/MapTemplates/TilingNoise05.uasset" 7379
"../../Plugins/Experimental/Landmass/Content/Landscape/Curves/DynamicCurve_RT.uasset" 7380
"../../Plugins/Experimental/Landmass/Content/Landscape/BlueprintBrushes/Materials/RenderSplineDepths.uasset" 7381
"../../../Engine/Content/Functions/Engine_MaterialFunctions02/TangentBasis.uasset" 7382
"../../Plugins/Experimental/Water/Content/Materials/Brushes/CanvasDrawing.uasset" 7383
"../../Plugins/Experimental/Water/Content/Materials/Brushes/CompositeWaterBodyTexture.uasset" 7384
"../../Plugins/Experimental/Landmass/Content/Landscape/BlueprintBrushes/MF/ReadCachedDistanceField.uasset" 7385
"../../Plugins/Experimental/Landmass/Content/Landscape/BlueprintBrushes/MF/UnpackRG8Height.uasset" 7386
"../../Plugins/Experimental/Water/Content/Materials/Brushes/MeshBrush_Angle.uasset" 7387
"../../../Engine/Content/Functions/Engine_MaterialFunctions01/Math/SmoothCeil.uasset" 7388
"../../../Engine/Content/Functions/Engine_MaterialFunctions02/WorldPositionOffset/GenerateASpline.uasset" 7389
"../../Plugins/Experimental/Landmass/Content/Landscape/BlueprintBrushes/MF/BrushAlphaMask.uasset" 7390
"../../Plugins/Experimental/Landmass/Content/Landscape/BlueprintBrushes/MF/BrushBlendModes.uasset" 7391
"../../Plugins/Experimental/Landmass/Content/Landscape/BlueprintBrushes/MF/BrushDisplaceMask.uasset" 7392
"../../Plugins/Experimental/Landmass/Content/Landscape/BlueprintBrushes/MF/BrushTerracing.uasset" 7393
"../../Plugins/Experimental/Landmass/Content/Landscape/Mats/MF/SmoothTerracing.uasset" 7394
"../../Plugins/Experimental/Landmass/Content/Landscape/OldPrototype_BP/Mats/MF/SmoothTerracing.uasset" 7395
"../../Plugins/Experimental/Landmass/Content/Landscape/BlueprintBrushes/MF/PackRG8Height.uasset" 7396
"../../Plugins/Experimental/Landmass/Content/Landscape/BlueprintBrushes/MF/SmoothIntersections.uasset" 7397
"../../Plugins/Experimental/Landmass/Content/Landscape/Mats/MF/CatmullRomTexture.uasset" 7398
"../../Plugins/Experimental/Landmass/Content/Landscape/OldPrototype_BP/Mats/MF/CatmullRomTexture.uasset" 7399
"../../Plugins/Experimental/Landmass/Content/Landscape/Mats/MF/UnpackRG8Height.uasset" 7400
"../../Plugins/Experimental/Water/Content/Materials/Brushes/MeshBrush_Island.uasset" 7401
"../../Plugins/Experimental/Water/Content/Materials/Brushes/MeshBrush_Weightmap.uasset" 7402
"../../Plugins/Experimental/Water/Content/Materials/Brushes/MeshBrush_Width.uasset" 7403
"../../Plugins/Experimental/Landmass/Content/Landscape/Mats/MF/BrushAlphaMask.uasset" 7404
"../../Plugins/Experimental/Landmass/Content/Landscape/OldPrototype_BP/Mats/MF/BrushAlphaMask.uasset" 7405
"../../Plugins/Experimental/Landmass/Content/Landscape/Mats/MF/BrushBlendModes.uasset" 7406
"../../Plugins/Experimental/Landmass/Content/Landscape/OldPrototype_BP/Mats/MF/BrushBlendModes_Manual.uasset" 7407
"../../Plugins/Experimental/Landmass/Content/Landscape/Mats/MF/BrushDisplaceMask.uasset" 7408
"../../Plugins/Experimental/Landmass/Content/Landscape/OldPrototype_BP/Mats/MF/BrushDisplaceMask.uasset" 7409
"../../Plugins/Experimental/Landmass/Content/Landscape/Mats/MF/BrushTerracing.uasset" 7410
"../../Plugins/Experimental/Landmass/Content/Landscape/OldPrototype_BP/Mats/MF/BrushTerracing.uasset" 7411
"../../Plugins/Experimental/Landmass/Content/Landscape/Mats/MF/SmoothIntersections.uasset" 7412
"../../Plugins/Experimental/Landmass/Content/Landscape/OldPrototype_BP/Mats/MF/SmoothIntersections.uasset" 7413
"../../../../../../Users/AlumnoM/Desktop/PINGUS/Juego/Penguin/Content/__ExternalActors__/Levels/build/Level1/B/AX/96XBPOUH924HM63K272N3V.uasset" 7414
"../../../../../../Users/AlumnoM/Desktop/PINGUS/Juego/Penguin/Content/__ExternalActors__/Levels/build/Level1/B/IH/26ZCPEM407A47FMTCSUWWA.uasset" 7415
"../../../../../../Users/AlumnoM/Desktop/PINGUS/Juego/Penguin/Content/__ExternalActors__/Levels/build/Level1/B/OF/MP2VVSDIPNBARY3SQ1NLKU.uasset" 7416
"../../../../../../Users/AlumnoM/Desktop/PINGUS/Juego/Penguin/Content/__ExternalActors__/Levels/build/Level1/B/V4/ZPFFAWTR83QVQW81FRT52O.uasset" 7417
"../../../../../../Users/AlumnoM/Desktop/PINGUS/Juego/Penguin/Content/__ExternalActors__/Levels/build/Level1/B/V8/X390ZVCTM62Q4H10HJV6LP.uasset" 7418
"../../../../../../Users/AlumnoM/Desktop/PINGUS/Juego/Penguin/Content/__ExternalActors__/Levels/build/Level1/B/VA/T9W3D9CHLINU3SF442I18J.uasset" 7419
"../../../../../../Users/AlumnoM/Desktop/PINGUS/Juego/Penguin/Content/__ExternalActors__/Levels/build/Level1/C/SK/EJCD1G4KZDMG4S1V6YMBT4.uasset" 7420
"../../../../../../Users/AlumnoM/Desktop/PINGUS/Juego/Penguin/Content/__ExternalActors__/Levels/build/Level1/C/T8/U6UH7HOCIZNJIUM7LYDJSU.uasset" 7421
"../../../../../../Users/AlumnoM/Desktop/PINGUS/Juego/Penguin/Content/__ExternalActors__/Levels/build/Level1/D/GC/PWVG446LY4FGDPQZ458LG9.uasset" 7422
"../../../../../../Users/AlumnoM/Desktop/PINGUS/Juego/Penguin/Content/__ExternalActors__/Levels/build/Level1/D/RD/H7R4CM99VKBY0EQ9LBD609.uasset" 7423
"../../../../../../Users/AlumnoM/Desktop/PINGUS/Juego/Penguin/Content/__ExternalActors__/Levels/build/Level1/D/SK/PY43ZSKUQ8AW6JRUE0AVU1.uasset" 7424
"../../../../../../Users/AlumnoM/Desktop/PINGUS/Juego/Penguin/Content/__ExternalActors__/Levels/build/Level1/D/T0/Q5C3GP235GM47ZCFUF21DK.uasset" 7425
"../../../../../../Users/AlumnoM/Desktop/PINGUS/Juego/Penguin/Content/__ExternalActors__/Levels/build/Level1/E/96/GV3EIKG0GMM9LNG5ORFSO7.uasset" 7426
"../../../../../../Users/AlumnoM/Desktop/PINGUS/Juego/Penguin/Content/__ExternalActors__/Levels/build/Level1/E/JA/7H83X14X9SRPCLK7DLK7JM.uasset" 7427
"../../../../../../Users/AlumnoM/Desktop/PINGUS/Juego/Penguin/Content/__ExternalActors__/Levels/build/Level1/E/M4/6XG2VFS8UKBTQQQUZEYA6N.uasset" 7428
"../../../../../../Users/AlumnoM/Desktop/PINGUS/Juego/Penguin/Content/__ExternalActors__/Levels/build/Level1/E/O4/DZQ4Q4A4XUI5G9809ZD8D5.uasset" 7429
"../../../../../../Users/AlumnoM/Desktop/PINGUS/Juego/Penguin/Content/__ExternalActors__/Levels/build/Level1/E/WJ/OVJHTI0VWS5E33VT2GL2XO.uasset" 7430
"../../../../../../Users/AlumnoM/Desktop/PINGUS/Juego/Penguin/Content/__ExternalActors__/Levels/build/Level1/E/ZA/T6NI17CRJRFYWHFY8VRO9W.uasset" 7431
"../../../../../../Users/AlumnoM/Desktop/PINGUS/Juego/Penguin/Content/__ExternalActors__/Levels/build/Level1/F/4Z/N5FGAHHF7SDJ34WQOSQWLU.uasset" 7432
"../../Plugins/Experimental/Water/Content/Icons/WaterBodyOceanSprite.uasset" 7433
"../../../../../../Users/AlumnoM/Desktop/PINGUS/Juego/Penguin/Content/Levels/build/Level1.umap" 7434
"../../../../../../Users/AlumnoM/Desktop/PINGUS/Juego/Penguin/Content/__ExternalActors__/Levels/UI/0/70/41BLDCVVQ805XBGYFB09OW.uasset" 7435
"../../../../../../Users/AlumnoM/Desktop/PINGUS/Juego/Penguin/Content/__ExternalActors__/Levels/UI/0/KG/V5GQ25L1GLVLRN5IW0Q9R4.uasset" 7436
"../../../../../../Users/AlumnoM/Desktop/PINGUS/Juego/Penguin/Content/__ExternalActors__/Levels/UI/0/NL/SOYZNDZBR7RIHJRBNO0ZRT.uasset" 7437
"../../../../../../Users/AlumnoM/Desktop/PINGUS/Juego/Penguin/Content/__ExternalActors__/Levels/UI/1/NJ/XC6VGCKZLR53MW7ZP9O28J.uasset" 7438
"../../../../../../Users/AlumnoM/Desktop/PINGUS/Juego/Penguin/Content/__ExternalActors__/Levels/UI/1/T1/0KIF4QUABMWQCMMREOOY79.uasset" 7439
"../../../../../../Users/AlumnoM/Desktop/PINGUS/Juego/Penguin/Content/__ExternalActors__/Levels/UI/1/TT/0AH84KAFXDJI7BV1C8PYA9.uasset" 7440
"../../../../../../Users/AlumnoM/Desktop/PINGUS/Juego/Penguin/Content/__ExternalActors__/Levels/UI/1/VQ/6B2A0DTXOWTJDH3OES9QH3.uasset" 7441
"../../../../../../Users/AlumnoM/Desktop/PINGUS/Juego/Penguin/Content/__ExternalActors__/Levels/UI/2/CM/A57IB7KN1NS4ZWFOUANF78.uasset" 7442
"../../../../../../Users/AlumnoM/Desktop/PINGUS/Juego/Penguin/Content/__ExternalActors__/Levels/UI/2/WA/1HRS8V55G9C6NB28BA63X9.uasset" 7443
"../../../../../../Users/AlumnoM/Desktop/PINGUS/Juego/Penguin/Content/__ExternalActors__/Levels/UI/3/B9/TBGU0S32P2YO5ZKBLNPRHC.uasset" 7444
"../../../../../../Users/AlumnoM/Desktop/PINGUS/Juego/Penguin/Content/__ExternalActors__/Levels/UI/3/JO/JSAC2Z9LV24AX3677QDYSM.uasset" 7445
"../../../../../../Users/AlumnoM/Desktop/PINGUS/Juego/Penguin/Content/__ExternalActors__/Levels/UI/3/SR/Q5FYZ4UW7DNFDQ3M96GJ4F.uasset" 7446
"../../../../../../Users/AlumnoM/Desktop/PINGUS/Juego/Penguin/Content/__ExternalActors__/Levels/UI/C/ZP/3UVDW114P3WKQWC6CM3GFQ.uasset" 7447
"../../../../../../Users/AlumnoM/Desktop/PINGUS/Juego/Penguin/Content/__ExternalActors__/Levels/UI/4/CO/QJX1LAKSEBT0ZKR42VPB10.uasset" 7448
"../../../../../../Users/AlumnoM/Desktop/PINGUS/Juego/Penguin/Content/__ExternalActors__/Levels/UI/4/PT/OCNL6B9QQEI3KGMVIXJQCJ.uasset" 7449
"../../../../../../Users/AlumnoM/Desktop/PINGUS/Juego/Penguin/Content/__ExternalActors__/Levels/UI/4/PX/SQKPQ41D8Q0D0AQO8RV9E6.uasset" 7450
"../../../../../../Users/AlumnoM/Desktop/PINGUS/Juego/Penguin/Content/__ExternalActors__/Levels/UI/5/CF/N4HXFC05BO1GTR15EZTD62.uasset" 7451
"../../../../../../Users/AlumnoM/Desktop/PINGUS/Juego/Penguin/Content/__ExternalActors__/Levels/UI/5/DX/LPAMBYFQ6TOI15XRB16EZJ.uasset" 7452
"../../../../../../Users/AlumnoM/Desktop/PINGUS/Juego/Penguin/Content/__ExternalActors__/Levels/UI/5/L7/7ZISAU47QLLW7X0N7MIMSF.uasset" 7453
"../../../../../../Users/AlumnoM/Desktop/PINGUS/Juego/Penguin/Content/__ExternalActors__/Levels/UI/5/R9/5GZDWBIE5YPVDB2VMRCYV8.uasset" 7454
"../../../../../../Users/AlumnoM/Desktop/PINGUS/Juego/Penguin/Content/__ExternalActors__/Levels/UI/6/GA/1NX1AADQDP1XVEXV5KCO5V.uasset" 7455
"../../../../../../Users/AlumnoM/Desktop/PINGUS/Juego/Penguin/Content/__ExternalActors__/Levels/UI/6/SI/RZSNC0Y0U0MDUKY7K2BMQU.uasset" 7456
"../../../../../../Users/AlumnoM/Desktop/PINGUS/Juego/Penguin/Content/__ExternalActors__/Levels/UI/7/CK/4UYWZD93JAVRPJ51C9APRD.uasset" 7457
"../../../../../../Users/AlumnoM/Desktop/PINGUS/Juego/Penguin/Content/__ExternalActors__/Levels/UI/7/FP/U9Z9Z4GUPP6EPNMC64CIMH.uasset" 7458
"../../../../../../Users/AlumnoM/Desktop/PINGUS/Juego/Penguin/Content/__ExternalActors__/Levels/UI/8/AC/T0MWI1BQEUJPFECH0KHM2G.uasset" 7459
"../../../../../../Users/AlumnoM/Desktop/PINGUS/Juego/Penguin/Content/__ExternalActors__/Levels/UI/8/AX/IDK955QITT90FJL4EPHSON.uasset" 7460
"../../../../../../Users/AlumnoM/Desktop/PINGUS/Juego/Penguin/Content/__ExternalActors__/Levels/UI/8/G6/XHEYXDUR2DOGK5AC2CW9PW.uasset" 7461
"../../../../../../Users/AlumnoM/Desktop/PINGUS/Juego/Penguin/Content/__ExternalActors__/Levels/UI/8/UF/P7C7YSUIRCQJ2R6YSW42RT.uasset" 7462
"../../../../../../Users/AlumnoM/Desktop/PINGUS/Juego/Penguin/Content/__ExternalActors__/Levels/UI/9/CS/LGUGNVK8GXTISW6ODLAOXJ.uasset" 7463
"../../../../../../Users/AlumnoM/Desktop/PINGUS/Juego/Penguin/Content/__ExternalActors__/Levels/UI/9/QD/N8R9L0GJ4IZ2BRWENEKWG8.uasset" 7464
"../../../../../../Users/AlumnoM/Desktop/PINGUS/Juego/Penguin/Content/__ExternalActors__/Levels/UI/A/7Q/MZHJO8Q1XSHE9BTZ0FA7L2.uasset" 7465
"../../../../../../Users/AlumnoM/Desktop/PINGUS/Juego/Penguin/Content/__ExternalActors__/Levels/UI/A/TE/NBV4SZ9PC5DP4QHKZLTNA4.uasset" 7466
"../../../../../../Users/AlumnoM/Desktop/PINGUS/Juego/Penguin/Content/__ExternalActors__/Levels/UI/A/ZP/HB7W282WLIWTXOUGS7C7AG.uasset" 7467
"../../../../../../Users/AlumnoM/Desktop/PINGUS/Juego/Penguin/Content/__ExternalActors__/Levels/UI/B/T2/L0APROYQGPGV85H4N6DG8A.uasset" 7468
"../../../../../../Users/AlumnoM/Desktop/PINGUS/Juego/Penguin/Content/__ExternalActors__/Levels/UI/B/X5/OC9J35AFXYXZXII461PAJK.uasset" 7469
"../../../../../../Users/AlumnoM/Desktop/PINGUS/Juego/Penguin/Content/__ExternalActors__/Levels/UI/C/E3/KNVHWT9ZRWFU1ZR8BFW8GG.uasset" 7470
"../../../../../../Users/AlumnoM/Desktop/PINGUS/Juego/Penguin/Content/__ExternalActors__/Levels/UI/C/FH/7KYNN8KJOK7ERSXEE0C9TM.uasset" 7471
"../../../../../../Users/AlumnoM/Desktop/PINGUS/Juego/Penguin/Content/__ExternalActors__/Levels/UI/C/H3/Q3T17FDMBD0N30WEG4HNRZ.uasset" 7472
"../../../../../../Users/AlumnoM/Desktop/PINGUS/Juego/Penguin/Content/__ExternalActors__/Levels/UI/C/HK/KJP91IC74Y2ZQ8WZI8N8OO.uasset" 7473
"../../../../../../Users/AlumnoM/Desktop/PINGUS/Juego/Penguin/Content/__ExternalActors__/Levels/UI/D/4Y/3XNKLKQO23WCF0NR8044QT.uasset" 7474
"../../../../../../Users/AlumnoM/Desktop/PINGUS/Juego/Penguin/Content/__ExternalActors__/Levels/UI/D/KN/FYCLA23ILGNHMP704KJ7M3.uasset" 7475
"../../../../../../Users/AlumnoM/Desktop/PINGUS/Juego/Penguin/Content/__ExternalActors__/Levels/UI/E/MU/8MOTK05VSUVNH8TDNWKKFT.uasset" 7476
"../../../../../../Users/AlumnoM/Desktop/PINGUS/Juego/Penguin/Content/__ExternalActors__/Levels/UI/E/QV/MXWTXJOBIA4S2CW7JPGWAW.uasset" 7477
"../../../../../../Users/AlumnoM/Desktop/PINGUS/Juego/Penguin/Content/__ExternalActors__/Levels/UI/E/U8/RMBV7C6LWC4XS5O2OSS62H.uasset" 7478
"../../../../../../Users/AlumnoM/Desktop/PINGUS/Juego/Penguin/Content/__ExternalActors__/Levels/UI/F/45/IK0N3PE6WFMKPIOBPSWDMM.uasset" 7479
"C:/Users/AlumnoM/Desktop/PINGUS/Juego/Penguin/Content/__ExternalObjects__/Levels/TestLevel/A/ZG/5P05Q2DEJI94S8DAG8XEVE.uasset" 7480
"../../../../../../Users/AlumnoM/Desktop/PINGUS/Juego/Penguin/Content/__ExternalActors__/Levels/TestLevel/6/J4/WXF8QEUX3QL307LKGU0G7I.uasset" 7481
"C:/Users/AlumnoM/Desktop/PINGUS/Juego/Penguin/Content/__ExternalObjects__/Levels/TestLevel/4/0D/TDZBJICQKAAAFX1PODKQNT.uasset" 7482
"../../../../../../Users/AlumnoM/Desktop/PINGUS/Juego/Penguin/Content/__ExternalActors__/Levels/Level2/6/B8/CCTR9P3FMIAY7N8LYUW0X6.uasset" 7483
"C:/Users/AlumnoM/Desktop/PINGUS/Juego/Penguin/Content/__ExternalObjects__/Levels/TestLevel/2/JI/K87WDHVPZ6D88JI66LP5PZ.uasset" 7484
"C:/Users/AlumnoM/Desktop/PINGUS/Juego/Penguin/Content/__ExternalObjects__/Levels/Level2/F/57/170L9C9G80CEQEXI6OYCON.uasset" 7485
"C:/Users/AlumnoM/Desktop/PINGUS/Juego/Penguin/Content/__ExternalObjects__/Levels/Level2/A/WN/6L0LTPMB9YT9SKGXAJR8T9.uasset" 7486
"C:/Users/AlumnoM/Desktop/PINGUS/Juego/Penguin/Content/__ExternalObjects__/Levels/Level2/2/71/D2Y636DL5VOTUS7FRA11BM.uasset" 7487
"C:/Users/AlumnoM/Desktop/PINGUS/Juego/Penguin/Content/__ExternalObjects__/Levels/Level2/4/UG/ZE0VORJXU3AF88GUTSDQ6N.uasset" 7488
"C:/Users/AlumnoM/Desktop/PINGUS/Juego/Penguin/Content/__ExternalObjects__/Levels/TestLevel/3/I9/XPAQW8QPNLPG5VJR7BYKUH.uasset" 7489
"C:/Users/AlumnoM/Desktop/PINGUS/Juego/Penguin/Content/__ExternalObjects__/Levels/TestLevel/1/C0/FQJLCORB0LY54456OXN18U.uasset" 7490
"C:/Users/AlumnoM/Desktop/PINGUS/Juego/Penguin/Content/__ExternalObjects__/Levels/Level2/9/0S/JQNEBCLFLOGUAYNPQC19QB.uasset" 7491
"C:/Users/AlumnoM/Desktop/PINGUS/Juego/Penguin/Content/__ExternalObjects__/VehicleTemplate/Maps/VehicleOffroadExampleMap/D/RE/TT0PNWXRJG2FZF8C4J0AEQ.uasset" 7492
"C:/Users/AlumnoM/Desktop/PINGUS/Juego/Penguin/Content/__ExternalObjects__/Levels/Level2/1/VJ/WCICXSO7G1OR35E6GLN5HZ.uasset" 7493
"C:/Users/AlumnoM/Desktop/PINGUS/Juego/Penguin/Content/__ExternalObjects__/VehicleTemplate/Maps/VehicleOffroadExampleMap/C/3R/45DCKE3RQWYS2QXLFFGWXK.uasset" 7494
"C:/Users/AlumnoM/Desktop/PINGUS/Juego/Penguin/Content/VehicleTemplate/Maps/VehicleOffroadExampleMap.umap" 7495
"C:/Users/AlumnoM/Desktop/PINGUS/Juego/Penguin/Content/__ExternalObjects__/VehicleTemplate/Maps/VehicleOffroadExampleMap/E/QY/BWIOH8DIKNFMOEFU99E2KD.uasset" 7496
"C:/Users/AlumnoM/Desktop/PINGUS/Juego/Penguin/Content/__ExternalObjects__/VehicleTemplate/Maps/VehicleOffroadExampleMap/8/KP/UJKIIP0UWRL5P345SHLOEJ.uasset" 7497
"../../../../../../Users/AlumnoM/Desktop/PINGUS/Juego/Penguin/Content/__ExternalActors__/Levels/TestLevel/0/OQ/M7598E10IHP1UTP08KYAUZ.uasset" 7498
"../../../../../../Users/AlumnoM/Desktop/PINGUS/Juego/Penguin/Content/__ExternalActors__/Levels/TestLevel/0/QX/7EHRO7R3LMUEWXYX61M68X.uasset" 7499
"../../../../../../Users/AlumnoM/Desktop/PINGUS/Juego/Penguin/Content/__ExternalActors__/Levels/TestLevel/1/5C/1S8R87I4B8X4LT8RR6ZS7O.uasset" 7500
"../../../../../../Users/AlumnoM/Desktop/PINGUS/Juego/Penguin/Content/__ExternalActors__/Levels/TestLevel/1/KN/ITSFZJ8U9R7X2OGGY3OMTB.uasset" 7501
"../../../../../../Users/AlumnoM/Desktop/PINGUS/Juego/Penguin/Content/__ExternalActors__/Levels/TestLevel/1/V2/XQ6UOA45UEPNSJGJY1631J.uasset" 7502
"../../../../../../Users/AlumnoM/Desktop/PINGUS/Juego/Penguin/Content/__ExternalActors__/Levels/TestLevel/2/4K/KF6VCU80HV5AT8F7QGJFYE.uasset" 7503
"../../../../../../Users/AlumnoM/Desktop/PINGUS/Juego/Penguin/Content/__ExternalActors__/Levels/TestLevel/2/7D/IRYQC5IMZNZD95WRZWC5UJ.uasset" 7504
"../../../../../../Users/AlumnoM/Desktop/PINGUS/Juego/Penguin/Content/__ExternalActors__/Levels/TestLevel/2/8E/TJ2ZOFYYT8G6DYFLYA84NF.uasset" 7505
"../../../../../../Users/AlumnoM/Desktop/PINGUS/Juego/Penguin/Content/__ExternalActors__/Levels/TestLevel/2/8W/ZYUEALNI1W37IMO4VRYZ85.uasset" 7506
"../../../../../../Users/AlumnoM/Desktop/PINGUS/Juego/Penguin/Content/__ExternalActors__/Levels/TestLevel/2/OF/NCYIX75FQ3R87EX3KZTCEZ.uasset" 7507
"../../../../../../Users/AlumnoM/Desktop/PINGUS/Juego/Penguin/Content/__ExternalActors__/Levels/TestLevel/2/SI/MN8V36QBM869Q356W0QMTV.uasset" 7508
"../../../../../../Users/AlumnoM/Desktop/PINGUS/Juego/Penguin/Content/__ExternalActors__/Levels/TestLevel/2/T8/DVAFW5I1FDYGWNM87DYFIE.uasset" 7509
"../../../../../../Users/AlumnoM/Desktop/PINGUS/Juego/Penguin/Content/__ExternalActors__/Levels/TestLevel/3/FQ/ECNYS0D2JA6F7X506HC94X.uasset" 7510
"../../../../../../Users/AlumnoM/Desktop/PINGUS/Juego/Penguin/Content/__ExternalActors__/Levels/TestLevel/3/I9/5D65LFH8CMLB1JWAW830DJ.uasset" 7511
"../../../../../../Users/AlumnoM/Desktop/PINGUS/Juego/Penguin/Content/__ExternalActors__/Levels/TestLevel/3/MB/6I7GZYFE0Z6WDC2CFH8134.uasset" 7512
"../../../../../../Users/AlumnoM/Desktop/PINGUS/Juego/Penguin/Content/__ExternalActors__/Levels/TestLevel/3/V9/YXIAK6E3DJHWWLXVZD33D5.uasset" 7513
"../../../../../../Users/AlumnoM/Desktop/PINGUS/Juego/Penguin/Content/__ExternalActors__/Levels/TestLevel/3/YU/BH6VYMVZ6YE2WH079K8ZCN.uasset" 7514
"../../../../../../Users/AlumnoM/Desktop/PINGUS/Juego/Penguin/Content/__ExternalActors__/Levels/TestLevel/4/6F/0O44VOIUM7W8OX3FTKWVHJ.uasset" 7515
"../../../../../../Users/AlumnoM/Desktop/PINGUS/Juego/Penguin/Content/__ExternalActors__/Levels/TestLevel/4/BV/KYIZUVUPGXOM8SRZP9UBT6.uasset" 7516
"../../../../../../Users/AlumnoM/Desktop/PINGUS/Juego/Penguin/Content/__ExternalActors__/Levels/TestLevel/4/F3/JNFNCX3QC01C6TB35NQQRK.uasset" 7517
"../../../../../../Users/AlumnoM/Desktop/PINGUS/Juego/Penguin/Content/__ExternalActors__/Levels/TestLevel/4/OB/T596T2YX6RZO9PDMVLUYWB.uasset" 7518
"../../../../../../Users/AlumnoM/Desktop/PINGUS/Juego/Penguin/Content/__ExternalActors__/Levels/TestLevel/4/PM/RB9DX067JTWR2N3OS2R5V4.uasset" 7519
"../../../../../../Users/AlumnoM/Desktop/PINGUS/Juego/Penguin/Content/__ExternalActors__/Levels/TestLevel/4/UW/5EE46RXIFSJKM7GMR7RSXN.uasset" 7520
"../../../../../../Users/AlumnoM/Desktop/PINGUS/Juego/Penguin/Content/__ExternalActors__/Levels/TestLevel/4/XM/1BCIGLZLHHMI8I8N1BVHCG.uasset" 7521
"../../../../../../Users/AlumnoM/Desktop/PINGUS/Juego/Penguin/Content/__ExternalActors__/Levels/TestLevel/D/0A/U6PS3JUIFDTSLHA2HQY5OU.uasset" 7522
"../../../../../../Users/AlumnoM/Desktop/PINGUS/Juego/Penguin/Content/__ExternalActors__/Levels/TestLevel/5/3F/W8V90HLUEFO31GQF81RTM8.uasset" 7523
"../../../../../../Users/AlumnoM/Desktop/PINGUS/Juego/Penguin/Content/__ExternalActors__/Levels/TestLevel/5/XQ/VTYFUBMF6DX9RHUA8253E5.uasset" 7524
"../../../../../../Users/AlumnoM/Desktop/PINGUS/Juego/Penguin/Content/__ExternalActors__/Levels/TestLevel/6/87/IF44N5RBD8TMFCCNQCUVLS.uasset" 7525
"../../../../../../Users/AlumnoM/Desktop/PINGUS/Juego/Penguin/Content/__ExternalActors__/Levels/TestLevel/6/B0/ADUAV7HQ9SO346TW81GDNI.uasset" 7526
"../../../../../../Users/AlumnoM/Desktop/PINGUS/Juego/Penguin/Content/__ExternalActors__/Levels/TestLevel/6/BS/254LPLGQ8ITS6HXVLWA86Y.uasset" 7527
"../../../../../../Users/AlumnoM/Desktop/PINGUS/Juego/Penguin/Content/__ExternalActors__/Levels/TestLevel/6/HZ/YD8I2AA2Y2RSMUFHZXQLWW.uasset" 7528
"../../../../../../Users/AlumnoM/Desktop/PINGUS/Juego/Penguin/Content/__ExternalActors__/Levels/TestLevel/6/IN/KCVHUAWNQ1PMI5T2D6I8S1.uasset" 7529
"../../../../../../Users/AlumnoM/Desktop/PINGUS/Juego/Penguin/Content/__ExternalActors__/Levels/TestLevel/7/EJ/N1K1V1RQ9A9ZKCH2LXKTL9.uasset" 7530
"../../../../../../Users/AlumnoM/Desktop/PINGUS/Juego/Penguin/Content/__ExternalActors__/Levels/TestLevel/7/UW/EPFS1DV8QLH3ANX5AO0QES.uasset" 7531
"../../../../../../Users/AlumnoM/Desktop/PINGUS/Juego/Penguin/Content/__ExternalActors__/Levels/TestLevel/7/V8/ZHRUGL735ZIZLLHGCFHFIZ.uasset" 7532
"../../../../../../Users/AlumnoM/Desktop/PINGUS/Juego/Penguin/Content/__ExternalActors__/Levels/TestLevel/7/VT/AOUL3CDLS1BPF6VIMEW3D8.uasset" 7533
"../../../../../../Users/AlumnoM/Desktop/PINGUS/Juego/Penguin/Content/__ExternalActors__/Levels/TestLevel/7/WB/3MMYBOZF44AOEPU3X1GTIH.uasset" 7534
"../../../../../../Users/AlumnoM/Desktop/PINGUS/Juego/Penguin/Content/__ExternalActors__/Levels/TestLevel/8/1Z/5MK61OSWOIFQP5OS53JO9K.uasset" 7535
"../../../../../../Users/AlumnoM/Desktop/PINGUS/Juego/Penguin/Content/__ExternalActors__/Levels/TestLevel/8/QP/QMLKVACK32K8UEHC2BTFMB.uasset" 7536
"../../../../../../Users/AlumnoM/Desktop/PINGUS/Juego/Penguin/Content/__ExternalActors__/Levels/TestLevel/8/VF/POZDBRABCXM482W545QULE.uasset" 7537
"../../../../../../Users/AlumnoM/Desktop/PINGUS/Juego/Penguin/Content/__ExternalActors__/Levels/TestLevel/9/EK/YTHLLEJ7ZF19FJZ2GCGZBU.uasset" 7538
"../../../../../../Users/AlumnoM/Desktop/PINGUS/Juego/Penguin/Content/__ExternalActors__/Levels/TestLevel/9/SM/0OTE576R6RBOM2RGNPNJ31.uasset" 7539
"../../../../../../Users/AlumnoM/Desktop/PINGUS/Juego/Penguin/Content/__ExternalActors__/Levels/TestLevel/A/25/SDEYI15Z9E1SI4MG13IKWB.uasset" 7540
"../../../../../../Users/AlumnoM/Desktop/PINGUS/Juego/Penguin/Content/__ExternalActors__/Levels/TestLevel/A/51/4ZQDZ4S47C9XSW42IE8VVP.uasset" 7541
"../../../../../../Users/AlumnoM/Desktop/PINGUS/Juego/Penguin/Content/__ExternalActors__/Levels/TestLevel/A/BB/53AHH903HPODV0DUH763QA.uasset" 7542
"../../../../../../Users/AlumnoM/Desktop/PINGUS/Juego/Penguin/Content/__ExternalActors__/Levels/TestLevel/A/KT/59DY81TPI0IXJN3YW9OGQV.uasset" 7543
"../../../../../../Users/AlumnoM/Desktop/PINGUS/Juego/Penguin/Content/__ExternalActors__/Levels/TestLevel/A/LA/5596HT7YYPER5V7TT85T5A.uasset" 7544
"../../../../../../Users/AlumnoM/Desktop/PINGUS/Juego/Penguin/Content/__ExternalActors__/Levels/TestLevel/A/TQ/YQXJKS29XG7L7O7JZDTTF4.uasset" 7545
"../../../../../../Users/AlumnoM/Desktop/PINGUS/Juego/Penguin/Content/__ExternalActors__/Levels/TestLevel/A/UI/43T0TYM1H5PDNTIYLJ9N0V.uasset" 7546
"../../../../../../Users/AlumnoM/Desktop/PINGUS/Juego/Penguin/Content/__ExternalActors__/Levels/TestLevel/B/13/N53ARV3R42P24VYULVRLOB.uasset" 7547
"../../../../../../Users/AlumnoM/Desktop/PINGUS/Juego/Penguin/Content/__ExternalActors__/Levels/TestLevel/B/KY/21L91DVZJO5OPJVVMMPICY.uasset" 7548
"../../../../../../Users/AlumnoM/Desktop/PINGUS/Juego/Penguin/Content/__ExternalActors__/Levels/TestLevel/B/NF/QS8LWVVL2F4PEVSN5HXPY2.uasset" 7549
"../../../../../../Users/AlumnoM/Desktop/PINGUS/Juego/Penguin/Content/__ExternalActors__/Levels/TestLevel/C/80/CJOENGI653ZHYO2AUFGCON.uasset" 7550
"../../../../../../Users/AlumnoM/Desktop/PINGUS/Juego/Penguin/Content/__ExternalActors__/Levels/TestLevel/C/PH/CZB2C9RN5K41BYHOXCDO0O.uasset" 7551
"../../../../../../Users/AlumnoM/Desktop/PINGUS/Juego/Penguin/Content/__ExternalActors__/Levels/TestLevel/C/ZW/7A0RX7AISOPLNYG56BOM7C.uasset" 7552
"../../../../../../Users/AlumnoM/Desktop/PINGUS/Juego/Penguin/Content/__ExternalActors__/Levels/TestLevel/D/53/3SQEHRY5IKO3MKNGIT1LWE.uasset" 7553
"../../../../../../Users/AlumnoM/Desktop/PINGUS/Juego/Penguin/Content/__ExternalActors__/Levels/TestLevel/E/5O/545FOUWCL1GQ7J19GELLOV.uasset" 7554
"../../../../../../Users/AlumnoM/Desktop/PINGUS/Juego/Penguin/Content/__ExternalActors__/Levels/TestLevel/E/AD/6XCS09OB3FKIWV0YR8TWRW.uasset" 7555
"../../../../../../Users/AlumnoM/Desktop/PINGUS/Juego/Penguin/Content/__ExternalActors__/Levels/TestLevel/E/AV/GD7JCDHD3OVD3Q8BLG47JZ.uasset" 7556
"../../../../../../Users/AlumnoM/Desktop/PINGUS/Juego/Penguin/Content/__ExternalActors__/Levels/TestLevel/E/EB/DTF5E0ZD71UBK5BH8PHZD5.uasset" 7557
"../../../../../../Users/AlumnoM/Desktop/PINGUS/Juego/Penguin/Content/__ExternalActors__/Levels/TestLevel/E/PF/QX2EVMWUBXDSR50GGQM4SB.uasset" 7558
"../../../../../../Users/AlumnoM/Desktop/PINGUS/Juego/Penguin/Content/__ExternalActors__/Levels/TestLevel/F/02/0U4G213L56CSSNOD65K7LJ.uasset" 7559
"../../../../../../Users/AlumnoM/Desktop/PINGUS/Juego/Penguin/Content/__ExternalActors__/Levels/TestLevel/F/38/TGI0V8AVZHYJNG2233MZQH.uasset" 7560
"../../../../../../Users/AlumnoM/Desktop/PINGUS/Juego/Penguin/Content/__ExternalActors__/Levels/Level2/0/A6/Y0MS630MDWJAAGFK6MQCDG.uasset" 7561
"../../../../../../Users/AlumnoM/Desktop/PINGUS/Juego/Penguin/Content/__ExternalActors__/Levels/Level2/0/FW/L36MKTZTE0LT0LWRUGXU2O.uasset" 7562
"../../../../../../Users/AlumnoM/Desktop/PINGUS/Juego/Penguin/Content/__ExternalActors__/Levels/Level2/0/PT/1XJI91ZHSNDLSA9Q6GY2UH.uasset" 7563
"../../../../../../Users/AlumnoM/Desktop/PINGUS/Juego/Penguin/Content/__ExternalActors__/Levels/Level2/0/RL/8NIC38Y8OZ9ALCCOEL9R7A.uasset" 7564
"../../../../../../Users/AlumnoM/Desktop/PINGUS/Juego/Penguin/Content/__ExternalActors__/Levels/Level2/1/0D/ANECFS2I41Q2XHWTWGSEO4.uasset" 7565
"../../../../../../Users/AlumnoM/Desktop/PINGUS/Juego/Penguin/Content/__ExternalActors__/Levels/Level2/1/1N/H6TKBEU42ECXI44JZBIIGS.uasset" 7566
"../../../../../../Users/AlumnoM/Desktop/PINGUS/Juego/Penguin/Content/__ExternalActors__/Levels/Level2/1/IL/K8QFEKONR7RBIWFAQ0YJY0.uasset" 7567
"../../../../../../Users/AlumnoM/Desktop/PINGUS/Juego/Penguin/Content/__ExternalActors__/Levels/Level2/1/JC/4GGH1EI7LE0STR4PZBCWSE.uasset" 7568
"../../../../../../Users/AlumnoM/Desktop/PINGUS/Juego/Penguin/Content/__ExternalActors__/Levels/Level2/2/1C/I2TBPK8MCY4EO91WC998LA.uasset" 7569
"../../../../../../Users/AlumnoM/Desktop/PINGUS/Juego/Penguin/Content/__ExternalActors__/Levels/Level2/2/3T/89EHFMIQXJLKL9RMF0LNZD.uasset" 7570
"../../../../../../Users/AlumnoM/Desktop/PINGUS/Juego/Penguin/Content/__ExternalActors__/Levels/Level2/2/8G/2RTO77Y58HZ2JGWRGKI46J.uasset" 7571
"../../../../../../Users/AlumnoM/Desktop/PINGUS/Juego/Penguin/Content/__ExternalActors__/Levels/Level2/2/8Q/535RONMNQ7ZQ9VR44O1TWO.uasset" 7572
"../../../../../../Users/AlumnoM/Desktop/PINGUS/Juego/Penguin/Content/__ExternalActors__/Levels/Level2/2/EE/8QUZW820UCYNHQJ3Q6WH9M.uasset" 7573
"../../../../../../Users/AlumnoM/Desktop/PINGUS/Juego/Penguin/Content/__ExternalActors__/Levels/Level2/2/EG/BQLSMUA8ALTL5TVI91LIFV.uasset" 7574
"../../../../../../Users/AlumnoM/Desktop/PINGUS/Juego/Penguin/Content/__ExternalActors__/Levels/Level2/2/VB/OAMPYE4LPJG116GTUQT34J.uasset" 7575
"../../../../../../Users/AlumnoM/Desktop/PINGUS/Juego/Penguin/Content/__ExternalActors__/Levels/Level2/3/50/YQ51RSDCONLXT9GKAGL1R1.uasset" 7576
"../../../../../../Users/AlumnoM/Desktop/PINGUS/Juego/Penguin/Content/__ExternalActors__/Levels/Level2/3/7B/12FQZ68OW3VF6MYNMT5MZW.uasset" 7577
"../../../../../../Users/AlumnoM/Desktop/PINGUS/Juego/Penguin/Content/__ExternalActors__/Levels/Level2/3/9F/E6U5GV2GOF4VF0E7OXAG7S.uasset" 7578
"../../../../../../Users/AlumnoM/Desktop/PINGUS/Juego/Penguin/Content/__ExternalActors__/Levels/Level2/3/ZD/V5QUO680U4W6NZ70DTXLW6.uasset" 7579
"../../../../../../Users/AlumnoM/Desktop/PINGUS/Juego/Penguin/Content/__ExternalActors__/Levels/Level2/4/8Y/MNLLLAJJBWVKXR65K6KWL8.uasset" 7580
"../../../../../../Users/AlumnoM/Desktop/PINGUS/Juego/Penguin/Content/__ExternalActors__/Levels/Level2/4/G6/WL5CT0EWE6V5UBYJ55HR09.uasset" 7581
"../../../../../../Users/AlumnoM/Desktop/PINGUS/Juego/Penguin/Content/__ExternalActors__/Levels/Level2/4/QV/VSK4VZQDP36AAOAXQ66TGK.uasset" 7582
"../../../../../../Users/AlumnoM/Desktop/PINGUS/Juego/Penguin/Content/__ExternalActors__/Levels/Level2/4/TV/N9XXRM7IJ4KK3UQ7M1MLGO.uasset" 7583
"../../../../../../Users/AlumnoM/Desktop/PINGUS/Juego/Penguin/Content/__ExternalActors__/Levels/Level2/4/YL/CII1KU1WD3IUPNJN72SBDL.uasset" 7584
"../../../../../../Users/AlumnoM/Desktop/PINGUS/Juego/Penguin/Content/__ExternalActors__/Levels/Level2/4/Z3/PNVEDQKVBWBDXT2AEIFN6Z.uasset" 7585
"../../../../../../Users/AlumnoM/Desktop/PINGUS/Juego/Penguin/Content/__ExternalActors__/Levels/Level2/5/BH/QG0IBVAZKEX79FK4MTZD99.uasset" 7586
"../../../../../../Users/AlumnoM/Desktop/PINGUS/Juego/Penguin/Content/__ExternalActors__/Levels/Level2/5/FP/2FLONXUUY7EVPYO5QF38X0.uasset" 7587
"../../../../../../Users/AlumnoM/Desktop/PINGUS/Juego/Penguin/Content/__ExternalActors__/Levels/Level2/5/QV/1G5O9GIG1FMIOZJ1XCGHXG.uasset" 7588
"../../../../../../Users/AlumnoM/Desktop/PINGUS/Juego/Penguin/Content/__ExternalActors__/Levels/Level2/6/1U/KMZ3GUZV1TG7LPM32UDM29.uasset" 7589
"../../../../../../Users/AlumnoM/Desktop/PINGUS/Juego/Penguin/Content/__ExternalActors__/Levels/Level2/6/4U/JKG5KP977S3Z678PYVA0ET.uasset" 7590
"../../../../../../Users/AlumnoM/Desktop/PINGUS/Juego/Penguin/Content/__ExternalActors__/Levels/Level2/6/66/PYZZHXWWAY8US49ZQJQHAX.uasset" 7591
"../../../../../../Users/AlumnoM/Desktop/PINGUS/Juego/Penguin/Content/__ExternalActors__/Levels/Level2/6/CW/AHFL47DHZ061W4OVCA1OIA.uasset" 7592
"../../../../../../Users/AlumnoM/Desktop/PINGUS/Juego/Penguin/Content/__ExternalActors__/Levels/Level2/6/GI/VX62KGW3XMQKU8AF4L91UY.uasset" 7593
"../../../../../../Users/AlumnoM/Desktop/PINGUS/Juego/Penguin/Content/__ExternalActors__/Levels/Level2/7/2Q/Z8XZ81SRP9WV43LAON43JZ.uasset" 7594
"../../../../../../Users/AlumnoM/Desktop/PINGUS/Juego/Penguin/Content/__ExternalActors__/Levels/Level2/7/56/8FMJLPD8EXPFCQ8LJ988DP.uasset" 7595
"../../../../../../Users/AlumnoM/Desktop/PINGUS/Juego/Penguin/Content/__ExternalActors__/Levels/Level2/7/C3/6HN8E3XZRZ3SCY870Y83NA.uasset" 7596
"../../../../../../Users/AlumnoM/Desktop/PINGUS/Juego/Penguin/Content/__ExternalActors__/Levels/Level2/7/NG/HL043JIEIONK9HT2YC88JN.uasset" 7597
"../../../../../../Users/AlumnoM/Desktop/PINGUS/Juego/Penguin/Content/__ExternalActors__/Levels/Level2/7/R0/L4J2B3NV86JN423AX1D8JG.uasset" 7598
"../../../../../../Users/AlumnoM/Desktop/PINGUS/Juego/Penguin/Content/__ExternalActors__/Levels/Level2/8/5V/GTL6DGP5H6WQEPD9FBAVBR.uasset" 7599
"../../../../../../Users/AlumnoM/Desktop/PINGUS/Juego/Penguin/Content/__ExternalActors__/Levels/Level2/8/9F/APH7BW7MUXH7W8IT0PMTUY.uasset" 7600
"../../../../../../Users/AlumnoM/Desktop/PINGUS/Juego/Penguin/Content/__ExternalActors__/Levels/Level2/8/DB/EPBE9CNHXWRTQ8G3M2KL5G.uasset" 7601
"../../../../../../Users/AlumnoM/Desktop/PINGUS/Juego/Penguin/Content/__ExternalActors__/Levels/Level2/8/PV/HUTIFR4AAJRVFHQ898X9G9.uasset" 7602
"../../../../../../Users/AlumnoM/Desktop/PINGUS/Juego/Penguin/Content/__ExternalActors__/Levels/Level2/8/RW/G5UXQ2R223FBX659EKGKIE.uasset" 7603
"../../../../../../Users/AlumnoM/Desktop/PINGUS/Juego/Penguin/Content/__ExternalActors__/Levels/Level2/8/TG/C79A2AV4QWRDAMD3RTQXPW.uasset" 7604
"../../../../../../Users/AlumnoM/Desktop/PINGUS/Juego/Penguin/Content/__ExternalActors__/Levels/Level2/8/XL/R0KZR2FX3153JFMA1C14BH.uasset" 7605
"../../../../../../Users/AlumnoM/Desktop/PINGUS/Juego/Penguin/Content/__ExternalActors__/Levels/Level2/9/1I/OAOUY9DV0JON95M2A1220K.uasset" 7606
"../../../../../../Users/AlumnoM/Desktop/PINGUS/Juego/Penguin/Content/__ExternalActors__/Levels/Level2/9/7G/JFSYV0HWFJVEIVSZ290Q60.uasset" 7607
"../../../../../../Users/AlumnoM/Desktop/PINGUS/Juego/Penguin/Content/__ExternalActors__/Levels/Level2/9/PJ/ANVARGDCW3X92NHH19GY1U.uasset" 7608
"../../../../../../Users/AlumnoM/Desktop/PINGUS/Juego/Penguin/Content/__ExternalActors__/Levels/Level2/A/3T/UJJQC7ZVDJ4CV70DA4JKFE.uasset" 7609
"../../../../../../Users/AlumnoM/Desktop/PINGUS/Juego/Penguin/Content/__ExternalActors__/Levels/Level2/A/CW/HJALADV9MIYKUXGZVN99E8.uasset" 7610
"../../../../../../Users/AlumnoM/Desktop/PINGUS/Juego/Penguin/Content/__ExternalActors__/Levels/Level2/A/M8/S3O2HECRD7UN0JEA0N7OE1.uasset" 7611
"../../../../../../Users/AlumnoM/Desktop/PINGUS/Juego/Penguin/Content/__ExternalActors__/Levels/Level2/A/MR/BH0T358E72WO8VZ9J65NSR.uasset" 7612
"../../../../../../Users/AlumnoM/Desktop/PINGUS/Juego/Penguin/Content/__ExternalActors__/Levels/Level2/A/PF/28DVTYQFZH8GW7XDHW0QGH.uasset" 7613
"../../../../../../Users/AlumnoM/Desktop/PINGUS/Juego/Penguin/Content/__ExternalActors__/Levels/Level2/A/Q7/D5TLELFJVBG5W9GXDGE5IB.uasset" 7614
"../../../../../../Users/AlumnoM/Desktop/PINGUS/Juego/Penguin/Content/__ExternalActors__/Levels/Level2/B/CR/ZSYU0T6ZY663QPM1L025LA.uasset" 7615
"../../../../../../Users/AlumnoM/Desktop/PINGUS/Juego/Penguin/Content/__ExternalActors__/Levels/Level2/B/GY/8MFPNG0Q8Y3PMWIK03592A.uasset" 7616
"../../../../../../Users/AlumnoM/Desktop/PINGUS/Juego/Penguin/Content/__ExternalActors__/Levels/Level2/B/H5/3CS57VQQLCPUCH86IU8QQ9.uasset" 7617
"../../../../../../Users/AlumnoM/Desktop/PINGUS/Juego/Penguin/Content/__ExternalActors__/Levels/Level2/B/MH/H2IHT9764PEHRUX0MBG42V.uasset" 7618
"../../../../../../Users/AlumnoM/Desktop/PINGUS/Juego/Penguin/Content/__ExternalActors__/Levels/Level2/C/4T/M494MXWQSW2J52VP1ZE3TT.uasset" 7619
"../../../../../../Users/AlumnoM/Desktop/PINGUS/Juego/Penguin/Content/__ExternalActors__/Levels/Level2/C/UP/L1NPJVP88BDCRWQ9QH5A1O.uasset" 7620
"../../../../../../Users/AlumnoM/Desktop/PINGUS/Juego/Penguin/Content/__ExternalActors__/Levels/Level2/D/1A/HTWE9NJRO4CEH5ZOCMUP2B.uasset" 7621
"../../../../../../Users/AlumnoM/Desktop/PINGUS/Juego/Penguin/Content/__ExternalActors__/Levels/Level2/D/E7/O48FBRNEN6TM9S2EZ9WTC4.uasset" 7622
"../../../../../../Users/AlumnoM/Desktop/PINGUS/Juego/Penguin/Content/__ExternalActors__/Levels/Level2/D/JG/1QYAJLTA9QJ8TRXK6RW30D.uasset" 7623
"../../../../../../Users/AlumnoM/Desktop/PINGUS/Juego/Penguin/Content/__ExternalActors__/Levels/Level2/D/QJ/JXDWO0O3Z7A3EZ8U6HWB3K.uasset" 7624
"../../../../../../Users/AlumnoM/Desktop/PINGUS/Juego/Penguin/Content/__ExternalActors__/Levels/Level2/D/WI/PW0Z870G9YARNN6ZU6K08W.uasset" 7625
"../../../../../../Users/AlumnoM/Desktop/PINGUS/Juego/Penguin/Content/__ExternalActors__/Levels/Level2/E/0O/0WNU7KP8CMEDUW5RFZOMOJ.uasset" 7626
"../../../../../../Users/AlumnoM/Desktop/PINGUS/Juego/Penguin/Content/__ExternalActors__/Levels/Level2/E/2S/CUMSGZPZOCF0AS8V5ET6VL.uasset" 7627
"../../../../../../Users/AlumnoM/Desktop/PINGUS/Juego/Penguin/Content/__ExternalActors__/Levels/Level2/E/DO/6R5KEBYKTZCXDBIR407CHY.uasset" 7628
"../../../../../../Users/AlumnoM/Desktop/PINGUS/Juego/Penguin/Content/__ExternalActors__/Levels/Level2/E/FA/W39O4CJCXDJUTD1KTRW20X.uasset" 7629
"../../../../../../Users/AlumnoM/Desktop/PINGUS/Juego/Penguin/Content/__ExternalActors__/Levels/Level2/E/HI/DG9H42XG1TXFU9V7R85NLM.uasset" 7630
"../../../../../../Users/AlumnoM/Desktop/PINGUS/Juego/Penguin/Content/__ExternalActors__/Levels/Level2/E/M6/6KDK550EHE9RCHMFGLTNKR.uasset" 7631
"../../../../../../Users/AlumnoM/Desktop/PINGUS/Juego/Penguin/Content/__ExternalActors__/Levels/Level2/E/O4/L0AES6E6L13LVEA14MMOPD.uasset" 7632
"../../../../../../Users/AlumnoM/Desktop/PINGUS/Juego/Penguin/Content/Levels/Level2.umap" 7633
"C:/Users/AlumnoM/Desktop/PINGUS/Juego/Penguin/Content/__ExternalObjects__/VehicleTemplate/Maps/VehicleOffroadExampleMap/7/I9/SX4BRTOLSHZ4SO97WG9F6S.uasset" 7634
"C:/Users/AlumnoM/Desktop/PINGUS/Juego/Penguin/Content/__ExternalObjects__/VehicleTemplate/Maps/VehicleOffroadExampleMap/5/9C/C2H18IMFHO7GCAKJAJEWR1.uasset" 7635
"C:/Users/AlumnoM/Desktop/PINGUS/Juego/Penguin/Content/__ExternalObjects__/VehicleTemplate/Maps/VehicleOffroadExampleMap/7/0W/5MFYIXWW8GWPA7IC4GN3FB.uasset" 7636
"C:/Users/AlumnoM/Desktop/PINGUS/Juego/Penguin/Content/__ExternalObjects__/VehicleTemplate/Maps/VehicleOffroadExampleMap/3/O1/ZU68OYX8E9GSPKN55UURZO.uasset" 7637
"../../../../../../Users/AlumnoM/Desktop/PINGUS/Juego/Penguin/Content/__ExternalActors__/VehicleTemplate/Maps/VehicleOffroadExampleMap/B/AO/22HJ43Y4H5XLJNZMX8N7ZD.uasset" 7638
"../../../../../../Users/AlumnoM/Desktop/PINGUS/Juego/Penguin/Content/__ExternalActors__/VehicleTemplate/Maps/VehicleOffroadExampleMap/0/97/WMMSB69PR7GIB51ZJRT211.uasset" 7639
"../../../../../../Users/AlumnoM/Desktop/PINGUS/Juego/Penguin/Content/__ExternalActors__/VehicleTemplate/Maps/VehicleOffroadExampleMap/0/HI/1VQADIHZUCN4UMXNIZZZA2.uasset" 7640
"../../../../../../Users/AlumnoM/Desktop/PINGUS/Juego/Penguin/Content/__ExternalActors__/VehicleTemplate/Maps/VehicleOffroadExampleMap/0/IJ/L1RT3L9M0TIWIH3JYHX90S.uasset" 7641
"../../../../../../Users/AlumnoM/Desktop/PINGUS/Juego/Penguin/Content/__ExternalActors__/VehicleTemplate/Maps/VehicleOffroadExampleMap/1/98/M2D80SQDTFQXJL08IA9Y2B.uasset" 7642
"../../../../../../Users/AlumnoM/Desktop/PINGUS/Juego/Penguin/Content/__ExternalActors__/VehicleTemplate/Maps/VehicleOffroadExampleMap/2/2S/VM33DBTYF5D5J2RZ0M3HD1.uasset" 7643
"../../../../../../Users/AlumnoM/Desktop/PINGUS/Juego/Penguin/Content/__ExternalActors__/VehicleTemplate/Maps/VehicleOffroadExampleMap/2/5C/5G8PYJ4E4VYUH6BJJZ6714.uasset" 7644
"../../../../../../Users/AlumnoM/Desktop/PINGUS/Juego/Penguin/Content/__ExternalActors__/VehicleTemplate/Maps/VehicleOffroadExampleMap/2/AM/FMZNMXP56TSX2S5IL9M7XK.uasset" 7645
"../../../../../../Users/AlumnoM/Desktop/PINGUS/Juego/Penguin/Content/__ExternalActors__/VehicleTemplate/Maps/VehicleOffroadExampleMap/2/VF/EQ3II9PWT8KZ8ZWI760AL4.uasset" 7646
"../../../../../../Users/AlumnoM/Desktop/PINGUS/Juego/Penguin/Content/__ExternalActors__/VehicleTemplate/Maps/VehicleOffroadExampleMap/3/S0/RJKVJCDVTHKGGSDSDG2W9T.uasset" 7647
"../../../../../../Users/AlumnoM/Desktop/PINGUS/Juego/Penguin/Content/__ExternalActors__/VehicleTemplate/Maps/VehicleOffroadExampleMap/3/TA/U664AWMHK82ILNKVILVHLI.uasset" 7648
"../../../../../../Users/AlumnoM/Desktop/PINGUS/Juego/Penguin/Content/__ExternalActors__/VehicleTemplate/Maps/VehicleOffroadExampleMap/4/1T/OOJ2X5F517ZKN74F48VWTE.uasset" 7649
"../../../../../../Users/AlumnoM/Desktop/PINGUS/Juego/Penguin/Content/__ExternalActors__/VehicleTemplate/Maps/VehicleOffroadExampleMap/4/S3/4UXFKBYM283P19H68XQMZ3.uasset" 7650
"../../../../../../Users/AlumnoM/Desktop/PINGUS/Juego/Penguin/Content/__ExternalActors__/VehicleTemplate/Maps/VehicleOffroadExampleMap/5/EX/7QRV68B7DC8QOC9CL45Q7O.uasset" 7651
"../../../../../../Users/AlumnoM/Desktop/PINGUS/Juego/Penguin/Content/__ExternalActors__/VehicleTemplate/Maps/VehicleOffroadExampleMap/5/J8/UKED4I7E7S8PCRX6HP5UKJ.uasset" 7652
"../../../../../../Users/AlumnoM/Desktop/PINGUS/Juego/Penguin/Content/__ExternalActors__/VehicleTemplate/Maps/VehicleOffroadExampleMap/5/T5/8FSQ5RLSOFAP8O94NOSB1B.uasset" 7653
"../../../../../../Users/AlumnoM/Desktop/PINGUS/Juego/Penguin/Content/__ExternalActors__/VehicleTemplate/Maps/VehicleOffroadExampleMap/6/9G/Y0KA71R67HHPFQPDZ6FRZC.uasset" 7654
"../../../../../../Users/AlumnoM/Desktop/PINGUS/Juego/Penguin/Content/__ExternalActors__/VehicleTemplate/Maps/VehicleOffroadExampleMap/7/8N/A1L60D6VCRPRSRNZPYV78C.uasset" 7655
"../../../../../../Users/AlumnoM/Desktop/PINGUS/Juego/Penguin/Content/__ExternalActors__/VehicleTemplate/Maps/VehicleOffroadExampleMap/7/G7/Y1K5CZIWWVLPDHVN6HRJ6S.uasset" 7656
"../../../../../../Users/AlumnoM/Desktop/PINGUS/Juego/Penguin/Content/__ExternalActors__/VehicleTemplate/Maps/VehicleOffroadExampleMap/7/Z0/3XWVWGGXHN1AZI6JLUJQIE.uasset" 7657
"../../../../../../Users/AlumnoM/Desktop/PINGUS/Juego/Penguin/Content/__ExternalActors__/VehicleTemplate/Maps/VehicleOffroadExampleMap/8/ZB/VX72CWBUJMPYSADFZ2185I.uasset" 7658
"../../../../../../Users/AlumnoM/Desktop/PINGUS/Juego/Penguin/Content/__ExternalActors__/VehicleTemplate/Maps/VehicleOffroadExampleMap/9/9S/1MVJBLZHBGN4RALSC15FAA.uasset" 7659
"../../../../../../Users/AlumnoM/Desktop/PINGUS/Juego/Penguin/Content/__ExternalActors__/VehicleTemplate/Maps/VehicleOffroadExampleMap/9/O4/E3Z8H79ZU52XLU8ILP50RQ.uasset" 7660
"../../../../../../Users/AlumnoM/Desktop/PINGUS/Juego/Penguin/Content/__ExternalActors__/VehicleTemplate/Maps/VehicleOffroadExampleMap/B/E5/TFNT6CTPHAH8KJGD121E32.uasset" 7661
"../../../../../../Users/AlumnoM/Desktop/PINGUS/Juego/Penguin/Content/__ExternalActors__/VehicleTemplate/Maps/VehicleOffroadExampleMap/B/UG/9SDZYYD1PNIYWPUIP7HUFW.uasset" 7662
"../../../../../../Users/AlumnoM/Desktop/PINGUS/Juego/Penguin/Content/__ExternalActors__/VehicleTemplate/Maps/VehicleOffroadExampleMap/C/4X/TFUEUCY1IFT2LEF8SGF0FC.uasset" 7663
"../../../../../../Users/AlumnoM/Desktop/PINGUS/Juego/Penguin/Content/__ExternalActors__/VehicleTemplate/Maps/VehicleOffroadExampleMap/C/6T/PJ5V0AH3HC3AHUS0PTYRDC.uasset" 7664
"../../../../../../Users/AlumnoM/Desktop/PINGUS/Juego/Penguin/Content/__ExternalActors__/VehicleTemplate/Maps/VehicleOffroadExampleMap/C/7R/O4TQCUKM80TLZ9T2ME4EIK.uasset" 7665
"../../../../../../Users/AlumnoM/Desktop/PINGUS/Juego/Penguin/Content/__ExternalActors__/VehicleTemplate/Maps/VehicleOffroadExampleMap/C/89/L4UJJKTALP223UZXU90IDP.uasset" 7666
"../../../../../../Users/AlumnoM/Desktop/PINGUS/Juego/Penguin/Content/__ExternalActors__/VehicleTemplate/Maps/VehicleOffroadExampleMap/D/1P/LIVOURXQMVQB9GBPKV0RLA.uasset" 7667
"../../../../../../Users/AlumnoM/Desktop/PINGUS/Juego/Penguin/Content/__ExternalActors__/VehicleTemplate/Maps/VehicleOffroadExampleMap/D/5D/3ESC50ZOSZICNR5FVRAHMQ.uasset" 7668
"../../../../../../Users/AlumnoM/Desktop/PINGUS/Juego/Penguin/Content/__ExternalActors__/VehicleTemplate/Maps/VehicleOffroadExampleMap/D/8E/8M1BCHTIQ1TPH55614JSC2.uasset" 7669
"../../../../../../Users/AlumnoM/Desktop/PINGUS/Juego/Penguin/Content/__ExternalActors__/VehicleTemplate/Maps/VehicleOffroadExampleMap/D/IM/9L19XYT14UBW4G25Q5ESMY.uasset" 7670
"../../../../../../Users/AlumnoM/Desktop/PINGUS/Juego/Penguin/Content/__ExternalActors__/VehicleTemplate/Maps/VehicleOffroadExampleMap/E/8P/P8C9N6JIBUT4GI44MAF1R6.uasset" 7671
"../../../../../../Users/AlumnoM/Desktop/PINGUS/Juego/Penguin/Content/__ExternalActors__/VehicleTemplate/Maps/VehicleOffroadExampleMap/E/K8/DGO7RO4NWOQGQZNIO7UI00.uasset" 7672
"../../../../../../Users/AlumnoM/Desktop/PINGUS/Juego/Penguin/Content/VehicleTemplate/Maps/VehicleOffroadExampleMap.umap" 7673
"../../../Engine/Plugins/Experimental/Water/Shaders/Private/GerstnerWaveFunctions.ush" 7674
"../../../Engine/Plugins/Experimental/Water/Shaders/Private/WaterDataFunctions.ush" 7675
"../../../../../../Users/AlumnoM/Desktop/PINGUS/Juego/Penguin/Content/__ExternalActors__/Levels/Level2/E/ZG/MV56MKSNN93H3724U5ERPU.uasset" 7676
"../../../../../../Users/AlumnoM/Desktop/PINGUS/Juego/Penguin/Content/__ExternalActors__/Levels/Level2/E/VO/R5Z29YDXYJ60ZP91KOGY1P.uasset" 7677
"../../../../../../Users/AlumnoM/Desktop/PINGUS/Juego/Penguin/Content/__ExternalActors__/Levels/Level2/E/TB/L62FZJDNKM8BF3HBCZO581.uasset" 7678
"../../../../../../Users/AlumnoM/Desktop/PINGUS/Juego/Penguin/Content/__ExternalActors__/Levels/Level2/E/32/FHXSNAIB35X8GIASHZIH8B.uasset" 7679
"../../../../../../Users/AlumnoM/Desktop/PINGUS/Juego/Penguin/Content/__ExternalActors__/Levels/Level2/D/63/RC3K5UF6TOY84QGGWU7AVS.uasset" 7680
"../../../../../../Users/AlumnoM/Desktop/PINGUS/Juego/Penguin/Content/__ExternalActors__/Levels/Level2/C/Z7/WL1NLILI3CNTGX12LILDOO.uasset" 7681
"../../../../../../Users/AlumnoM/Desktop/PINGUS/Juego/Penguin/Content/__ExternalActors__/Levels/Level2/C/YZ/X3JB3OAO0VE4CEGBN8LR6Y.uasset" 7682
"../../../../../../Users/AlumnoM/Desktop/PINGUS/Juego/Penguin/Content/__ExternalActors__/Levels/Level2/C/AG/ZUQ5SQF00BJ1818OOJFMIR.uasset" 7683
"../../../../../../Users/AlumnoM/Desktop/PINGUS/Juego/Penguin/Content/__ExternalActors__/Levels/Level2/C/8H/YLJL5APB9XBN9P8I7L2Z7E.uasset" 7684
"../../../../../../Users/AlumnoM/Desktop/PINGUS/Juego/Penguin/Content/__ExternalActors__/Levels/Level2/C/3M/BKM3O6SF780OCJZSBO03PU.uasset" 7685
"../../../../../../Users/AlumnoM/Desktop/PINGUS/Juego/Penguin/Content/__ExternalActors__/Levels/Level2/B/VQ/5G5POF2493D75EMTJPR97Q.uasset" 7686
"../../../../../../Users/AlumnoM/Desktop/PINGUS/Juego/Penguin/Content/__ExternalActors__/Levels/Level2/B/T0/5J6CQ4M3F6TLW8K78HNV8U.uasset" 7687
"../../../../../../Users/AlumnoM/Desktop/PINGUS/Juego/Penguin/Content/__ExternalActors__/Levels/Level2/B/0Y/TCN5L54PVPWA6IIUASZ0QI.uasset" 7688
"../../../../../../Users/AlumnoM/Desktop/PINGUS/Juego/Penguin/Content/__ExternalActors__/Levels/Level2/A/T7/P3WT5KD1UZHBUU0MR4M7SF.uasset" 7689
"../../../../../../Users/AlumnoM/Desktop/PINGUS/Juego/Penguin/Content/__ExternalActors__/Levels/Level2/A/EX/8DIWVIPP6XWUUB5OAFF4QU.uasset" 7690
"../../../../../../Users/AlumnoM/Desktop/PINGUS/Juego/Penguin/Content/__ExternalActors__/Levels/Level2/A/E6/XUGWSSRU5P1BNHFAYD79ID.uasset" 7691
"../../../../../../Users/AlumnoM/Desktop/PINGUS/Juego/Penguin/Content/__ExternalActors__/Levels/Level2/A/D2/JRZ1IDGN2HM2ST8ZOD2Q19.uasset" 7692
"../../../../../../Users/AlumnoM/Desktop/PINGUS/Juego/Penguin/Content/__ExternalActors__/Levels/Level2/A/D0/7J6XSY2A0HSUD9XC0JUKSP.uasset" 7693
"../../../../../../Users/AlumnoM/Desktop/PINGUS/Juego/Penguin/Content/__ExternalActors__/Levels/Level2/A/CU/DV5Q62KLM2H0DYETWJ8YAN.uasset" 7694
"../../../../../../Users/AlumnoM/Desktop/PINGUS/Juego/Penguin/Content/__ExternalActors__/Levels/Level2/A/9L/T4KF1RAEBII9H2PP1IQ0ZC.uasset" 7695
"../../../../../../Users/AlumnoM/Desktop/PINGUS/Juego/Penguin/Content/__ExternalActors__/Levels/Level2/A/45/0VUMI4J216N0R13012DITY.uasset" 7696
"../../../../../../Users/AlumnoM/Desktop/PINGUS/Juego/Penguin/Content/__ExternalActors__/Levels/Level2/A/3I/LLUZC62XY5ILF4VCARWTMW.uasset" 7697
"../../../../../../Users/AlumnoM/Desktop/PINGUS/Juego/Penguin/Content/__ExternalActors__/Levels/Level2/9/Z7/3SCXSYHGYYXVC5FKG4NIPL.uasset" 7698
"../../../../../../Users/AlumnoM/Desktop/PINGUS/Juego/Penguin/Content/__ExternalActors__/Levels/Level2/9/S8/Y3RXTZGVZRNAHVR1CYT0VB.uasset" 7699
"../../../../../../Users/AlumnoM/Desktop/PINGUS/Juego/Penguin/Content/__ExternalActors__/Levels/Level2/9/PZ/Q6QE8RGJHQNYF9KN0UM8WL.uasset" 7700
"../../../../../../Users/AlumnoM/Desktop/PINGUS/Juego/Penguin/Content/__ExternalActors__/Levels/Level2/9/IU/SL5EE8AJ42YDOQTM701RZ3.uasset" 7701
"../../../../../../Users/AlumnoM/Desktop/PINGUS/Juego/Penguin/Content/__ExternalActors__/Levels/Level2/9/B9/6I22WG07E822U5P9RSC4P1.uasset" 7702
"../../../../../../Users/AlumnoM/Desktop/PINGUS/Juego/Penguin/Content/__ExternalActors__/Levels/Level2/8/WJ/7736X4UW97C3ZA7TO21SFH.uasset" 7703
"../../../../../../Users/AlumnoM/Desktop/PINGUS/Juego/Penguin/Content/__ExternalActors__/Levels/Level2/8/SM/AS19LG5WHEMQ06QS4DKEVX.uasset" 7704
"../../../../../../Users/AlumnoM/Desktop/PINGUS/Juego/Penguin/Content/__ExternalActors__/Levels/Level2/8/P0/VNTF48BIGKX4C4IOGM40J1.uasset" 7705
"../../../../../../Users/AlumnoM/Desktop/PINGUS/Juego/Penguin/Content/__ExternalActors__/Levels/Level2/8/M1/6I8VW1G2ZJEOII5VVBKO3D.uasset" 7706
"../../../../../../Users/AlumnoM/Desktop/PINGUS/Juego/Penguin/Content/__ExternalActors__/Levels/Level2/8/BI/CJJ6OBUI81VAFTTYOZKATH.uasset" 7707
"../../../../../../Users/AlumnoM/Desktop/PINGUS/Juego/Penguin/Content/__ExternalActors__/Levels/Level2/7/S8/UXIBDPQAPUIXO9ZDOD1I07.uasset" 7708
"../../../../../../Users/AlumnoM/Desktop/PINGUS/Juego/Penguin/Content/__ExternalActors__/Levels/Level2/7/GS/SCILFMKB8Y0RF78WMDWV1A.uasset" 7709
"../../../../../../Users/AlumnoM/Desktop/PINGUS/Juego/Penguin/Content/__ExternalActors__/Levels/Level2/7/DF/M9450L6JH48AIA5SOD84W6.uasset" 7710
"../../../../../../Users/AlumnoM/Desktop/PINGUS/Juego/Penguin/Content/__ExternalActors__/Levels/Level2/7/67/JVBBD2N6OODXKOF5AY9EIP.uasset" 7711
"../../../../../../Users/AlumnoM/Desktop/PINGUS/Juego/Penguin/Content/__ExternalActors__/Levels/Level2/6/Y5/PM85EWTWS6XL54X09L72OR.uasset" 7712
"../../../../../../Users/AlumnoM/Desktop/PINGUS/Juego/Penguin/Content/__ExternalActors__/Levels/Level2/6/GL/ZPR72EPTEFFQL8NLYD9SXR.uasset" 7713
"../../../../../../Users/AlumnoM/Desktop/PINGUS/Juego/Penguin/Content/__ExternalActors__/Levels/Level2/6/DT/P7G24BBB7A8OOXFE2CHSPZ.uasset" 7714
"../../../../../../Users/AlumnoM/Desktop/PINGUS/Juego/Penguin/Content/__ExternalActors__/Levels/Level2/5/TE/H6O3WZO07BIX22G1017E17.uasset" 7715
"../../../../../../Users/AlumnoM/Desktop/PINGUS/Juego/Penguin/Content/__ExternalActors__/Levels/Level2/5/GT/RGMPVJFH3F2MSVN3GZWL5O.uasset" 7716
"../../../../../../Users/AlumnoM/Desktop/PINGUS/Juego/Penguin/Content/__ExternalActors__/Levels/Level2/4/R6/I0BWDKURVR5UYD4GCT1QRO.uasset" 7717
"../../../../../../Users/AlumnoM/Desktop/PINGUS/Juego/Penguin/Content/__ExternalActors__/Levels/Level2/4/CK/U520DAXS2LU628F2ANQWMA.uasset" 7718
"../../../../../../Users/AlumnoM/Desktop/PINGUS/Juego/Penguin/Content/__ExternalActors__/Levels/Level2/4/9H/RH8CWOF37OH4WS2HXKRK2H.uasset" 7719
"../../../../../../Users/AlumnoM/Desktop/PINGUS/Juego/Penguin/Content/__ExternalActors__/Levels/Level2/4/54/ZZYHCB9ACEOV8K3PCKG82G.uasset" 7720
"../../../../../../Users/AlumnoM/Desktop/PINGUS/Juego/Penguin/Content/__ExternalActors__/Levels/Level2/4/2X/CAODNE7PRHETM3XS2PME0E.uasset" 7721
"../../../../../../Users/AlumnoM/Desktop/PINGUS/Juego/Penguin/Content/__ExternalActors__/Levels/Level2/3/YO/AHZ14O5A5RLE5844YPU4W6.uasset" 7722
"../../../../../../Users/AlumnoM/Desktop/PINGUS/Juego/Penguin/Content/__ExternalActors__/Levels/Level2/3/IG/JNKVGXLADK9N1WEG9S5GUT.uasset" 7723
"../../../../../../Users/AlumnoM/Desktop/PINGUS/Juego/Penguin/Content/__ExternalActors__/Levels/Level2/3/4P/A5RGH1CJQCQ99I4BHV0ERS.uasset" 7724
"../../../../../../Users/AlumnoM/Desktop/PINGUS/Juego/Penguin/Content/__ExternalActors__/Levels/Level2/2/PZ/006KXL6XPRG4ZGTDULLPFS.uasset" 7725
"../../../../../../Users/AlumnoM/Desktop/PINGUS/Juego/Penguin/Content/__ExternalActors__/Levels/Level2/2/KY/D82RM5Z1P0Z9R6WSP7B26M.uasset" 7726
"../../../../../../Users/AlumnoM/Desktop/PINGUS/Juego/Penguin/Content/__ExternalActors__/Levels/Level2/2/FX/I3YZG7BVLBQNP9MH4UMC9D.uasset" 7727
"../../../../../../Users/AlumnoM/Desktop/PINGUS/Juego/Penguin/Content/__ExternalActors__/Levels/Level2/2/D1/YR4204NO4OTCXDNEE27EME.uasset" 7728
"../../../../../../Users/AlumnoM/Desktop/PINGUS/Juego/Penguin/Content/__ExternalActors__/Levels/Level2/2/86/DJ285N2KSKH0OEE3VVXP2I.uasset" 7729
"../../../../../../Users/AlumnoM/Desktop/PINGUS/Juego/Penguin/Content/__ExternalActors__/Levels/Level2/2/6I/C54NHKLL49LYL16WMMHIDI.uasset" 7730
"../../../../../../Users/AlumnoM/Desktop/PINGUS/Juego/Penguin/Content/__ExternalActors__/Levels/Level2/2/3T/FRZT689W2EG4DNAGSZ4VT9.uasset" 7731
"../../../../../../Users/AlumnoM/Desktop/PINGUS/Juego/Penguin/Content/__ExternalActors__/Levels/Level2/2/0L/G9Z4UZE1QKKELM4DQT7XKM.uasset" 7732
"../../../../../../Users/AlumnoM/Desktop/PINGUS/Juego/Penguin/Content/__ExternalActors__/Levels/Level2/1/OF/KO02H9Q3J898GUMYMDT14D.uasset" 7733
"../../../../../../Users/AlumnoM/Desktop/PINGUS/Juego/Penguin/Content/__ExternalActors__/Levels/Level2/1/NV/KER4V9H4KZBI0XQYJL9HZG.uasset" 7734
"../../../../../../Users/AlumnoM/Desktop/PINGUS/Juego/Penguin/Content/__ExternalActors__/Levels/Level2/1/GZ/UI7MXM2DCLCEZPMOS6UL5H.uasset" 7735
"../../../../../../Users/AlumnoM/Desktop/PINGUS/Juego/Penguin/Content/__ExternalActors__/Levels/Level2/1/7D/PE8KMNKIZTDP291KBKN784.uasset" 7736
"../../../../../../Users/AlumnoM/Desktop/PINGUS/Juego/Penguin/Content/__ExternalActors__/Levels/Level2/0/MQ/WDJOHTQ6IQP5BV1RGIC5OK.uasset" 7737
"../../../../../../Users/AlumnoM/Desktop/PINGUS/Juego/Penguin/Content/__ExternalActors__/Levels/Level2/0/KI/P5IW0UYRDEXISX2M5T2008.uasset" 7738
"../../../../../../Users/AlumnoM/Desktop/PINGUS/Juego/Penguin/Content/__ExternalActors__/Levels/Level2/0/KG/4O21GGHD19Z8EG27U5AHXW.uasset" 7739
"../../../../../../Users/AlumnoM/Desktop/PINGUS/Juego/Penguin/Content/__ExternalActors__/VehicleTemplate/Maps/VehicleOffroadExampleMap/2/GD/QG7BMCJ0HPUE4EV8KLRYCP.uasset" 7740
"../../../../../../Users/AlumnoM/Desktop/PINGUS/Juego/Penguin/Content/__ExternalActors__/VehicleTemplate/Maps/VehicleOffroadExampleMap/E/KC/YQZWWS22NCAMSX1MT7T2AY.uasset" 7741
"../../../../../../Users/AlumnoM/Desktop/PINGUS/Juego/Penguin/Content/__ExternalActors__/VehicleTemplate/Maps/VehicleOffroadExampleMap/E/GH/YOQH19T0LMYF4KFPE1EE7P.uasset" 7742
"../../../../../../Users/AlumnoM/Desktop/PINGUS/Juego/Penguin/Content/__ExternalActors__/VehicleTemplate/Maps/VehicleOffroadExampleMap/E/DV/SSSDZF2KMOES00KW8WZXNH.uasset" 7743
"../../../../../../Users/AlumnoM/Desktop/PINGUS/Juego/Penguin/Content/__ExternalActors__/VehicleTemplate/Maps/VehicleOffroadExampleMap/E/DQ/OZENY6LDF02Z53NICO9C6W.uasset" 7744
"../../../../../../Users/AlumnoM/Desktop/PINGUS/Juego/Penguin/Content/__ExternalActors__/VehicleTemplate/Maps/VehicleOffroadExampleMap/E/9Q/7OAB1JX9PCWI5W5I8VK6DK.uasset" 7745
"../../../../../../Users/AlumnoM/Desktop/PINGUS/Juego/Penguin/Content/__ExternalActors__/VehicleTemplate/Maps/VehicleOffroadExampleMap/D/ZV/DBH96JSUHLEVNRDWWCMINY.uasset" 7746
"../../../../../../Users/AlumnoM/Desktop/PINGUS/Juego/Penguin/Content/__ExternalActors__/VehicleTemplate/Maps/VehicleOffroadExampleMap/D/TE/CKY6K12XJNMC6ERL9EKJPU.uasset" 7747
"../../../../../../Users/AlumnoM/Desktop/PINGUS/Juego/Penguin/Content/__ExternalActors__/VehicleTemplate/Maps/VehicleOffroadExampleMap/D/JT/00K8RFA59LNPINRWXZ8NWA.uasset" 7748
"../../../../../../Users/AlumnoM/Desktop/PINGUS/Juego/Penguin/Content/__ExternalActors__/VehicleTemplate/Maps/VehicleOffroadExampleMap/D/DB/Y937NP92ITHTUWC9LS3KMS.uasset" 7749
"../../../../../../Users/AlumnoM/Desktop/PINGUS/Juego/Penguin/Content/__ExternalActors__/VehicleTemplate/Maps/VehicleOffroadExampleMap/D/9I/QQ2F8L9GEFB7T08967G82N.uasset" 7750
"../../../../../../Users/AlumnoM/Desktop/PINGUS/Juego/Penguin/Content/__ExternalActors__/VehicleTemplate/Maps/VehicleOffroadExampleMap/C/ZN/VDUTP7FDAA3NP3O8GYT4GR.uasset" 7751
"../../../../../../Users/AlumnoM/Desktop/PINGUS/Juego/Penguin/Content/__ExternalActors__/VehicleTemplate/Maps/VehicleOffroadExampleMap/C/QR/VL7AJVLIH3KZ77P35PKDLH.uasset" 7752
"../../../../../../Users/AlumnoM/Desktop/PINGUS/Juego/Penguin/Content/__ExternalActors__/VehicleTemplate/Maps/VehicleOffroadExampleMap/C/J0/X8DPM3PTTIRQTPI771ZRCJ.uasset" 7753
"../../../../../../Users/AlumnoM/Desktop/PINGUS/Juego/Penguin/Content/__ExternalActors__/VehicleTemplate/Maps/VehicleOffroadExampleMap/C/FR/BGEDKJGLZO0RGGU56Y7OH8.uasset" 7754
"../../../../../../Users/AlumnoM/Desktop/PINGUS/Juego/Penguin/Content/__ExternalActors__/VehicleTemplate/Maps/VehicleOffroadExampleMap/C/EY/3KWNCX3WUA9Q75PT214AKU.uasset" 7755
"../../../../../../Users/AlumnoM/Desktop/PINGUS/Juego/Penguin/Content/__ExternalActors__/VehicleTemplate/Maps/VehicleOffroadExampleMap/B/X6/ZTE2ZMJSNHGTEGJNSY21KM.uasset" 7756
"../../../../../../Users/AlumnoM/Desktop/PINGUS/Juego/Penguin/Content/__ExternalActors__/VehicleTemplate/Maps/VehicleOffroadExampleMap/B/Q3/S6VW6P7811W6A606FQ75M5.uasset" 7757
"../../../../../../Users/AlumnoM/Desktop/PINGUS/Juego/Penguin/Content/__ExternalActors__/VehicleTemplate/Maps/VehicleOffroadExampleMap/B/P4/NHX3D4XKGXMTMD7ZRZWAGC.uasset" 7758
"../../../../../../Users/AlumnoM/Desktop/PINGUS/Juego/Penguin/Content/__ExternalActors__/VehicleTemplate/Maps/VehicleOffroadExampleMap/B/LX/2ZZWWTGAZKHFAJ6WUKO7HP.uasset" 7759
"../../../../../../Users/AlumnoM/Desktop/PINGUS/Juego/Penguin/Content/__ExternalActors__/VehicleTemplate/Maps/VehicleOffroadExampleMap/B/KF/SDG297WKXW8J65CC7F6GXO.uasset" 7760
"../../../../../../Users/AlumnoM/Desktop/PINGUS/Juego/Penguin/Content/__ExternalActors__/VehicleTemplate/Maps/VehicleOffroadExampleMap/B/5L/PUWW987WQV8UX3RAE5X2KQ.uasset" 7761
"../../../../../../Users/AlumnoM/Desktop/PINGUS/Juego/Penguin/Content/__ExternalActors__/VehicleTemplate/Maps/VehicleOffroadExampleMap/A/W6/1DKYLR8T6RNIE0Z58JN849.uasset" 7762
"../../../../../../Users/AlumnoM/Desktop/PINGUS/Juego/Penguin/Content/__ExternalActors__/VehicleTemplate/Maps/VehicleOffroadExampleMap/A/KE/X26MTD9ACLZI5EOEQM6QXZ.uasset" 7763
"../../../../../../Users/AlumnoM/Desktop/PINGUS/Juego/Penguin/Content/__ExternalActors__/VehicleTemplate/Maps/VehicleOffroadExampleMap/9/WG/0OY7BI8RUK5EV4PT3CT987.uasset" 7764
"../../../../../../Users/AlumnoM/Desktop/PINGUS/Juego/Penguin/Content/__ExternalActors__/VehicleTemplate/Maps/VehicleOffroadExampleMap/9/MW/M8AO8WH23VGKSLUWBUHPJO.uasset" 7765
"../../../../../../Users/AlumnoM/Desktop/PINGUS/Juego/Penguin/Content/__ExternalActors__/VehicleTemplate/Maps/VehicleOffroadExampleMap/9/HE/RNCJ3D1TYII3UBJK1Z4GJ1.uasset" 7766
"../../../../../../Users/AlumnoM/Desktop/PINGUS/Juego/Penguin/Content/__ExternalActors__/VehicleTemplate/Maps/VehicleOffroadExampleMap/9/2B/I7D9107O94TBJ2IAIOFMVP.uasset" 7767
"../../../../../../Users/AlumnoM/Desktop/PINGUS/Juego/Penguin/Content/__ExternalActors__/VehicleTemplate/Maps/VehicleOffroadExampleMap/9/1V/18JQFU0A162B2JBW81OCDM.uasset" 7768
"../../../../../../Users/AlumnoM/Desktop/PINGUS/Juego/Penguin/Content/__ExternalActors__/VehicleTemplate/Maps/VehicleOffroadExampleMap/8/E6/F6IO9BAJMDVV6Y83FP0X54.uasset" 7769
"../../../../../../Users/AlumnoM/Desktop/PINGUS/Juego/Penguin/Content/__ExternalActors__/VehicleTemplate/Maps/VehicleOffroadExampleMap/8/DK/OTFU7FCI9H36TPVFSDHZPJ.uasset" 7770
"../../../../../../Users/AlumnoM/Desktop/PINGUS/Juego/Penguin/Content/__ExternalActors__/VehicleTemplate/Maps/VehicleOffroadExampleMap/8/71/B2OBX2FCXXATCMXBTP5M2T.uasset" 7771
"../../../../../../Users/AlumnoM/Desktop/PINGUS/Juego/Penguin/Content/__ExternalActors__/VehicleTemplate/Maps/VehicleOffroadExampleMap/7/Y1/O5VJ91UQF7VJLW9RYGTU78.uasset" 7772
"../../../../../../Users/AlumnoM/Desktop/PINGUS/Juego/Penguin/Content/__ExternalActors__/VehicleTemplate/Maps/VehicleOffroadExampleMap/7/U6/8ZCPPWSQ5MENJZV56QZM9Z.uasset" 7773
"../../../../../../Users/AlumnoM/Desktop/PINGUS/Juego/Penguin/Content/__ExternalActors__/VehicleTemplate/Maps/VehicleOffroadExampleMap/7/LH/O40QUFV4M4X61OQ4CQTQBG.uasset" 7774
"../../../../../../Users/AlumnoM/Desktop/PINGUS/Juego/Penguin/Content/__ExternalActors__/VehicleTemplate/Maps/VehicleOffroadExampleMap/7/G6/3H4VYUFZY2HFAAD3YG37SF.uasset" 7775
"../../../../../../Users/AlumnoM/Desktop/PINGUS/Juego/Penguin/Content/__ExternalActors__/VehicleTemplate/Maps/VehicleOffroadExampleMap/7/C1/IHFYDWYQQ86R3X6KA2O6CQ.uasset" 7776
"../../../../../../Users/AlumnoM/Desktop/PINGUS/Juego/Penguin/Content/__ExternalActors__/VehicleTemplate/Maps/VehicleOffroadExampleMap/5/WQ/H9OTZ0FZSIA35A3846ZTFK.uasset" 7777
"../../../../../../Users/AlumnoM/Desktop/PINGUS/Juego/Penguin/Content/__ExternalActors__/VehicleTemplate/Maps/VehicleOffroadExampleMap/5/SZ/JYKMNBFHO9JD7KJT354BRE.uasset" 7778
"../../../../../../Users/AlumnoM/Desktop/PINGUS/Juego/Penguin/Content/__ExternalActors__/VehicleTemplate/Maps/VehicleOffroadExampleMap/5/SB/2TYBBDS4U6WJC2Y6V6FRDQ.uasset" 7779
"../../../../../../Users/AlumnoM/Desktop/PINGUS/Juego/Penguin/Content/__ExternalActors__/VehicleTemplate/Maps/VehicleOffroadExampleMap/4/PF/8LRN384XGCR53NQWG5SV5X.uasset" 7780
"../../../../../../Users/AlumnoM/Desktop/PINGUS/Juego/Penguin/Content/__ExternalActors__/VehicleTemplate/Maps/VehicleOffroadExampleMap/4/GT/TJBQRIF8YG10O3AE3IINMJ.uasset" 7781
"../../../../../../Users/AlumnoM/Desktop/PINGUS/Juego/Penguin/Content/__ExternalActors__/VehicleTemplate/Maps/VehicleOffroadExampleMap/4/F2/ICESASNKO3BIL3VTCW0GXQ.uasset" 7782
"../../../../../../Users/AlumnoM/Desktop/PINGUS/Juego/Penguin/Content/__ExternalActors__/VehicleTemplate/Maps/VehicleOffroadExampleMap/4/C6/CGAQ08W7K77X3A78DOH23G.uasset" 7783
"../../../../../../Users/AlumnoM/Desktop/PINGUS/Juego/Penguin/Content/__ExternalActors__/VehicleTemplate/Maps/VehicleOffroadExampleMap/4/8E/73RUDZPL7XNV4UM4H82ZTJ.uasset" 7784
"../../../../../../Users/AlumnoM/Desktop/PINGUS/Juego/Penguin/Content/__ExternalActors__/VehicleTemplate/Maps/VehicleOffroadExampleMap/7/E2/8B0TZ9O1SVJJGT970J4ISO.uasset" 7785
"../../../../../../Users/AlumnoM/Desktop/PINGUS/Juego/Penguin/Content/__ExternalActors__/VehicleTemplate/Maps/VehicleOffroadExampleMap/7/NY/WFVR2LPKZ0BZNIBJ3SNOIJ.uasset" 7786
"../../../../../../Users/AlumnoM/Desktop/PINGUS/Juego/Penguin/Content/__ExternalActors__/VehicleTemplate/Maps/VehicleOffroadExampleMap/B/TE/9578C2BRMFTOKIEWU872TA.uasset" 7787
"../../../../../../Users/AlumnoM/Desktop/PINGUS/Juego/Penguin/Content/__ExternalActors__/VehicleTemplate/Maps/VehicleOffroadExampleMap/E/KB/1RP8T0MJFLB5JD2YIQC3CY.uasset" 7788
"../../../../../../Users/AlumnoM/Desktop/PINGUS/Juego/Penguin/Content/__ExternalActors__/VehicleTemplate/Maps/VehicleOffroadExampleMap/4/86/GLKD8JJZ17E0C65KRFYIG0.uasset" 7789
"../../../../../../Users/AlumnoM/Desktop/PINGUS/Juego/Penguin/Content/__ExternalActors__/VehicleTemplate/Maps/VehicleOffroadExampleMap/4/3J/4F8D55YY876CV2HZ7PRCGA.uasset" 7790
"../../../../../../Users/AlumnoM/Desktop/PINGUS/Juego/Penguin/Content/__ExternalActors__/VehicleTemplate/Maps/VehicleOffroadExampleMap/4/2J/S5952G7WHXP7YVLJVOBUK4.uasset" 7791
"../../../../../../Users/AlumnoM/Desktop/PINGUS/Juego/Penguin/Content/__ExternalActors__/VehicleTemplate/Maps/VehicleOffroadExampleMap/E/4B/6Q0N8OXHI18Z64MHV9KKS9.uasset" 7792
"../../../../../../Users/AlumnoM/Desktop/PINGUS/Juego/Penguin/Content/__ExternalActors__/VehicleTemplate/Maps/VehicleOffroadExampleMap/3/QK/WHFAHLNTWJMNZYLA9KC53A.uasset" 7793
"../../../../../../Users/AlumnoM/Desktop/PINGUS/Juego/Penguin/Content/__ExternalActors__/VehicleTemplate/Maps/VehicleOffroadExampleMap/3/PB/PMZMUVES09FA7D3OODVDX0.uasset" 7794
"../../../../../../Users/AlumnoM/Desktop/PINGUS/Juego/Penguin/Content/__ExternalActors__/VehicleTemplate/Maps/VehicleOffroadExampleMap/3/CY/SK86WXEMPPZUE4YVJTGLQ6.uasset" 7795
"../../../../../../Users/AlumnoM/Desktop/PINGUS/Juego/Penguin/Content/__ExternalActors__/VehicleTemplate/Maps/VehicleOffroadExampleMap/2/SJ/ESXDT61L94O12QP3QF75SY.uasset" 7796
"../../../../../../Users/AlumnoM/Desktop/PINGUS/Juego/Penguin/Content/__ExternalActors__/VehicleTemplate/Maps/VehicleOffroadExampleMap/2/QP/8TFQ014Y8J0VBTNUDT105K.uasset" 7797
"../../../../../../Users/AlumnoM/Desktop/PINGUS/Juego/Penguin/Content/__ExternalActors__/VehicleTemplate/Maps/VehicleOffroadExampleMap/2/6H/XJHLN3DHXET5M8P50S61H4.uasset" 7798
"../../../../../../Users/AlumnoM/Desktop/PINGUS/Juego/Penguin/Content/__ExternalActors__/VehicleTemplate/Maps/VehicleOffroadExampleMap/1/WA/42EA4WKYDPM75MQ3TNWBF7.uasset" 7799
"../../../../../../Users/AlumnoM/Desktop/PINGUS/Juego/Penguin/Content/__ExternalActors__/VehicleTemplate/Maps/VehicleOffroadExampleMap/2/E2/6I9E7WILXY2EU7RWL5F48V.uasset" 7800
"../../../../../../Users/AlumnoM/Desktop/PINGUS/Juego/Penguin/Content/__ExternalActors__/VehicleTemplate/Maps/VehicleOffroadExampleMap/B/TZ/EC892C54JF3LZLFMYOXAII.uasset" 7801
"../../../../../../Users/AlumnoM/Desktop/PINGUS/Juego/Penguin/Content/__ExternalActors__/VehicleTemplate/Maps/VehicleOffroadExampleMap/1/VU/MC4M85CWMGITZSUDBSQOFV.uasset" 7802
"../../../../../../Users/AlumnoM/Desktop/PINGUS/Juego/Penguin/Content/__ExternalActors__/VehicleTemplate/Maps/VehicleOffroadExampleMap/1/TM/79SRDO8VMIGKE2GOWPD9TO.uasset" 7803
"../../../../../../Users/AlumnoM/Desktop/PINGUS/Juego/Penguin/Content/__ExternalActors__/VehicleTemplate/Maps/VehicleOffroadExampleMap/1/PY/607EI32F2OE5T701L65UBU.uasset" 7804
"../../../../../../Users/AlumnoM/Desktop/PINGUS/Juego/Penguin/Content/__ExternalActors__/VehicleTemplate/Maps/VehicleOffroadExampleMap/1/PJ/1UJNHFA5UDA7B70PVH6X7O.uasset" 7805
"../../../../../../Users/AlumnoM/Desktop/PINGUS/Juego/Penguin/Content/__ExternalActors__/VehicleTemplate/Maps/VehicleOffroadExampleMap/1/G9/TGSHVVG7B0LZZ0YTDHC7XF.uasset" 7806
"../../../../../../Users/AlumnoM/Desktop/PINGUS/Juego/Penguin/Content/__ExternalActors__/VehicleTemplate/Maps/VehicleOffroadExampleMap/1/AD/TQP7M7G6HGE7S5X9NC8K40.uasset" 7807
"../../../../../../Users/AlumnoM/Desktop/PINGUS/Juego/Penguin/Content/__ExternalActors__/VehicleTemplate/Maps/VehicleOffroadExampleMap/2/RX/56XP4QKFGH30U7J61JSB1M.uasset" 7808
"../../../../../../Users/AlumnoM/Desktop/PINGUS/Juego/Penguin/Content/__ExternalActors__/VehicleTemplate/Maps/VehicleOffroadExampleMap/4/S5/MPA7VQSYQR3D9NQ57A4RO7.uasset" 7809
"../../../../../../Users/AlumnoM/Desktop/PINGUS/Juego/Penguin/Content/__ExternalActors__/VehicleTemplate/Maps/VehicleOffroadExampleMap/5/QN/VS6AWFCAAFTVJLFSM9DK1P.uasset" 7810
"../../../../../../Users/AlumnoM/Desktop/PINGUS/Juego/Penguin/Content/__ExternalActors__/VehicleTemplate/Maps/VehicleOffroadExampleMap/8/IQ/1YANNPHEN149IBJT9JACVT.uasset" 7811
"../../../../../../Users/AlumnoM/Desktop/PINGUS/Juego/Penguin/Content/__ExternalActors__/VehicleTemplate/Maps/VehicleOffroadExampleMap/D/ZR/RM943D375MUJPRYY7D8YN8.uasset" 7812
"../../../../../../Users/AlumnoM/Desktop/PINGUS/Juego/Penguin/Content/__ExternalActors__/VehicleTemplate/Maps/VehicleOffroadExampleMap/0/EJ/EK3H9OISA6HC2T2K5DU3XS.uasset" 7813
"../../../../../../Users/AlumnoM/Desktop/PINGUS/Juego/Penguin/Content/__ExternalActors__/VehicleTemplate/Maps/VehicleOffroadExampleMap/0/B1/K7F7F9DKUK78EXGLFK8082.uasset" 7814
"../../../../../../Users/AlumnoM/Desktop/PINGUS/Juego/Penguin/Content/__ExternalActors__/VehicleTemplate/Maps/VehicleOffroadExampleMap/0/66/N7ELVY19D863HQ7848N7IE.uasset" 7815
"../../../../../../Users/AlumnoM/Desktop/PINGUS/Juego/Penguin/Content/__ExternalActors__/VehicleTemplate/Maps/VehicleOffroadExampleMap/0/5J/C0ICJ8P8TU8TANIKO91ZL4.uasset" 7816
"../../../../../../Users/AlumnoM/Desktop/PINGUS/Juego/Penguin/Content/__ExternalActors__/Levels/build/Level1/E/ZY/UJ8F2C6Y92YDUU775GSJVR.uasset" 7817
"../../../../../../Users/AlumnoM/Desktop/PINGUS/Juego/Penguin/Content/__ExternalActors__/Levels/build/Level1/E/FD/5WF2UWPJHMDE32E0LDYRTP.uasset" 7818
"../../../../../../Users/AlumnoM/Desktop/PINGUS/Juego/Penguin/Content/__ExternalActors__/Levels/build/Level1/E/53/EYX10YFB5WFSGN2PQGX8W5.uasset" 7819
"../../../../../../Users/AlumnoM/Desktop/PINGUS/Juego/Penguin/Content/__ExternalActors__/Levels/build/Level1/D/VR/3F2YN7HEG013XTHKE1PDK3.uasset" 7820
"../../../../../../Users/AlumnoM/Desktop/PINGUS/Juego/Penguin/Content/__ExternalActors__/Levels/build/Level1/D/I7/W4PME9Q6RHNW3D05XJQEL6.uasset" 7821
"../../../../../../Users/AlumnoM/Desktop/PINGUS/Juego/Penguin/Content/__ExternalActors__/Levels/build/Level1/D/GY/8RGZ2QEUL1XOLMKAGNO5EV.uasset" 7822
"../../../../../../Users/AlumnoM/Desktop/PINGUS/Juego/Penguin/Content/__ExternalActors__/Levels/build/Level1/D/32/YT4WF1ZPYNCIV8DNWB8EIR.uasset" 7823
"../../../../../../Users/AlumnoM/Desktop/PINGUS/Juego/Penguin/Content/__ExternalActors__/Levels/build/Level1/C/NP/EEWST175L5127QFG2FDW8W.uasset" 7824
"../../../../../../Users/AlumnoM/Desktop/PINGUS/Juego/Penguin/Content/__ExternalActors__/Levels/build/Level1/C/GU/OQO3047U4QQ530AHRJAGZW.uasset" 7825
"../../../../../../Users/AlumnoM/Desktop/PINGUS/Juego/Penguin/Content/__ExternalActors__/Levels/build/Level1/C/DI/VV42I88VUY84SZELBMD25Y.uasset" 7826
"../../../../../../Users/AlumnoM/Desktop/PINGUS/Juego/Penguin/Content/__ExternalActors__/Levels/build/Level1/C/4N/7WQJN29JW5V6064G2VLSJ5.uasset" 7827
"../../../../../../Users/AlumnoM/Desktop/PINGUS/Juego/Penguin/Content/__ExternalActors__/Levels/build/Level1/C/44/1PHA43INU8MRN3TM85NQW5.uasset" 7828
"../../../../../../Users/AlumnoM/Desktop/PINGUS/Juego/Penguin/Content/__ExternalActors__/Levels/build/Level1/B/YC/MT8Y2R2H6FPJRFCLYEQJMC.uasset" 7829
"../../../../../../Users/AlumnoM/Desktop/PINGUS/Juego/Penguin/Content/__ExternalActors__/Levels/build/Level1/B/UF/GT9168J99J0IDX4RB1SNQN.uasset" 7830
"../../../../../../Users/AlumnoM/Desktop/PINGUS/Juego/Penguin/Content/__ExternalActors__/Levels/build/Level1/B/RD/V27QDITYPS152FCLU8ACB4.uasset" 7831
"../../../../../../Users/AlumnoM/Desktop/PINGUS/Juego/Penguin/Content/__ExternalActors__/Levels/build/Level1/B/P6/RE6N4WB10T9B73BLP6X4KM.uasset" 7832
"../../../../../../Users/AlumnoM/Desktop/PINGUS/Juego/Penguin/Content/__ExternalActors__/Levels/build/Level1/B/OX/496GST3J46RQQ3GQU66IL6.uasset" 7833
"../../../../../../Users/AlumnoM/Desktop/PINGUS/Juego/Penguin/Content/__ExternalActors__/Levels/build/Level1/B/CF/BAVAJAKUR2252JNMKKZU37.uasset" 7834
"../../../../../../Users/AlumnoM/Desktop/PINGUS/Juego/Penguin/Content/__ExternalActors__/Levels/build/Level1/B/AO/NZY4DIADN7CMYQ5VADJ53U.uasset" 7835
"../../../../../../Users/AlumnoM/Desktop/PINGUS/Juego/Penguin/Content/__ExternalActors__/Levels/build/Level1/A/RU/BIQFXW8O3T1GN52XOMFPLD.uasset" 7836
"../../../../../../Users/AlumnoM/Desktop/PINGUS/Juego/Penguin/Content/__ExternalActors__/Levels/build/Level1/A/L7/DCO7U1YFS8HOD5XFYVEFOQ.uasset" 7837
"../../../../../../Users/AlumnoM/Desktop/PINGUS/Juego/Penguin/Content/__ExternalActors__/Levels/build/Level1/A/HQ/JSVCMVWMS2384LRIW9W9V1.uasset" 7838
"../../../../../../Users/AlumnoM/Desktop/PINGUS/Juego/Penguin/Content/__ExternalActors__/Levels/build/Level1/A/DP/6SCJOKBD2SMOWSSJVSHSGC.uasset" 7839
"../../../../../../Users/AlumnoM/Desktop/PINGUS/Juego/Penguin/Content/__ExternalActors__/Levels/build/Level1/A/8Y/IPDOO9ESS5VF5VV77FU3NT.uasset" 7840
"../../../../../../Users/AlumnoM/Desktop/PINGUS/Juego/Penguin/Content/__ExternalActors__/Levels/build/Level1/9/Z0/SSN8OH5M22PX5CIV45KRZA.uasset" 7841
"../../../../../../Users/AlumnoM/Desktop/PINGUS/Juego/Penguin/Content/__ExternalActors__/Levels/build/Level1/9/PQ/COQSO8KG399JZTQ1DXNB4Q.uasset" 7842
"../../../../../../Users/AlumnoM/Desktop/PINGUS/Juego/Penguin/Content/__ExternalActors__/Levels/build/Level1/9/L0/59MM7MPMIOW5JMVQMF392P.uasset" 7843
"../../../../../../Users/AlumnoM/Desktop/PINGUS/Juego/Penguin/Content/__ExternalActors__/Levels/build/Level1/9/F8/993JIM0OAEQLE59D79Q8OK.uasset" 7844
"../../../../../../Users/AlumnoM/Desktop/PINGUS/Juego/Penguin/Content/__ExternalActors__/Levels/build/Level1/9/3Y/A0ILY56DUI0UFER0OX75PB.uasset" 7845
"../../../../../../Users/AlumnoM/Desktop/PINGUS/Juego/Penguin/Content/__ExternalActors__/Levels/build/Level1/8/VN/BOI169JCH8PFJJWZN0IQZ7.uasset" 7846
"../../../../../../Users/AlumnoM/Desktop/PINGUS/Juego/Penguin/Content/__ExternalActors__/Levels/build/Level1/8/T4/W18LR8KE4W549RF8M9JBQ4.uasset" 7847
"../../../../../../Users/AlumnoM/Desktop/PINGUS/Juego/Penguin/Content/__ExternalActors__/Levels/build/Level1/8/Q1/4WMJBNE13K2DDC2HC6907N.uasset" 7848
"../../../../../../Users/AlumnoM/Desktop/PINGUS/Juego/Penguin/Content/__ExternalActors__/Levels/build/Level1/8/BQ/UOMU6KSNJOOGCUBBU4OVHI.uasset" 7849
"../../../../../../Users/AlumnoM/Desktop/PINGUS/Juego/Penguin/Content/__ExternalActors__/Levels/build/Level1/7/XT/HUMMIDYCEKGW5Q5VQS4VI2.uasset" 7850
"../../../../../../Users/AlumnoM/Desktop/PINGUS/Juego/Penguin/Content/__ExternalActors__/Levels/build/Level1/6/WU/3OQRMS0268L7QEKOCPRXPD.uasset" 7851
"../../../../../../Users/AlumnoM/Desktop/PINGUS/Juego/Penguin/Content/__ExternalActors__/Levels/build/Level1/6/QP/1AB1RRMBDXM8KH22SEDVYJ.uasset" 7852
"../../../../../../Users/AlumnoM/Desktop/PINGUS/Juego/Penguin/Content/__ExternalActors__/Levels/build/Level1/6/H9/MTQEFSW5V70ZHYAHZ82KFT.uasset" 7853
"../../../../../../Users/AlumnoM/Desktop/PINGUS/Juego/Penguin/Content/__ExternalActors__/Levels/build/Level1/6/GA/JYIQGJ94YNN13A3QGZDEQ0.uasset" 7854
"../../../../../../Users/AlumnoM/Desktop/PINGUS/Juego/Penguin/Content/__ExternalActors__/Levels/build/Level1/6/FF/JDUR33XAVK57OAB13US0TY.uasset" 7855
"../../../../../../Users/AlumnoM/Desktop/PINGUS/Juego/Penguin/Content/__ExternalActors__/Levels/build/Level1/6/A8/A0MR79W3G9H3YY8NM12QS2.uasset" 7856
"../../../../../../Users/AlumnoM/Desktop/PINGUS/Juego/Penguin/Content/__ExternalActors__/Levels/build/Level1/6/9R/LIUVL7O8LFO8KA7W6XLO4A.uasset" 7857
"../../../../../../Users/AlumnoM/Desktop/PINGUS/Juego/Penguin/Content/__ExternalActors__/Levels/build/Level1/5/TI/VSTFKZ6RA9JZEUG1G7OBN5.uasset" 7858
"../../../../../../Users/AlumnoM/Desktop/PINGUS/Juego/Penguin/Content/__ExternalActors__/Levels/build/Level1/5/TB/JX26BGPHHTV6TUQI4UFY9Q.uasset" 7859
"../../../../../../Users/AlumnoM/Desktop/PINGUS/Juego/Penguin/Content/__ExternalActors__/Levels/build/Level1/5/ND/WB75VBAZUTHLKI49KYQICK.uasset" 7860
"../../../../../../Users/AlumnoM/Desktop/PINGUS/Juego/Penguin/Content/__ExternalActors__/Levels/build/Level1/4/MY/4F69QL6ECI7DGT2BF5VKYR.uasset" 7861
"../../../../../../Users/AlumnoM/Desktop/PINGUS/Juego/Penguin/Content/__ExternalActors__/Levels/build/Level1/4/BX/VS6AZB6ZH1OS1771G4GEJG.uasset" 7862
"../../../../../../Users/AlumnoM/Desktop/PINGUS/Juego/Penguin/Content/__ExternalActors__/Levels/build/Level1/4/7X/Q81N5JIM7YWDZ4ZI7Q3576.uasset" 7863
"../../../../../../Users/AlumnoM/Desktop/PINGUS/Juego/Penguin/Content/__ExternalActors__/Levels/build/Level1/4/38/96M09XWGROH6JBSVTM0T5Q.uasset" 7864
"../../../../../../Users/AlumnoM/Desktop/PINGUS/Juego/Penguin/Content/__ExternalActors__/Levels/build/Level1/3/U3/4DAEJETEF17NL7BCXRNVPI.uasset" 7865
"../../../../../../Users/AlumnoM/Desktop/PINGUS/Juego/Penguin/Content/__ExternalActors__/Levels/build/Level1/7/2Q/R9ALOLEISCKK41XMQC0RZ5.uasset" 7866
"../../../../../../Users/AlumnoM/Desktop/PINGUS/Juego/Penguin/Content/__ExternalActors__/Levels/build/Level1/A/O0/FY1L1JU084IZZPHPJJI4PC.uasset" 7867
"../../../../../../Users/AlumnoM/Desktop/PINGUS/Juego/Penguin/Content/__ExternalActors__/Levels/build/Level1/B/O3/AYLVZNQ63SGLI2WCL3ZFSU.uasset" 7868
"../../../../../../Users/AlumnoM/Desktop/PINGUS/Juego/Penguin/Content/__ExternalActors__/Levels/build/Level1/D/I7/21M62RRHOVMCPRCVK2T3MB.uasset" 7869
"../../../../../../Users/AlumnoM/Desktop/PINGUS/Juego/Penguin/Content/__ExternalActors__/Levels/build/Level1/D/YC/Y187UH0ZVKV4WLROZRAF9S.uasset" 7870
"../../../../../../Users/AlumnoM/Desktop/PINGUS/Juego/Penguin/Content/__ExternalActors__/Levels/build/Level1/3/OQ/P1R0KGAU279IJ3TRBAFLZK.uasset" 7871
"../../../../../../Users/AlumnoM/Desktop/PINGUS/Juego/Penguin/Content/__ExternalActors__/Levels/build/Level1/3/9N/P0F3XK4RFNMXAZR10RHD5W.uasset" 7872
"../../../../../../Users/AlumnoM/Desktop/PINGUS/Juego/Penguin/Content/__ExternalActors__/Levels/build/Level1/8/LQ/1CMZOJLZWWPBLELMBV2NIK.uasset" 7873
"../../../../../../Users/AlumnoM/Desktop/PINGUS/Juego/Penguin/Content/__ExternalActors__/Levels/build/Level1/9/X1/UY0AMIAG2KLS3DI1P74QZ6.uasset" 7874
"../../../../../../Users/AlumnoM/Desktop/PINGUS/Juego/Penguin/Content/__ExternalActors__/Levels/build/Level1/E/LO/P6JVFJ92627LM1TTT1Z54J.uasset" 7875
"../../../../../../Users/AlumnoM/Desktop/PINGUS/Juego/Penguin/Content/__ExternalActors__/Levels/build/Level1/3/86/KGCQZXQW0QTCMRJJPYPUAV.uasset" 7876
"../../../../../../Users/AlumnoM/Desktop/PINGUS/Juego/Penguin/Content/__ExternalActors__/Levels/build/Level1/3/6V/JJ61ZELF13GQCZEUE9433N.uasset" 7877
"../../../../../../Users/AlumnoM/Desktop/PINGUS/Juego/Penguin/Content/__ExternalActors__/Levels/build/Level1/3/69/DP0HGR5MBLBZB1MBYHGAS8.uasset" 7878
"../../../../../../Users/AlumnoM/Desktop/PINGUS/Juego/Penguin/Content/__ExternalActors__/Levels/build/Level1/2/UF/4CI5GFFX5OK2G5GA5I1ZZ8.uasset" 7879
"../../../../../../Users/AlumnoM/Desktop/PINGUS/Juego/Penguin/Content/__ExternalActors__/Levels/build/Level1/2/OH/6SNYBWL4GRPSOLD3LEQR4Q.uasset" 7880
"../../../../../../Users/AlumnoM/Desktop/PINGUS/Juego/Penguin/Content/__ExternalActors__/Levels/build/Level1/2/JJ/XY6MG9GNE7FUZ6ZZD5WV49.uasset" 7881
"../../../../../../Users/AlumnoM/Desktop/PINGUS/Juego/Penguin/Content/__ExternalActors__/Levels/build/Level1/1/LP/KAUDEESHOCIIGIREXSOWNJ.uasset" 7882
"../../../../../../Users/AlumnoM/Desktop/PINGUS/Juego/Penguin/Content/__ExternalActors__/Levels/build/Level1/1/E6/8A08Q1TV1O3VFGKDGJX2M9.uasset" 7883
"../../../../../../Users/AlumnoM/Desktop/PINGUS/Juego/Penguin/Content/__ExternalActors__/Levels/build/Level1/1/9J/WSX7TRP76AWCBKQP86JUCW.uasset" 7884
"../../../../../../Users/AlumnoM/Desktop/PINGUS/Juego/Penguin/Content/__ExternalActors__/Levels/build/Level1/1/7E/DSGINQOVVCICZ23H19PJ0F.uasset" 7885
"../../../../../../Users/AlumnoM/Desktop/PINGUS/Juego/Penguin/Content/__ExternalActors__/Levels/build/Level1/1/3I/CFXKY7ZHPYONUSTGNSHKP3.uasset" 7886
"../../../../../../Users/AlumnoM/Desktop/PINGUS/Juego/Penguin/Content/__ExternalActors__/Levels/build/Level1/0/XS/V4U4LHGJI07BALBS7KDEB3.uasset" 7887
"../../../../../../Users/AlumnoM/Desktop/PINGUS/Juego/Penguin/Content/__ExternalActors__/Levels/build/Level1/0/XH/DCF01WYQJ9H293447IM9NE.uasset" 7888
"../../../../../../Users/AlumnoM/Desktop/PINGUS/Juego/Penguin/Content/__ExternalActors__/Levels/build/Level1/0/WI/5T681WVC3AM9E501VRIGGG.uasset" 7889
"../../../../../../Users/AlumnoM/Desktop/PINGUS/Juego/Penguin/Content/__ExternalActors__/Levels/build/Level1/0/W0/ZVUFYWMNQF8J0LZ1YB9IMK.uasset" 7890
"../../../../../../Users/AlumnoM/Desktop/PINGUS/Juego/Penguin/Content/__ExternalActors__/Levels/build/Level1/0/YB/RO4RB7EM211GBXZYBTRSED.uasset" 7891
"../../../../../../Users/AlumnoM/Desktop/PINGUS/Juego/Penguin/Content/__ExternalActors__/Levels/build/Level1/1/ZW/50J56R69J3HKLLR3RUE8SI.uasset" 7892
"../../../../../../Users/AlumnoM/Desktop/PINGUS/Juego/Penguin/Content/__ExternalActors__/Levels/build/Level1/2/JL/3DS5SGQHODSYGZDJ8WK9AE.uasset" 7893
"../../../../../../Users/AlumnoM/Desktop/PINGUS/Juego/Penguin/Content/__ExternalActors__/Levels/build/Level1/2/UW/ZRLJDHEKPXFQJPBDOAO4D7.uasset" 7894
"../../../../../../Users/AlumnoM/Desktop/PINGUS/Juego/Penguin/Content/__ExternalActors__/Levels/build/Level1/3/F7/MMNEOH79ZHG9MUCCWDS2WH.uasset" 7895
"../../../../../../Users/AlumnoM/Desktop/PINGUS/Juego/Penguin/Content/__ExternalActors__/Levels/build/Level1/3/I0/FW61UVRI5O6HWCQD6ZM4UB.uasset" 7896
"../../../../../../Users/AlumnoM/Desktop/PINGUS/Juego/Penguin/Content/__ExternalActors__/Levels/build/Level1/3/UM/E1XPJLUXZ2FHOPTXVNVFAB.uasset" 7897
"../../../../../../Users/AlumnoM/Desktop/PINGUS/Juego/Penguin/Content/__ExternalActors__/Levels/build/Level1/4/2F/AOTKEJBTME8EMV5ZKUMV8B.uasset" 7898
"../../../../../../Users/AlumnoM/Desktop/PINGUS/Juego/Penguin/Content/__ExternalActors__/Levels/build/Level1/4/86/ITGTLJVWSWQQ4YOT4ZT7U4.uasset" 7899
"../../../../../../Users/AlumnoM/Desktop/PINGUS/Juego/Penguin/Content/__ExternalActors__/Levels/build/Level1/5/5E/JP8DTN72LAMP68148ZKQQN.uasset" 7900
"../../../../../../Users/AlumnoM/Desktop/PINGUS/Juego/Penguin/Content/__ExternalActors__/Levels/build/Level1/5/9G/DSDPL7VWQ05VK1SLZKOAUE.uasset" 7901
"../../../../../../Users/AlumnoM/Desktop/PINGUS/Juego/Penguin/Content/__ExternalActors__/Levels/build/Level1/5/DY/STVN8TQCXSCAGFYG7TTD9D.uasset" 7902
"../../../../../../Users/AlumnoM/Desktop/PINGUS/Juego/Penguin/Content/__ExternalActors__/Levels/build/Level1/6/KG/5SA71DR9Q2677O1NF71S5E.uasset" 7903
"../../../../../../Users/AlumnoM/Desktop/PINGUS/Juego/Penguin/Content/__ExternalActors__/Levels/build/Level1/6/MX/HOCBSH1QT0RL6LVRVF8O9V.uasset" 7904
"../../../../../../Users/AlumnoM/Desktop/PINGUS/Juego/Penguin/Content/__ExternalActors__/Levels/build/Level1/9/AE/583G78KH7OEIE1TNNUAP9C.uasset" 7905
"../../../../../../Users/AlumnoM/Desktop/PINGUS/Juego/Penguin/Content/__ExternalActors__/Levels/build/Level1/9/MX/UY23G0GGGH4I1BMWI9UO9Y.uasset" 7906
"../../../../../../Users/AlumnoM/Desktop/PINGUS/Juego/Penguin/Content/__ExternalActors__/Levels/build/Level1/C/7O/ZG7CW1R87I4KTH8EZDY6N2.uasset" 7907
"../../../../../../Users/AlumnoM/Desktop/PINGUS/Juego/Penguin/Content/__ExternalActors__/Levels/build/Level1/C/7V/F59WX0FYRMF74UC6GYCPP6.uasset" 7908
"../../../../../../Users/AlumnoM/Desktop/PINGUS/Juego/Penguin/Content/__ExternalActors__/Levels/build/Level1/C/BU/6NKLNGED2MLOR5LLP6YQVY.uasset" 7909
"../../../../../../Users/AlumnoM/Desktop/PINGUS/Juego/Penguin/Content/__ExternalActors__/Levels/build/Level1/C/SX/2TAAK85ZQ6NJZBKW5ZXW4Z.uasset" 7910
"../../../../../../Users/AlumnoM/Desktop/PINGUS/Juego/Penguin/Content/__ExternalActors__/Levels/build/Level1/D/N1/NZG9OC7Z60FR6TZ22PYE4B.uasset" 7911
"../../../../../../Users/AlumnoM/Desktop/PINGUS/Juego/Penguin/Content/__ExternalActors__/Levels/build/Level1/E/MH/SMRH4MSNHYF1HYX1ZROSIT.uasset" 7912
"../../../../../../Users/AlumnoM/Desktop/PINGUS/Juego/Penguin/Content/__ExternalActors__/Levels/build/Level1/E/TJ/ATPK4DP36PJHECX8H0ESW8.uasset" 7913
"../../../../../../Users/AlumnoM/Desktop/PINGUS/Juego/Penguin/Content/__ExternalActors__/Levels/build/Level1/0/MF/GYMSIRNET0KOQYOJUPX7AU.uasset" 7914
"../../../../../../Users/AlumnoM/Desktop/PINGUS/Juego/Penguin/Content/__ExternalActors__/Levels/build/Level1/3/I1/GQ8GW3HD38TWOIOMJAP2V8.uasset" 7915
"../../../../../../Users/AlumnoM/Desktop/PINGUS/Juego/Penguin/Content/__ExternalActors__/Levels/build/Level1/5/EQ/FHCAGLX9QCXCQ7CKSIKQ4Z.uasset" 7916
"../../../../../../Users/AlumnoM/Desktop/PINGUS/Juego/Penguin/Content/__ExternalActors__/Levels/build/Level1/5/W7/WYPXSJ2NX09HVUCLJ8MNP1.uasset" 7917
"../../../../../../Users/AlumnoM/Desktop/PINGUS/Juego/Penguin/Content/__ExternalActors__/Levels/build/Level1/C/59/MY7ZDH25WM158AVTNZESYB.uasset" 7918
"../../../../../../Users/AlumnoM/Desktop/PINGUS/Juego/Penguin/Content/__ExternalActors__/Levels/build/Level1/E/23/DQ4Q1IIFZ0JEBBABIF0G7U.uasset" 7919
"../../../../../../Users/AlumnoM/Desktop/PINGUS/Juego/Penguin/Content/__ExternalActors__/Levels/build/Level1/E/OH/79SEQ29IL6EBQAI3S0AXTA.uasset" 7920
"../../../../../../Users/AlumnoM/Desktop/PINGUS/Juego/Penguin/Content/__ExternalActors__/Levels/build/Level1/0/LF/DSMYF69F22W6UAZAL4WG0M.uasset" 7921
"../../../../../../Users/AlumnoM/Desktop/PINGUS/Juego/Penguin/Content/__ExternalActors__/Levels/build/Level1/0/M2/NJQA790C4IDWZZ4960IWV2.uasset" 7922
"../../../../../../Users/AlumnoM/Desktop/PINGUS/Juego/Penguin/Content/__ExternalActors__/Levels/build/Level1/0/T8/GIA28M4E51PUEIOUNJ4J8P.uasset" 7923
"../../../../../../Users/AlumnoM/Desktop/PINGUS/Juego/Penguin/Content/__ExternalActors__/Levels/build/Level1/1/7Z/0C1KP8JMREJ8715VLY8IPB.uasset" 7924
"../../../../../../Users/AlumnoM/Desktop/PINGUS/Juego/Penguin/Content/__ExternalActors__/Levels/build/Level1/1/O4/1TYEDQGU09ZEL44XFEBWNS.uasset" 7925
"../../../../../../Users/AlumnoM/Desktop/PINGUS/Juego/Penguin/Content/__ExternalActors__/Levels/build/Level1/1/SD/VF3MQZQYTN0872BWS15WV9.uasset" 7926
"../../../../../../Users/AlumnoM/Desktop/PINGUS/Juego/Penguin/Content/__ExternalActors__/Levels/build/Level1/2/VR/ECUA0U31WD06ZM5F32H0GI.uasset" 7927
"../../../../../../Users/AlumnoM/Desktop/PINGUS/Juego/Penguin/Content/__ExternalActors__/Levels/build/Level1/3/4X/V56KWSVMY8NMEVVQHRLKEH.uasset" 7928
"../../../../../../Users/AlumnoM/Desktop/PINGUS/Juego/Penguin/Content/__ExternalActors__/Levels/build/Level1/3/BJ/LYLHOJZLWSO67835HQKXB5.uasset" 7929
"../../../../../../Users/AlumnoM/Desktop/PINGUS/Juego/Penguin/Content/__ExternalActors__/Levels/build/Level1/3/LZ/W57LQ05QLTGKPNZX0MV13S.uasset" 7930
"../../../../../../Users/AlumnoM/Desktop/PINGUS/Juego/Penguin/Content/__ExternalActors__/Levels/build/Level1/4/K4/2RBWP5S4UJBUDMR9OK7I5A.uasset" 7931
"../../../../../../Users/AlumnoM/Desktop/PINGUS/Juego/Penguin/Content/__ExternalActors__/Levels/build/Level1/4/VZ/XGCZBZMWITNHDZ8UJO6D1L.uasset" 7932
"../../../../../../Users/AlumnoM/Desktop/PINGUS/Juego/Penguin/Content/__ExternalActors__/Levels/build/Level1/6/IE/VNJPXROA8JH2VU7GT6WOYX.uasset" 7933
"../../../../../../Users/AlumnoM/Desktop/PINGUS/Juego/Penguin/Content/__ExternalActors__/Levels/build/Level1/7/JS/M9FA0D1M08MRBFOCQYEQCL.uasset" 7934
"../../../../../../Users/AlumnoM/Desktop/PINGUS/Juego/Penguin/Content/__ExternalActors__/Levels/build/Level1/7/O0/TRXK12ZWDHB25H76B1GRW9.uasset" 7935
"../../../../../../Users/AlumnoM/Desktop/PINGUS/Juego/Penguin/Content/__ExternalActors__/Levels/build/Level1/7/OG/H9W5G9M8MNBO2FVQAXGBNW.uasset" 7936
"../../../../../../Users/AlumnoM/Desktop/PINGUS/Juego/Penguin/Content/__ExternalActors__/Levels/build/Level1/7/TN/0ARQW0T6X2834SQD50QS7N.uasset" 7937
"../../../../../../Users/AlumnoM/Desktop/PINGUS/Juego/Penguin/Content/__ExternalActors__/Levels/build/Level1/8/YL/7GOWD649V0KCA3PECF1EU8.uasset" 7938
"../../../../../../Users/AlumnoM/Desktop/PINGUS/Juego/Penguin/Content/__ExternalActors__/Levels/build/Level1/9/FN/SK0LPL3B0S7254VPZPVJMO.uasset" 7939
"../../../../../../Users/AlumnoM/Desktop/PINGUS/Juego/Penguin/Content/__ExternalActors__/Levels/build/Level1/9/XP/FO3LCB6GC745F94F33APZU.uasset" 7940
"../../../../../../Users/AlumnoM/Desktop/PINGUS/Juego/Penguin/Content/__ExternalActors__/Levels/build/Level1/A/9C/N20O31OGQOVSG7BT1YGP3B.uasset" 7941
"../../../../../../Users/AlumnoM/Desktop/PINGUS/Juego/Penguin/Content/__ExternalActors__/Levels/build/Level1/A/Z8/T1J8X0A88PUX22QXDH7SIC.uasset" 7942
"../../../../../../Users/AlumnoM/Desktop/PINGUS/Juego/Penguin/Content/__ExternalActors__/Levels/build/Level1/B/JB/U3KVTDO4GH7SYJRJ9RU08G.uasset" 7943
"../../../../../../Users/AlumnoM/Desktop/PINGUS/Juego/Penguin/Content/__ExternalActors__/Levels/build/Level1/C/4J/KN0JGXQW0TSCNQDZWV1YBK.uasset" 7944
"../../../../../../Users/AlumnoM/Desktop/PINGUS/Juego/Penguin/Content/__ExternalActors__/Levels/build/Level1/C/AR/CIOQGXXEOMHRSXV56HSUTN.uasset" 7945
"../../../../../../Users/AlumnoM/Desktop/PINGUS/Juego/Penguin/Content/__ExternalActors__/Levels/build/Level1/C/HK/C4FM1YI9RDJZIX4HD6LXXZ.uasset" 7946
"../../../../../../Users/AlumnoM/Desktop/PINGUS/Juego/Penguin/Content/__ExternalActors__/Levels/build/Level1/D/CS/5MO0QX444SE1NQYTM6RN9V.uasset" 7947
"../../../../../../Users/AlumnoM/Desktop/PINGUS/Juego/Penguin/Content/__ExternalActors__/Levels/build/Level1/D/UJ/PYH2YQJDRMYV3I8UK92LD0.uasset" 7948
"../../../../../../Users/AlumnoM/Desktop/PINGUS/Juego/Penguin/Content/__ExternalActors__/Levels/build/Level1/E/3L/8ODASJWADZYZTJKUTRJ9C1.uasset" 7949
"../../../../../../Users/AlumnoM/Desktop/PINGUS/Juego/Penguin/Content/__ExternalActors__/Levels/build/Level1/E/4L/MOWIZLSDR0M15RX04S5M8R.uasset" 7950
"../../../../../../Users/AlumnoM/Desktop/PINGUS/Juego/Penguin/Content/__ExternalActors__/Levels/build/Level1/E/O9/ZD70JUZ8NBIRETF2RFKCP6.uasset" 7951
"../../../../../../Users/AlumnoM/Desktop/PINGUS/Juego/Penguin/Content/__ExternalActors__/Levels/build/Level1/E/QK/B6MUPZ317Q1R2DLJO1ZQC1.uasset" 7952
"../../../../../../Users/AlumnoM/Desktop/PINGUS/Juego/Penguin/Content/__ExternalActors__/Levels/build/Level1/0/18/F2W75KH7K9VLGWZOHRDINK.uasset" 7953
"../../../../../../Users/AlumnoM/Desktop/PINGUS/Juego/Penguin/Content/__ExternalActors__/Levels/Level3/E/ZX/NECEH6OWVGJLQ273K71DLU.uasset" 7954
"../../../../../../Users/AlumnoM/Desktop/PINGUS/Juego/Penguin/Content/__ExternalActors__/Levels/Level3/E/V6/H1HLBP944QZ7AAEQQWO56I.uasset" 7955
"../../../../../../Users/AlumnoM/Desktop/PINGUS/Juego/Penguin/Content/__ExternalActors__/Levels/Level3/E/RR/XD1RLVMPN3X2O40HC03SD9.uasset" 7956
"../../../../../../Users/AlumnoM/Desktop/PINGUS/Juego/Penguin/Content/__ExternalActors__/Levels/Level3/E/JU/4J9KXK4Y7THF609J6YEJ5B.uasset" 7957
"../../../../../../Users/AlumnoM/Desktop/PINGUS/Juego/Penguin/Content/__ExternalActors__/Levels/Level3/E/AK/SBBTJ1DCKR1FCCZ617Q5US.uasset" 7958
"../../../../../../Users/AlumnoM/Desktop/PINGUS/Juego/Penguin/Content/__ExternalActors__/Levels/Level3/E/27/J4PQWXQYVHBDPH3SGYHJPQ.uasset" 7959
"../../../../../../Users/AlumnoM/Desktop/PINGUS/Juego/Penguin/Content/__ExternalActors__/Levels/Level3/D/M2/X40JUMV7THCCEUFS00R4N1.uasset" 7960
"../../../../../../Users/AlumnoM/Desktop/PINGUS/Juego/Penguin/Content/__ExternalActors__/Levels/Level3/D/J6/MPKW09PJHVGNBK2PZR830L.uasset" 7961
"../../../../../../Users/AlumnoM/Desktop/PINGUS/Juego/Penguin/Content/__ExternalActors__/Levels/Level3/D/GN/3GR7WY7OUHA0UOHWZ35SB0.uasset" 7962
"../../../../../../Users/AlumnoM/Desktop/PINGUS/Juego/Penguin/Content/__ExternalActors__/Levels/Level3/D/FG/3B49U0FQB4K7ZQ72M483LW.uasset" 7963
"../../../../../../Users/AlumnoM/Desktop/PINGUS/Juego/Penguin/Content/__ExternalActors__/Levels/Level3/D/EQ/2JDSUVX7PNAZ468XTNDVR6.uasset" 7964
"../../../../../../Users/AlumnoM/Desktop/PINGUS/Juego/Penguin/Content/__ExternalActors__/Levels/Level3/D/3F/48M84A83BWIYA1WUN8GUQI.uasset" 7965
"../../../../../../Users/AlumnoM/Desktop/PINGUS/Juego/Penguin/Content/__ExternalActors__/Levels/Level3/C/VC/5JQRQ38QCR9O43PYGBJ8A7.uasset" 7966
"../../../../../../Users/AlumnoM/Desktop/PINGUS/Juego/Penguin/Content/__ExternalActors__/Levels/Level3/B/MD/BZSCASN5O3N0RQBUSRK233.uasset" 7967
"../../../../../../Users/AlumnoM/Desktop/PINGUS/Juego/Penguin/Content/__ExternalActors__/Levels/Level3/B/8Q/GJQV7UU1GV2K86USC9XZ5O.uasset" 7968
"../../../../../../Users/AlumnoM/Desktop/PINGUS/Juego/Penguin/Content/__ExternalActors__/Levels/Level3/B/24/GAR2ZO5B4PP8NG4I025BQH.uasset" 7969
"../../../../../../Users/AlumnoM/Desktop/PINGUS/Juego/Penguin/Content/__ExternalActors__/Levels/Level3/A/ZT/D582928GP2BF9EWXSRAFR3.uasset" 7970
"../../../../../../Users/AlumnoM/Desktop/PINGUS/Juego/Penguin/Content/__ExternalActors__/Levels/Level3/A/OC/XGVLN0KJLJWF1OOJFST63L.uasset" 7971
"../../../../../../Users/AlumnoM/Desktop/PINGUS/Juego/Penguin/Content/__ExternalActors__/Levels/Level3/A/K1/TTYXADF6JU31UW2F2A2J27.uasset" 7972
"../../../../../../Users/AlumnoM/Desktop/PINGUS/Juego/Penguin/Content/__ExternalActors__/Levels/Level3/A/GN/M1BRDU90GH5FHPC643NYEL.uasset" 7973
"../../../../../../Users/AlumnoM/Desktop/PINGUS/Juego/Penguin/Content/__ExternalActors__/Levels/Level3/9/NJ/8IM2LOLGPVTJXGRWTIFMB2.uasset" 7974
"../../../../../../Users/AlumnoM/Desktop/PINGUS/Juego/Penguin/Content/__ExternalActors__/Levels/Level3/9/LJ/WU1BX6M5KURVWYAE37THJJ.uasset" 7975
"../../../../../../Users/AlumnoM/Desktop/PINGUS/Juego/Penguin/Content/__ExternalActors__/Levels/Level3/9/2J/4B8L75U4NWUWJ5IQFQU59Z.uasset" 7976
"../../../../../../Users/AlumnoM/Desktop/PINGUS/Juego/Penguin/Content/__ExternalActors__/Levels/Level3/8/ZO/Z5FHHVBNE5GCJ7C7NF4UB0.uasset" 7977
"../../../../../../Users/AlumnoM/Desktop/PINGUS/Juego/Penguin/Content/__ExternalActors__/Levels/Level3/8/AM/HRGQLDEVLPUEBY5F721ZVJ.uasset" 7978
"../../../../../../Users/AlumnoM/Desktop/PINGUS/Juego/Penguin/Content/__ExternalActors__/Levels/Level3/8/4T/MZ00V93I7E58O29ZKOKHBQ.uasset" 7979
"../../../../../../Users/AlumnoM/Desktop/PINGUS/Juego/Penguin/Content/__ExternalActors__/Levels/Level3/8/40/J924RZNVT2IWZ0NILDUADA.uasset" 7980
"../../../../../../Users/AlumnoM/Desktop/PINGUS/Juego/Penguin/Content/__ExternalActors__/Levels/Level3/8/2U/P91C5XVLSUY034OKASLHE5.uasset" 7981
"../../../../../../Users/AlumnoM/Desktop/PINGUS/Juego/Penguin/Content/__ExternalActors__/Levels/Level3/7/ZO/C5X1Y0T8QNHNTDCGSLJGHI.uasset" 7982
"../../../../../../Users/AlumnoM/Desktop/PINGUS/Juego/Penguin/Content/__ExternalActors__/Levels/Level3/7/WS/SDAOSYYUPW3CH6D5P4CIYI.uasset" 7983
"../../../../../../Users/AlumnoM/Desktop/PINGUS/Juego/Penguin/Content/__ExternalActors__/Levels/Level3/7/VV/YDORY1T2U3Q4H6G81Q16RQ.uasset" 7984
"../../../../../../Users/AlumnoM/Desktop/PINGUS/Juego/Penguin/Content/__ExternalActors__/Levels/Level3/7/SZ/ELLX7ED9NUBHGRTHMFTGIR.uasset" 7985
"../../../../../../Users/AlumnoM/Desktop/PINGUS/Juego/Penguin/Content/__ExternalActors__/Levels/Level3/7/MQ/7C10BHTOJYFWG4O7UXC55W.uasset" 7986
"../../../../../../Users/AlumnoM/Desktop/PINGUS/Juego/Penguin/Content/__ExternalActors__/Levels/Level3/7/LW/23JGFWHAIK4TE60LWWE3L8.uasset" 7987
"../../../../../../Users/AlumnoM/Desktop/PINGUS/Juego/Penguin/Content/__ExternalActors__/Levels/Level3/7/H7/CS4EYL0C4AWWZ0K486CFB3.uasset" 7988
"../../../../../../Users/AlumnoM/Desktop/PINGUS/Juego/Penguin/Content/__ExternalActors__/Levels/Level3/7/4K/PNSLB9YKLUF6T9869OPVQ5.uasset" 7989
"../../../../../../Users/AlumnoM/Desktop/PINGUS/Juego/Penguin/Content/__ExternalActors__/Levels/Level3/7/4H/PFVQAY8YSB2WOKD6DOQD42.uasset" 7990
"../../../../../../Users/AlumnoM/Desktop/PINGUS/Juego/Penguin/Content/__ExternalActors__/Levels/Level3/6/XR/L9FSHQUMR2NYWKD3WZKZLH.uasset" 7991
"../../../../../../Users/AlumnoM/Desktop/PINGUS/Juego/Penguin/Content/__ExternalActors__/Levels/Level3/6/R7/5IYGN8U47VIB8RBJ8K8DGP.uasset" 7992
"../../../../../../Users/AlumnoM/Desktop/PINGUS/Juego/Penguin/Content/__ExternalActors__/Levels/Level3/6/FS/IYGDG7NGDRW86LHAW59EYE.uasset" 7993
"../../../../../../Users/AlumnoM/Desktop/PINGUS/Juego/Penguin/Content/__ExternalActors__/Levels/Level3/6/5P/EJ7VDE6Y2CFRGWW47ACU9Y.uasset" 7994
"../../../../../../Users/AlumnoM/Desktop/PINGUS/Juego/Penguin/Content/__ExternalActors__/Levels/Level3/6/57/RV2R7Q5HJ3IO5BN5HOWBC1.uasset" 7995
"../../../../../../Users/AlumnoM/Desktop/PINGUS/Juego/Penguin/Content/__ExternalActors__/Levels/Level3/5/NJ/CW35P17Z6ZBX2ZJRP6UTCB.uasset" 7996
"../../../../../../Users/AlumnoM/Desktop/PINGUS/Juego/Penguin/Content/__ExternalActors__/Levels/Level3/5/DL/C2Z5V8R0H38MOJWC37AZCQ.uasset" 7997
"../../../../../../Users/AlumnoM/Desktop/PINGUS/Juego/Penguin/Content/__ExternalActors__/Levels/Level3/5/0Q/ARBZ46LU6M38XY86JBQ6XJ.uasset" 7998
"../../../../../../Users/AlumnoM/Desktop/PINGUS/Juego/Penguin/Content/__ExternalActors__/Levels/Level3/4/ZR/K7W6XEM1EBI187E42JRH43.uasset" 7999
"../../../../../../Users/AlumnoM/Desktop/PINGUS/Juego/Penguin/Content/__ExternalActors__/Levels/Level3/4/YT/64RGWDKF8KWDU8ZKR3VQA9.uasset" 8000
"../../../../../../Users/AlumnoM/Desktop/PINGUS/Juego/Penguin/Content/__ExternalActors__/Levels/Level3/4/LK/EQSFW5CBBNXT4L1JKYDEHQ.uasset" 8001
"../../../../../../Users/AlumnoM/Desktop/PINGUS/Juego/Penguin/Content/__ExternalActors__/Levels/Level3/4/GG/0NW86XBV2P47XAQHPMKTMY.uasset" 8002
"../../../../../../Users/AlumnoM/Desktop/PINGUS/Juego/Penguin/Content/__ExternalActors__/Levels/Level3/4/AZ/AFND1J3CX7CXMT6DHNC9Z0.uasset" 8003
"../../../../../../Users/AlumnoM/Desktop/PINGUS/Juego/Penguin/Content/__ExternalActors__/Levels/Level3/4/9Z/YOUW58U075A4N6LUMTKG4A.uasset" 8004
"../../../../../../Users/AlumnoM/Desktop/PINGUS/Juego/Penguin/Content/__ExternalActors__/Levels/Level3/4/9Y/BF3LFNQ4IDIKZ27W1TTCDG.uasset" 8005
"../../../../../../Users/AlumnoM/Desktop/PINGUS/Juego/Penguin/Content/__ExternalActors__/Levels/Level3/3/NQ/GN3OKYISWNS41Z7B0R91A0.uasset" 8006
"../../../../../../Users/AlumnoM/Desktop/PINGUS/Juego/Penguin/Content/__ExternalActors__/Levels/Level3/3/JZ/LGJEVK0BDTX7EBX2UHPUUQ.uasset" 8007
"../../../../../../Users/AlumnoM/Desktop/PINGUS/Juego/Penguin/Content/__ExternalActors__/Levels/Level3/3/4Z/JRFITZJOTA3XJ7C10VLADW.uasset" 8008
"../../../../../../Users/AlumnoM/Desktop/PINGUS/Juego/Penguin/Content/__ExternalActors__/Levels/Level3/3/4A/RLWW3YFPLKRE9N5IKQCYKC.uasset" 8009
"../../../../../../Users/AlumnoM/Desktop/PINGUS/Juego/Penguin/Content/__ExternalActors__/Levels/Level3/2/NF/DPD3F2GCCNG5LQSS270SDP.uasset" 8010
"../../../../../../Users/AlumnoM/Desktop/PINGUS/Juego/Penguin/Content/__ExternalActors__/Levels/Level3/2/JT/K044WKA5UMZDAQBLEXRE0A.uasset" 8011
"../../../../../../Users/AlumnoM/Desktop/PINGUS/Juego/Penguin/Content/__ExternalActors__/Levels/Level3/1/RH/0003ICQ4OT2X81UFM2FY75.uasset" 8012
"../../../../../../Users/AlumnoM/Desktop/PINGUS/Juego/Penguin/Content/__ExternalActors__/Levels/Level3/1/Q5/7QNOEUE5AJQAMHKYYGW6FF.uasset" 8013
"../../../../../../Users/AlumnoM/Desktop/PINGUS/Juego/Penguin/Content/__ExternalActors__/Levels/Level3/1/O4/40TMF5EQLAAPT9BXXYDXIB.uasset" 8014
"../../../../../../Users/AlumnoM/Desktop/PINGUS/Juego/Penguin/Content/__ExternalActors__/Levels/Level3/1/HZ/HKFLU47CZ44H4GKC8H8CCK.uasset" 8015
"../../../../../../Users/AlumnoM/Desktop/PINGUS/Juego/Penguin/Content/__ExternalActors__/Levels/Level3/1/EL/1Z15AQ8I0KGNVTCXBGI9CK.uasset" 8016
"../../../../../../Users/AlumnoM/Desktop/PINGUS/Juego/Penguin/Content/__ExternalActors__/Levels/Level3/1/DN/39ZAKE0PO6WEBITX1LLP9N.uasset" 8017
"../../../../../../Users/AlumnoM/Desktop/PINGUS/Juego/Penguin/Content/__ExternalActors__/Levels/Level3/0/V1/ADM2XMM3134OK10069LSU9.uasset" 8018
